{"type":"FeatureCollection","features":[{"type":"Feature","properties":{"SOVEREIGNT":"Argentina","ADMIN":"Argentina","NAME":"Argentina","NAME_LONG":"Argentina","ISO_A2":"AR","WB_A2":"AR","CONTINENT":"South America","SUBREGION":"South America"},"geometry":{"type":"MultiPolygon","coordinates":[[[[-64.5492,-54.7162],[-64.4388,-54.7394],[-64.2205,-54.722],[-64.1053,-54.7217],[-64.0549,-54.7299],[-64.0324,-54.7424],[-63.8819,-54.7229],[-63.8154,-54.7251],[-63.8326,-54.768],[-63.9712,-54.8106],[-64.0283,-54.7926],[-64.3229,-54.7965],[-64.4533,-54.8403],[-64.5087,-54.8399],[-64.6374,-54.9025],[-64.7314,-54.863],[-64.7573,-54.8266],[-64.6892,-54.7747],[-64.6251,-54.7736],[-64.5813,-54.7527],[-64.5492,-54.7162]]],[[[-68.6532,-54.8536],[-68.6398,-54.324],[-68.6299,-52.6526],[-68.5712,-52.6949],[-68.3388,-52.9001],[-68.2782,-52.984],[-68.2401,-53.0818],[-68.333,-53.0196],[-68.4312,-53.0553],[-68.4795,-53.1138],[-68.5208,-53.1772],[-68.5205,-53.2219],[-68.4885,-53.2609],[-68.3931,-53.2949],[-68.1611,-53.3064],[-68.1441,-53.319],[-68.0085,-53.5641],[-67.9403,-53.6187],[-67.8611,-53.6622],[-67.6781,-53.7871],[-67.5026,-53.922],[-67.2942,-54.0498],[-67.0695,-54.148],[-66.8651,-54.2226],[-66.6701,-54.3136],[-66.462,-54.441],[-66.2356,-54.5335],[-65.9926,-54.5989],[-65.7471,-54.6534],[-65.3693,-54.6321],[-65.252,-54.6381],[-65.179,-54.6781],[-65.2523,-54.7889],[-65.346,-54.8779],[-65.4711,-54.9146],[-65.6033,-54.9281],[-65.7228,-54.9264],[-65.842,-54.91],[-65.9538,-54.9193],[-66.0606,-54.9567],[-66.172,-54.9753],[-66.2868,-54.9777],[-66.3987,-55.0094],[-66.5111,-55.0321],[-66.6277,-55.0133],[-66.9305,-54.9249],[-67.1271,-54.9038],[-67.7933,-54.8687],[-68.0071,-54.8484],[-68.2201,-54.8176],[-68.3317,-54.8163],[-68.491,-54.8362],[-68.6187,-54.8338],[-68.6532,-54.8536]]],[[[-61.8758,-39.1719],[-61.866,-39.2349],[-61.918,-39.2274],[-62.0416,-39.1669],[-62.0833,-39.1102],[-62.093,-39.0862],[-61.9667,-39.1122],[-61.9071,-39.1356],[-61.8758,-39.1719]]],[[[-54.6159,-25.5761],[-54.5378,-25.5765],[-54.5015,-25.6083],[-54.4439,-25.625],[-54.3833,-25.5887],[-54.3319,-25.5719],[-54.2501,-25.5704],[-54.2062,-25.5296],[-54.1546,-25.523],[-54.085,-25.5719],[-54.0123,-25.5779],[-53.9548,-25.6477],[-53.8912,-25.6688],[-53.8642,-25.7488],[-53.8232,-25.9596],[-53.7469,-26.0837],[-53.6713,-26.2251],[-53.6686,-26.2882],[-53.7109,-26.3519],[-53.7533,-26.7486],[-53.7271,-26.8047],[-53.7173,-26.8828],[-53.7585,-26.9783],[-53.8382,-27.1211],[-53.9156,-27.1596],[-53.9354,-27.1611],[-54.0401,-27.2437],[-54.1138,-27.2747],[-54.1564,-27.2538],[-54.2052,-27.2896],[-54.2602,-27.382],[-54.327,-27.4235],[-54.4843,-27.4573],[-54.5549,-27.4541],[-54.6154,-27.4771],[-54.6659,-27.5266],[-54.7197,-27.5449],[-54.7771,-27.5325],[-54.8291,-27.5506],[-54.8757,-27.5992],[-54.9028,-27.652],[-54.9102,-27.7086],[-54.9559,-27.7472],[-55.0399,-27.7678],[-55.069,-27.7963],[-55.0639,-27.8359],[-55.1015,-27.8668],[-55.2437,-27.8988],[-55.3465,-27.956],[-55.4098,-28.0378],[-55.4767,-28.0894],[-55.5824,-28.121],[-55.7255,-28.2041],[-55.746,-28.2555],[-55.6915,-28.3028],[-55.672,-28.3449],[-55.6873,-28.3816],[-55.732,-28.3866],[-55.8061,-28.3598],[-55.8589,-28.3542],[-55.8905,-28.37],[-55.9054,-28.3996],[-55.9037,-28.4433],[-55.9302,-28.4729],[-55.9849,-28.4886],[-56.0196,-28.5246],[-56.0342,-28.5809],[-56.1029,-28.6518],[-56.2255,-28.7372],[-56.3224,-28.8524],[-56.3933,-28.9973],[-56.476,-29.0925],[-56.5707,-29.1381],[-56.6358,-29.203],[-56.6715,-29.2873],[-56.7725,-29.4179],[-56.9386,-29.5948],[-57.0894,-29.7162],[-57.2247,-29.7821],[-57.3007,-29.8565],[-57.3175,-29.9395],[-57.4052,-30.0339],[-57.5639,-30.1399],[-57.6089,-30.1878],[-57.6458,-30.227],[-57.6509,-30.295],[-57.7127,-30.3845],[-57.8312,-30.4952],[-57.8725,-30.591],[-57.8186,-30.712],[-57.8106,-30.8586],[-57.8341,-30.9175],[-57.8863,-30.9374],[-57.8983,-30.9752],[-57.8701,-31.0311],[-57.8684,-31.1044],[-57.8934,-31.1953],[-57.9483,-31.2994],[-58.0334,-31.4166],[-58.0539,-31.4949],[-58.0097,-31.5344],[-57.988,-31.5762],[-57.9889,-31.6206],[-58.007,-31.685],[-58.0423,-31.7692],[-58.0958,-31.8318],[-58.1675,-31.8727],[-58.189,-31.9242],[-58.1604,-31.9865],[-58.1563,-32.0516],[-58.177,-32.119],[-58.1648,-32.1849],[-58.1197,-32.2489],[-58.123,-32.3219],[-58.2012,-32.4717],[-58.22,-32.564],[-58.171,-32.9593],[-58.2008,-33.0146],[-58.2504,-33.0783],[-58.3089,-33.0829],[-58.376,-33.0719],[-58.4245,-33.1115],[-58.4548,-33.2859],[-58.5472,-33.6635],[-58.5306,-33.753],[-58.4566,-33.8983],[-58.409,-34.0607],[-58.3925,-34.193],[-58.4355,-34.2525],[-58.4752,-34.263],[-58.5255,-34.2962],[-58.4662,-34.4574],[-58.4189,-34.5316],[-58.2833,-34.6835],[-57.7636,-34.8945],[-57.5479,-35.0189],[-57.3037,-35.1885],[-57.1707,-35.3625],[-57.1589,-35.506],[-57.3539,-35.7203],[-57.3755,-35.9003],[-57.3354,-36.0268],[-57.265,-36.1441],[-57.0762,-36.2968],[-56.9372,-36.3525],[-56.7495,-36.3465],[-56.6981,-36.4265],[-56.6683,-36.7353],[-56.672,-36.8513],[-56.7271,-36.9577],[-57.0877,-37.4464],[-57.3958,-37.7446],[-57.5073,-37.9093],[-57.547,-38.0856],[-57.6456,-38.1696],[-58.1792,-38.4358],[-59.0072,-38.6733],[-59.6763,-38.7967],[-59.8283,-38.8382],[-60.904,-38.9739],[-61.1122,-38.993],[-61.3829,-38.9809],[-61.6025,-38.9988],[-61.8479,-38.9618],[-62.0669,-38.9191],[-62.1893,-38.8133],[-62.3348,-38.8001],[-62.3745,-38.8529],[-62.3036,-38.9881],[-62.3381,-39.1506],[-62.2951,-39.2433],[-62.2091,-39.2618],[-62.1265,-39.3098],[-62.0537,-39.3738],[-62.1793,-39.3805],[-62.1306,-39.4315],[-62.0768,-39.4615],[-62.0828,-39.5684],[-62.1315,-39.8254],[-62.2869,-39.8953],[-62.324,-39.9507],[-62.4019,-40.1966],[-62.427,-40.356],[-62.3936,-40.4588],[-62.2463,-40.6746],[-62.3019,-40.8146],[-62.395,-40.8908],[-62.959,-41.1097],[-63.2128,-41.1524],[-63.6218,-41.1598],[-63.773,-41.15],[-64.1232,-41.0078],[-64.3834,-40.9225],[-64.6215,-40.8545],[-64.853,-40.8138],[-64.8199,-40.7933],[-64.8044,-40.7565],[-64.8695,-40.7358],[-64.9169,-40.7313],[-65.0694,-40.8053],[-65.1334,-40.8807],[-65.1519,-40.947],[-65.155,-41.1057],[-65.1279,-41.2388],[-65.0183,-41.5669],[-65.007,-41.7451],[-65.0591,-41.9699],[-64.9864,-42.1021],[-64.898,-42.1618],[-64.6995,-42.2208],[-64.6225,-42.261],[-64.5377,-42.2546],[-64.5117,-42.2702],[-64.5242,-42.2992],[-64.5741,-42.356],[-64.571,-42.416],[-64.4204,-42.4338],[-64.2646,-42.4217],[-64.1009,-42.3951],[-64.0622,-42.3534],[-64.0612,-42.2661],[-64.2529,-42.2508],[-64.2285,-42.2183],[-64.0833,-42.1828],[-63.8929,-42.1246],[-63.7956,-42.1139],[-63.7295,-42.1529],[-63.6848,-42.1887],[-63.6299,-42.2827],[-63.5959,-42.4065],[-63.5944,-42.5556],[-63.6173,-42.6958],[-63.6445,-42.7457],[-63.6925,-42.8053],[-64.0348,-42.8813],[-64.1307,-42.8614],[-64.2199,-42.7556],[-64.2479,-42.6461],[-64.3243,-42.5723],[-64.4878,-42.5135],[-64.6505,-42.5314],[-64.812,-42.6332],[-64.9707,-42.6663],[-65.0269,-42.7589],[-64.6292,-42.909],[-64.4416,-42.9507],[-64.3804,-42.9492],[-64.3191,-42.9689],[-64.3757,-43.0246],[-64.4322,-43.0592],[-64.7152,-43.1355],[-64.8399,-43.1889],[-64.9855,-43.2936],[-65.1897,-43.5221],[-65.2523,-43.5719],[-65.2836,-43.63],[-65.3047,-43.7875],[-65.2386,-44.0487],[-65.3084,-44.1582],[-65.2655,-44.2797],[-65.2898,-44.3607],[-65.3613,-44.4773],[-65.6476,-44.6614],[-65.6983,-44.7962],[-65.5991,-44.8756],[-65.6057,-44.945],[-65.6388,-45.0078],[-65.7577,-45.0071],[-66.1901,-44.9647],[-66.3478,-45.0336],[-66.4936,-45.1176],[-66.5334,-45.1578],[-66.5851,-45.1829],[-66.8825,-45.2276],[-66.9414,-45.2573],[-67.2576,-45.5772],[-67.393,-45.7756],[-67.5566,-45.9701],[-67.5996,-46.0525],[-67.6089,-46.1668],[-67.5861,-46.2695],[-67.5634,-46.3454],[-67.5064,-46.4428],[-67.3866,-46.5538],[-66.7769,-47.0059],[-66.6504,-47.0453],[-65.9985,-47.0938],[-65.8537,-47.1567],[-65.7691,-47.2567],[-65.7381,-47.3449],[-65.7754,-47.5684],[-65.8143,-47.6382],[-65.8863,-47.7016],[-66.0406,-47.7833],[-66.2252,-47.8268],[-66.1724,-47.8576],[-66.0974,-47.8532],[-65.9342,-47.8268],[-65.8637,-47.8532],[-65.8101,-47.9411],[-65.9122,-47.9768],[-65.9434,-48.0193],[-66.0172,-48.0843],[-66.3934,-48.3424],[-66.5963,-48.4195],[-66.7828,-48.5229],[-67.0331,-48.6277],[-67.131,-48.6879],[-67.2633,-48.8143],[-67.4663,-48.9518],[-67.6849,-49.2467],[-67.6937,-49.304],[-67.662,-49.3422],[-67.7835,-49.8589],[-67.826,-49.9196],[-67.914,-49.9845],[-68.1457,-50.0914],[-68.2572,-50.1046],[-68.4046,-50.0427],[-68.4879,-49.9779],[-68.5693,-49.867],[-68.6676,-49.7525],[-68.6727,-49.7935],[-68.6385,-49.863],[-68.6616,-49.9357],[-68.913,-49.9688],[-68.9796,-50.003],[-68.7527,-49.9877],[-68.5979,-50.0095],[-68.5326,-50.0361],[-68.4737,-50.0914],[-68.4219,-50.1579],[-68.4654,-50.1947],[-68.5894,-50.2252],[-68.7499,-50.2812],[-68.9395,-50.3823],[-69.0448,-50.4991],[-69.0902,-50.5831],[-69.1414,-50.7525],[-69.155,-50.8645],[-69.2352,-50.9506],[-69.3586,-51.0281],[-69.3518,-51.0458],[-69.268,-51.0062],[-69.201,-50.9937],[-69.1435,-51.097],[-69.0657,-51.3035],[-69.0296,-51.4465],[-69.0353,-51.489],[-69.0583,-51.5472],[-69.2181,-51.5612],[-69.3605,-51.5595],[-69.4654,-51.5845],[-69.4091,-51.6103],[-69.313,-51.6011],[-69.1801,-51.6623],[-69.0325,-51.6362],[-68.9653,-51.6771],[-68.9168,-51.7146],[-68.6908,-52.0131],[-68.4935,-52.1976],[-68.3937,-52.307],[-68.4434,-52.3566],[-68.461,-52.2904],[-68.7152,-52.2555],[-68.9246,-52.2081],[-69.2062,-52.1361],[-69.4884,-52.1361],[-69.9603,-52.0082],[-71.9187,-51.9896],[-71.9711,-51.9642],[-71.9535,-51.8804],[-72.0284,-51.8187],[-72.137,-51.744],[-72.269,-51.6911],[-72.4077,-51.5408],[-72.3664,-51.4703],[-72.3032,-51.2989],[-72.3019,-51.2233],[-72.3592,-51.1704],[-72.3768,-51.0954],[-72.3592,-51.0602],[-72.3074,-51.0334],[-72.2763,-50.9103],[-72.3006,-50.7896],[-72.3402,-50.6818],[-72.3926,-50.6343],[-72.4602,-50.6117],[-72.5098,-50.6075],[-72.6204,-50.6477],[-72.8036,-50.6377],[-72.8659,-50.6531],[-73.0824,-50.7604],[-73.1529,-50.7383],[-73.1745,-50.67],[-73.2216,-50.6107],[-73.2516,-50.5585],[-73.3117,-50.3619],[-73.3866,-50.2312],[-73.5013,-50.1253],[-73.5077,-50.0303],[-73.5289,-49.9109],[-73.4704,-49.7945],[-73.5045,-49.698],[-73.5763,-49.5829],[-73.5542,-49.4639],[-73.4836,-49.3977],[-73.4616,-49.3139],[-73.1353,-49.3007],[-73.1489,-49.188],[-73.0946,-49.0969],[-73.0336,-49.0144],[-72.9817,-48.9768],[-72.8654,-48.9439],[-72.7285,-48.8963],[-72.6513,-48.8416],[-72.6144,-48.7929],[-72.5917,-48.7297],[-72.5859,-48.6625],[-72.6084,-48.5193],[-72.5829,-48.4754],[-72.4981,-48.4174],[-72.3547,-48.3658],[-72.293,-48.2291],[-72.3283,-48.1101],[-72.4079,-48.0159],[-72.5091,-47.9733],[-72.5179,-47.8764],[-72.4722,-47.7842],[-72.3415,-47.5721],[-72.3459,-47.4927],[-72.2829,-47.4463],[-72.1034,-47.3428],[-72.0417,-47.2414],[-71.9785,-47.2139],[-71.905,-47.2017],[-71.9005,-47.1443],[-71.9542,-47.0875],[-71.963,-47.016],[-71.9402,-46.8312],[-71.8564,-46.7916],[-71.7327,-46.7059],[-71.6997,-46.6514],[-71.6952,-46.5784],[-71.7621,-46.3198],[-71.7776,-46.28],[-71.8757,-46.1605],[-71.8093,-46.1027],[-71.6845,-46.0419],[-71.6315,-45.9537],[-71.6801,-45.8787],[-71.7506,-45.8391],[-71.7727,-45.7244],[-71.7462,-45.5789],[-71.6933,-45.5348],[-71.5081,-45.5127],[-71.4904,-45.4377],[-71.3493,-45.3319],[-71.3538,-45.2305],[-71.4435,-45.1683],[-71.5313,-45.0679],[-71.5963,-44.9792],[-71.8124,-44.9307],[-72.0417,-44.9042],[-72.0725,-44.8204],[-72.0637,-44.7719],[-71.957,-44.7915],[-71.7828,-44.7744],[-71.6517,-44.7704],[-71.4552,-44.7498],[-71.3582,-44.7852],[-71.2611,-44.7631],[-71.2215,-44.6308],[-71.1597,-44.5603],[-71.1509,-44.494],[-71.2126,-44.4412],[-71.3257,-44.4249],[-71.82,-44.3831],[-71.8351,-44.3302],[-71.8308,-44.2414],[-71.8121,-44.1508],[-71.8124,-44.1061],[-71.7672,-44.0667],[-71.6801,-43.9296],[-71.716,-43.8584],[-71.7947,-43.7532],[-71.7374,-43.7047],[-71.7328,-43.6468],[-71.7506,-43.5901],[-71.8324,-43.5271],[-71.905,-43.4401],[-71.905,-43.3476],[-71.8202,-43.3229],[-71.7639,-43.2946],[-71.7506,-43.2373],[-71.7815,-43.1668],[-71.8986,-43.1453],[-72.0547,-43.102],[-72.1024,-43.0656],[-72.1464,-42.99],[-72.1136,-42.7768],[-72.1437,-42.5771],[-72.1054,-42.5225],[-72.0535,-42.4732],[-72.0781,-42.3585],[-72.1246,-42.2983],[-72.1082,-42.2519],[-72.0644,-42.2054],[-72.0261,-42.1479],[-71.9933,-42.1343],[-71.9441,-42.1671],[-71.8608,-42.1479],[-71.7609,-42.1015],[-71.75,-42.0468],[-71.77,-41.9686],[-71.8445,-41.772],[-71.9113,-41.6504],[-71.8976,-41.6066],[-71.8711,-41.5605],[-71.8922,-41.3934],[-71.873,-40.893],[-71.9414,-40.7892],[-71.9321,-40.6917],[-71.8838,-40.6206],[-71.8046,-40.4392],[-71.7691,-40.4009],[-71.709,-40.3817],[-71.6953,-40.3353],[-71.7227,-40.2997],[-71.8006,-40.2443],[-71.8183,-40.1767],[-71.802,-40.1247],[-71.7637,-40.0946],[-71.7044,-40.0949],[-71.6598,-40.0208],[-71.6379,-39.8868],[-71.6721,-39.8333],[-71.6968,-39.707],[-71.7199,-39.6353],[-71.6926,-39.6052],[-71.6543,-39.5942],[-71.587,-39.6111],[-71.5395,-39.6024],[-71.5258,-39.5231],[-71.4654,-39.4023],[-71.42,-39.2872],[-71.4094,-39.206],[-71.4256,-38.9856],[-71.4016,-38.9351],[-71.3532,-38.8889],[-71.2857,-38.8454],[-71.0871,-38.7575],[-70.9516,-38.7385],[-70.8969,-38.6811],[-70.8586,-38.6045],[-70.8477,-38.5416],[-70.968,-38.4459],[-71.0005,-38.3148],[-71.0182,-38.1939],[-71.0282,-38.0412],[-71.1676,-37.7623],[-71.1867,-37.6311],[-71.1348,-37.4451],[-71.1649,-37.3933],[-71.2004,-37.3003],[-71.1184,-37.1144],[-71.1238,-37.0569],[-71.1594,-36.9202],[-71.1922,-36.8437],[-71.1594,-36.7616],[-71.1074,-36.6851],[-71.0664,-36.644],[-71.0732,-36.578],[-71.0555,-36.5237],[-70.9779,-36.4873],[-70.9051,-36.4199],[-70.8532,-36.4117],[-70.7903,-36.4117],[-70.7493,-36.3926],[-70.7219,-36.2832],[-70.6219,-36.2119],[-70.5634,-36.1464],[-70.4567,-36.1327],[-70.4048,-36.0617],[-70.4037,-35.9705],[-70.4157,-35.8785],[-70.3802,-35.7719],[-70.4197,-35.6092],[-70.4157,-35.523],[-70.4567,-35.452],[-70.4485,-35.3754],[-70.4704,-35.3262],[-70.5323,-35.3079],[-70.5552,-35.2469],[-70.5251,-35.2168],[-70.4666,-35.1937],[-70.3932,-35.1469],[-70.3381,-34.9218],[-70.2868,-34.7745],[-70.2899,-34.7328],[-70.2107,-34.5812],[-70.1015,-34.432],[-70.063,-34.35],[-70.0521,-34.3008],[-70.0028,-34.2763],[-69.8798,-34.2544],[-69.8524,-34.2243],[-69.8943,-33.7313],[-69.8826,-33.601],[-69.8388,-33.4697],[-69.7978,-33.3986],[-69.8196,-33.2838],[-69.8962,-33.251],[-69.969,-33.2794],[-70.0198,-33.2715],[-70.0849,-33.2018],[-70.104,-33.1279],[-70.0931,-33.0268],[-70.0421,-32.9637],[-70.022,-32.8846],[-70.1162,-32.8074],[-70.177,-32.6261],[-70.1696,-32.4717],[-70.2298,-32.4307],[-70.2578,-32.31],[-70.32,-32.2667],[-70.3638,-32.0835],[-70.3556,-32.0424],[-70.2909,-32.0311],[-70.2544,-31.9577],[-70.2817,-31.9166],[-70.331,-31.8811],[-70.3938,-31.8838],[-70.4501,-31.8419],[-70.5256,-31.6664],[-70.5852,-31.5694],[-70.5547,-31.3174],[-70.5291,-31.2229],[-70.5196,-31.1484],[-70.4731,-31.1128],[-70.4294,-31.1293],[-70.3884,-31.1211],[-70.3506,-31.0604],[-70.3091,-31.0227],[-70.3118,-30.9926],[-70.3364,-30.9598],[-70.3481,-30.9023],[-70.3192,-30.834],[-70.2694,-30.6772],[-70.1614,-30.4402],[-70.1696,-30.3855],[-70.1532,-30.3609],[-70.102,-30.3883],[-69.9563,-30.3582],[-69.9071,-30.2816],[-69.888,-30.2133],[-69.8443,-30.175],[-69.8634,-30.1203],[-69.9235,-30.1039],[-69.96,-30.0783],[-69.9241,-29.874],[-69.9276,-29.7691],[-69.9826,-29.5454],[-70.0268,-29.324],[-69.9956,-29.25],[-69.9003,-29.1488],[-69.8279,-29.1032],[-69.7432,-28.7839],[-69.7349,-28.6411],[-69.6879,-28.562],[-69.6569,-28.4136],[-69.5271,-28.2856],[-69.4889,-28.2009],[-69.4369,-28.1927],[-69.4096,-28.1653],[-69.3407,-28.0708],[-69.2512,-27.9736],[-69.1744,-27.9247],[-69.1185,-27.7436],[-69.0422,-27.57],[-68.9994,-27.449],[-68.942,-27.4052],[-68.8751,-27.2467],[-68.8463,-27.1537],[-68.7698,-27.1154],[-68.7096,-27.1045],[-68.6522,-27.1483],[-68.5921,-27.14],[-68.5374,-27.0854],[-68.346,-27.0279],[-68.3187,-26.9732],[-68.3187,-26.8775],[-68.4851,-26.6703],[-68.5812,-26.5184],[-68.5916,-26.4704],[-68.5922,-26.4181],[-68.5758,-26.352],[-68.5298,-26.277],[-68.4145,-26.1537],[-68.4268,-26.0654],[-68.5108,-25.741],[-68.6003,-25.4856],[-68.5921,-25.42],[-68.5408,-25.2367],[-68.4963,-25.163],[-68.4307,-25.1493],[-68.3952,-25.1247],[-68.3842,-25.0919],[-68.428,-25.051],[-68.4663,-24.9252],[-68.5271,-24.8992],[-68.562,-24.8377],[-68.562,-24.7474],[-68.5073,-24.6298],[-68.4471,-24.597],[-68.4226,-24.5451],[-68.2995,-24.4604],[-68.2503,-24.392],[-67.3562,-24.0338],[-67.0088,-23.0014],[-67.1949,-22.8217],[-67.1619,-22.7738],[-67.0554,-22.6509],[-67.0335,-22.5522],[-66.9911,-22.5099],[-66.8003,-22.4097],[-66.7675,-22.3431],[-66.7506,-22.2693],[-66.7117,-22.2163],[-66.639,-22.2054],[-66.3652,-22.1138],[-66.3225,-22.0531],[-66.2821,-21.9475],[-66.2476,-21.8305],[-66.2202,-21.8025],[-66.1747,-21.8057],[-66.0986,-21.8351],[-66.0586,-21.8795],[-65.8602,-22.0197],[-65.771,-22.0996],[-65.6862,-22.1103],[-65.5188,-22.0945],[-65.0578,-22.1027],[-64.9926,-22.1097],[-64.8431,-22.1439],[-64.7001,-22.1855],[-64.6055,-22.2288],[-64.5236,-22.3716],[-64.374,-22.761],[-64.3253,-22.8276],[-64.3079,-22.7953],[-64.2664,-22.6033],[-63.9761,-22.0726],[-63.9217,-22.0286],[-63.861,-22.0072],[-63.8187,-22.0055],[-63.7756,-22.0272],[-63.7169,-22.0275],[-63.6753,-22.0043],[-62.8434,-21.9973],[-62.8343,-21.9991],[-62.8151,-22.0496],[-62.7446,-22.1599],[-62.651,-22.2337],[-62.6257,-22.2615],[-62.626,-22.2904],[-62.5416,-22.3496],[-62.3725,-22.4392],[-62.2142,-22.6124],[-62.0666,-22.8694],[-61.928,-23.0593],[-61.7985,-23.182],[-61.6795,-23.2688],[-61.571,-23.3194],[-61.513,-23.3604],[-61.5055,-23.392],[-61.404,-23.4575],[-61.2084,-23.557],[-61.0847,-23.6564],[-61.0329,-23.7557],[-60.8398,-23.8581],[-60.5054,-23.9636],[-60.2622,-24.014],[-60.1103,-24.0092],[-59.8925,-24.0936],[-59.6086,-24.2668],[-59.4354,-24.387],[-59.3729,-24.4539],[-59.1873,-24.5623],[-58.724,-24.7866],[-58.5196,-24.8429],[-58.4228,-24.8941],[-58.3654,-24.9593],[-58.3087,-24.9791],[-58.2528,-24.9538],[-58.1365,-24.9771],[-57.9598,-25.0492],[-57.8217,-25.1364],[-57.6439,-25.3284],[-57.5872,-25.4051],[-57.5631,-25.4737],[-57.5717,-25.5342],[-57.6258,-25.5987],[-57.7255,-25.6672],[-57.7548,-25.6971],[-57.7571,-25.726],[-57.7825,-25.7837],[-57.8652,-25.9069],[-57.8862,-25.9643],[-57.8906,-26.0065],[-57.9431,-26.0529],[-58.0824,-26.1386],[-58.1111,-26.1802],[-58.1181,-26.2249],[-58.1356,-26.2515],[-58.1547,-26.2626],[-58.1815,-26.3074],[-58.203,-26.3814],[-58.2052,-26.4766],[-58.1879,-26.5926],[-58.1913,-26.63],[-58.2221,-26.65],[-58.2394,-26.6769],[-58.2456,-26.7311],[-58.2717,-26.7707],[-58.3177,-26.7959],[-58.3347,-26.8249],[-58.3226,-26.8576],[-58.3564,-26.89],[-58.4363,-26.922],[-58.4853,-26.9685],[-58.5032,-27.0295],[-58.5477,-27.084],[-58.6186,-27.1321],[-58.6417,-27.1961],[-58.6048,-27.3144],[-58.1683,-27.2734],[-57.8122,-27.3166],[-57.3913,-27.4305],[-57.1118,-27.4701],[-56.974,-27.4357],[-56.8717,-27.4406],[-56.8052,-27.4847],[-56.7157,-27.4937],[-56.6034,-27.4679],[-56.5105,-27.4879],[-56.4372,-27.5538],[-56.3705,-27.5374],[-56.3105,-27.4388],[-56.2417,-27.3668],[-56.1641,-27.3215],[-56.0673,-27.3077],[-55.9515,-27.3257],[-55.859,-27.3619],[-55.79,-27.4164],[-55.7146,-27.4148],[-55.6329,-27.3571],[-55.5938,-27.2881],[-55.5973,-27.2076],[-55.5649,-27.15],[-55.4967,-27.1153],[-55.4506,-27.0684],[-55.4267,-27.0093],[-55.3458,-26.9731],[-55.208,-26.9602],[-55.1359,-26.9312],[-55.1296,-26.886],[-55.0889,-26.8445],[-55.0136,-26.8066],[-54.9622,-26.7594],[-54.9345,-26.7025],[-54.8889,-26.6668],[-54.8255,-26.6522],[-54.7551,-26.5329],[-54.6777,-26.3088],[-54.6319,-26.0058],[-54.6159,-25.5761]]]]}},{"type":"Feature","properties":{"SOVEREIGNT":"United States","ADMIN":"American Samoa","NAME":"American Samoa","NAME_LONG":"American Samoa","ISO_A2":"AS","WB_A2":"AS","CONTINENT":"Oceania","SUBREGION":"Polynesia"},"geometry":{"type":"Polygon","coordinates":[[[-170.7263,-14.3512],[-170.7692,-14.3598],[-170.8205,-14.3121],[-170.7208,-14.276],[-170.6892,-14.2574],[-170.5681,-14.2668],[-170.6405,-14.2822],[-170.7263,-14.3512]]]}},{"type":"Feature","properties":{"SOVEREIGNT":"Antigua and Barbuda","ADMIN":"Antigua and Barbuda","NAME":"Antigua and Barb.","NAME_LONG":"Antigua and Barbuda","ISO_A2":"AG","WB_A2":"AG","CONTINENT":"North America","SUBREGION":"Caribbean"},"geometry":{"type":"MultiPolygon","coordinates":[[[[-61.7161,17.037],[-61.7481,16.9972],[-61.8597,17.0133],[-61.882,17.0631],[-61.8871,17.0981],[-61.8173,17.1689],[-61.7386,17.1385],[-61.7082,17.1051],[-61.686,17.0984],[-61.6865,17.0698],[-61.695,17.0489],[-61.7161,17.037]]],[[[-61.7471,17.575],[-61.762,17.5487],[-61.8438,17.5961],[-61.8687,17.6854],[-61.8662,17.7043],[-61.8524,17.7141],[-61.8199,17.6969],[-61.7768,17.6905],[-61.7496,17.6613],[-61.7471,17.575]]]]}},{"type":"Feature","properties":{"SOVEREIGNT":"Bahamas","ADMIN":"Bahamas","NAME":"Bahamas","NAME_LONG":"Bahamas","ISO_A2":"BS","WB_A2":"BS","CONTINENT":"North America","SUBREGION":"Caribbean"},"geometry":{"type":"MultiPolygon","coordinates":[[[[-73.0269,21.1924],[-73.0587,21.119],[-73.1646,20.9792],[-73.4008,20.9439],[-73.661,20.9374],[-73.6812,20.9756],[-73.6868,21.0091],[-73.6678,21.0616],[-73.6804,21.1033],[-73.5851,21.1259],[-73.5231,21.1908],[-73.4245,21.2018],[-73.3016,21.1562],[-73.2354,21.1545],[-73.1373,21.2048],[-73.0585,21.3134],[-73.0117,21.2995],[-73.0269,21.1924]]],[[[-72.9161,21.5067],[-73.0493,21.4576],[-73.0627,21.5153],[-72.9948,21.5616],[-72.9161,21.5067]]],[[[-73.041,22.4291],[-72.979,22.4146],[-72.9452,22.4156],[-72.8308,22.3856],[-72.7626,22.3444],[-72.7473,22.3274],[-72.7839,22.2906],[-72.8892,22.3603],[-72.9811,22.3692],[-73.1102,22.3676],[-73.1619,22.3807],[-73.1274,22.4553],[-73.041,22.4291]]],[[[-74.2067,22.2138],[-74.2769,22.1837],[-74.2613,22.2355],[-74.1268,22.3234],[-74.0523,22.4006],[-74.0101,22.428],[-73.995,22.4492],[-73.936,22.4777],[-73.9064,22.5274],[-73.9146,22.568],[-73.9764,22.6351],[-73.9755,22.6823],[-73.9542,22.7155],[-73.85,22.7311],[-73.8775,22.6808],[-73.8365,22.5384],[-73.9746,22.3612],[-74.0929,22.3062],[-74.2067,22.2138]]],[[[-74.0575,22.7235],[-74.0348,22.7056],[-74.0986,22.6654],[-74.2422,22.7151],[-74.2746,22.7117],[-74.3031,22.7645],[-74.314,22.8036],[-74.307,22.8396],[-74.2215,22.8116],[-74.1754,22.7599],[-74.0575,22.7235]]],[[[-74.8405,22.8943],[-74.8469,22.8687],[-74.9733,23.0686],[-75.1321,23.1171],[-75.2233,23.1653],[-75.2044,23.1927],[-75.1411,23.2046],[-75.1306,23.2679],[-75.1576,23.3364],[-75.2413,23.4746],[-75.2882,23.5683],[-75.3098,23.5898],[-75.316,23.6684],[-75.2166,23.5468],[-75.1753,23.4387],[-75.1088,23.3328],[-75.0642,23.1502],[-74.9371,23.0881],[-74.8456,22.9999],[-74.8405,22.8943]]],[[[-75.6646,23.4501],[-75.7063,23.4442],[-75.781,23.4707],[-75.956,23.5923],[-76.0371,23.6028],[-76.0104,23.6714],[-75.9486,23.6474],[-75.8075,23.5425],[-75.7542,23.49],[-75.6646,23.4501]]],[[[-74.4294,24.0681],[-74.5087,23.9597],[-74.5509,23.9689],[-74.5269,24.1051],[-74.472,24.1267],[-74.4505,24.1255],[-74.4294,24.0681]]],[[[-77.6577,24.2495],[-77.6562,24.2266],[-77.7553,24.1635],[-77.6833,24.1185],[-77.6154,24.2164],[-77.5615,24.1368],[-77.532,23.9876],[-77.5368,23.9617],[-77.5213,23.9108],[-77.5187,23.8694],[-77.5737,23.7392],[-77.7713,23.7525],[-77.7758,23.8624],[-77.8063,23.8835],[-77.8522,24.0404],[-77.9141,24.0909],[-77.9999,24.2198],[-77.95,24.2531],[-77.8836,24.242],[-77.8496,24.2575],[-77.7574,24.2699],[-77.7015,24.2875],[-77.6577,24.2495]]],[[[-75.3084,24.2],[-75.3018,24.1492],[-75.3688,24.1595],[-75.4676,24.1396],[-75.5032,24.1391],[-75.4811,24.1739],[-75.4124,24.2209],[-75.4089,24.2658],[-75.4939,24.3304],[-75.5928,24.4913],[-75.6391,24.5294],[-75.661,24.5898],[-75.744,24.6547],[-75.7267,24.6894],[-75.7096,24.6975],[-75.6535,24.6809],[-75.5182,24.4273],[-75.3084,24.2]]],[[[-77.3476,25.0139],[-77.4605,24.9931],[-77.5412,25.0136],[-77.5619,25.03],[-77.5273,25.0577],[-77.4513,25.0807],[-77.3291,25.083],[-77.2756,25.0558],[-77.2691,25.0438],[-77.3476,25.0139]]],[[[-77.7438,24.7074],[-77.746,24.5863],[-77.7351,24.4958],[-77.7452,24.4635],[-77.8534,24.4029],[-77.8812,24.3691],[-77.9832,24.335],[-78.0449,24.2875],[-78.0758,24.3646],[-78.1357,24.4124],[-78.1458,24.4935],[-78.1916,24.4661],[-78.2576,24.4828],[-78.3665,24.5442],[-78.4353,24.6276],[-78.3389,24.642],[-78.319,24.5902],[-78.2427,24.6538],[-78.2601,24.6873],[-78.2738,24.6916],[-78.2988,24.7539],[-78.1841,24.9171],[-78.1593,25.0224],[-78.2114,25.1913],[-78.1628,25.2023],[-78.0333,25.1431],[-77.9753,25.0848],[-77.9734,25.0048],[-77.9189,24.9428],[-77.8401,24.7944],[-77.7438,24.7074]]],[[[-76.6488,25.4874],[-76.4842,25.3746],[-76.3438,25.332],[-76.192,25.1908],[-76.1266,25.1405],[-76.1149,25.0947],[-76.1405,24.8856],[-76.1747,24.7598],[-76.1695,24.6494],[-76.2052,24.6821],[-76.2412,24.7543],[-76.3003,24.7959],[-76.32,24.8177],[-76.2138,24.8225],[-76.2043,24.9362],[-76.1525,25.026],[-76.1604,25.1193],[-76.2843,25.2221],[-76.3693,25.3126],[-76.4999,25.3416],[-76.6207,25.4316],[-76.6928,25.4427],[-76.7807,25.4269],[-76.7489,25.4806],[-76.727,25.5516],[-76.7108,25.5649],[-76.6488,25.4874]]],[[[-78.4929,26.7291],[-78.3717,26.6979],[-78.3068,26.7022],[-78.2679,26.7227],[-78.0887,26.7143],[-77.9439,26.7442],[-77.9225,26.6911],[-77.9261,26.6634],[-78.2339,26.6374],[-78.5162,26.5594],[-78.6709,26.5065],[-78.7437,26.5007],[-78.7992,26.5285],[-78.9856,26.6895],[-78.9358,26.6734],[-78.798,26.5824],[-78.7125,26.599],[-78.6333,26.6592],[-78.6211,26.7046],[-78.633,26.7262],[-78.5971,26.7979],[-78.4929,26.7291]]],[[[-77.2256,25.9042],[-77.2464,25.8955],[-77.3333,25.9956],[-77.4032,26.0247],[-77.2939,26.0955],[-77.2468,26.1563],[-77.2478,26.2891],[-77.2211,26.3618],[-77.2301,26.4247],[-77.2061,26.489],[-77.2386,26.5611],[-77.3299,26.6184],[-77.5106,26.846],[-77.796,26.9013],[-77.9437,26.9036],[-77.8625,26.9401],[-77.7875,26.9356],[-77.6721,26.9139],[-77.5339,26.9034],[-77.4494,26.8364],[-77.3688,26.7476],[-77.2959,26.7117],[-77.2659,26.6888],[-77.2693,26.663],[-77.2572,26.6388],[-77.1621,26.5973],[-77.0664,26.5302],[-77.0383,26.3334],[-77.1673,26.2403],[-77.191,25.9555],[-77.2256,25.9042]]]]}},{"type":"Feature","properties":{"SOVEREIGNT":"Belize","ADMIN":"Belize","NAME":"Belize","NAME_LONG":"Belize","ISO_A2":"BZ","WB_A2":"BZ","CONTINENT":"North America","SUBREGION":"Central America"},"geometry":{"type":"MultiPolygon","coordinates":[[[[-87.8529,17.4229],[-87.93,17.283],[-87.9349,17.3229],[-87.9028,17.4265],[-87.8594,17.4628],[-87.8325,17.5011],[-87.8264,17.5463],[-87.7886,17.5242],[-87.7981,17.4796],[-87.8529,17.4229]]],[[[-87.9506,17.925],[-87.9981,17.9063],[-87.959,17.964],[-87.9533,18.0011],[-87.8983,18.1549],[-87.8589,18.1541],[-87.8485,18.1404],[-87.9506,17.925]]],[[[-89.1615,17.8148],[-89.1624,17.902],[-89.1335,17.9708],[-89.0504,17.9997],[-88.8978,17.9146],[-88.8574,17.9288],[-88.8063,17.9655],[-88.7436,18.0716],[-88.5862,18.2905],[-88.523,18.4459],[-88.4613,18.4768],[-88.3724,18.4823],[-88.2957,18.4724],[-88.3493,18.3588],[-88.2957,18.3441],[-88.2473,18.3547],[-88.1303,18.3507],[-88.0853,18.2261],[-88.0972,18.1216],[-88.2075,17.8461],[-88.2214,17.7514],[-88.2717,17.6099],[-88.2035,17.5166],[-88.2672,17.3926],[-88.2888,17.3127],[-88.294,17.1921],[-88.2618,16.963],[-88.3134,16.6328],[-88.4045,16.4886],[-88.4611,16.4338],[-88.5623,16.2904],[-88.6952,16.2477],[-88.8791,16.0167],[-88.9117,15.956],[-88.894,15.8906],[-89.1136,15.9007],[-89.2328,15.8887],[-89.2375,15.8944],[-89.1615,17.8148]]]]}},{"type":"Feature","properties":{"SOVEREIGNT":"Bolivia","ADMIN":"Bolivia","NAME":"Bolivia","NAME_LONG":"Bolivia","ISO_A2":"BO","WB_A2":"BO","CONTINENT":"South America","SUBREGION":"South America"},"geometry":{"type":"Polygon","coordinates":[[[-62.651,-22.2337],[-62.7446,-22.1599],[-62.8151,-22.0496],[-62.8343,-21.9991],[-62.8434,-21.9973],[-63.6753,-22.0043],[-63.7169,-22.0275],[-63.7756,-22.0272],[-63.8187,-22.0055],[-63.861,-22.0072],[-63.9217,-22.0286],[-63.9761,-22.0726],[-64.2664,-22.6033],[-64.3079,-22.7953],[-64.3253,-22.8276],[-64.374,-22.761],[-64.5236,-22.3716],[-64.6055,-22.2288],[-64.7001,-22.1855],[-64.8431,-22.1439],[-64.9926,-22.1097],[-65.0578,-22.1027],[-65.5188,-22.0945],[-65.6862,-22.1103],[-65.771,-22.0996],[-65.8602,-22.0197],[-66.0586,-21.8795],[-66.0986,-21.8351],[-66.1747,-21.8057],[-66.2202,-21.8025],[-66.2476,-21.8305],[-66.2821,-21.9475],[-66.3225,-22.0531],[-66.3652,-22.1138],[-66.639,-22.2054],[-66.7117,-22.2163],[-66.7506,-22.2693],[-66.7675,-22.3431],[-66.8003,-22.4097],[-66.9911,-22.5099],[-67.0335,-22.5522],[-67.0554,-22.6509],[-67.1619,-22.7738],[-67.1949,-22.8217],[-67.5799,-22.8917],[-67.7073,-22.8892],[-67.7944,-22.8795],[-67.8794,-22.8229],[-67.8892,-22.7842],[-67.89,-22.7292],[-67.8737,-22.6306],[-67.8817,-22.4934],[-67.9504,-22.3337],[-67.9449,-22.2822],[-67.9539,-22.204],[-67.9884,-22.0571],[-68.0768,-21.9828],[-68.1018,-21.8606],[-68.1122,-21.753],[-68.1864,-21.6186],[-68.1985,-21.4473],[-68.197,-21.3003],[-68.4355,-20.9482],[-68.5338,-20.9236],[-68.5583,-20.902],[-68.5689,-20.8498],[-68.571,-20.7691],[-68.5632,-20.7201],[-68.4874,-20.6407],[-68.4843,-20.6284],[-68.4999,-20.612],[-68.7452,-20.4586],[-68.7605,-20.4162],[-68.7592,-20.378],[-68.7123,-20.339],[-68.6886,-20.3101],[-68.7346,-20.2252],[-68.73,-20.1484],[-68.7593,-20.1155],[-68.7558,-20.0908],[-68.7275,-20.0696],[-68.6002,-20.0449],[-68.5607,-19.9671],[-68.5594,-19.9023],[-68.5783,-19.8565],[-68.6962,-19.7407],[-68.6983,-19.7211],[-68.5753,-19.5602],[-68.4629,-19.4328],[-68.4702,-19.41],[-68.492,-19.3819],[-68.6206,-19.2967],[-68.7591,-19.1622],[-68.858,-19.0934],[-68.931,-19.0252],[-68.9683,-18.968],[-68.9789,-18.813],[-69.0268,-18.6562],[-69.0394,-18.5501],[-69.0923,-18.2824],[-69.1455,-18.144],[-69.0904,-18.0707],[-69.0939,-18.0505],[-69.2823,-17.9648],[-69.3134,-17.9432],[-69.358,-17.7717],[-69.495,-17.6195],[-69.5109,-17.5061],[-69.5219,-17.389],[-69.5638,-17.3329],[-69.6259,-17.2944],[-69.6457,-17.2485],[-69.6249,-17.2002],[-69.5033,-17.1048],[-69.4383,-17.0884],[-69.4211,-17.04],[-69.3815,-17.0014],[-69.1998,-16.7685],[-69.1325,-16.7131],[-69.0545,-16.6743],[-69.0207,-16.6422],[-69.0384,-16.5427],[-69.0329,-16.476],[-69.0062,-16.4337],[-68.8578,-16.3548],[-68.8428,-16.3379],[-68.8488,-16.3128],[-68.9135,-16.2619],[-69.0462,-16.2177],[-69.1342,-16.222],[-69.188,-16.1828],[-69.2176,-16.1491],[-69.3919,-15.7369],[-69.4209,-15.6406],[-69.4185,-15.6034],[-69.3019,-15.3994],[-69.1725,-15.2366],[-69.1871,-15.1987],[-69.3307,-15.039],[-69.3747,-14.963],[-69.3737,-14.8875],[-69.3595,-14.7953],[-69.276,-14.7459],[-69.2349,-14.5971],[-69.1993,-14.5726],[-69.1197,-14.4703],[-69.0131,-14.3772],[-69.0045,-14.265],[-68.9718,-14.2344],[-68.8803,-14.1988],[-68.8709,-14.1697],[-68.8917,-14.0943],[-68.9375,-14.0146],[-68.9743,-13.976],[-69.023,-13.7803],[-69.0741,-13.6828],[-69.0175,-13.5944],[-68.9834,-13.4964],[-68.9723,-13.3823],[-68.9786,-12.8801],[-68.9337,-12.8221],[-68.8677,-12.7552],[-68.8118,-12.7296],[-68.7591,-12.6872],[-68.7629,-12.6077],[-68.6853,-12.502],[-69.5786,-10.9518],[-69.4625,-10.9481],[-69.2285,-10.9557],[-69.0017,-10.9943],[-68.8483,-11.0111],[-68.7841,-11.0446],[-68.7699,-11.0977],[-68.7275,-11.1225],[-68.6227,-11.1092],[-68.398,-11.0188],[-68.3111,-10.9752],[-68.2666,-10.9331],[-68.1586,-10.7851],[-68.0717,-10.7031],[-67.9917,-10.6744],[-67.835,-10.6628],[-67.7857,-10.686],[-67.7218,-10.6831],[-67.6667,-10.5989],[-67.5824,-10.506],[-67.4169,-10.3898],[-67.3327,-10.3579],[-67.2805,-10.3173],[-67.1905,-10.3114],[-67.1115,-10.2689],[-66.73,-9.9755],[-66.5753,-9.8999],[-66.3992,-9.8682],[-66.2636,-9.8261],[-65.9247,-9.7854],[-65.7068,-9.7685],[-65.6371,-9.8091],[-65.5587,-9.7975],[-65.492,-9.7317],[-65.4368,-9.7104],[-65.3961,-9.7124],[-65.3379,-9.7902],[-65.3093,-9.8727],[-65.3281,-9.9355],[-65.3246,-10.027],[-65.2986,-10.1468],[-65.3131,-10.253],[-65.3955,-10.3923],[-65.4369,-10.449],[-65.4471,-10.5074],[-65.44,-10.5862],[-65.4023,-10.7147],[-65.334,-10.8928],[-65.3238,-11.0248],[-65.3716,-11.1104],[-65.3936,-11.1843],[-65.3899,-11.2463],[-65.3729,-11.2899],[-65.3424,-11.315],[-65.3255,-11.3647],[-65.322,-11.4392],[-65.2823,-11.511],[-65.2062,-11.5806],[-65.1754,-11.6469],[-65.1897,-11.7101],[-65.1857,-11.7495],[-65.1634,-11.7651],[-65.1151,-11.7351],[-65.0903,-11.7412],[-65.0371,-11.8294],[-65.0012,-11.92],[-64.9925,-11.9752],[-64.8299,-12.0303],[-64.7834,-12.0594],[-64.69,-12.1465],[-64.6117,-12.2039],[-64.5134,-12.251],[-64.4205,-12.4397],[-64.255,-12.4833],[-64.0616,-12.5051],[-63.9386,-12.5297],[-63.7881,-12.4694],[-63.6886,-12.478],[-63.5856,-12.5189],[-63.3467,-12.6801],[-63.2498,-12.7079],[-63.1807,-12.6662],[-63.1168,-12.6517],[-63.0675,-12.6691],[-63.0414,-12.7504],[-63.0152,-12.8056],[-62.8352,-12.9537],[-62.7655,-12.9973],[-62.6871,-12.9943],[-62.3528,-13.1324],[-62.2639,-13.1437],[-62.1761,-13.1337],[-62.118,-13.1598],[-62.0948,-13.242],[-61.9447,-13.4062],[-61.8741,-13.4704],[-61.7899,-13.5256],[-61.5757,-13.5248],[-61.5116,-13.5412],[-61.077,-13.4897],[-60.9145,-13.5614],[-60.7224,-13.6644],[-60.5953,-13.7453],[-60.5066,-13.7898],[-60.4602,-13.8624],[-60.4224,-13.938],[-60.405,-14.0192],[-60.4281,-14.1],[-60.463,-14.1324],[-60.4747,-14.1848],[-60.4602,-14.2631],[-60.3962,-14.3328],[-60.338,-14.5705],[-60.2989,-14.6186],[-60.2733,-15.0888],[-60.5832,-15.0983],[-60.5305,-15.1432],[-60.2423,-15.4796],[-60.1756,-16.2693],[-58.5379,-16.3282],[-58.4966,-16.3267],[-58.4237,-16.3079],[-58.3754,-16.2836],[-58.3456,-16.2844],[-58.3406,-16.3399],[-58.3508,-16.4103],[-58.3504,-16.4908],[-58.4706,-16.6502],[-58.4781,-16.7007],[-58.4598,-16.9107],[-58.4174,-17.0806],[-58.396,-17.2343],[-58.3478,-17.2821],[-58.2056,-17.3631],[-57.9909,-17.5129],[-57.905,-17.5323],[-57.8325,-17.5121],[-57.7889,-17.573],[-57.7802,-17.6718],[-57.5865,-18.1223],[-57.5521,-18.1831],[-57.4957,-18.2146],[-57.5062,-18.2373],[-57.5531,-18.2465],[-57.574,-18.2793],[-57.7831,-18.9143],[-57.7309,-18.9172],[-57.7168,-19.044],[-57.7814,-19.0535],[-57.8004,-19.081],[-58.1315,-19.7445],[-57.8607,-19.9796],[-57.8876,-20.0204],[-58.0211,-20.0552],[-58.0938,-20.1511],[-58.1598,-20.1646],[-58.1399,-19.9988],[-58.1601,-19.8549],[-58.1802,-19.8179],[-59.0905,-19.2862],[-60.0074,-19.2976],[-61.5118,-19.6064],[-61.7568,-19.6453],[-61.9169,-20.0554],[-62.0118,-20.199],[-62.2763,-20.5625],[-62.2767,-21.066],[-62.6285,-22.184],[-62.651,-22.2337]]]}},{"type":"Feature","properties":{"SOVEREIGNT":"Brazil","ADMIN":"Brazil","NAME":"Brazil","NAME_LONG":"Brazil","ISO_A2":"BR","WB_A2":"BR","CONTINENT":"South America","SUBREGION":"South America"},"geometry":{"type":"MultiPolygon","coordinates":[[[[-57.6089,-30.1878],[-57.5639,-30.1399],[-57.4052,-30.0339],[-57.3175,-29.9395],[-57.3007,-29.8565],[-57.2247,-29.7821],[-57.0894,-29.7162],[-56.9386,-29.5948],[-56.7725,-29.4179],[-56.6715,-29.2873],[-56.6358,-29.203],[-56.5707,-29.1381],[-56.476,-29.0925],[-56.3933,-28.9973],[-56.3224,-28.8524],[-56.2255,-28.7372],[-56.1029,-28.6518],[-56.0342,-28.5809],[-56.0196,-28.5246],[-55.9849,-28.4886],[-55.9302,-28.4729],[-55.9037,-28.4433],[-55.9054,-28.3996],[-55.8905,-28.37],[-55.8589,-28.3542],[-55.8061,-28.3598],[-55.732,-28.3866],[-55.6873,-28.3816],[-55.672,-28.3449],[-55.6915,-28.3028],[-55.746,-28.2555],[-55.7255,-28.2041],[-55.5824,-28.121],[-55.4767,-28.0894],[-55.4098,-28.0378],[-55.3465,-27.956],[-55.2437,-27.8988],[-55.1015,-27.8668],[-55.0639,-27.8359],[-55.069,-27.7963],[-55.0399,-27.7678],[-54.9559,-27.7472],[-54.9102,-27.7086],[-54.9028,-27.652],[-54.8757,-27.5992],[-54.8291,-27.5506],[-54.7771,-27.5325],[-54.7197,-27.5449],[-54.6659,-27.5266],[-54.6154,-27.4771],[-54.5549,-27.4541],[-54.4843,-27.4573],[-54.327,-27.4235],[-54.2602,-27.382],[-54.2052,-27.2896],[-54.1564,-27.2538],[-54.1138,-27.2747],[-54.0401,-27.2437],[-53.9354,-27.1611],[-53.9156,-27.1596],[-53.8382,-27.1211],[-53.7585,-26.9783],[-53.7173,-26.8828],[-53.7271,-26.8047],[-53.7533,-26.7486],[-53.7109,-26.3519],[-53.6686,-26.2882],[-53.6713,-26.2251],[-53.7469,-26.0837],[-53.8232,-25.9596],[-53.8642,-25.7488],[-53.8912,-25.6688],[-53.9548,-25.6477],[-54.0123,-25.5779],[-54.085,-25.5719],[-54.1546,-25.523],[-54.2062,-25.5296],[-54.2501,-25.5704],[-54.3319,-25.5719],[-54.3833,-25.5887],[-54.4439,-25.625],[-54.5015,-25.6083],[-54.5378,-25.5765],[-54.6159,-25.5761],[-54.6105,-25.4327],[-54.4731,-25.2202],[-54.4362,-25.1213],[-54.4541,-25.0652],[-54.413,-24.8675],[-54.3129,-24.5281],[-54.281,-24.3061],[-54.3173,-24.2013],[-54.3183,-24.1281],[-54.2669,-24.0658],[-54.2418,-24.0473],[-54.3708,-23.9712],[-54.4402,-23.9018],[-54.5296,-23.8521],[-54.6255,-23.8125],[-54.8173,-23.8885],[-54.9265,-23.9514],[-54.9827,-23.9745],[-55.1943,-24.0175],[-55.3663,-23.991],[-55.4159,-23.9514],[-55.4424,-23.8653],[-55.4424,-23.7926],[-55.4589,-23.6867],[-55.5185,-23.6272],[-55.5383,-23.581],[-55.5416,-23.5247],[-55.535,-23.4619],[-55.5185,-23.4156],[-55.5284,-23.3594],[-55.5548,-23.3196],[-55.5482,-23.2502],[-55.5614,-23.1543],[-55.6011,-23.0947],[-55.621,-23.0253],[-55.621,-22.9559],[-55.6507,-22.8864],[-55.6541,-22.8104],[-55.6276,-22.7409],[-55.6177,-22.6715],[-55.6474,-22.6219],[-55.7037,-22.5921],[-55.7466,-22.5127],[-55.7533,-22.4102],[-55.7996,-22.3539],[-55.8492,-22.3076],[-55.9054,-22.3076],[-55.9914,-22.2812],[-56.1898,-22.2812],[-56.246,-22.2646],[-56.2758,-22.2282],[-56.3519,-22.1786],[-56.3949,-22.0927],[-56.4478,-22.0762],[-56.5238,-22.1025],[-56.5801,-22.1819],[-56.633,-22.2349],[-56.7024,-22.2315],[-56.7752,-22.2613],[-56.9373,-22.2713],[-57.1423,-22.215],[-57.2382,-22.1952],[-57.3309,-22.215],[-57.3937,-22.1984],[-57.5689,-22.1819],[-57.6417,-22.129],[-57.7211,-22.0992],[-57.7641,-22.1092],[-57.8203,-22.1423],[-57.8798,-22.1356],[-57.9559,-22.1092],[-57.9857,-22.0464],[-57.9791,-22.0066],[-57.9328,-21.9107],[-57.9493,-21.8512],[-57.9427,-21.7983],[-57.9162,-21.6991],[-57.946,-21.494],[-57.8732,-21.3551],[-57.8931,-21.3022],[-57.8865,-21.2658],[-57.827,-21.1336],[-57.8302,-20.9979],[-57.86,-20.9186],[-57.8922,-20.8971],[-57.9005,-20.873],[-57.8848,-20.8417],[-57.9019,-20.8094],[-57.9085,-20.7764],[-57.8914,-20.7475],[-57.9151,-20.6903],[-57.9625,-20.6738],[-57.9791,-20.6573],[-58.0088,-20.5217],[-58.0022,-20.4654],[-58.0254,-20.4158],[-58.0584,-20.3861],[-58.1246,-20.2935],[-58.1598,-20.1646],[-58.0938,-20.1511],[-58.0211,-20.0552],[-57.8876,-20.0204],[-57.8607,-19.9796],[-58.1315,-19.7445],[-57.8004,-19.081],[-57.7814,-19.0535],[-57.7168,-19.044],[-57.7309,-18.9172],[-57.7831,-18.9143],[-57.574,-18.2793],[-57.5531,-18.2465],[-57.5062,-18.2373],[-57.4957,-18.2146],[-57.5521,-18.1831],[-57.5865,-18.1223],[-57.7802,-17.6718],[-57.7889,-17.573],[-57.8325,-17.5121],[-57.905,-17.5323],[-57.9909,-17.5129],[-58.2056,-17.3631],[-58.3478,-17.2821],[-58.396,-17.2343],[-58.4174,-17.0806],[-58.4598,-16.9107],[-58.4781,-16.7007],[-58.4706,-16.6502],[-58.3504,-16.4908],[-58.3508,-16.4103],[-58.3406,-16.3399],[-58.3456,-16.2844],[-58.3754,-16.2836],[-58.4237,-16.3079],[-58.4966,-16.3267],[-58.5379,-16.3282],[-60.1756,-16.2693],[-60.2423,-15.4796],[-60.5305,-15.1432],[-60.5832,-15.0983],[-60.2733,-15.0888],[-60.2989,-14.6186],[-60.338,-14.5705],[-60.3962,-14.3328],[-60.4602,-14.2631],[-60.4747,-14.1848],[-60.463,-14.1324],[-60.4281,-14.1],[-60.405,-14.0192],[-60.4224,-13.938],[-60.4602,-13.8624],[-60.5066,-13.7898],[-60.5953,-13.7453],[-60.7224,-13.6644],[-60.9145,-13.5614],[-61.077,-13.4897],[-61.5116,-13.5412],[-61.5757,-13.5248],[-61.7899,-13.5256],[-61.8741,-13.4704],[-61.9447,-13.4062],[-62.0948,-13.242],[-62.118,-13.1598],[-62.1761,-13.1337],[-62.2639,-13.1437],[-62.3528,-13.1324],[-62.6871,-12.9943],[-62.7655,-12.9973],[-62.8352,-12.9537],[-63.0152,-12.8056],[-63.0414,-12.7504],[-63.0675,-12.6691],[-63.1168,-12.6517],[-63.1807,-12.6662],[-63.2498,-12.7079],[-63.3467,-12.6801],[-63.5856,-12.5189],[-63.6886,-12.478],[-63.7881,-12.4694],[-63.9386,-12.5297],[-64.0616,-12.5051],[-64.255,-12.4833],[-64.4205,-12.4397],[-64.5134,-12.251],[-64.6117,-12.2039],[-64.69,-12.1465],[-64.7834,-12.0594],[-64.8299,-12.0303],[-64.9925,-11.9752],[-65.0012,-11.92],[-65.0371,-11.8294],[-65.0903,-11.7412],[-65.1151,-11.7351],[-65.1634,-11.7651],[-65.1857,-11.7495],[-65.1897,-11.7101],[-65.1754,-11.6469],[-65.2062,-11.5806],[-65.2823,-11.511],[-65.322,-11.4392],[-65.3255,-11.3647],[-65.3424,-11.315],[-65.3729,-11.2899],[-65.3899,-11.2463],[-65.3936,-11.1843],[-65.3716,-11.1104],[-65.3238,-11.0248],[-65.334,-10.8928],[-65.4023,-10.7147],[-65.44,-10.5862],[-65.4471,-10.5074],[-65.4369,-10.449],[-65.3955,-10.3923],[-65.3131,-10.253],[-65.2986,-10.1468],[-65.3246,-10.027],[-65.3281,-9.9355],[-65.3093,-9.8727],[-65.3379,-9.7902],[-65.3961,-9.7124],[-65.4368,-9.7104],[-65.492,-9.7317],[-65.5587,-9.7975],[-65.6371,-9.8091],[-65.7068,-9.7685],[-65.9247,-9.7854],[-66.2636,-9.8261],[-66.3992,-9.8682],[-66.5753,-9.8999],[-66.73,-9.9755],[-67.1115,-10.2689],[-67.1905,-10.3114],[-67.2805,-10.3173],[-67.3327,-10.3579],[-67.4169,-10.3898],[-67.5824,-10.506],[-67.6667,-10.5989],[-67.7218,-10.6831],[-67.7857,-10.686],[-67.835,-10.6628],[-67.9917,-10.6744],[-68.0717,-10.7031],[-68.1586,-10.7851],[-68.2666,-10.9331],[-68.3111,-10.9752],[-68.398,-11.0188],[-68.6227,-11.1092],[-68.7275,-11.1225],[-68.7699,-11.0977],[-68.7841,-11.0446],[-68.8483,-11.0111],[-69.0017,-10.9943],[-69.2285,-10.9557],[-69.4625,-10.9481],[-69.5786,-10.9518],[-69.674,-10.9541],[-69.8398,-10.9334],[-69.9604,-10.9299],[-70.2201,-11.0477],[-70.2904,-11.0643],[-70.342,-11.0667],[-70.3923,-11.0586],[-70.4509,-11.0248],[-70.5333,-10.9469],[-70.5965,-10.9769],[-70.6423,-11.0103],[-70.6369,-9.8237],[-70.5938,-9.7675],[-70.5672,-9.7046],[-70.5992,-9.6205],[-70.5922,-9.5435],[-70.5411,-9.4375],[-70.6369,-9.4782],[-70.6725,-9.518],[-70.7585,-9.5717],[-70.8163,-9.6253],[-70.8845,-9.669],[-70.9708,-9.7657],[-71.0417,-9.8187],[-71.1153,-9.8524],[-71.2379,-9.966],[-71.3394,-9.9886],[-71.608,-10.0061],[-72.143,-10.0052],[-72.1816,-10.0037],[-72.1729,-9.844],[-72.26,-9.7743],[-72.2658,-9.6885],[-72.3181,-9.5566],[-72.3791,-9.5102],[-72.6055,-9.4521],[-72.8143,-9.4104],[-73.2094,-9.4114],[-72.9704,-9.1201],[-72.974,-8.9932],[-73.2031,-8.7193],[-73.3024,-8.654],[-73.3567,-8.567],[-73.3517,-8.5142],[-73.3604,-8.4793],[-73.3981,-8.459],[-73.5491,-8.3458],[-73.5491,-8.2993],[-73.6101,-8.1919],[-73.6101,-8.1454],[-73.6449,-8.0729],[-73.6827,-8.0206],[-73.7756,-7.9364],[-73.7727,-7.8957],[-73.732,-7.8754],[-73.7146,-7.829],[-73.7204,-7.7825],[-73.7669,-7.7535],[-73.8221,-7.739],[-73.8946,-7.6548],[-73.9817,-7.5851],[-74.0021,-7.5561],[-73.9585,-7.5066],[-73.9527,-7.4603],[-73.9643,-7.4167],[-73.9643,-7.3789],[-73.9294,-7.3673],[-73.8917,-7.3731],[-73.854,-7.3499],[-73.7495,-7.3354],[-73.7204,-7.3093],[-73.7233,-7.2628],[-73.7582,-7.1728],[-73.793,-7.1351],[-73.8046,-7.0799],[-73.7581,-6.9058],[-73.6945,-6.8338],[-73.4999,-6.6795],[-73.3255,-6.5747],[-73.2403,-6.5641],[-73.1774,-6.5252],[-73.1374,-6.4658],[-73.1263,-6.4009],[-73.1354,-6.3443],[-73.2065,-6.1564],[-73.2355,-6.0984],[-73.1629,-5.9334],[-73.0681,-5.7896],[-72.9799,-5.6349],[-72.9589,-5.4952],[-72.8958,-5.1982],[-72.9075,-5.1577],[-72.8871,-5.1228],[-72.8319,-5.0938],[-72.6987,-5.0672],[-72.6083,-5.0096],[-72.469,-4.9013],[-72.3528,-4.786],[-72.2568,-4.7489],[-71.9824,-4.5746],[-71.8447,-4.5044],[-71.5213,-4.4697],[-71.4383,-4.4376],[-71.3168,-4.4243],[-71.235,-4.3882],[-71.1442,-4.3872],[-70.9737,-4.3505],[-70.9156,-4.2953],[-70.866,-4.2296],[-70.7995,-4.1733],[-70.7216,-4.1589],[-70.6346,-4.1687],[-70.5307,-4.1676],[-70.4046,-4.1501],[-70.3437,-4.1937],[-70.3169,-4.247],[-70.2392,-4.3012],[-70.1288,-4.2866],[-70.0533,-4.3331],[-70.004,-4.3272],[-69.972,-4.3012],[-69.9659,-4.2359],[-69.9482,-4.2006],[-69.4786,-1.622],[-69.4349,-1.4217],[-69.4179,-1.2457],[-69.4002,-1.1949],[-69.4114,-1.1522],[-69.4491,-1.0916],[-69.4443,-1.0296],[-69.4487,-0.9987],[-69.5193,-0.9458],[-69.5436,-0.9172],[-69.5744,-0.8378],[-69.5833,-0.7959],[-69.6119,-0.7628],[-69.6207,-0.7209],[-69.6009,-0.6813],[-69.592,-0.6394],[-69.6119,-0.5533],[-69.634,-0.5093],[-69.6675,-0.4824],[-69.7475,-0.4525],[-69.8279,-0.3813],[-69.9228,-0.3175],[-70.044,-0.1962],[-70.0705,-0.1389],[-70.0539,0.5786],[-69.8071,0.6075],[-69.7567,0.6264],[-69.7189,0.6498],[-69.6738,0.6651],[-69.6387,0.6597],[-69.5271,0.7164],[-69.4721,0.7299],[-69.4208,0.6984],[-69.392,0.6669],[-69.3586,0.6516],[-69.3055,0.6524],[-69.283,0.6272],[-69.1741,0.6354],[-69.1561,0.6425],[-69.1533,0.6588],[-69.1768,0.7128],[-69.166,0.7533],[-69.1632,0.8641],[-69.1938,0.8983],[-69.2245,0.9631],[-69.2587,1.0154],[-69.3118,1.0505],[-69.3614,1.064],[-69.4028,1.0424],[-69.4415,1.0388],[-69.4703,1.0586],[-69.6209,1.0732],[-69.717,1.0591],[-69.7513,1.0766],[-69.7981,1.0784],[-69.8521,1.0595],[-69.8486,1.7087],[-69.8,1.7052],[-69.7396,1.7349],[-69.65,1.7395],[-69.5812,1.7708],[-69.5429,1.7732],[-69.4702,1.7579],[-69.3943,1.7258],[-69.3197,1.7212],[-68.1766,1.7198],[-68.256,1.8455],[-68.2184,1.9576],[-68.1938,1.987],[-68.1303,1.9558],[-68.0329,1.788],[-67.9897,1.7525],[-67.9362,1.7485],[-67.8755,1.7606],[-67.8151,1.7901],[-67.7119,1.9221],[-67.6092,2.0351],[-67.5561,2.073],[-67.4997,2.1079],[-67.4578,2.1211],[-67.4004,2.1167],[-67.352,2.0858],[-67.1192,1.7036],[-67.0901,1.6156],[-67.0937,1.21],[-67.0823,1.1854],[-67.0652,1.1784],[-66.876,1.223],[-66.4292,0.8217],[-66.3471,0.7672],[-66.3017,0.752],[-66.0601,0.7854],[-65.9963,0.8098],[-65.8113,0.9373],[-65.7181,0.978],[-65.6814,0.9834],[-65.6447,0.9704],[-65.566,0.9261],[-65.523,0.8434],[-65.5627,0.7475],[-65.5561,0.688],[-65.4734,0.6913],[-65.3608,0.8687],[-65.264,0.9319],[-65.1696,1.0222],[-65.1038,1.1081],[-65.0266,1.1584],[-64.9101,1.2197],[-64.818,1.2571],[-64.7315,1.2533],[-64.6674,1.2938],[-64.5263,1.431],[-64.486,1.4528],[-64.4051,1.4469],[-64.3042,1.4553],[-64.205,1.5295],[-64.1148,1.6193],[-64.067,1.7705],[-64.0354,1.9044],[-64.0085,1.9316],[-63.9758,1.953],[-63.9372,1.967],[-63.8445,1.9767],[-63.6821,2.0481],[-63.5703,2.1205],[-63.4639,2.136],[-63.4325,2.1556],[-63.3939,2.2225],[-63.3749,2.3404],[-63.3893,2.4119],[-63.5846,2.4339],[-63.7125,2.434],[-63.9242,2.4524],[-64.0249,2.4819],[-64.0466,2.5024],[-64.0488,2.5251],[-64.0287,2.5761],[-64.009,2.6719],[-64.0378,2.8015],[-64.1436,3.0049],[-64.2188,3.2047],[-64.2288,3.344],[-64.2211,3.5874],[-64.2753,3.6627],[-64.5679,3.8998],[-64.669,4.0118],[-64.7026,4.0893],[-64.8179,4.2323],[-64.7887,4.276],[-64.7223,4.2744],[-64.6655,4.2371],[-64.6137,4.1577],[-64.5764,4.1399],[-64.2557,4.1403],[-64.1925,4.1269],[-64.1217,4.067],[-64.0734,3.9744],[-64.0215,3.9291],[-63.747,3.9326],[-63.6529,3.9408],[-63.5268,3.8937],[-63.3798,3.9429],[-63.3387,3.9439],[-63.2947,3.9223],[-63.1362,3.7564],[-63.0453,3.6865],[-62.9687,3.5939],[-62.857,3.5935],[-62.7646,3.6729],[-62.7399,3.9403],[-62.7121,4.0179],[-62.6653,4.0396],[-62.6098,4.0423],[-62.4726,4.1385],[-62.4106,4.1567],[-62.1531,4.0984],[-62.0816,4.1263],[-61.8208,4.197],[-61.5542,4.2878],[-61.4794,4.4022],[-61.3675,4.433],[-61.2801,4.5169],[-61.1024,4.5047],[-61.0363,4.5193],[-61.0028,4.5353],[-60.9664,4.5747],[-60.9062,4.6868],[-60.7417,4.7741],[-60.6792,4.8271],[-60.6276,4.8925],[-60.6039,4.9494],[-60.6045,4.9946],[-60.672,5.1644],[-60.712,5.1916],[-60.7421,5.2021],[-60.6514,5.2211],[-60.5764,5.1925],[-60.4595,5.1881],[-60.4088,5.2102],[-60.3352,5.1993],[-60.2417,5.258],[-60.1817,5.2388],[-60.142,5.2388],[-60.106,5.1942],[-60.0781,5.144],[-59.9907,5.0829],[-60.0318,4.7405],[-60.0689,4.6667],[-60.1409,4.5696],[-60.1486,4.5333],[-60.1111,4.5112],[-59.9624,4.5017],[-59.9061,4.4803],[-59.8333,4.4759],[-59.7033,4.3811],[-59.6997,4.3535],[-59.7275,4.2876],[-59.7386,4.2268],[-59.7169,4.1882],[-59.6912,4.1604],[-59.6202,4.0231],[-59.5864,3.9754],[-59.5578,3.96],[-59.5511,3.9335],[-59.6044,3.8197],[-59.6702,3.7527],[-59.679,3.6998],[-59.8544,3.5875],[-59.8331,3.4622],[-59.8312,3.3492],[-59.873,3.2831],[-59.9457,3.0878],[-59.9723,2.9905],[-59.9959,2.7654],[-59.9943,2.69],[-59.8896,2.3629],[-59.8491,2.3271],[-59.7552,2.2741],[-59.7435,2.1216],[-59.7562,1.9006],[-59.7407,1.8742],[-59.6985,1.8615],[-59.6685,1.8423],[-59.6666,1.7463],[-59.5357,1.7],[-59.3777,1.5273],[-59.3373,1.5082],[-59.317,1.4646],[-59.2312,1.376],[-58.9685,1.3046],[-58.9166,1.2489],[-58.8625,1.2036],[-58.8218,1.2012],[-58.7872,1.2085],[-58.6846,1.2811],[-58.5119,1.2847],[-58.4957,1.3123],[-58.4869,1.3478],[-58.5061,1.4387],[-58.4729,1.4663],[-58.3958,1.4817],[-58.3804,1.5302],[-58.3407,1.5875],[-58.3142,1.5919],[-58.2812,1.5743],[-58.1731,1.5479],[-58.1422,1.517],[-58.0347,1.5203],[-58.0118,1.5399],[-57.9951,1.5743],[-57.9828,1.6484],[-57.8734,1.6673],[-57.7957,1.7],[-57.5944,1.7041],[-57.5458,1.7261],[-57.5004,1.7738],[-57.4127,1.9089],[-57.3175,1.9635],[-57.2756,1.9592],[-57.1896,1.9816],[-57.1189,2.014],[-57.0927,2.0058],[-57.0376,1.9365],[-57.0101,1.9212],[-56.8367,1.8813],[-56.7663,1.8922],[-56.6898,1.9143],[-56.6165,1.9227],[-56.5636,1.9072],[-56.4828,1.9421],[-56.0199,1.8422],[-55.9633,1.8571],[-55.9296,1.8875],[-55.9153,2.0396],[-56.0201,2.1582],[-56.0736,2.2368],[-56.1377,2.259],[-56.1294,2.2995],[-56.0878,2.3413],[-56.0451,2.3644],[-56.0204,2.3928],[-55.9935,2.4975],[-55.9756,2.516],[-55.9575,2.5205],[-55.9359,2.5166],[-55.7306,2.4062],[-55.6589,2.4188],[-55.3854,2.4406],[-55.344,2.4888],[-55.286,2.4997],[-55.1877,2.5475],[-55.1488,2.5508],[-55.1141,2.5392],[-55.0703,2.5483],[-55.0058,2.593],[-54.9787,2.5977],[-54.9684,2.5483],[-54.9266,2.4974],[-54.8761,2.4504],[-54.8517,2.4396],[-54.7668,2.4547],[-54.7222,2.4417],[-54.7029,2.3979],[-54.6974,2.3598],[-54.6619,2.3275],[-54.6163,2.3268],[-54.5505,2.2931],[-54.5151,2.2455],[-54.4331,2.2075],[-54.2931,2.1542],[-54.228,2.1533],[-54.1301,2.121],[-53.8766,2.2783],[-53.7942,2.346],[-53.7678,2.3548],[-53.7347,2.3085],[-53.564,2.2619],[-53.509,2.2531],[-53.4318,2.2794],[-53.3344,2.3397],[-53.2855,2.2952],[-53.2522,2.2323],[-53.2298,2.2049],[-53.1801,2.2113],[-53.0823,2.2017],[-53.0097,2.1817],[-52.9648,2.1835],[-52.9035,2.2115],[-52.8704,2.2667],[-52.7006,2.3637],[-52.583,2.5289],[-52.5595,2.5731],[-52.5547,2.6477],[-52.4559,2.8642],[-52.4184,2.9039],[-52.3964,2.9722],[-52.3566,3.0516],[-52.3566,3.1177],[-52.3279,3.1817],[-52.2294,3.2717],[-52.1626,3.3647],[-51.9995,3.6469],[-51.9906,3.702],[-51.9443,3.7351],[-51.9289,3.777],[-51.8795,3.8286],[-51.8275,3.8696],[-51.8053,3.9299],[-51.7671,3.9927],[-51.6525,4.0613],[-51.5578,4.2338],[-51.5471,4.3109],[-51.4615,4.3138],[-51.3271,4.2248],[-51.2199,4.0936],[-51.0763,3.6717],[-51.0524,3.2818],[-50.9941,3.0775],[-50.8272,2.6519],[-50.8165,2.573],[-50.7897,2.4778],[-50.737,2.3768],[-50.6788,2.2104],[-50.6766,2.1794],[-50.7144,2.134],[-50.6589,2.131],[-50.6087,2.1041],[-50.5759,1.9986],[-50.5344,1.9272],[-50.4589,1.8296],[-50.3043,1.7977],[-50.1876,1.786],[-50.0547,1.7307],[-49.9571,1.6599],[-49.8816,1.4199],[-49.9062,1.269],[-49.8989,1.163],[-49.9379,1.1214],[-50.0472,1.052],[-50.071,1.0151],[-50.2944,0.8357],[-50.3433,0.751],[-50.463,0.6373],[-50.5815,0.4205],[-50.7551,0.2226],[-50.8164,0.1726],[-50.9102,0.161],[-50.9671,0.1303],[-51.102,-0.0312],[-51.2829,-0.0852],[-51.2996,-0.1788],[-51.4042,-0.3927],[-51.4963,-0.5095],[-51.555,-0.5491],[-51.7026,-0.7623],[-51.7215,-0.8555],[-51.7206,-1.0185],[-51.8191,-1.1178],[-51.9216,-1.1809],[-51.9345,-1.3203],[-51.9808,-1.368],[-52.0205,-1.399],[-52.2292,-1.3625],[-52.5534,-1.5141],[-52.6642,-1.5518],[-52.3103,-1.5596],[-52.1967,-1.6401],[-51.9476,-1.5867],[-51.6463,-1.3943],[-51.5312,-1.3541],[-51.2974,-1.2235],[-51.2023,-1.1365],[-51.029,-1.0321],[-50.992,-0.9863],[-50.8949,-0.9376],[-50.8423,-0.9996],[-50.8382,-1.0389],[-50.9179,-1.1152],[-50.8972,-1.1645],[-50.8446,-1.2263],[-50.8187,-1.3763],[-50.7861,-1.4899],[-50.679,-1.6438],[-50.6753,-1.6947],[-50.69,-1.7617],[-50.6388,-1.8171],[-50.5856,-1.8499],[-50.4032,-2.0155],[-50.2604,-1.9229],[-50.1727,-1.8962],[-50.1166,-1.8575],[-49.9992,-1.8318],[-49.903,-1.8706],[-49.7195,-1.9264],[-49.5854,-1.8672],[-49.3137,-1.7317],[-49.3986,-1.9716],[-49.4602,-2.1915],[-49.507,-2.2803],[-49.5534,-2.5199],[-49.5993,-2.5839],[-49.6365,-2.6569],[-49.5759,-2.6314],[-49.5239,-2.5969],[-49.4575,-2.5046],[-49.4077,-2.3443],[-49.211,-1.9165],[-49.1548,-1.8785],[-48.9913,-1.8298],[-48.71,-1.4877],[-48.6,-1.4888],[-48.5296,-1.5675],[-48.4629,-1.614],[-48.4458,-1.5204],[-48.3498,-1.4821],[-48.4515,-1.4358],[-48.4681,-1.3938],[-48.4777,-1.3238],[-48.4086,-1.2292],[-48.4498,-1.1455],[-48.3065,-1.0398],[-48.3176,-0.9605],[-48.2665,-0.8951],[-48.2018,-0.8279],[-48.1285,-0.7952],[-48.1151,-0.7375],[-48.0688,-0.7137],[-48.0326,-0.7051],[-47.9609,-0.7696],[-47.8834,-0.6934],[-47.8077,-0.6635],[-47.7737,-0.6768],[-47.7315,-0.7104],[-47.6871,-0.7248],[-47.6511,-0.7188],[-47.5573,-0.6699],[-47.4707,-0.7485],[-47.4187,-0.7659],[-47.4329,-0.7219],[-47.4604,-0.681],[-47.4391,-0.6477],[-47.3981,-0.6267],[-47.2686,-0.6454],[-47.2005,-0.6805],[-47.1269,-0.7454],[-47.0246,-0.7502],[-46.9443,-0.7434],[-46.8937,-0.7799],[-46.8112,-0.7797],[-46.7699,-0.8365],[-46.6444,-0.9164],[-46.6172,-0.9706],[-46.4217,-1.0301],[-46.3208,-1.0392],[-46.2191,-1.0312],[-46.215,-1.0998],[-46.1404,-1.1184],[-46.0446,-1.103],[-45.9723,-1.1874],[-45.7788,-1.2508],[-45.6448,-1.3479],[-45.5569,-1.3307],[-45.4586,-1.3562],[-45.353,-1.5674],[-45.3292,-1.7173],[-45.2821,-1.6966],[-45.2386,-1.6295],[-45.1821,-1.507],[-45.0764,-1.4664],[-45.0258,-1.5135],[-44.9198,-1.5889],[-44.8284,-1.6717],[-44.7898,-1.7248],[-44.7211,-1.7335],[-44.7785,-1.7988],[-44.7209,-1.7923],[-44.6513,-1.7458],[-44.5917,-1.8418],[-44.5468,-1.9463],[-44.5378,-2.0527],[-44.58,-2.1139],[-44.6173,-2.1521],[-44.6586,-2.2275],[-44.7075,-2.2411],[-44.7563,-2.2655],[-44.7006,-2.3204],[-44.6624,-2.3732],[-44.579,-2.2305],[-44.5204,-2.1903],[-44.4354,-2.1681],[-44.3913,-2.2696],[-44.3818,-2.3655],[-44.5201,-2.4055],[-44.5207,-2.4813],[-44.562,-2.5242],[-44.589,-2.5734],[-44.6108,-2.6769],[-44.639,-2.7625],[-44.7214,-3.1423],[-44.723,-3.2048],[-44.6227,-3.1379],[-44.4375,-2.9444],[-44.3812,-2.7384],[-44.3082,-2.5352],[-44.2286,-2.4713],[-44.1794,-2.4712],[-44.1056,-2.4935],[-44.1014,-2.5601],[-44.1126,-2.5985],[-44.1916,-2.6996],[-44.2252,-2.755],[-44.1927,-2.8096],[-44.0132,-2.6422],[-43.9329,-2.5835],[-43.8645,-2.5954],[-43.7286,-2.5182],[-43.4551,-2.5021],[-43.4346,-2.4137],[-43.3801,-2.3761],[-43.2297,-2.386],[-42.9367,-2.465],[-42.8323,-2.5296],[-42.6759,-2.5896],[-42.5936,-2.661],[-42.2496,-2.792],[-41.9999,-2.8061],[-41.8762,-2.7466],[-41.7219,-2.8089],[-41.6401,-2.8786],[-41.4799,-2.9165],[-41.3182,-2.9362],[-41.1945,-2.8861],[-40.8756,-2.8696],[-40.4746,-2.7956],[-40.2354,-2.8132],[-39.9647,-2.8615],[-39.7718,-2.9858],[-39.6094,-3.0562],[-39.5112,-3.1256],[-39.3527,-3.1974],[-39.0144,-3.3902],[-38.896,-3.5018],[-38.6862,-3.6537],[-38.4758,-3.7175],[-38.3619,-3.8765],[-38.2719,-3.948],[-38.0488,-4.2164],[-37.7957,-4.4043],[-37.6263,-4.5921],[-37.3015,-4.7131],[-37.1747,-4.9124],[-36.9549,-4.9367],[-36.8611,-4.9666],[-36.7474,-5.0507],[-36.5907,-5.0976],[-36.3867,-5.0843],[-36.1618,-5.0938],[-35.9799,-5.0544],[-35.5494,-5.1294],[-35.4817,-5.166],[-35.3926,-5.2509],[-35.2354,-5.5667],[-35.1417,-5.9172],[-35.0955,-6.1854],[-34.9882,-6.3937],[-34.9296,-6.7851],[-34.8799,-6.9082],[-34.876,-7.0029],[-34.8339,-7.0244],[-34.8055,-7.2884],[-34.8166,-7.3948],[-34.8578,-7.5333],[-34.8608,-7.595],[-34.8548,-7.6343],[-34.873,-7.6921],[-34.8786,-7.7475],[-34.8369,-7.8718],[-34.8347,-7.9715],[-34.8905,-8.0922],[-34.9667,-8.4076],[-35.1578,-8.9306],[-35.3409,-9.2307],[-35.5971,-9.5406],[-35.764,-9.7025],[-35.8301,-9.719],[-35.8908,-9.687],[-35.8478,-9.7725],[-35.8854,-9.8477],[-36.055,-10.0758],[-36.2235,-10.2251],[-36.3983,-10.4841],[-36.6357,-10.5899],[-36.7683,-10.6717],[-36.9378,-10.8204],[-37.0934,-11.0548],[-37.1255,-11.085],[-37.1828,-11.0685],[-37.1812,-11.1875],[-37.3151,-11.376],[-37.356,-11.4039],[-37.3549,-11.3505],[-37.3316,-11.3099],[-37.3208,-11.2666],[-37.3218,-11.2151],[-37.3592,-11.2525],[-37.4385,-11.3938],[-37.4118,-11.4973],[-37.4693,-11.6536],[-37.6887,-12.1],[-37.9573,-12.4755],[-38.0192,-12.5913],[-38.2397,-12.8442],[-38.4018,-12.9662],[-38.4473,-12.9671],[-38.4989,-12.9566],[-38.5249,-12.7623],[-38.654,-12.6446],[-38.691,-12.6239],[-38.7439,-12.7485],[-38.788,-12.7827],[-38.8518,-12.7901],[-38.7836,-12.8444],[-38.7637,-12.9072],[-38.8332,-13.0329],[-38.8353,-13.1472],[-38.9592,-13.273],[-39.0309,-13.3651],[-39.0674,-13.4805],[-39.0894,-13.5882],[-39.0349,-13.5588],[-39.0091,-13.5814],[-38.9886,-13.615],[-39.0012,-13.6646],[-39.0411,-13.7581],[-39.0349,-13.991],[-39.0481,-14.0439],[-39.0085,-14.1012],[-38.9665,-14.0034],[-38.9423,-14.0307],[-39.0596,-14.6548],[-39.0134,-14.9356],[-38.9962,-15.2538],[-38.9432,-15.5644],[-38.8806,-15.8643],[-38.9608,-16.1865],[-39.0632,-16.5044],[-39.125,-16.7636],[-39.164,-17.0436],[-39.2029,-17.1781],[-39.2152,-17.3158],[-39.1706,-17.6421],[-39.154,-17.7039],[-39.2784,-17.8494],[-39.4126,-17.92],[-39.4868,-17.9901],[-39.6508,-18.2523],[-39.7398,-18.6398],[-39.7419,-18.846],[-39.6999,-19.2778],[-39.7314,-19.4539],[-39.7833,-19.5718],[-39.8447,-19.6491],[-40.0014,-19.742],[-40.1417,-19.9683],[-40.2027,-20.2061],[-40.2989,-20.2927],[-40.3186,-20.4258],[-40.3959,-20.5694],[-40.5966,-20.7838],[-40.7271,-20.8462],[-40.7893,-20.9061],[-40.8288,-21.0313],[-40.9545,-21.2379],[-41.0473,-21.5057],[-41.0231,-21.5969],[-40.9878,-21.9203],[-41.0003,-21.999],[-41.1225,-22.0844],[-41.5829,-22.2437],[-41.7055,-22.3097],[-41.9804,-22.5807],[-41.9976,-22.6446],[-41.9861,-22.7358],[-41.9409,-22.7883],[-41.9875,-22.8451],[-42.0424,-22.9471],[-42.1225,-22.9408],[-42.5811,-22.941],[-42.8293,-22.9733],[-42.9583,-22.9671],[-43.0162,-22.9426],[-43.0812,-22.9025],[-43.1007,-22.8501],[-43.0654,-22.7707],[-43.0863,-22.7233],[-43.1543,-22.7252],[-43.229,-22.7477],[-43.2419,-22.7951],[-43.2366,-22.8288],[-43.2088,-22.8781],[-43.1936,-22.9386],[-43.2242,-22.9912],[-43.3695,-22.998],[-43.5328,-23.0464],[-43.7365,-23.0666],[-43.8988,-23.1015],[-43.9738,-23.0573],[-43.8988,-23.0353],[-43.7914,-23.046],[-43.676,-23.0095],[-43.7029,-22.9663],[-43.8662,-22.9105],[-44.0475,-22.9447],[-44.148,-23.011],[-44.3679,-23.005],[-44.6373,-23.0555],[-44.6812,-23.1069],[-44.6738,-23.2066],[-44.6211,-23.2285],[-44.5697,-23.274],[-44.6191,-23.3164],[-44.6672,-23.3352],[-44.9517,-23.3814],[-45.2154,-23.5756],[-45.3254,-23.5997],[-45.4233,-23.6854],[-45.4334,-23.7585],[-45.4643,-23.8025],[-45.5271,-23.8048],[-45.6646,-23.7648],[-45.8432,-23.7637],[-45.9721,-23.7955],[-46.6308,-24.1104],[-46.8673,-24.2363],[-47.1372,-24.4932],[-47.5922,-24.7811],[-47.8312,-24.9529],[-47.8766,-24.9975],[-47.9143,-24.9999],[-47.9892,-25.0357],[-47.9594,-25.0654],[-47.9083,-25.0682],[-47.9294,-25.1683],[-48.0244,-25.2367],[-48.2027,-25.4165],[-48.2424,-25.4033],[-48.1859,-25.3099],[-48.2735,-25.3063],[-48.4025,-25.2721],[-48.4585,-25.3107],[-48.4276,-25.4033],[-48.4761,-25.443],[-48.5642,-25.4475],[-48.644,-25.4365],[-48.7317,-25.3687],[-48.6922,-25.4915],[-48.507,-25.5213],[-48.4299,-25.5502],[-48.4012,-25.5974],[-48.5452,-25.8159],[-48.6658,-25.8443],[-48.679,-25.8752],[-48.6128,-25.875],[-48.5763,-25.9354],[-48.6194,-26.1794],[-48.679,-26.2258],[-48.7138,-26.227],[-48.7483,-26.2687],[-48.7007,-26.3483],[-48.6516,-26.4064],[-48.6582,-26.5191],[-48.6765,-26.6124],[-48.6777,-26.7029],[-48.6157,-26.8781],[-48.5934,-27.058],[-48.5684,-27.1234],[-48.5542,-27.196],[-48.5955,-27.2639],[-48.572,-27.3728],[-48.6426,-27.5579],[-48.6057,-27.8252],[-48.6208,-28.0756],[-48.6484,-28.2072],[-48.6932,-28.3102],[-48.7973,-28.4427],[-48.7997,-28.5753],[-49.0236,-28.6986],[-49.2713,-28.8712],[-49.4999,-29.0754],[-49.746,-29.3632],[-50.0333,-29.801],[-50.2995,-30.4258],[-50.62,-30.8977],[-50.7481,-31.0681],[-50.9214,-31.2584],[-51.1518,-31.4804],[-51.4604,-31.7024],[-51.7981,-31.9003],[-51.9202,-31.9896],[-52.0392,-32.1148],[-52.0689,-32.0631],[-52.0432,-31.9775],[-52.0596,-31.9135],[-52.0632,-31.8304],[-51.9951,-31.815],[-51.8932,-31.8678],[-51.8412,-31.832],[-51.8034,-31.7967],[-51.6807,-31.7746],[-51.4462,-31.5573],[-51.2722,-31.477],[-51.1743,-31.3397],[-51.1575,-31.2668],[-51.1614,-31.1188],[-51.106,-31.0813],[-50.9801,-31.0942],[-50.9544,-31.0521],[-50.9653,-31.0055],[-50.9408,-30.9037],[-50.7702,-30.8134],[-50.6893,-30.7042],[-50.7163,-30.426],[-50.6851,-30.4135],[-50.6148,-30.4568],[-50.5819,-30.4389],[-50.5465,-30.3169],[-50.5635,-30.2536],[-50.6462,-30.2368],[-50.9319,-30.3743],[-51.025,-30.3687],[-51.0404,-30.2606],[-51.1793,-30.211],[-51.2336,-30.1214],[-51.2499,-30.06],[-51.298,-30.0349],[-51.295,-30.141],[-51.2818,-30.2441],[-51.1573,-30.3643],[-51.1875,-30.4119],[-51.2466,-30.4676],[-51.2877,-30.5912],[-51.2831,-30.7516],[-51.3164,-30.7027],[-51.3591,-30.6745],[-51.3765,-30.8469],[-51.4591,-30.9128],[-51.4853,-30.9775],[-51.4637,-31.0526],[-51.5063,-31.1045],[-51.7169,-31.2437],[-51.9268,-31.3389],[-51.9725,-31.3838],[-52.027,-31.599],[-52.1198,-31.6949],[-52.1936,-31.8855],[-52.1916,-31.9676],[-52.1671,-32.0885],[-52.1274,-32.1678],[-52.1902,-32.2208],[-52.2746,-32.3237],[-52.3417,-32.4397],[-52.5085,-32.8753],[-52.6522,-33.1378],[-52.7629,-33.2664],[-52.9208,-33.402],[-53.3706,-33.7422],[-53.3976,-33.7373],[-53.4636,-33.7099],[-53.5188,-33.6772],[-53.5313,-33.6555],[-53.5376,-33.6229],[-53.5304,-33.5003],[-53.5313,-33.1709],[-53.5119,-33.1087],[-53.4829,-33.0686],[-53.3952,-33.0104],[-53.1256,-32.7367],[-53.1573,-32.6801],[-53.2313,-32.6254],[-53.3627,-32.5812],[-53.4894,-32.5032],[-53.6017,-32.403],[-53.7617,-32.0568],[-53.8061,-32.0399],[-53.8765,-31.9945],[-53.9206,-31.9523],[-53.9852,-31.9281],[-54.1004,-31.9016],[-54.2206,-31.8552],[-54.3699,-31.745],[-54.4777,-31.6228],[-54.5309,-31.542],[-54.5876,-31.4852],[-54.896,-31.3912],[-55.036,-31.279],[-55.0912,-31.314],[-55.1735,-31.2796],[-55.2546,-31.2256],[-55.3455,-31.093],[-55.3661,-31.0462],[-55.4496,-30.9645],[-55.5573,-30.876],[-55.603,-30.8508],[-55.6271,-30.8581],[-55.6652,-30.9249],[-55.706,-30.9466],[-55.8078,-31.0367],[-55.8737,-31.0696],[-55.952,-31.0809],[-56.0047,-31.0792],[-56.0155,-31.0597],[-56.0185,-30.9919],[-55.999,-30.8372],[-56.0448,-30.7776],[-56.1762,-30.6284],[-56.4072,-30.4475],[-56.7217,-30.1869],[-56.8327,-30.1072],[-56.9373,-30.1011],[-57.0327,-30.11],[-57.1205,-30.1444],[-57.1869,-30.2648],[-57.2145,-30.2834],[-57.3838,-30.2807],[-57.5523,-30.2612],[-57.6089,-30.1878]]],[[[-48.4859,-27.767],[-48.5546,-27.8122],[-48.5422,-27.5748],[-48.5052,-27.4955],[-48.4647,-27.4363],[-48.4149,-27.3996],[-48.3779,-27.4515],[-48.4096,-27.5663],[-48.4968,-27.707],[-48.4859,-27.767]]],[[[-48.5844,-26.4016],[-48.6031,-26.4138],[-48.6658,-26.2896],[-48.5397,-26.1703],[-48.4976,-26.2188],[-48.5311,-26.3132],[-48.5844,-26.4016]]],[[[-45.2603,-23.8892],[-45.2609,-23.9413],[-45.3025,-23.9147],[-45.4128,-23.935],[-45.4514,-23.8956],[-45.3023,-23.7275],[-45.2723,-23.752],[-45.2491,-23.7826],[-45.2331,-23.8254],[-45.2503,-23.853],[-45.2603,-23.8892]]],[[[-44.1293,-23.1419],[-44.098,-23.1693],[-44.1558,-23.1666],[-44.2205,-23.1908],[-44.3201,-23.2123],[-44.3602,-23.1721],[-44.2741,-23.1162],[-44.2429,-23.0741],[-44.2204,-23.0829],[-44.1916,-23.1133],[-44.1293,-23.1419]]],[[[-38.9036,-13.4734],[-38.9379,-13.5323],[-38.9776,-13.5235],[-38.9932,-13.4841],[-39.0222,-13.4456],[-39.0066,-13.4155],[-38.9801,-13.3984],[-38.9071,-13.4011],[-38.9036,-13.4734]]],[[[-38.7438,-13.0971],[-38.783,-13.1187],[-38.787,-13.0551],[-38.6849,-12.9749],[-38.6681,-12.8802],[-38.6146,-12.924],[-38.6003,-12.9725],[-38.6012,-12.9926],[-38.7438,-13.0971]]],[[[-44.4993,-2.9396],[-44.5978,-3.0376],[-44.5653,-2.9239],[-44.5819,-2.8456],[-44.5691,-2.785],[-44.502,-2.7263],[-44.4814,-2.7176],[-44.4873,-2.7897],[-44.4826,-2.8119],[-44.4993,-2.9396]]],[[[-44.8831,-1.3179],[-44.9471,-1.366],[-44.9679,-1.3908],[-45.0208,-1.3724],[-45.0112,-1.3447],[-44.9956,-1.3476],[-44.9787,-1.2673],[-44.8883,-1.2769],[-44.8831,-1.3179]]],[[[-51.8325,-1.4338],[-51.9384,-1.4526],[-51.8021,-1.2025],[-51.68,-1.0861],[-51.6783,-0.8551],[-51.546,-0.6496],[-51.4245,-0.5659],[-51.254,-0.5414],[-51.1607,-0.6667],[-51.2763,-1.0218],[-51.3101,-1.0238],[-51.4651,-1.2111],[-51.6377,-1.3419],[-51.8325,-1.4338]]],[[[-49.6287,-0.2292],[-49.5352,-0.2336],[-49.4029,-0.2146],[-49.3143,-0.1679],[-49.2151,-0.1587],[-49.117,-0.1636],[-48.7866,-0.2155],[-48.588,-0.2316],[-48.4445,-0.2719],[-48.3927,-0.2974],[-48.3797,-0.3528],[-48.428,-0.4415],[-48.464,-0.5348],[-48.4975,-0.6649],[-48.5233,-0.6914],[-48.5667,-0.6845],[-48.5397,-0.801],[-48.5495,-0.8476],[-48.5709,-0.8929],[-48.6241,-0.9869],[-48.7046,-1.1066],[-48.7285,-1.1317],[-48.7898,-1.1733],[-48.8397,-1.2266],[-48.829,-1.2766],[-48.8041,-1.327],[-48.8336,-1.39],[-48.9289,-1.4823],[-48.9859,-1.5047],[-49.0385,-1.5141],[-49.0869,-1.5051],[-49.1727,-1.4126],[-49.1817,-1.485],[-49.2048,-1.559],[-49.234,-1.5995],[-49.3448,-1.5952],[-49.4066,-1.5556],[-49.5066,-1.5116],[-49.5257,-1.6305],[-49.5879,-1.7124],[-49.6506,-1.7381],[-49.7488,-1.7554],[-49.8051,-1.7902],[-49.9113,-1.763],[-50.01,-1.7085],[-50.0657,-1.7038],[-50.1093,-1.7479],[-50.3384,-1.756],[-50.4435,-1.8007],[-50.5076,-1.788],[-50.6021,-1.6978],[-50.6172,-1.6377],[-50.6734,-1.516],[-50.7238,-1.3715],[-50.7598,-1.2402],[-50.7295,-1.1268],[-50.6683,-1.1306],[-50.5959,-1.1475],[-50.5805,-1.1395],[-50.577,-1.1031],[-50.5929,-1.0729],[-50.7096,-1.0777],[-50.7833,-1.0104],[-50.7961,-0.9062],[-50.781,-0.6898],[-50.7714,-0.6454],[-50.7199,-0.5834],[-50.7031,-0.5285],[-50.7158,-0.4702],[-50.6937,-0.3645],[-50.6455,-0.2729],[-50.4616,-0.1574],[-50.2482,-0.1164],[-49.6287,-0.2292]]],[[[-50.6529,-0.1316],[-50.9264,-0.3273],[-51.019,-0.2631],[-51.0381,-0.2259],[-51.0224,-0.1884],[-51.0257,-0.1724],[-50.9951,-0.1053],[-50.8422,-0.0502],[-50.7653,-0.0409],[-50.667,-0.058],[-50.6506,-0.1059],[-50.6529,-0.1316]]],[[[-49.4439,-0.1124],[-49.7088,-0.1437],[-49.8301,-0.0939],[-49.8027,-0.0519],[-49.7123,0.0151],[-49.6022,0.0627],[-49.5035,0.0837],[-49.4005,0.0572],[-49.3723,0.0011],[-49.3809,-0.0555],[-49.4439,-0.1124]]],[[[-49.7382,0.2682],[-49.6973,0.216],[-49.839,0.0069],[-49.9171,-0.0232],[-50.0025,-0.0293],[-50.1131,0.033],[-50.2856,0.0286],[-50.3395,0.0434],[-50.3451,0.1345],[-50.2727,0.2317],[-50.128,0.2265],[-49.879,0.3045],[-49.7382,0.2682]]],[[[-50.4261,0.1393],[-50.4439,-0.0077],[-50.6239,0.0544],[-50.6104,0.2048],[-50.5262,0.2469],[-50.4516,0.3269],[-50.4261,0.425],[-50.4246,0.5583],[-50.3969,0.5814],[-50.3728,0.5909],[-50.351,0.5817],[-50.3323,0.259],[-50.4261,0.1393]]],[[[-50.1529,0.393],[-50.2613,0.3592],[-50.2815,0.3908],[-50.2817,0.5165],[-50.2512,0.5854],[-50.1128,0.6047],[-50.0986,0.625],[-50.0588,0.638],[-50.0368,0.5948],[-50.04,0.5228],[-50.1529,0.393]]],[[[-50.299,1.9385],[-50.3988,1.8929],[-50.4561,1.9105],[-50.509,2.0295],[-50.491,2.1286],[-50.4188,2.1615],[-50.3626,2.1544],[-50.342,2.1417],[-50.2921,1.9796],[-50.299,1.9385]]]]}},{"type":"Feature","properties":{"SOVEREIGNT":"Barbados","ADMIN":"Barbados","NAME":"Barbados","NAME_LONG":"Barbados","ISO_A2":"BB","WB_A2":"BB","CONTINENT":"North America","SUBREGION":"Caribbean"},"geometry":{"type":"Polygon","coordinates":[[[-59.4933,13.082],[-59.5219,13.0622],[-59.6113,13.1021],[-59.6428,13.1503],[-59.6467,13.3031],[-59.5916,13.3177],[-59.4879,13.1968],[-59.4276,13.1528],[-59.4933,13.082]]]}},{"type":"Feature","properties":{"SOVEREIGNT":"Canada","ADMIN":"Canada","NAME":"Canada","NAME_LONG":"Canada","ISO_A2":"CA","WB_A2":"CA","CONTINENT":"North America","SUBREGION":"Northern America"},"geometry":{"type":"MultiPolygon","coordinates":[[[[-59.7876,43.9396],[-59.9223,43.9039],[-60.0377,43.9066],[-60.1143,43.9391],[-60.1175,43.9534],[-59.936,43.9396],[-59.8664,43.9472],[-59.7271,44.0028],[-59.7876,43.9396]]],[[[-66.2738,44.2923],[-66.3241,44.2573],[-66.3119,44.2916],[-66.2505,44.379],[-66.2104,44.392],[-66.2738,44.2923]]],[[[-66.7625,44.6818],[-66.8971,44.6289],[-66.8447,44.7639],[-66.8021,44.8054],[-66.7454,44.7914],[-66.7534,44.7098],[-66.7625,44.6818]]],[[[-60.9616,45.4899],[-61.0029,45.4817],[-61.0125,45.496],[-61.0762,45.5373],[-61.0817,45.5578],[-61.026,45.5773],[-60.9125,45.5673],[-60.953,45.5155],[-60.9616,45.4899]]],[[[-73.6953,45.5855],[-73.8159,45.5649],[-73.8577,45.5736],[-73.7247,45.6718],[-73.5724,45.6945],[-73.6953,45.5855]]],[[[-73.5665,45.4691],[-73.6436,45.4491],[-73.7753,45.4676],[-73.9202,45.4419],[-73.9605,45.4414],[-73.8529,45.5157],[-73.6875,45.5614],[-73.5225,45.7012],[-73.4761,45.7047],[-73.5389,45.5464],[-73.5517,45.4898],[-73.5665,45.4691]]],[[[-71.0257,46.8729],[-71.1167,46.8648],[-71.095,46.8996],[-70.9708,46.9614],[-70.8796,46.9961],[-70.8258,46.9954],[-70.9135,46.9195],[-71.0257,46.8729]]],[[[-61.1052,45.9447],[-61.0713,45.9371],[-60.9366,45.9855],[-60.8652,45.9835],[-60.8684,45.9486],[-60.9843,45.9107],[-61.0375,45.8822],[-60.9706,45.8558],[-60.9715,45.838],[-61.052,45.795],[-61.0921,45.7484],[-61.059,45.7034],[-60.9304,45.7477],[-60.8776,45.7481],[-60.8061,45.7381],[-60.7379,45.7514],[-60.6991,45.7733],[-60.4724,45.9465],[-60.4606,45.9687],[-60.7049,45.9329],[-60.7333,45.9566],[-60.5732,46.0614],[-60.5857,46.1167],[-60.5049,46.2039],[-60.4309,46.2556],[-60.3765,46.2846],[-60.2979,46.3112],[-60.2438,46.2701],[-60.2265,46.1956],[-60.0925,46.206],[-59.9614,46.191],[-59.865,46.1595],[-59.85,46.1414],[-59.8488,46.1129],[-59.8809,46.0616],[-59.934,46.0194],[-59.828,45.9651],[-59.8422,45.9416],[-60.0158,45.8805],[-60.1145,45.8189],[-60.2051,45.743],[-60.3861,45.6546],[-60.6729,45.5908],[-60.7637,45.5908],[-60.8716,45.6107],[-60.9786,45.6062],[-61.0837,45.5824],[-61.1864,45.585],[-61.2363,45.5725],[-61.2837,45.5739],[-61.3234,45.5985],[-61.4083,45.6691],[-61.4498,45.7162],[-61.4953,45.9415],[-61.4806,46.0598],[-61.4086,46.1704],[-61.3022,46.2438],[-61.2405,46.3025],[-60.9825,46.6505],[-60.932,46.7294],[-60.8702,46.7968],[-60.7597,46.8634],[-60.6167,46.9758],[-60.571,46.9988],[-60.4891,47.0097],[-60.4082,47.0035],[-60.4313,46.9629],[-60.4254,46.9232],[-60.3317,46.7678],[-60.3329,46.737],[-60.3841,46.6133],[-60.4824,46.4135],[-60.5077,46.3034],[-60.4945,46.2703],[-60.5344,46.2146],[-60.5769,46.1722],[-60.7448,46.0927],[-60.8306,46.0741],[-60.9122,46.0446],[-61.1052,45.9447]]],[[[-63.8113,46.4687],[-63.7842,46.4546],[-63.737,46.4805],[-63.6814,46.5619],[-63.5344,46.5406],[-63.4565,46.5039],[-63.4131,46.512],[-63.3687,46.5083],[-63.2861,46.4602],[-63.1294,46.4222],[-62.964,46.4277],[-62.712,46.4503],[-62.6819,46.4594],[-62.4231,46.4783],[-62.1636,46.4872],[-62.0743,46.4657],[-62.0409,46.4457],[-62.0237,46.4216],[-62.1718,46.3554],[-62.32,46.2783],[-62.5261,46.2029],[-62.552,46.1659],[-62.5392,46.0979],[-62.5433,46.0287],[-62.5026,46.0229],[-62.4781,45.9997],[-62.5313,45.9773],[-62.7432,45.9669],[-62.8049,45.9732],[-62.8784,46.0014],[-62.9035,46.0683],[-62.9946,46.0584],[-63.0221,46.0666],[-62.8945,46.1236],[-62.9526,46.1952],[-63.015,46.1899],[-63.0563,46.2239],[-63.0529,46.2698],[-62.9951,46.2921],[-62.9785,46.3164],[-63.0569,46.2954],[-63.117,46.2528],[-63.1947,46.2367],[-63.2708,46.2],[-63.1528,46.1883],[-63.2135,46.1599],[-63.2766,46.1533],[-63.5689,46.2092],[-63.641,46.2305],[-63.7318,46.2891],[-63.8005,46.3673],[-63.7632,46.3704],[-63.7505,46.3844],[-63.7586,46.3976],[-63.8605,46.4082],[-64.0197,46.4048],[-64.1108,46.4254],[-64.1065,46.5621],[-64.136,46.5997],[-64.2356,46.6314],[-64.388,46.6409],[-64.4031,46.6916],[-64.3546,46.7692],[-64.28,46.8357],[-64.2232,46.9013],[-64.1569,46.9549],[-63.9936,47.0616],[-63.9973,46.9817],[-63.9815,46.913],[-64.0879,46.7754],[-63.903,46.6391],[-63.8793,46.609],[-63.8637,46.5724],[-63.8756,46.5387],[-63.9056,46.5088],[-63.8336,46.4939],[-63.8113,46.4687]]],[[[-61.9141,47.2845],[-61.8787,47.2655],[-61.8155,47.2676],[-61.7726,47.2598],[-61.8337,47.2226],[-61.9508,47.219],[-62.0083,47.2343],[-61.9247,47.4251],[-61.8273,47.4691],[-61.6278,47.5938],[-61.548,47.6318],[-61.4741,47.6468],[-61.3955,47.6376],[-61.4755,47.564],[-61.5822,47.56],[-61.6841,47.4987],[-61.7509,47.4308],[-61.8312,47.392],[-61.8866,47.3446],[-61.9141,47.2845]]],[[[-54.2271,47.4414],[-54.2761,47.4065],[-54.326,47.4081],[-54.3201,47.4385],[-54.2587,47.4977],[-54.2274,47.54],[-54.2263,47.5655],[-54.2149,47.5851],[-54.1684,47.6071],[-54.1282,47.6468],[-54.1476,47.5731],[-54.2271,47.4414]]],[[[-64.5086,47.8867],[-64.5339,47.8138],[-64.6213,47.7519],[-64.6646,47.7476],[-64.6846,47.7536],[-64.6605,47.7936],[-64.6633,47.863],[-64.5911,47.8725],[-64.5648,47.8663],[-64.5086,47.8867]]],[[[-64.4761,47.9589],[-64.5913,47.9072],[-64.5407,47.985],[-64.5196,48.0051],[-64.5002,48.0138],[-64.4813,48.0069],[-64.4761,47.9589]]],[[[-123.4354,48.7544],[-123.4772,48.7288],[-123.4996,48.7322],[-123.5175,48.7501],[-123.5823,48.9258],[-123.5547,48.9221],[-123.4679,48.8674],[-123.4875,48.8457],[-123.4228,48.7934],[-123.4068,48.7561],[-123.4354,48.7544]]],[[[-123.3724,48.8861],[-123.3848,48.8752],[-123.541,48.9459],[-123.6456,49.0386],[-123.6893,49.0951],[-123.4823,48.9547],[-123.3779,48.9083],[-123.3724,48.8861]]],[[[-74.7089,45.0039],[-74.5663,45.0416],[-74.269,45.1883],[-74.0498,45.2414],[-73.7646,45.3955],[-73.5581,45.4251],[-73.5188,45.459],[-73.4842,45.5868],[-73.4653,45.6323],[-73.3688,45.7578],[-73.253,45.8637],[-73.1596,46.0101],[-72.9899,46.1036],[-72.7334,46.1818],[-72.4962,46.3527],[-72.3662,46.4048],[-72.2401,46.4421],[-72.1872,46.5115],[-72.1093,46.5512],[-71.9009,46.6319],[-71.6713,46.6538],[-71.4392,46.7208],[-71.2612,46.7563],[-71.152,46.8191],[-70.9933,46.8522],[-70.5195,47.0325],[-70.3881,47.1169],[-70.2178,47.2898],[-70.0696,47.3778],[-70.0171,47.4714],[-69.8022,47.6234],[-69.5811,47.8237],[-69.471,47.9673],[-69.3063,48.047],[-68.9871,48.275],[-68.8157,48.366],[-68.746,48.3764],[-68.552,48.4573],[-68.4315,48.5417],[-68.2382,48.6264],[-67.889,48.7309],[-67.5609,48.856],[-67.1175,48.9642],[-66.5981,49.1264],[-66.1782,49.2131],[-65.8828,49.2257],[-65.5234,49.2662],[-65.3961,49.2621],[-64.8363,49.1917],[-64.5677,49.1048],[-64.2618,48.9219],[-64.2162,48.8736],[-64.2088,48.8062],[-64.3708,48.839],[-64.5137,48.8411],[-64.4146,48.8036],[-64.2461,48.6911],[-64.2538,48.5504],[-64.3488,48.4232],[-64.6332,48.3605],[-64.7058,48.3106],[-64.7645,48.2281],[-64.8221,48.1965],[-64.9599,48.1599],[-65.0361,48.1063],[-65.2594,48.0212],[-65.36,48.0111],[-65.4759,48.0315],[-65.7547,48.1117],[-65.9267,48.1889],[-66.0125,48.1467],[-66.0831,48.1027],[-66.2486,48.1173],[-66.3243,48.0979],[-66.449,48.1196],[-66.7044,48.0225],[-66.6315,48.0111],[-66.4288,48.0669],[-66.3596,48.0606],[-66.2102,47.9886],[-65.8494,47.911],[-65.7557,47.8598],[-65.6665,47.6961],[-65.6072,47.67],[-65.4835,47.687],[-65.3439,47.7679],[-65.2282,47.8113],[-65.0017,47.8468],[-65.0464,47.793],[-64.874,47.7972],[-64.7032,47.7249],[-64.7663,47.6735],[-64.8521,47.5699],[-64.9122,47.3687],[-65.0861,47.2338],[-65.3189,47.1012],[-65.2602,47.0692],[-65.1921,47.0496],[-65.0424,47.0888],[-64.9424,47.0862],[-64.8314,47.0608],[-64.8659,46.9578],[-64.9058,46.8879],[-64.8825,46.8229],[-64.8167,46.6987],[-64.7259,46.6714],[-64.6895,46.5123],[-64.6414,46.4256],[-64.6479,46.356],[-64.5568,46.3114],[-64.5415,46.2403],[-64.2118,46.2202],[-64.145,46.1929],[-63.9159,46.1658],[-63.8727,46.1462],[-63.8319,46.1072],[-64.0564,46.0213],[-63.8747,45.9592],[-63.7029,45.858],[-63.5677,45.8779],[-63.5092,45.8747],[-63.358,45.8113],[-63.3159,45.7799],[-63.2928,45.752],[-63.2169,45.758],[-63.1079,45.7824],[-62.9108,45.7764],[-62.7007,45.7406],[-62.7184,45.686],[-62.7501,45.6482],[-62.5856,45.6607],[-62.4831,45.6218],[-62.4473,45.6405],[-62.4219,45.6646],[-62.2177,45.7309],[-61.9555,45.8682],[-61.9236,45.8512],[-61.9116,45.7991],[-61.8772,45.7142],[-61.7765,45.6556],[-61.6569,45.6422],[-61.4923,45.687],[-61.4276,45.6483],[-61.3505,45.5737],[-61.2771,45.476],[-61.282,45.4411],[-61.3761,45.4106],[-61.461,45.3667],[-61.1067,45.3486],[-61.0708,45.3302],[-61.0315,45.2917],[-61.0677,45.2528],[-61.1011,45.2334],[-61.1653,45.2561],[-61.2838,45.2355],[-61.3873,45.1851],[-61.4979,45.157],[-61.5688,45.1538],[-61.6474,45.1305],[-61.7192,45.0945],[-61.7939,45.0844],[-62.0268,44.9945],[-62.265,44.9365],[-62.514,44.8437],[-62.7681,44.7851],[-63.0318,44.7148],[-63.0892,44.7085],[-63.1557,44.7113],[-63.3063,44.6426],[-63.3808,44.6519],[-63.4568,44.6399],[-63.5443,44.6551],[-63.604,44.6832],[-63.5583,44.6106],[-63.5448,44.5438],[-63.5677,44.5145],[-63.6098,44.48],[-63.7611,44.4864],[-63.8207,44.5106],[-63.8913,44.5463],[-63.9237,44.6039],[-63.9997,44.6449],[-64.0449,44.5879],[-64.0446,44.5454],[-64.1009,44.4875],[-64.167,44.5867],[-64.2861,44.5503],[-64.3385,44.4449],[-64.3123,44.4147],[-64.2757,44.3341],[-64.3346,44.292],[-64.3782,44.3036],[-64.4688,44.1852],[-64.5785,44.142],[-64.6916,44.0213],[-64.8256,43.9293],[-64.8624,43.8679],[-65.0868,43.7272],[-65.1721,43.7314],[-65.2349,43.7268],[-65.3296,43.6681],[-65.3443,43.5496],[-65.3861,43.5653],[-65.4285,43.5614],[-65.4504,43.5242],[-65.4817,43.5181],[-65.5645,43.5533],[-65.6619,43.534],[-65.7381,43.5607],[-65.8353,43.7344],[-65.8869,43.7952],[-65.9784,43.8148],[-66.0021,43.7781],[-66.0376,43.7422],[-66.1257,43.8138],[-66.1925,44.0797],[-66.1931,44.1438],[-66.0996,44.3675],[-65.868,44.5688],[-65.9419,44.5755],[-66.1464,44.4359],[-66.1253,44.4697],[-66.0906,44.5049],[-66.0217,44.5617],[-65.917,44.6151],[-65.7777,44.6462],[-65.6818,44.6509],[-65.6158,44.6804],[-65.52,44.7327],[-65.5022,44.7604],[-65.5872,44.7285],[-65.7282,44.6971],[-65.692,44.7383],[-65.6567,44.7603],[-64.9029,45.1208],[-64.7513,45.1802],[-64.4488,45.2561],[-64.4069,45.3057],[-64.4481,45.3375],[-64.3308,45.3093],[-64.3404,45.2682],[-64.3588,45.2382],[-64.3657,45.1873],[-64.3542,45.1382],[-64.235,45.1143],[-64.1355,45.023],[-64.1827,45.147],[-64.0932,45.2171],[-63.7483,45.3109],[-63.4603,45.3211],[-63.368,45.3648],[-63.6145,45.3941],[-63.9064,45.3782],[-64.0872,45.4109],[-64.3364,45.3896],[-64.6002,45.4101],[-64.6811,45.383],[-64.7467,45.3244],[-64.8319,45.3502],[-64.8731,45.3546],[-64.9129,45.3748],[-64.8274,45.4755],[-64.5601,45.6255],[-64.3971,45.7559],[-64.3511,45.7832],[-64.3146,45.8357],[-64.4041,45.8269],[-64.4822,45.8063],[-64.5363,45.8666],[-64.6327,45.9466],[-64.642,45.9133],[-64.5937,45.8137],[-64.7785,45.6384],[-64.8979,45.626],[-65.0573,45.5442],[-65.2823,45.4731],[-65.545,45.3373],[-65.8845,45.2229],[-65.9556,45.2225],[-66.1098,45.3166],[-66.0667,45.3595],[-66.0266,45.4176],[-66.0649,45.4008],[-66.0897,45.3756],[-66.1827,45.3352],[-66.1073,45.2569],[-66.1437,45.2276],[-66.2516,45.189],[-66.352,45.1332],[-66.4398,45.0959],[-66.5109,45.1434],[-66.7072,45.0834],[-66.8725,45.0673],[-66.9082,45.0977],[-66.9187,45.1456],[-66.9766,45.1572],[-67.0841,45.1439],[-67.1249,45.1694],[-67.2496,45.2008],[-67.3153,45.1538],[-67.3669,45.1738],[-67.3998,45.2102],[-67.4526,45.2477],[-67.4726,45.2759],[-67.462,45.3087],[-67.4385,45.3404],[-67.4279,45.3779],[-67.4937,45.4741],[-67.4878,45.501],[-67.4244,45.5304],[-67.4139,45.5656],[-67.4327,45.6031],[-67.4866,45.6184],[-67.5312,45.6125],[-67.5958,45.6208],[-67.6579,45.6442],[-67.7307,45.6865],[-67.7553,45.6865],[-67.7847,45.7017],[-67.8022,45.7275],[-67.7999,45.7698],[-67.7917,45.7956],[-67.7753,45.8179],[-67.7823,45.8742],[-67.767,45.927],[-67.7847,45.9528],[-67.8068,47.0828],[-68.0968,47.2749],[-68.2355,47.3459],[-68.3109,47.3545],[-68.358,47.3445],[-68.3769,47.3162],[-68.4804,47.2858],[-68.6686,47.2535],[-68.8287,47.2033],[-68.8874,47.2028],[-68.9372,47.2112],[-69.0031,47.2364],[-69.0486,47.2736],[-69.0643,47.3381],[-69.0502,47.4266],[-69.2429,47.463],[-70.0077,46.7089],[-70.0672,46.4411],[-70.1797,46.3418],[-70.2483,46.2509],[-70.3045,46.0574],[-70.3064,45.9798],[-70.2872,45.9392],[-70.2962,45.9061],[-70.4079,45.8019],[-70.4211,45.7382],[-70.4666,45.7068],[-70.5964,45.644],[-70.7022,45.5514],[-70.7074,45.4989],[-70.6898,45.4283],[-70.7109,45.4095],[-70.7533,45.4107],[-70.7992,45.4048],[-70.8378,45.3662],[-70.8368,45.3107],[-70.865,45.2707],[-70.898,45.2625],[-70.9602,45.3331],[-70.9999,45.3373],[-71.0603,45.3091],[-71.1347,45.2628],[-71.2016,45.2604],[-71.3273,45.2901],[-71.419,45.2003],[-71.5175,45.0076],[-74.7089,45.0039]]],[[[-126.0921,49.354],[-126.064,49.2636],[-126.1868,49.2781],[-126.2296,49.2957],[-126.2314,49.3391],[-126.2085,49.3798],[-126.1153,49.365],[-126.0921,49.354]]],[[[-54.5544,49.5889],[-54.7087,49.5307],[-54.7438,49.5078],[-54.7865,49.4961],[-54.8185,49.5145],[-54.8636,49.5761],[-54.8554,49.5966],[-54.8131,49.5994],[-54.7888,49.5912],[-54.7826,49.5721],[-54.7641,49.5624],[-54.7331,49.5622],[-54.6187,49.6221],[-54.5592,49.6315],[-54.5377,49.62],[-54.5544,49.5889]]],[[[-54.0937,49.7444],[-54.0199,49.6795],[-53.9807,49.662],[-54.2384,49.5917],[-54.2692,49.587],[-54.2861,49.5954],[-54.2888,49.6608],[-54.2776,49.7115],[-54.259,49.719],[-54.1994,49.6885],[-54.1377,49.7512],[-54.0937,49.7444]]],[[[-124.1537,49.5312],[-124.1398,49.5104],[-124.3623,49.5882],[-124.4572,49.6342],[-124.5178,49.6863],[-124.631,49.7357],[-124.6499,49.7583],[-124.6233,49.7751],[-124.5472,49.7649],[-124.4215,49.7278],[-124.3091,49.6673],[-124.1537,49.5312]]],[[[-126.6412,49.6058],[-126.6804,49.6014],[-126.7434,49.6135],[-126.8142,49.6421],[-126.9386,49.7185],[-126.9513,49.7357],[-126.94,49.7505],[-126.9049,49.7628],[-126.8969,49.7829],[-126.9258,49.8377],[-126.8261,49.8724],[-126.7381,49.8437],[-126.6981,49.8085],[-126.6499,49.7458],[-126.6282,49.6751],[-126.6258,49.6268],[-126.6412,49.6058]]],[[[-61.8011,49.0939],[-62.2195,49.0791],[-62.5526,49.1409],[-62.7996,49.1707],[-63.0415,49.225],[-63.5659,49.3993],[-63.6259,49.4599],[-63.6762,49.5343],[-63.7766,49.602],[-63.8849,49.6577],[-64.44,49.8277],[-64.4852,49.887],[-64.3729,49.9259],[-64.2438,49.9444],[-64.1314,49.9417],[-63.7602,49.8752],[-63.292,49.8168],[-63.0888,49.7727],[-62.8585,49.7055],[-62.6334,49.6239],[-62.133,49.4071],[-62.0431,49.3898],[-61.8171,49.2835],[-61.7358,49.2038],[-61.6961,49.139],[-61.7455,49.1058],[-61.8011,49.0939]]],[[[-124.9777,50.0296],[-125.0016,50.0208],[-125.026,50.1341],[-124.9957,50.1752],[-124.987,50.1958],[-124.9908,50.2171],[-124.9378,50.1659],[-124.9164,50.1315],[-124.9075,50.084],[-124.9084,50.0713],[-124.9777,50.0296]]],[[[-125.1841,50.0971],[-125.1951,50.0443],[-125.2596,50.13],[-125.3584,50.3115],[-125.3453,50.354],[-125.3012,50.4141],[-125.2609,50.4178],[-125.196,50.3897],[-125.1395,50.3397],[-125.0914,50.2678],[-125.074,50.2207],[-125.113,50.1635],[-125.1841,50.0971]]],[[[-55.5361,50.7197],[-55.5697,50.7087],[-55.6008,50.709],[-55.6293,50.7208],[-55.6339,50.7402],[-55.6045,50.7807],[-55.5272,50.8012],[-55.4693,50.7964],[-55.4728,50.7759],[-55.5038,50.7421],[-55.5361,50.7197]]],[[[-127.1973,50.6404],[-126.7009,50.5155],[-126.2039,50.4539],[-125.8392,50.3808],[-125.6152,50.3585],[-125.5343,50.3425],[-125.4821,50.3168],[-125.4205,50.2546],[-125.314,50.1067],[-125.2332,50.0122],[-125.0664,49.8482],[-124.9347,49.7316],[-124.9046,49.6854],[-124.9324,49.6705],[-124.9307,49.6432],[-124.8306,49.5301],[-124.6429,49.4287],[-124.4959,49.3803],[-124.1859,49.3006],[-123.9958,49.224],[-123.9372,49.1708],[-123.8545,49.1192],[-123.82,49.0835],[-123.7523,48.9512],[-123.6266,48.824],[-123.497,48.5821],[-123.4729,48.6023],[-123.458,48.6744],[-123.4431,48.6905],[-123.4155,48.6982],[-123.3899,48.6702],[-123.3663,48.6064],[-123.2838,48.4552],[-123.3106,48.411],[-123.3345,48.4065],[-123.4459,48.4272],[-123.4846,48.4001],[-123.5365,48.345],[-123.5731,48.3228],[-123.5946,48.3335],[-123.9169,48.3866],[-124.1152,48.4364],[-124.3762,48.5152],[-124.6894,48.5973],[-124.8683,48.6536],[-125.0172,48.7115],[-125.1207,48.7608],[-125.1403,48.8026],[-125.1357,48.8224],[-124.9348,48.9563],[-124.8497,49.0283],[-124.817,49.0833],[-124.8002,49.1416],[-124.8126,49.2126],[-124.8208,49.2071],[-124.8387,49.1391],[-124.8683,49.0785],[-124.9044,49.031],[-124.9273,49.0142],[-125.1682,48.991],[-125.3627,48.9982],[-125.4603,48.9411],[-125.4895,48.9338],[-125.5431,48.9528],[-125.6605,49.0292],[-125.8285,49.0918],[-125.812,49.1072],[-125.7023,49.1392],[-125.6442,49.1858],[-125.6546,49.1932],[-125.6937,49.1904],[-125.728,49.1999],[-125.7964,49.2602],[-125.8354,49.2767],[-125.9184,49.2495],[-125.9517,49.248],[-125.9838,49.2879],[-125.9377,49.3798],[-125.9354,49.4015],[-126.0203,49.368],[-126.0483,49.379],[-126.0749,49.4088],[-126.0999,49.4213],[-126.1688,49.4152],[-126.2436,49.4427],[-126.2697,49.4319],[-126.2796,49.3922],[-126.3045,49.382],[-126.4186,49.449],[-126.4445,49.4511],[-126.4999,49.4],[-126.5191,49.3968],[-126.5485,49.4189],[-126.5637,49.5433],[-126.5575,49.5786],[-126.5419,49.5905],[-126.4428,49.6193],[-126.1578,49.6501],[-126.1341,49.6723],[-126.3476,49.6608],[-126.4032,49.6777],[-126.4628,49.7202],[-126.5252,49.7196],[-126.5583,49.7334],[-126.5929,49.7641],[-126.6831,49.8765],[-126.7446,49.9049],[-126.8494,49.9228],[-126.9033,49.9441],[-126.9261,49.9347],[-126.9479,49.9027],[-126.9771,49.8828],[-127.0487,49.8715],[-127.1143,49.8797],[-127.1655,49.9104],[-127.1959,49.9492],[-127.2075,49.9924],[-127.1791,50.0503],[-127.1796,50.0731],[-127.1923,50.0999],[-127.2157,50.1215],[-127.2498,50.138],[-127.2684,50.1293],[-127.2715,50.0956],[-127.29,50.0708],[-127.3494,50.052],[-127.3979,50.085],[-127.4298,50.1309],[-127.4671,50.1634],[-127.6749,50.1633],[-127.7705,50.1211],[-127.8163,50.1177],[-127.8639,50.1277],[-127.873,50.1501],[-127.8282,50.2114],[-127.8392,50.2932],[-127.8508,50.3137],[-127.9467,50.3262],[-127.9629,50.346],[-127.9059,50.4452],[-127.874,50.464],[-127.8315,50.471],[-127.6414,50.4791],[-127.5781,50.4649],[-127.4865,50.4046],[-127.4894,50.4273],[-127.524,50.4958],[-127.529,50.5368],[-127.4659,50.5831],[-127.5262,50.5967],[-127.7515,50.6074],[-127.7497,50.5777],[-127.7312,50.5357],[-127.8647,50.4989],[-127.9637,50.4926],[-128.0583,50.4985],[-128.1356,50.5206],[-128.2674,50.6093],[-128.3499,50.6966],[-128.346,50.7442],[-128.3008,50.7941],[-128.2416,50.8282],[-128.1013,50.8578],[-127.9181,50.8605],[-127.713,50.8208],[-127.1973,50.6404]]],[[[-55.4587,51.5365],[-55.5324,51.437],[-55.5834,51.3886],[-55.6308,51.3729],[-55.7307,51.3587],[-55.9412,51.343],[-56.0311,51.3284],[-56.0439,51.2619],[-56.0307,51.2269],[-55.9999,51.1993],[-55.9608,51.1914],[-55.8735,51.2079],[-55.8411,51.2051],[-55.8151,51.1912],[-55.7955,51.1662],[-55.7854,51.1314],[-55.7847,51.0871],[-55.8,51.0333],[-55.8714,50.9074],[-55.962,50.8377],[-56.0781,50.781],[-56.1065,50.7593],[-56.1212,50.7338],[-56.1356,50.651],[-56.1958,50.5848],[-56.3824,50.417],[-56.4543,50.38],[-56.4548,50.3505],[-56.4839,50.2708],[-56.5394,50.2067],[-56.694,50.0597],[-56.7323,50.0077],[-56.7496,49.9666],[-56.7472,49.9085],[-56.7541,49.8829],[-56.7895,49.8337],[-56.8389,49.7877],[-56.8486,49.7653],[-56.8292,49.7246],[-56.8092,49.7104],[-56.8069,49.6733],[-56.8222,49.6135],[-56.7568,49.6516],[-56.6106,49.7877],[-56.5009,49.8696],[-56.4276,49.8974],[-56.3764,49.9337],[-56.3218,50.0138],[-56.2471,50.0901],[-56.1794,50.115],[-56.1484,50.1003],[-56.1222,50.0628],[-56.1274,50.0151],[-56.1642,49.9573],[-56.1613,49.9401],[-56.075,49.9826],[-55.927,50.0178],[-55.8733,50.0131],[-55.7647,49.9604],[-55.6745,49.9666],[-55.53,49.9972],[-55.5029,49.9832],[-55.527,49.9368],[-55.5837,49.8924],[-55.7176,49.829],[-56.04,49.7047],[-56.1402,49.6191],[-56.1212,49.6217],[-56.0516,49.6584],[-55.9785,49.6781],[-55.9019,49.6809],[-55.8698,49.6702],[-55.8823,49.6459],[-55.892,49.5803],[-56.0873,49.452],[-56.0412,49.4568],[-55.8152,49.5153],[-55.6781,49.4346],[-55.4897,49.4625],[-55.3759,49.4897],[-55.3792,49.4729],[-55.3545,49.4377],[-55.3554,49.3809],[-55.3438,49.3729],[-55.2899,49.3919],[-55.2802,49.4127],[-55.283,49.5138],[-55.2664,49.5239],[-55.2295,49.5082],[-55.207,49.482],[-55.2003,49.4085],[-55.225,49.3347],[-55.2593,49.267],[-55.3425,49.1681],[-55.3319,49.1256],[-55.3532,49.0794],[-55.3348,49.0779],[-55.2523,49.1209],[-55.2474,49.1386],[-55.2538,49.1796],[-55.2445,49.1998],[-55.1761,49.2444],[-55.0632,49.2974],[-55.0262,49.3054],[-55.0104,49.293],[-55.0159,49.2604],[-54.9826,49.2681],[-54.9105,49.3163],[-54.8437,49.3454],[-54.7819,49.3555],[-54.7176,49.3886],[-54.6509,49.4445],[-54.5791,49.4908],[-54.5022,49.5273],[-54.4692,49.5298],[-54.4806,49.4693],[-54.4654,49.4005],[-54.4635,49.3417],[-54.4482,49.3294],[-54.3891,49.3921],[-54.3562,49.415],[-54.3167,49.4241],[-54.2708,49.4193],[-53.9577,49.4418],[-53.8625,49.4263],[-53.755,49.3853],[-53.6194,49.3216],[-53.5696,49.2642],[-53.5601,49.1917],[-53.5734,49.1412],[-53.6711,49.0775],[-53.7581,49.0354],[-53.8093,48.9934],[-53.8249,48.9514],[-53.8452,48.9254],[-53.9032,48.8892],[-54.1613,48.7877],[-54.0995,48.7848],[-53.9507,48.8068],[-53.8529,48.8113],[-53.8478,48.7967],[-53.8868,48.7678],[-53.9615,48.7389],[-53.9696,48.7249],[-53.966,48.7067],[-53.8861,48.6847],[-53.7841,48.6954],[-53.698,48.6798],[-53.7063,48.6555],[-53.7746,48.5763],[-53.7946,48.5264],[-53.8855,48.4846],[-54.0678,48.4188],[-54.1145,48.3936],[-54.1042,48.3884],[-53.937,48.4366],[-53.8527,48.4488],[-53.7993,48.4492],[-53.7389,48.4958],[-53.6444,48.5112],[-53.5521,48.4818],[-53.4113,48.5622],[-53.3611,48.5726],[-53.2754,48.5633],[-53.2203,48.5779],[-53.1273,48.6326],[-53.0573,48.659],[-53.0427,48.6566],[-53.0276,48.6347],[-53.0208,48.5716],[-53.0373,48.5159],[-53.0602,48.4803],[-53.1357,48.4019],[-53.1821,48.3744],[-53.2251,48.364],[-53.3012,48.3682],[-53.3343,48.356],[-53.4055,48.2943],[-53.5312,48.2319],[-53.6098,48.2077],[-53.5602,48.1738],[-53.5418,48.1084],[-53.5694,48.0881],[-53.7043,48.0679],[-53.7102,48.0568],[-53.7582,48.0424],[-53.8696,48.0197],[-53.7936,48.0097],[-53.653,48.0257],[-53.6382,48.0146],[-53.6576,47.9687],[-53.695,47.9212],[-53.8617,47.7993],[-53.8637,47.787],[-53.8377,47.7272],[-53.8054,47.682],[-53.7651,47.6501],[-53.6724,47.6482],[-53.6038,47.6623],[-53.5038,47.7438],[-53.2827,47.9979],[-53.0854,48.0685],[-52.921,48.1471],[-52.8833,48.1312],[-52.866,48.113],[-52.872,48.0939],[-52.955,48.0293],[-52.9982,47.9759],[-53.1108,47.8119],[-53.1539,47.7346],[-53.1755,47.653],[-53.1698,47.5121],[-53.1577,47.4878],[-53.1225,47.4551],[-53.0568,47.4831],[-52.945,47.5528],[-52.8732,47.6194],[-52.8169,47.7279],[-52.7824,47.7694],[-52.7449,47.7689],[-52.7114,47.7453],[-52.7033,47.693],[-52.6722,47.6218],[-52.6537,47.5494],[-52.6836,47.4263],[-52.9124,47.1032],[-52.8881,47.0458],[-52.8821,47.0111],[-52.8892,46.9741],[-52.9617,46.8194],[-53.0319,46.7228],[-53.0698,46.6812],[-53.1148,46.6558],[-53.167,46.6465],[-53.2137,46.6605],[-53.2549,46.6977],[-53.2913,46.717],[-53.323,46.7184],[-53.3817,46.7114],[-53.5361,46.6325],[-53.5678,46.6283],[-53.5898,46.6389],[-53.6164,46.6803],[-53.5952,46.8885],[-53.5813,46.9573],[-53.6122,47.0104],[-53.5796,47.0994],[-53.5785,47.1333],[-53.5974,47.146],[-53.6364,47.1377],[-53.6954,47.0929],[-53.7743,47.0118],[-53.86,46.9395],[-54.0096,46.8396],[-54.076,46.82],[-54.1024,46.8249],[-54.1328,46.8386],[-54.1737,46.8804],[-54.1733,46.9172],[-54.1552,46.9675],[-54.0927,47.0862],[-53.9705,47.262],[-53.8691,47.387],[-53.8495,47.4403],[-53.8779,47.4636],[-53.9008,47.5093],[-53.9397,47.6447],[-53.989,47.7562],[-54.0473,47.8056],[-54.1918,47.8598],[-54.2184,47.8467],[-54.2339,47.7717],[-54.4047,47.5559],[-54.4345,47.4623],[-54.4559,47.4276],[-54.4881,47.4039],[-54.5625,47.3752],[-54.5424,47.4251],[-54.4632,47.5362],[-54.4739,47.5471],[-54.5745,47.4578],[-54.6512,47.4082],[-54.7447,47.3955],[-54.8015,47.3986],[-54.8566,47.385],[-55.0904,47.1739],[-55.0992,47.1036],[-55.1396,47.0459],[-55.2549,46.9417],[-55.3157,46.9057],[-55.4013,46.8993],[-55.4793,46.9173],[-55.5307,46.914],[-55.6523,46.8814],[-55.7885,46.8672],[-55.8447,46.8738],[-55.8806,46.8872],[-55.9499,46.9277],[-55.9582,46.9564],[-55.9545,46.9732],[-55.9192,47.0169],[-55.8384,47.0716],[-55.7718,47.0921],[-55.6101,47.1196],[-55.4915,47.1606],[-55.4012,47.2215],[-55.3609,47.2586],[-55.1908,47.449],[-54.9756,47.5162],[-54.8695,47.5709],[-54.7954,47.6403],[-54.7846,47.6647],[-54.891,47.6295],[-54.9459,47.6208],[-55.035,47.6339],[-55.0746,47.6576],[-55.1966,47.65],[-55.3663,47.6611],[-55.3908,47.6429],[-55.4127,47.5504],[-55.4347,47.5013],[-55.4606,47.4848],[-55.4986,47.475],[-55.5761,47.4652],[-55.7747,47.4983],[-55.8114,47.5164],[-55.8621,47.5301],[-56.0813,47.5],[-56.1272,47.5028],[-56.0837,47.5245],[-55.8671,47.5923],[-55.8444,47.7878],[-55.8579,47.8192],[-55.9185,47.7919],[-56.0201,47.7637],[-56.0896,47.7719],[-56.1214,47.7892],[-56.1506,47.7745],[-56.2213,47.6714],[-56.263,47.6584],[-56.3258,47.6545],[-56.4596,47.6169],[-56.7223,47.5923],[-56.7741,47.565],[-56.9525,47.5745],[-57.4734,47.6311],[-57.6598,47.6254],[-57.8841,47.66],[-57.9255,47.6749],[-58.2393,47.6688],[-58.3332,47.6769],[-58.327,47.7199],[-58.3369,47.7309],[-58.428,47.6834],[-58.5089,47.6526],[-58.6131,47.6262],[-58.9412,47.5805],[-59.1169,47.5707],[-59.2193,47.6025],[-59.2598,47.6342],[-59.3207,47.7369],[-59.3624,47.8657],[-59.3621,47.889],[-59.3409,47.9336],[-59.2721,47.9956],[-58.9608,48.1594],[-58.7106,48.325],[-58.605,48.4113],[-58.5026,48.442],[-58.3355,48.5137],[-58.3302,48.5221],[-58.4922,48.513],[-58.6062,48.5329],[-58.7226,48.5407],[-58.9438,48.5218],[-59.1668,48.5218],[-59.1677,48.5585],[-59.0634,48.6277],[-58.8418,48.7464],[-58.8192,48.7468],[-58.8871,48.6916],[-58.9064,48.6502],[-58.8772,48.6227],[-58.8434,48.6053],[-58.7165,48.598],[-58.6874,48.6221],[-58.6416,48.7494],[-58.5456,48.8969],[-58.4937,49.0032],[-58.4037,49.0843],[-58.3587,49.0965],[-58.3188,49.0813],[-58.1861,49.0619],[-58.0497,48.9875],[-58.0056,48.9813],[-57.9905,48.9879],[-58.0406,49.0098],[-58.0818,49.0447],[-58.0989,49.0774],[-58.0491,49.18],[-57.9907,49.2095],[-57.9801,49.2296],[-58.0969,49.2301],[-58.1909,49.2587],[-58.2189,49.3051],[-58.2134,49.3867],[-58.1827,49.4354],[-58.1074,49.4997],[-58.0158,49.5425],[-57.9612,49.5315],[-57.8561,49.4738],[-57.7913,49.49],[-57.7988,49.5085],[-57.8975,49.6004],[-57.9291,49.6684],[-57.9262,49.7008],[-57.7125,50.0249],[-57.608,50.1988],[-57.4655,50.4637],[-57.4326,50.5058],[-57.3604,50.5839],[-57.3306,50.6052],[-57.2374,50.6054],[-57.1796,50.6148],[-57.2642,50.6494],[-57.2944,50.6734],[-57.298,50.6987],[-57.2749,50.7253],[-57.2421,50.7449],[-57.1316,50.7874],[-57.0533,50.8573],[-57.0057,50.9396],[-57.0127,50.9677],[-57.0373,50.9957],[-57.0359,51.0108],[-56.9764,51.028],[-56.8251,51.1257],[-56.8055,51.1445],[-56.7502,51.2749],[-56.6824,51.3328],[-56.619,51.3625],[-56.518,51.3993],[-56.2074,51.4886],[-56.0256,51.5684],[-55.9021,51.5639],[-55.8658,51.5083],[-55.6904,51.4713],[-55.6596,51.511],[-55.7006,51.5594],[-55.6664,51.5789],[-55.5216,51.5964],[-55.4964,51.5898],[-55.4532,51.5623],[-55.4587,51.5365]]],[[[-127.9247,51.4739],[-127.9413,51.4572],[-127.9813,51.4572],[-128.0445,51.474],[-128.0918,51.5111],[-128.1488,51.6267],[-128.1424,51.6466],[-128.1228,51.6668],[-128.0317,51.7084],[-127.9987,51.7038],[-127.9868,51.6736],[-127.9164,51.5854],[-127.9163,51.5062],[-127.9247,51.4739]]],[[[-55.3612,51.8896],[-55.4089,51.8888],[-55.4196,51.9],[-55.3998,51.9385],[-55.3465,51.9829],[-55.2741,51.9952],[-55.2936,51.93],[-55.3612,51.8896]]],[[[-79.3843,51.952],[-79.4256,51.9449],[-79.5206,51.9529],[-79.5969,51.978],[-79.6437,52.0101],[-79.3349,52.0981],[-79.2713,52.0868],[-79.2702,52.0711],[-79.3166,52.0239],[-79.329,51.9923],[-79.3515,51.9683],[-79.3843,51.952]]],[[[-131.0293,51.9616],[-131.0473,51.9597],[-131.0805,51.9804],[-131.1034,52.0139],[-131.1173,52.101],[-131.0981,52.1506],[-131.0106,52.0953],[-131.0293,51.9616]]],[[[-128.3688,52.4009],[-128.4454,52.3875],[-128.4199,52.4411],[-128.4125,52.4729],[-128.4263,52.5027],[-128.4359,52.5604],[-128.4398,52.6964],[-128.3649,52.7819],[-128.2473,52.7844],[-128.2484,52.7412],[-128.3238,52.459],[-128.3436,52.4261],[-128.3688,52.4009]]],[[[-128.9369,52.51],[-128.9687,52.4643],[-129.1023,52.5744],[-129.151,52.6053],[-129.2505,52.7222],[-129.2678,52.7724],[-129.2635,52.8008],[-129.2459,52.8112],[-129.1862,52.7913],[-128.994,52.6617],[-128.9403,52.6007],[-128.9369,52.51]]],[[[-129.3137,52.9922],[-129.3287,52.9842],[-129.37,52.9976],[-129.4097,53.0237],[-129.5001,53.1289],[-129.5147,53.1794],[-129.5011,53.1883],[-129.4507,53.1747],[-129.3435,53.0528],[-129.3137,52.9922]]],[[[-80.7317,52.7473],[-80.8023,52.734],[-81.0099,52.7606],[-81.0966,52.7799],[-81.3522,52.852],[-81.8391,52.9579],[-82.005,53.0105],[-82.0393,53.0499],[-81.9511,53.1322],[-81.9014,53.1656],[-81.8473,53.1863],[-81.3354,53.2243],[-81.1356,53.2058],[-80.9004,53.0372],[-80.7653,52.9232],[-80.7104,52.8316],[-80.7095,52.7874],[-80.7317,52.7473]]],[[[-131.7537,53.1956],[-131.6523,53.103],[-131.6222,53.0201],[-131.6347,52.9222],[-131.7953,52.8851],[-131.8797,52.9146],[-131.9164,52.9091],[-131.9718,52.8798],[-131.9044,52.8667],[-131.8101,52.8187],[-131.7273,52.7564],[-131.6106,52.7452],[-131.4552,52.7017],[-131.5728,52.6233],[-131.5906,52.5782],[-131.4439,52.4533],[-131.43,52.4221],[-131.383,52.4157],[-131.2736,52.4258],[-131.2597,52.4159],[-131.26,52.39],[-131.3271,52.3175],[-131.3199,52.3031],[-131.2592,52.2917],[-131.1426,52.2911],[-131.1162,52.2191],[-131.2215,52.1536],[-131.4219,52.238],[-131.5111,52.3221],[-131.5621,52.4],[-131.6237,52.444],[-131.8097,52.5417],[-132.0922,52.7528],[-132.1651,52.7833],[-132.2386,52.8668],[-132.26,52.907],[-132.2581,52.9339],[-132.2295,52.9481],[-132.1449,52.9575],[-132.1438,52.9993],[-132.4687,53.0719],[-132.5048,53.0867],[-132.5468,53.1375],[-132.5242,53.1449],[-132.3454,53.1361],[-132.1539,53.1605],[-132.0359,53.1792],[-131.9895,53.202],[-131.8931,53.2314],[-131.8535,53.2297],[-131.7537,53.1956]]],[[[-128.5524,52.9397],[-128.5065,52.6207],[-128.5099,52.5186],[-128.5768,52.4518],[-128.624,52.3399],[-128.679,52.2896],[-128.7309,52.3565],[-128.7355,52.4677],[-128.7494,52.5561],[-128.7665,52.5984],[-128.7463,52.7634],[-128.7696,52.7512],[-128.8312,52.6788],[-128.8998,52.6738],[-129.0229,52.756],[-129.0847,52.8225],[-129.0949,52.8918],[-129.1759,52.9649],[-129.1843,52.9907],[-129.1777,53.0179],[-129.1111,53.0907],[-129.0841,53.1397],[-129.0604,53.2406],[-129.0333,53.2799],[-128.9702,53.2744],[-128.8577,53.2286],[-128.7404,53.1789],[-128.6327,53.1125],[-128.5524,52.9397]]],[[[-129.1677,53.1179],[-129.1732,53.1107],[-129.2769,53.1109],[-129.3057,53.1211],[-129.3239,53.1421],[-129.3313,53.174],[-129.3144,53.2123],[-129.2531,53.2855],[-129.2512,53.3167],[-129.2382,53.3301],[-129.1952,53.2932],[-129.177,53.2591],[-129.1677,53.1179]]],[[[-79.9382,53.3042],[-79.9393,53.2743],[-80.0041,53.2801],[-80.0394,53.2972],[-80.0679,53.3241],[-80.074,53.3443],[-80.0497,53.3645],[-79.9746,53.3522],[-79.9382,53.3042]]],[[[-129.8486,53.1679],[-129.8686,53.1645],[-129.9344,53.1767],[-130.1514,53.3457],[-130.3057,53.4074],[-130.4107,53.4908],[-130.5176,53.5442],[-130.452,53.6312],[-130.3948,53.6204],[-130.195,53.5497],[-130.0354,53.4811],[-129.9447,53.4364],[-129.7548,53.2448],[-129.7689,53.2173],[-129.8486,53.1679]]],[[[-130.2363,53.9585],[-130.2672,53.9226],[-130.3375,53.8663],[-130.3842,53.8439],[-130.4072,53.8555],[-130.4703,53.8618],[-130.5375,53.9179],[-130.5898,53.9403],[-130.6246,53.9414],[-130.6418,53.9211],[-130.6463,53.894],[-130.6379,53.86],[-130.6437,53.8445],[-130.6636,53.8476],[-130.6834,53.8635],[-130.7032,53.8922],[-130.7073,53.9215],[-130.6957,53.9513],[-130.6469,53.9913],[-130.4946,54.0742],[-130.448,54.089],[-130.3973,54.0857],[-130.3159,54.0469],[-130.2985,54.0356],[-130.2363,53.9585]]],[[[-132.6555,54.1275],[-132.5641,54.0687],[-132.3444,54.1061],[-132.3034,54.0989],[-132.2616,54.0763],[-132.2159,54.0284],[-132.1661,53.9552],[-132.1551,53.8752],[-132.1751,53.8465],[-132.2145,53.8147],[-132.5649,53.6876],[-132.5741,53.6754],[-132.5671,53.664],[-132.5347,53.6517],[-132.4644,53.6533],[-132.187,53.6848],[-132.1717,53.7068],[-132.1522,53.807],[-132.114,53.8602],[-132.1106,53.9003],[-132.1359,53.9958],[-132.1344,54.0343],[-131.9408,54.042],[-131.8196,54.0773],[-131.6959,54.1432],[-131.6676,54.1414],[-131.6854,54.0228],[-131.7025,53.9864],[-131.8211,53.8415],[-131.8892,53.714],[-131.9223,53.5879],[-131.9281,53.3792],[-131.9574,53.3087],[-132.0113,53.2652],[-132.3473,53.1892],[-132.5205,53.194],[-132.6748,53.2632],[-132.7475,53.3105],[-132.6926,53.3679],[-132.6548,53.3706],[-132.5462,53.3593],[-132.4624,53.3379],[-132.425,53.337],[-132.4313,53.3504],[-132.6702,53.4586],[-132.845,53.5077],[-132.898,53.5627],[-132.8996,53.6054],[-132.9134,53.6292],[-133.0522,53.7781],[-133.0795,53.837],[-133.0977,53.9203],[-133.0979,54.0056],[-133.0639,54.144],[-133.0484,54.1589],[-132.9915,54.1578],[-132.8931,54.1408],[-132.6555,54.1275]]],[[[-130.9271,54.4791],[-130.9503,54.4778],[-130.959,54.4987],[-130.9535,54.5418],[-130.9218,54.6149],[-130.9068,54.6318],[-130.7771,54.6189],[-130.758,54.6138],[-130.7534,54.5997],[-130.7634,54.5767],[-130.8051,54.5438],[-130.9271,54.4791]]],[[[-130.5753,54.7697],[-130.4933,54.8342],[-130.3125,54.9459],[-130.2141,55.0259],[-130.2039,54.947],[-130.3494,54.8146],[-130.5355,54.7487],[-130.5753,54.7697]]],[[[-60.9945,56.0393],[-60.9827,56.0151],[-61.137,56.0326],[-61.1913,56.0479],[-61.1958,56.0639],[-61.1882,56.089],[-61.1576,56.1184],[-61.0869,56.1408],[-60.9664,56.0988],[-60.9554,56.0804],[-60.9945,56.0393]]],[[[-78.8265,56.1453],[-78.8773,56.1314],[-78.9138,56.1328],[-78.907,56.1664],[-78.8569,56.2321],[-78.8284,56.2898],[-78.8216,56.3396],[-78.7994,56.3833],[-78.7619,56.4207],[-78.7245,56.4392],[-78.6688,56.4386],[-78.6572,56.3174],[-78.6728,56.2605],[-78.7102,56.2129],[-78.7614,56.1745],[-78.8265,56.1453]]],[[[-79.9776,56.207],[-80.0286,56.1994],[-80.0889,56.2139],[-80.0575,56.2874],[-80.0051,56.3179],[-79.8745,56.3484],[-79.8521,56.3672],[-79.8104,56.3765],[-79.7492,56.3765],[-79.681,56.404],[-79.6059,56.4588],[-79.5797,56.4664],[-79.6326,56.3865],[-79.6879,56.3268],[-79.9776,56.207]]],[[[-78.9356,56.2661],[-79.018,56.165],[-79.0839,56.0679],[-79.1755,55.8851],[-79.2278,55.8785],[-79.2736,55.9225],[-79.1423,56.1364],[-79.1361,56.1603],[-79.1423,56.1807],[-79.1821,56.2122],[-79.2218,56.176],[-79.4074,55.9349],[-79.4553,55.8962],[-79.4951,55.8748],[-79.5268,55.8707],[-79.6057,55.8757],[-79.7647,55.8068],[-79.4975,56.0932],[-79.4947,56.115],[-79.5447,56.1284],[-79.5646,56.1209],[-79.7811,55.9406],[-79.9046,55.871],[-79.9875,55.8921],[-80.0083,55.911],[-80.0008,55.9321],[-79.79,56.1142],[-79.5963,56.2445],[-79.5153,56.3265],[-79.4824,56.4038],[-79.4679,56.4604],[-79.4689,56.5226],[-79.4589,56.5397],[-79.4477,56.5366],[-79.4353,56.513],[-79.432,56.4475],[-79.4763,56.3128],[-79.5118,56.2466],[-79.5542,56.192],[-79.5363,56.1801],[-79.4583,56.2111],[-79.3926,56.2765],[-79.3394,56.3763],[-79.3053,56.4631],[-79.2724,56.6004],[-79.2611,56.5957],[-79.2458,56.5683],[-79.2104,56.5489],[-79.1552,56.5376],[-79.1235,56.52],[-79.1002,56.4739],[-79.0777,56.4536],[-78.995,56.4364],[-78.9632,56.4217],[-78.9403,56.3714],[-78.9424,56.3449],[-78.9312,56.3279],[-78.9066,56.3204],[-78.9356,56.2661]]],[[[-79.5182,56.6567],[-79.5535,56.6438],[-79.5774,56.6449],[-79.5507,56.7335],[-79.5817,56.7648],[-79.5835,56.781],[-79.5701,56.7957],[-79.5529,56.7987],[-79.5112,56.7714],[-79.4911,56.7427],[-79.4822,56.7144],[-79.4846,56.6865],[-79.4965,56.6673],[-79.5182,56.6567]]],[[[-79.867,56.7746],[-79.8945,56.7571],[-79.9437,56.7768],[-79.9457,56.8269],[-79.8981,56.8653],[-79.8605,56.8635],[-79.8267,56.8431],[-79.835,56.816],[-79.867,56.7746]]],[[[-61.7436,57.5546],[-61.6595,57.525],[-61.6375,57.4161],[-61.7953,57.4225],[-61.9755,57.4954],[-62.0112,57.5485],[-62.0072,57.5576],[-61.9833,57.5667],[-61.9375,57.5541],[-61.8931,57.5731],[-61.8483,57.5793],[-61.7436,57.5546]]],[[[-79.7165,57.5155],[-79.7322,57.5075],[-79.7752,57.5145],[-79.792,57.4486],[-79.8084,57.4424],[-79.8382,57.483],[-79.8159,57.5177],[-79.8191,57.5416],[-79.8108,57.5593],[-79.7679,57.5987],[-79.7426,57.608],[-79.7267,57.6046],[-79.7135,57.555],[-79.7165,57.5155]]],[[[-69.1601,59.0402],[-69.2208,58.9676],[-69.3017,58.9766],[-69.3308,58.9616],[-69.3528,58.9607],[-69.3163,59.029],[-69.3115,59.0748],[-69.33,59.1212],[-69.3032,59.1449],[-69.1952,59.1461],[-69.1938,59.0928],[-69.1807,59.0727],[-69.1552,59.0636],[-69.1601,59.0402]]],[[[-80.2853,59.6241],[-80.3172,59.621],[-80.3247,59.6332],[-80.299,59.6742],[-80.2566,59.6792],[-80.21,59.7246],[-80.1672,59.7089],[-80.1831,59.6835],[-80.2405,59.6449],[-80.2853,59.6241]]],[[[-80.0642,59.7708],[-80.1671,59.7639],[-80.1222,59.8232],[-80.0836,59.8519],[-80.0412,59.8702],[-79.9559,59.877],[-79.8986,59.8531],[-79.9496,59.8099],[-80.0642,59.7708]]],[[[-64.407,60.3671],[-64.4419,60.2979],[-64.5582,60.3232],[-64.7379,60.3756],[-64.809,60.4104],[-64.8338,60.4484],[-64.8364,60.501],[-64.7826,60.5096],[-64.6463,60.5146],[-64.5325,60.4414],[-64.4998,60.4302],[-64.407,60.3671]]],[[[-68.2338,60.2409],[-68.3241,60.2329],[-68.3652,60.2541],[-68.3679,60.3147],[-68.3383,60.3606],[-68.2348,60.4556],[-68.1419,60.562],[-68.0876,60.5878],[-67.978,60.5704],[-67.9142,60.5398],[-67.8476,60.4888],[-67.8188,60.4495],[-67.8442,60.3917],[-67.9223,60.3399],[-68.0123,60.3046],[-68.2338,60.2409]]],[[[-78.5316,60.7286],[-78.6689,60.7169],[-78.6691,60.7313],[-78.612,60.7723],[-78.3996,60.8081],[-78.2417,60.8187],[-78.2789,60.7839],[-78.3725,60.7564],[-78.5316,60.7286]]],[[[-64.8326,61.3661],[-64.8568,61.3544],[-64.8798,61.3571],[-64.9542,61.4104],[-65.0544,61.432],[-65.0915,61.453],[-65.3939,61.5628],[-65.4268,61.611],[-65.4321,61.6495],[-65.3316,61.6683],[-65.1298,61.6857],[-64.9544,61.6851],[-64.7896,61.6622],[-64.7563,61.6376],[-64.6696,61.593],[-64.691,61.5394],[-64.6964,61.4715],[-64.7323,61.4384],[-64.7876,61.4133],[-64.8326,61.3661]]],[[[-93.0439,61.8441],[-93.0848,61.8417],[-93.1766,61.8927],[-93.1967,61.9186],[-93.0758,61.935],[-92.993,61.8897],[-93,61.8675],[-93.0439,61.8441]]],[[[-65.0306,61.8791],[-65.0081,61.8703],[-64.9811,61.8806],[-64.9605,61.8717],[-64.9467,61.8434],[-64.9235,61.8237],[-64.8651,61.7981],[-64.8455,61.7799],[-64.8471,61.7615],[-64.8966,61.7333],[-64.9277,61.7325],[-65.1659,61.7977],[-65.2303,61.864],[-65.2354,61.8977],[-65.2105,61.9284],[-65.1739,61.9432],[-65.1256,61.9422],[-65.0684,61.926],[-65.0306,61.8791]]],[[[-79.5453,62.4117],[-79.4662,62.3845],[-79.336,62.2937],[-79.2865,62.2477],[-79.272,62.186],[-79.3064,62.1035],[-79.3239,62.0261],[-79.3723,61.9678],[-79.4622,61.8941],[-79.5418,61.808],[-79.6113,61.7096],[-79.6688,61.6444],[-79.7143,61.6125],[-79.7633,61.5959],[-79.8161,61.5946],[-79.8963,61.6301],[-80.0042,61.7025],[-80.092,61.7468],[-80.2049,61.7772],[-80.2652,61.8182],[-80.2762,61.8586],[-80.2798,61.9895],[-80.2751,62.0546],[-80.2601,62.109],[-80.2347,62.1527],[-80.1786,62.2128],[-80.0216,62.343],[-79.9268,62.3929],[-79.8681,62.4043],[-79.7125,62.395],[-79.6496,62.3983],[-79.5977,62.4132],[-79.5453,62.4117]]],[[[-64.8238,62.5587],[-64.6318,62.548],[-64.5153,62.5518],[-64.465,62.5359],[-64.4181,62.4874],[-64.4783,62.4179],[-64.5465,62.3914],[-64.6574,62.3836],[-64.8373,62.4062],[-64.9012,62.421],[-64.9565,62.4583],[-64.9308,62.485],[-64.8419,62.4941],[-64.8271,62.505],[-64.8499,62.5254],[-64.8488,62.5433],[-64.8238,62.5587]]],[[[-74.0004,62.6184],[-74.0536,62.6097],[-74.2535,62.622],[-74.4995,62.6688],[-74.6265,62.7127],[-74.62,62.7263],[-74.5642,62.7333],[-74.5009,62.7265],[-74.3948,62.6958],[-74.1089,62.6803],[-74.0168,62.6627],[-73.9882,62.6361],[-74.0004,62.6184]]],[[[-70.3371,62.5487],[-70.4063,62.5448],[-70.5415,62.5523],[-70.6866,62.5732],[-70.7661,62.5969],[-70.8375,62.6481],[-70.8513,62.7043],[-70.9861,62.7878],[-71.1369,62.8159],[-71.2201,62.8739],[-71.1349,62.878],[-71.0137,62.8653],[-70.8346,62.8401],[-70.6743,62.807],[-70.4426,62.7338],[-70.3668,62.6658],[-70.2915,62.616],[-70.2688,62.5781],[-70.2886,62.5616],[-70.3371,62.5487]]],[[[-82.0005,62.9542],[-81.9605,62.9262],[-81.9486,62.884],[-81.9644,62.8276],[-81.9902,62.7763],[-82.0258,62.7301],[-82.1137,62.6522],[-82.388,62.5191],[-82.491,62.4466],[-82.5683,62.4032],[-83.0158,62.2099],[-83.0714,62.2004],[-83.1297,62.2041],[-83.2524,62.233],[-83.3768,62.2381],[-83.6989,62.1603],[-83.7144,62.1736],[-83.7286,62.2572],[-83.7609,62.3035],[-83.9031,62.4025],[-83.9124,62.4255],[-83.9105,62.4542],[-83.8993,62.4765],[-83.7391,62.5688],[-83.3764,62.9049],[-83.2895,62.9216],[-83.1109,62.8841],[-83.0263,62.8721],[-82.9658,62.8739],[-82.7064,62.9445],[-82.4597,62.9362],[-82.2348,62.9774],[-82.1292,62.9777],[-82.0476,62.9706],[-82.0005,62.9542]]],[[[-77.8767,63.4706],[-77.7921,63.4278],[-77.7037,63.4309],[-77.6548,63.396],[-77.5385,63.2871],[-77.5273,63.2689],[-77.5327,63.2336],[-77.5939,63.1884],[-77.6577,63.1646],[-77.7915,63.1296],[-77.9424,63.1144],[-78.0244,63.1389],[-78.256,63.2398],[-78.4688,63.3579],[-78.5368,63.4237],[-78.5073,63.4511],[-78.4173,63.47],[-78.2349,63.4896],[-77.9339,63.479],[-77.8767,63.4706]]],[[[-76.6776,63.3939],[-76.7832,63.384],[-76.9219,63.4063],[-77.0572,63.4498],[-77.3647,63.5883],[-77.1337,63.682],[-76.7636,63.5736],[-76.6524,63.5036],[-76.6776,63.3939]]],[[[-77.6421,63.9919],[-77.7141,63.9457],[-77.9288,63.962],[-77.9579,63.976],[-77.966,63.9929],[-77.9313,64.0148],[-77.7108,64.0356],[-77.6173,64.0372],[-77.5694,64.0304],[-77.5636,64.0221],[-77.6421,63.9919]]],[[[-84.9196,65.2611],[-84.8851,65.249],[-84.8421,65.2559],[-84.7713,65.3053],[-84.6125,65.4473],[-84.5679,65.4606],[-84.5011,65.4584],[-84.2664,65.3672],[-84.18,65.3163],[-84.1335,65.2455],[-84.0849,65.2178],[-83.9001,65.1813],[-83.7226,65.169],[-83.4908,65.1318],[-83.4071,65.1039],[-83.2223,64.968],[-83.201,64.9597],[-82.9906,64.9041],[-82.6676,64.7803],[-82.5858,64.7619],[-82.2717,64.7211],[-82.1589,64.6907],[-82.05,64.6443],[-81.9289,64.5594],[-81.7872,64.426],[-81.6761,64.2126],[-81.6674,64.1705],[-81.6809,64.1456],[-81.7209,64.1189],[-81.9026,64.0312],[-81.8871,64.0164],[-81.7161,64.0219],[-81.3356,64.0758],[-81.1041,64.0371],[-81.0236,64.0311],[-81.005,64.0333],[-80.9211,64.1005],[-80.829,64.0899],[-80.6943,64.0248],[-80.6076,63.9721],[-80.5688,63.9319],[-80.5792,63.9092],[-80.6683,63.9015],[-80.4506,63.8629],[-80.2613,63.802],[-80.3021,63.7622],[-80.5041,63.6738],[-80.7118,63.5964],[-80.9535,63.4803],[-81.0139,63.4625],[-81.0464,63.4616],[-81.1797,63.4832],[-81.3717,63.5381],[-81.9633,63.6645],[-82.146,63.6912],[-82.3781,63.7068],[-82.4117,63.7365],[-82.4671,63.927],[-82.5715,63.9607],[-82.9297,64.0004],[-83.0339,64.0232],[-83.0387,64.0614],[-83.0162,64.127],[-83.0651,64.159],[-83.1855,64.1575],[-83.304,64.1438],[-83.4943,64.0992],[-83.5836,64.0581],[-83.6171,64.0134],[-83.638,63.9178],[-83.6616,63.8726],[-83.7283,63.8134],[-84.0221,63.6599],[-84.1416,63.6137],[-84.2604,63.6005],[-84.3076,63.5858],[-84.3875,63.5291],[-84.5062,63.39],[-84.5546,63.35],[-84.6329,63.3092],[-84.7956,63.2469],[-84.9615,63.1972],[-85.2381,63.1393],[-85.3926,63.1197],[-85.4955,63.1391],[-85.5661,63.2709],[-85.7142,63.658],[-85.7387,63.6841],[-85.7689,63.7003],[-85.8047,63.7065],[-86.3016,63.6568],[-86.5757,63.6623],[-86.8469,63.5753],[-86.9152,63.569],[-87.0529,63.5718],[-87.1519,63.5856],[-87.1771,63.5951],[-87.1938,63.6328],[-87.1889,63.6723],[-87.1544,63.7149],[-87.0319,63.8304],[-86.932,63.9017],[-86.886,63.9237],[-86.4217,64.0516],[-86.3086,64.0937],[-86.2521,64.1369],[-86.2522,64.1813],[-86.2742,64.238],[-86.3545,64.3765],[-86.3749,64.503],[-86.3743,64.5658],[-86.3438,64.6624],[-86.2276,64.8963],[-86.1883,65.0103],[-86.1142,65.4173],[-86.0746,65.5338],[-86.0171,65.6403],[-85.9617,65.7042],[-85.814,65.8319],[-85.6991,65.8832],[-85.5547,65.9187],[-85.523,65.9146],[-85.4955,65.8997],[-85.4424,65.8456],[-85.2411,65.7955],[-85.1762,65.7469],[-85.1304,65.6929],[-85.1054,65.6227],[-85.1303,65.5921],[-85.2263,65.5458],[-85.2428,65.5262],[-85.2399,65.5103],[-85.0561,65.4374],[-84.9196,65.2611]]],[[[-84.6748,65.575],[-84.727,65.5637],[-84.7829,65.5701],[-84.8303,65.599],[-84.8689,65.6505],[-84.9312,65.6892],[-85.072,65.7374],[-85.0963,65.7562],[-85.1363,65.8208],[-85.144,65.8854],[-85.1742,65.9437],[-85.1757,65.9724],[-85.1496,66.0154],[-85.0314,66.0255],[-84.9386,66.0085],[-84.8895,65.9721],[-84.8695,65.9415],[-84.7574,65.8589],[-84.6917,65.7932],[-84.6026,65.6574],[-84.6022,65.6315],[-84.6263,65.6041],[-84.6748,65.575]]],[[[-83.726,65.7967],[-83.5975,65.7575],[-83.4694,65.7352],[-83.2632,65.7233],[-83.2337,65.715],[-83.2339,65.6966],[-83.2637,65.6678],[-83.3324,65.6311],[-83.3814,65.63],[-83.4954,65.656],[-83.5371,65.6692],[-83.5832,65.6986],[-83.6065,65.7014],[-83.6364,65.6915],[-83.6444,65.6785],[-83.6307,65.6624],[-83.6495,65.6578],[-83.7875,65.6689],[-83.8092,65.6783],[-83.7982,65.71],[-83.7019,65.7562],[-83.7865,65.7704],[-83.8136,65.7875],[-83.939,65.7584],[-84.0085,65.7515],[-84.1183,65.7718],[-84.1299,65.8774],[-84.1432,65.916],[-84.1932,65.9421],[-84.2229,65.9698],[-84.2709,65.9906],[-84.3701,66.0118],[-84.4506,66.0644],[-84.4674,66.0883],[-84.4563,66.1063],[-84.4072,66.131],[-84.1223,66.0778],[-83.9504,66.0275],[-83.787,65.9658],[-83.7014,65.9201],[-83.6937,65.8904],[-83.7149,65.8607],[-83.7651,65.8312],[-83.726,65.7967]]],[[[-83.1235,66.2828],[-83.0239,66.2707],[-82.9481,66.2719],[-82.9313,66.2573],[-83.0108,66.2084],[-83.0599,66.1993],[-83.1479,66.2342],[-83.2139,66.2771],[-83.2326,66.303],[-83.2378,66.3315],[-83.2223,66.3365],[-83.1235,66.2828]]],[[[-108.0927,67.0052],[-107.9665,66.9973],[-107.8055,66.9986],[-107.8333,66.9213],[-107.8952,66.8719],[-107.9439,66.8578],[-107.9651,66.8849],[-108.0597,66.9469],[-108.0927,67.0052]]],[[[-62.6815,67.0563],[-62.8054,67.0288],[-62.8716,67.0626],[-62.8251,67.0721],[-62.757,67.1125],[-62.6644,67.1482],[-62.6253,67.177],[-62.4697,67.19],[-62.4168,67.1885],[-62.3963,67.1783],[-62.4846,67.1342],[-62.6815,67.0563]]],[[[-107.8999,67.4018],[-107.9502,67.3182],[-107.9695,67.326],[-108.004,67.3659],[-108.0733,67.3851],[-108.1522,67.4294],[-108.1511,67.5248],[-108.1208,67.5682],[-108.1275,67.6286],[-108.049,67.6649],[-107.9909,67.6221],[-107.9749,67.5494],[-107.9894,67.5136],[-107.9318,67.4765],[-107.9052,67.467],[-107.891,67.4372],[-107.8999,67.4018]]],[[[-109.1664,67.9824],[-109.0539,67.9719],[-108.9705,67.9797],[-108.9096,67.9394],[-108.886,67.8985],[-108.8938,67.8845],[-108.9202,67.8788],[-109.0962,67.924],[-109.1615,67.9517],[-109.1836,67.975],[-109.1664,67.9824]]],[[[-73.6217,67.7838],[-74.1091,67.7825],[-74.3741,67.7896],[-74.4807,67.8049],[-74.5734,67.8287],[-74.6786,67.9056],[-74.746,67.9848],[-74.7493,68.0185],[-74.7314,68.0488],[-74.7065,68.0671],[-74.3794,68.0935],[-74.1114,68.0606],[-73.8807,68.0219],[-73.584,68.0153],[-73.4938,68.0006],[-73.4592,67.9899],[-73.4353,67.97],[-73.4016,67.8787],[-73.3982,67.8299],[-73.4072,67.7931],[-73.6217,67.7838]]],[[[-109.3231,67.9909],[-109.3608,67.9876],[-109.4979,68.047],[-109.4691,68.098],[-109.3417,68.0458],[-109.3235,68.0133],[-109.3231,67.9909]]],[[[-86.5956,67.7359],[-86.6382,67.7349],[-86.706,67.7501],[-86.8611,67.8105],[-86.8925,67.8366],[-86.9083,67.867],[-86.9084,67.902],[-86.8946,67.9381],[-86.8471,68.0103],[-86.9377,68.0676],[-86.9598,68.1002],[-86.9492,68.1187],[-86.8987,68.1629],[-86.8849,68.1905],[-86.834,68.2297],[-86.7021,68.3056],[-86.5699,68.2877],[-86.452,68.2255],[-86.4211,68.1834],[-86.4303,68.1387],[-86.42,68.0739],[-86.3903,67.9889],[-86.3824,67.9273],[-86.3964,67.889],[-86.4469,67.817],[-86.4896,67.7836],[-86.546,67.7522],[-86.5956,67.7359]]],[[[-75.6759,68.3225],[-75.1538,68.234],[-75.1031,68.2019],[-75.0781,68.1731],[-75.0635,68.1412],[-75.0624,68.0754],[-75.0729,68.049],[-75.1239,67.9853],[-75.1273,67.9652],[-75.0864,67.7514],[-75.0905,67.6348],[-75.1273,67.5373],[-75.202,67.4592],[-75.3145,67.4004],[-75.4001,67.3667],[-75.7801,67.2835],[-76.049,67.262],[-76.3328,67.2581],[-76.6939,67.2358],[-76.8588,67.2405],[-76.9442,67.2503],[-77.0049,67.2669],[-77.0759,67.3196],[-77.1571,67.4083],[-77.2242,67.5082],[-77.3044,67.6851],[-77.3059,67.7061],[-77.2286,67.8501],[-77.1259,67.9471],[-76.9447,68.091],[-76.7402,68.2313],[-76.6882,68.2544],[-76.5958,68.279],[-76.3645,68.3187],[-76.1728,68.3088],[-76.0883,68.3138],[-75.9828,68.3323],[-75.8665,68.3368],[-75.6759,68.3225]]],[[[-78.9827,68.1928],[-79.0641,68.1818],[-79.174,68.235],[-79.1748,68.2645],[-79.1535,68.3353],[-78.9526,68.353],[-78.8687,68.3103],[-78.8285,68.2682],[-78.9827,68.1928]]],[[[-104.5407,68.4059],[-104.596,68.4022],[-104.6995,68.4183],[-104.8511,68.454],[-104.9652,68.4917],[-105.0417,68.5315],[-105.0514,68.559],[-104.994,68.5742],[-104.9073,68.5818],[-104.7004,68.5767],[-104.602,68.5615],[-104.4721,68.5035],[-104.4445,68.4707],[-104.4405,68.4495],[-104.4571,68.4312],[-104.5407,68.4059]]],[[[-74.8809,68.3487],[-74.9593,68.3422],[-75.0725,68.4042],[-75.3102,68.4745],[-75.4002,68.5255],[-75.4034,68.5501],[-75.3962,68.5888],[-75.3702,68.6361],[-75.2874,68.6877],[-75.1998,68.6961],[-75.0747,68.6847],[-74.9836,68.6476],[-74.8848,68.5446],[-74.8189,68.4944],[-74.7982,68.458],[-74.831,68.4407],[-74.8279,68.4238],[-74.8129,68.4133],[-74.8186,68.3941],[-74.845,68.366],[-74.8809,68.3487]]],[[[-101.8459,68.5863],[-101.8872,68.585],[-101.9446,68.6028],[-102.2664,68.6637],[-102.3082,68.682],[-102.2705,68.7076],[-102.1533,68.7405],[-102.0744,68.774],[-102.0134,68.8254],[-101.8284,68.799],[-101.7593,68.7746],[-101.733,68.7534],[-101.7216,68.7241],[-101.732,68.6521],[-101.7943,68.6369],[-101.8459,68.5863]]],[[[-100.2172,68.8067],[-100.2488,68.775],[-100.2879,68.7661],[-100.3657,68.7288],[-100.3973,68.7238],[-100.4426,68.7476],[-100.4807,68.7862],[-100.4969,68.7922],[-100.521,68.7907],[-100.5734,68.7661],[-100.5965,68.7664],[-100.616,68.7829],[-100.6254,68.8159],[-100.6247,68.8653],[-100.5999,68.9414],[-100.5983,68.9691],[-100.6116,68.9902],[-100.6006,69.0094],[-100.5655,69.0268],[-100.5203,69.0351],[-100.414,69.0281],[-100.3299,68.9976],[-100.289,68.9577],[-100.2069,68.9262],[-100.1785,68.9039],[-100.2172,68.8067]]],[[[-99.9947,69.0135],[-100.018,68.954],[-100.1413,68.9699],[-100.1957,68.9915],[-100.242,69.0404],[-100.2474,69.0528],[-100.2371,69.0715],[-100.187,69.114],[-100.1531,69.1295],[-100.0728,69.1115],[-100.0354,69.0866],[-100.0056,69.0471],[-99.9947,69.0135]]],[[[-90.4926,69.2211],[-90.5744,69.2094],[-90.6258,69.2509],[-90.6674,69.2595],[-90.6859,69.2872],[-90.7716,69.2926],[-90.7657,69.336],[-90.7424,69.3573],[-90.6628,69.3742],[-90.5997,69.3678],[-90.5398,69.3246],[-90.5106,69.2904],[-90.4854,69.2466],[-90.4926,69.2211]]],[[[-79.2106,68.8455],[-79.2797,68.8387],[-79.3614,68.8577],[-79.3905,68.8902],[-79.4058,68.923],[-79.3912,68.9399],[-79.3547,68.9559],[-79.3052,68.9923],[-79.2427,69.0493],[-79.145,69.0875],[-78.9305,69.1229],[-78.9,69.1354],[-78.8041,69.2351],[-78.7718,69.2522],[-78.662,69.2624],[-78.6502,69.2752],[-78.6891,69.2998],[-78.6891,69.3251],[-78.6502,69.3512],[-78.5967,69.3706],[-78.4579,69.3895],[-78.3326,69.386],[-78.3005,69.3787],[-78.2725,69.3612],[-78.229,69.304],[-78.287,69.2627],[-78.439,69.1992],[-78.5329,69.146],[-78.5518,69.1287],[-78.5603,69.1063],[-78.5957,69.0791],[-78.7054,69.0137],[-78.7792,68.9505],[-78.8527,68.9157],[-79.0536,68.8829],[-79.2106,68.8455]]],[[[-90.1998,69.4191],[-90.1774,69.3571],[-90.2673,69.2729],[-90.2955,69.2578],[-90.3303,69.2522],[-90.3641,69.2626],[-90.4647,69.3287],[-90.492,69.3699],[-90.4551,69.3905],[-90.3772,69.4162],[-90.3221,69.4287],[-90.2528,69.4179],[-90.2286,69.436],[-90.1998,69.4191]]],[[[-76.9954,69.1437],[-77.1216,69.1321],[-77.215,69.1381],[-77.2756,69.1617],[-77.3219,69.1936],[-77.3794,69.274],[-77.3581,69.3115],[-77.3515,69.3787],[-77.3409,69.4039],[-77.3187,69.4163],[-77.1875,69.4401],[-77.1092,69.4374],[-76.9941,69.4118],[-76.7457,69.404],[-76.6841,69.3804],[-76.6688,69.3662],[-76.67,69.3486],[-76.6875,69.3277],[-76.8103,69.2667],[-76.8693,69.2249],[-76.9112,69.1747],[-76.9954,69.1437]]],[[[-101.1717,69.3971],[-101.2535,69.3885],[-101.2685,69.3906],[-101.2615,69.4178],[-101.2676,69.4315],[-101.2895,69.4413],[-101.2178,69.4629],[-101.2073,69.4798],[-101.2301,69.4928],[-101.3285,69.5174],[-101.3565,69.5397],[-101.3513,69.5592],[-101.3129,69.5761],[-101.2449,69.5735],[-101.0983,69.5408],[-101.0312,69.4955],[-101.0006,69.4619],[-101.0492,69.4569],[-101.0869,69.4434],[-101.127,69.4147],[-101.1717,69.3971]]],[[[-95.5137,69.5736],[-95.3809,69.5066],[-95.3821,69.4741],[-95.3994,69.4198],[-95.4375,69.3785],[-95.4962,69.3501],[-95.5785,69.3358],[-95.6844,69.3357],[-95.7301,69.3476],[-95.6959,69.3896],[-95.6702,69.402],[-95.6658,69.439],[-95.6828,69.5003],[-95.7041,69.538],[-95.7636,69.5596],[-95.8062,69.5605],[-95.8178,69.5406],[-95.7983,69.4998],[-95.8118,69.447],[-95.8582,69.3822],[-95.8935,69.3518],[-95.9561,69.3671],[-95.9859,69.3919],[-95.9779,69.4327],[-95.9948,69.4697],[-95.9789,69.5088],[-95.9362,69.567],[-95.8758,69.606],[-95.7978,69.6257],[-95.7066,69.6243],[-95.6025,69.6018],[-95.5137,69.5736]]],[[[-139.0431,69.5769],[-139.1257,69.5393],[-139.257,69.5786],[-139.2914,69.5979],[-139.1396,69.6496],[-139.0727,69.6477],[-138.9315,69.6169],[-138.8789,69.5897],[-139.0431,69.5769]]],[[[-67.9147,69.541],[-67.9403,69.5349],[-68.2023,69.5804],[-68.2214,69.6167],[-68.0933,69.657],[-67.9891,69.6788],[-67.9088,69.6818],[-67.8291,69.675],[-67.7546,69.6314],[-67.8449,69.5917],[-67.9147,69.541]]],[[[-78.0291,69.7149],[-77.9778,69.6649],[-77.9691,69.639],[-78.04,69.6084],[-78.3072,69.5518],[-78.4701,69.5025],[-78.5524,69.4916],[-78.6621,69.5026],[-78.7953,69.4797],[-78.8482,69.4828],[-78.7893,69.5231],[-78.5786,69.6388],[-78.4019,69.6506],[-78.3442,69.6748],[-78.2955,69.6671],[-78.2673,69.6872],[-78.2625,69.7168],[-78.2007,69.7395],[-78.1452,69.7392],[-78.0291,69.7149]]],[[[-79.4307,69.7878],[-79.3903,69.7304],[-79.365,69.7124],[-79.4024,69.6852],[-79.5528,69.6309],[-79.8817,69.6087],[-80.0475,69.6343],[-79.9711,69.5563],[-79.9545,69.5235],[-79.9778,69.5097],[-80.0469,69.5139],[-80.1615,69.5359],[-80.2273,69.5624],[-80.2445,69.5932],[-80.2687,69.6],[-80.2997,69.5829],[-80.3296,69.5868],[-80.3979,69.6326],[-80.448,69.6497],[-80.7782,69.677],[-80.7948,69.6893],[-80.7775,69.7104],[-80.7266,69.7404],[-80.6525,69.7506],[-80.4659,69.7371],[-80.4507,69.7448],[-80.4383,69.7827],[-80.4242,69.7976],[-80.2949,69.7938],[-80.2137,69.802],[-80.1688,69.7824],[-80.1246,69.7373],[-80.0618,69.7455],[-79.9708,69.739],[-79.8696,69.7555],[-79.7148,69.7957],[-79.594,69.8105],[-79.4307,69.7878]]],[[[-97.4395,69.6427],[-97.4086,69.6308],[-97.3507,69.6409],[-97.3058,69.6735],[-97.2785,69.6796],[-97.2361,69.6735],[-97.0963,69.615],[-96.9891,69.5536],[-96.8752,69.51],[-96.6945,69.4711],[-96.3,69.3444],[-96.1837,69.2587],[-96.061,69.1254],[-95.9514,69.0237],[-95.8549,68.9536],[-95.7514,68.8977],[-95.5855,68.8351],[-95.4375,68.8806],[-95.3742,68.8921],[-95.3195,68.8732],[-95.2678,68.8261],[-95.2952,68.805],[-95.3595,68.7784],[-95.4656,68.7473],[-95.6142,68.745],[-95.6856,68.7358],[-95.8021,68.6865],[-95.8946,68.6272],[-96.024,68.6073],[-96.2676,68.5079],[-96.4016,68.4707],[-96.5988,68.4608],[-97.0084,68.5387],[-97.2637,68.5277],[-97.472,68.5437],[-97.7048,68.6259],[-97.8854,68.6725],[-98.2351,68.7394],[-98.258,68.7493],[-98.273,68.7719],[-98.2802,68.8072],[-98.296,68.8308],[-98.3206,68.8427],[-98.3756,68.8417],[-98.4318,68.8184],[-98.5396,68.7982],[-98.7038,68.8028],[-98.7752,68.8167],[-98.8296,68.8386],[-98.8591,68.8644],[-98.8637,68.8938],[-98.8789,68.9165],[-98.9045,68.9324],[-98.964,68.9329],[-99.0574,68.9177],[-99.0938,68.8989],[-99.0734,68.8766],[-99.0906,68.8633],[-99.254,68.8632],[-99.318,68.8763],[-99.4409,68.9177],[-99.4947,68.9596],[-99.5641,69.0341],[-99.5574,69.0543],[-99.5133,69.0996],[-99.4557,69.1312],[-99.0854,69.1498],[-98.9122,69.1676],[-98.7236,69.2191],[-98.5035,69.3083],[-98.456,69.3347],[-98.4504,69.3541],[-98.4666,69.375],[-98.5354,69.4263],[-98.5585,69.4614],[-98.5367,69.478],[-98.4484,69.4795],[-98.4949,69.4994],[-98.5344,69.5274],[-98.5482,69.545],[-98.546,69.5729],[-98.4758,69.5791],[-98.3894,69.565],[-98.2223,69.4845],[-98.1558,69.4688],[-98.0414,69.4566],[-98.163,69.5122],[-98.2888,69.629],[-98.3045,69.6693],[-98.3012,69.6917],[-98.2682,69.7544],[-98.2387,69.78],[-98.2005,69.797],[-98.0808,69.8331],[-97.889,69.8583],[-97.7907,69.8616],[-97.6912,69.8413],[-97.6043,69.8022],[-97.4114,69.7385],[-97.3826,69.7124],[-97.3857,69.7002],[-97.4602,69.6827],[-97.4694,69.6668],[-97.4395,69.6427]]],[[[-86.913,70.1132],[-86.7988,70.1053],[-86.6912,70.115],[-86.6127,70.1057],[-86.5634,70.0772],[-86.5309,70.0477],[-86.5152,70.017],[-86.5577,69.9953],[-86.7343,69.9763],[-86.8549,69.9857],[-86.984,70.0111],[-87.0438,69.9999],[-87.1908,70.0186],[-87.2639,70.0439],[-87.3232,70.0801],[-87.3231,70.1022],[-87.1681,70.1272],[-87.1073,70.1467],[-86.913,70.1132]]],[[[-100.3083,70.4958],[-100.3212,70.4877],[-100.5373,70.525],[-100.6207,70.5469],[-100.6478,70.5631],[-100.6669,70.5962],[-100.6783,70.6462],[-100.6353,70.6703],[-100.5379,70.6686],[-100.4339,70.6494],[-100.2761,70.5946],[-100.3211,70.5784],[-100.3232,70.5424],[-100.3055,70.5084],[-100.3083,70.4958]]],[[[-74.7089,45.0039],[-74.7625,44.9991],[-74.8566,45.0039],[-74.9961,44.9701],[-75.1794,44.8994],[-75.4013,44.7723],[-75.7919,44.4971],[-75.8759,44.417],[-76.0202,44.3626],[-76.1512,44.304],[-76.1858,44.2422],[-76.2485,44.2141],[-76.4646,44.0576],[-76.5861,43.9243],[-76.82,43.6288],[-78.4583,43.6315],[-78.7204,43.625],[-79.1719,43.4666],[-79.0831,43.3314],[-79.0592,43.2781],[-79.0661,43.1061],[-79.0291,43.0618],[-79.0262,43.0173],[-79.0117,42.997],[-78.946,42.9613],[-78.9208,42.9352],[-78.9151,42.9091],[-78.9393,42.8637],[-79.0367,42.8023],[-79.1737,42.7485],[-80.2476,42.366],[-81.2776,42.2092],[-82.4391,41.6749],[-82.69,41.6752],[-82.8662,41.753],[-83.03,41.833],[-83.1419,41.9759],[-83.1497,42.1419],[-83.1095,42.2507],[-83.0731,42.3003],[-82.8678,42.3852],[-82.7442,42.4935],[-82.5453,42.6247],[-82.4883,42.7395],[-82.4082,43.0727],[-82.1378,43.5709],[-82.5511,45.3474],[-82.7604,45.4477],[-83.5927,45.8171],[-83.4695,45.9947],[-83.4801,46.0237],[-83.616,46.1168],[-83.6693,46.1228],[-83.7632,46.1091],[-83.913,46.0729],[-83.9778,46.0849],[-84.0884,46.2265],[-84.1078,46.2886],[-84.1152,46.3708],[-84.1505,46.4448],[-84.1281,46.4836],[-84.1252,46.5272],[-84.1495,46.5428],[-84.1922,46.5496],[-84.3367,46.5185],[-84.4017,46.5156],[-84.5016,46.4619],[-84.5618,46.4574],[-84.7794,46.6373],[-84.876,46.8999],[-86.4286,47.5401],[-88.1606,48.2254],[-88.3782,48.3031],[-88.6118,48.264],[-89.1856,48.0474],[-89.2732,48.02],[-89.4557,47.9962],[-89.7754,48.0153],[-89.901,47.9955],[-89.9937,48.0153],[-90.0399,48.0782],[-90.0918,48.1181],[-90.3201,48.0992],[-90.6071,48.1126],[-90.7444,48.1046],[-90.7973,48.1311],[-90.8403,48.2005],[-90.9161,48.2091],[-91.0435,48.1937],[-91.2207,48.1046],[-91.3872,48.0585],[-91.5183,48.0583],[-91.6473,48.1046],[-91.8584,48.1976],[-92.0052,48.3019],[-92.1718,48.3384],[-92.2987,48.3289],[-92.3484,48.2766],[-92.4146,48.2766],[-92.5006,48.4354],[-92.5833,48.4651],[-92.7327,48.5318],[-92.8367,48.5678],[-92.9962,48.6118],[-93.0517,48.6199],[-93.258,48.6289],[-93.3779,48.6166],[-93.4636,48.5613],[-93.5643,48.5369],[-93.7077,48.5254],[-93.8036,48.5489],[-93.8516,48.6073],[-94.0552,48.659],[-94.4142,48.7041],[-94.6209,48.7426],[-94.6753,48.7744],[-94.7051,48.8085],[-94.7125,48.863],[-94.8035,49.0029],[-94.8426,49.1192],[-94.8604,49.2586],[-94.8543,49.3046],[-94.9394,49.3494],[-95.1553,49.3697],[-95.1621,48.9917],[-122.7888,48.993],[-122.8267,49.0284],[-122.9242,49.0747],[-122.9627,49.0746],[-123.0023,49.0609],[-123.0272,49.0385],[-123.0492,48.993],[-123.0633,48.9777],[-123.0773,48.9802],[-123.1176,49.0563],[-123.1093,49.0846],[-123.0773,49.1184],[-123.0795,49.1306],[-123.1501,49.121],[-123.1819,49.1295],[-123.1963,49.1477],[-123.1911,49.2195],[-123.2294,49.2605],[-123.1839,49.2777],[-123.0673,49.2916],[-122.9477,49.2933],[-122.913,49.3232],[-122.8791,49.3989],[-122.9645,49.3293],[-123.0155,49.3222],[-123.1743,49.3482],[-123.2768,49.3439],[-123.2905,49.3595],[-123.2863,49.375],[-123.2641,49.3905],[-123.2477,49.443],[-123.223,49.5905],[-123.1907,49.6443],[-123.1796,49.6735],[-123.1875,49.6803],[-123.325,49.5777],[-123.3367,49.5451],[-123.3224,49.517],[-123.3356,49.4592],[-123.399,49.4419],[-123.437,49.4513],[-123.5082,49.4024],[-123.5306,49.3973],[-123.8918,49.4947],[-123.9484,49.5347],[-124.0286,49.6029],[-124.0538,49.6617],[-124.024,49.7113],[-123.9926,49.7362],[-123.9595,49.7362],[-123.9228,49.7175],[-123.8471,49.6367],[-123.8172,49.5866],[-123.7391,49.5936],[-123.6127,49.6576],[-123.5825,49.6812],[-123.7083,49.6569],[-123.7627,49.6585],[-123.818,49.6852],[-123.8744,49.7368],[-123.9038,49.7955],[-123.9042,49.9812],[-123.885,50.017],[-123.8238,50.0437],[-123.7847,50.088],[-123.7877,50.1067],[-123.8254,50.1442],[-123.8801,50.1736],[-123.9336,50.1883],[-123.9459,50.1839],[-123.863,50.1026],[-123.8657,50.0721],[-123.9574,49.9928],[-123.9714,49.9695],[-123.9721,49.892],[-123.9849,49.8756],[-124.0588,49.8537],[-124.1416,49.7927],[-124.2812,49.7721],[-124.4126,49.7781],[-124.4833,49.8082],[-124.7023,49.9577],[-124.7824,50.0201],[-124.7843,50.0728],[-124.9342,50.2581],[-124.9333,50.2979],[-124.9856,50.3556],[-125.0436,50.3638],[-125.0567,50.4187],[-124.9368,50.5374],[-124.8626,50.6373],[-124.8542,50.6687],[-124.8575,50.7173],[-124.8754,50.8256],[-124.8599,50.8724],[-124.9336,50.8106],[-124.9493,50.7647],[-124.9311,50.7184],[-124.9425,50.6657],[-124.9854,50.5919],[-125.0588,50.5139],[-125.2099,50.4763],[-125.4763,50.4972],[-125.5072,50.5073],[-125.526,50.5341],[-125.5394,50.649],[-125.5556,50.6349],[-125.5858,50.5736],[-125.6102,50.486],[-125.6413,50.4662],[-125.6976,50.4646],[-125.7412,50.4786],[-125.7724,50.5082],[-125.8396,50.5106],[-125.965,50.4874],[-126.0241,50.4967],[-126.0943,50.4976],[-126.2366,50.5233],[-126.4045,50.5299],[-126.45,50.5497],[-126.4475,50.5877],[-126.4161,50.607],[-126.2389,50.6238],[-126.0672,50.6643],[-125.8976,50.6844],[-125.9041,50.7049],[-125.9807,50.7114],[-126.3703,50.6667],[-126.493,50.6721],[-126.5144,50.6794],[-126.5173,50.7245],[-126.4722,50.7673],[-126.3971,50.8071],[-126.3746,50.8374],[-126.4182,50.8502],[-126.4882,50.8418],[-126.5218,50.8661],[-126.4846,50.9605],[-126.5173,51.0568],[-126.5629,50.9655],[-126.6318,50.9151],[-126.9604,50.8937],[-127.0141,50.8668],[-127.0576,50.8675],[-127.2675,50.9161],[-127.3569,50.9456],[-127.4412,50.9894],[-127.5909,51.0875],[-127.7081,51.1512],[-127.7143,51.2687],[-127.6892,51.3435],[-127.6327,51.4273],[-127.4197,51.6081],[-127.3466,51.6424],[-127.2807,51.6541],[-126.9681,51.6699],[-126.7354,51.6926],[-126.6915,51.7034],[-127.0341,51.7167],[-127.3387,51.7074],[-127.4427,51.679],[-127.5757,51.5629],[-127.6096,51.5141],[-127.6449,51.4785],[-127.6687,51.4776],[-127.7141,51.4902],[-127.7287,51.5055],[-127.7475,51.5436],[-127.8189,51.6039],[-127.8505,51.6732],[-127.8691,51.7752],[-127.8632,51.8208],[-127.83,51.879],[-127.7276,51.9932],[-127.8588,51.9903],[-127.8433,52.0865],[-127.7954,52.191],[-127.6733,52.2529],[-127.5497,52.2976],[-127.4379,52.3562],[-127.2422,52.3951],[-127.1757,52.3148],[-127.008,52.2907],[-126.9595,52.2545],[-126.9,52.1883],[-126.8263,52.1251],[-126.7386,52.0649],[-126.714,52.0607],[-126.7526,52.1124],[-126.8952,52.2255],[-126.9014,52.2653],[-126.9382,52.3086],[-127.1271,52.3709],[-127.1606,52.3949],[-127.2083,52.4982],[-127.1871,52.5377],[-126.9952,52.6579],[-126.9513,52.7212],[-126.9514,52.751],[-126.9664,52.7847],[-127.0083,52.8426],[-127.0193,52.8425],[-127.0064,52.7546],[-127.0132,52.72],[-127.0349,52.6817],[-127.0662,52.6527],[-127.1071,52.6328],[-127.5192,52.3593],[-127.5603,52.3432],[-127.7134,52.3185],[-127.7919,52.2894],[-127.8343,52.251],[-127.9022,52.1509],[-127.9954,51.9505],[-128.1022,51.7884],[-128.1936,51.9983],[-128.3576,52.1589],[-128.0375,52.3182],[-128.0292,52.3425],[-128.0603,52.4275],[-128.0516,52.4533],[-128.0213,52.4907],[-127.9402,52.5452],[-127.9434,52.5507],[-128.0382,52.5312],[-128.184,52.4079],[-128.241,52.3683],[-128.2715,52.363],[-128.2751,52.4355],[-128.1968,52.6233],[-128.1324,52.8058],[-128.1088,52.8581],[-128.0533,52.9107],[-128.106,52.9069],[-128.365,52.8258],[-128.452,52.8766],[-128.5247,53.1407],[-128.6523,53.2438],[-128.8686,53.3281],[-129.0809,53.3673],[-129.1295,53.4423],[-129.1716,53.5336],[-129.1145,53.6411],[-129.0214,53.6921],[-128.9356,53.7152],[-128.8546,53.7045],[-128.8504,53.6652],[-128.9056,53.5593],[-128.8331,53.5494],[-128.5421,53.4207],[-128.4786,53.4103],[-128.3581,53.4598],[-128.2911,53.4579],[-128.1327,53.4178],[-128.0792,53.3694],[-127.9278,53.2747],[-127.95,53.3298],[-128.1151,53.4459],[-128.2072,53.4832],[-128.3691,53.4904],[-128.4696,53.4709],[-128.5118,53.4766],[-128.6003,53.5061],[-128.6755,53.5546],[-128.7508,53.6608],[-128.7679,53.7102],[-128.7637,53.7469],[-128.7459,53.7802],[-128.7147,53.81],[-128.6529,53.8316],[-128.5604,53.8451],[-128.5321,53.8581],[-128.6509,53.9188],[-128.7048,53.9186],[-128.8902,53.8298],[-128.9278,53.8228],[-128.944,53.84],[-128.9594,53.8415],[-129.014,53.7975],[-129.0564,53.7778],[-129.2081,53.6416],[-129.2317,53.5764],[-129.2403,53.4791],[-129.2579,53.418],[-129.2843,53.3932],[-129.4624,53.3466],[-129.5637,53.2515],[-129.6867,53.3335],[-129.8218,53.4127],[-129.9119,53.5514],[-130.0744,53.5756],[-130.2633,53.6542],[-130.3353,53.7239],[-130.2329,53.8674],[-130.0859,53.9758],[-130.0635,54.1057],[-130.0433,54.1335],[-129.7908,54.1658],[-129.626,54.2303],[-129.795,54.2361],[-129.8984,54.2264],[-130.0842,54.1814],[-130.2903,54.2704],[-130.3968,54.3517],[-130.4303,54.421],[-130.3935,54.4796],[-130.3886,54.5394],[-130.37,54.62],[-130.3505,54.6553],[-130.3072,54.7003],[-130.2189,54.7303],[-130.1409,54.8228],[-130.1086,54.8873],[-129.9485,55.0811],[-129.8901,55.1646],[-129.7808,55.2805],[-129.5606,55.4625],[-129.6301,55.4522],[-129.6667,55.4367],[-129.7013,55.4386],[-129.7342,55.458],[-129.7655,55.4982],[-129.7952,55.5596],[-129.8119,55.5326],[-129.8156,55.4176],[-129.8377,55.3191],[-129.8771,55.2506],[-129.9852,55.1115],[-130.0485,55.0573],[-130.0918,55.1078],[-130.0584,55.1948],[-129.9958,55.2641],[-129.9852,55.3588],[-130.044,55.4719],[-130.08,55.5629],[-130.093,55.6318],[-130.0947,55.6948],[-130.0851,55.7517],[-130.0604,55.8137],[-130.0203,55.8808],[-130.0251,55.8882],[-130.0141,55.9505],[-130.0229,56.0145],[-130.056,56.0652],[-130.0979,56.1093],[-130.2147,56.0828],[-130.4131,56.1225],[-130.4771,56.2306],[-130.6491,56.2637],[-130.7417,56.3408],[-131.0829,56.4048],[-131.3358,56.5012],[-131.5751,56.5988],[-131.8243,56.59],[-131.8331,56.6848],[-131.886,56.7421],[-131.8662,56.7928],[-132.1043,56.8568],[-132.0315,57.0266],[-132.338,57.0794],[-132.2322,57.1985],[-132.3017,57.2763],[-132.5505,57.4999],[-132.9168,57.877],[-133.0014,57.949],[-133.1204,58.0777],[-133.2753,58.2229],[-133.4226,58.3371],[-133.4011,58.4109],[-133.5464,58.5035],[-133.8208,58.705],[-134.2185,58.8499],[-134.297,58.8985],[-134.3296,58.9397],[-134.3635,58.9688],[-134.3931,59.0092],[-134.4102,59.0562],[-134.4408,59.0854],[-134.622,59.1553],[-134.6772,59.1993],[-134.8024,59.25],[-134.9072,59.2712],[-134.9437,59.2883],[-135.0713,59.4415],[-135.0367,59.5507],[-135.051,59.5787],[-135.2608,59.695],[-135.4759,59.7933],[-135.9347,59.6626],[-136.3218,59.6048],[-136.2471,59.5329],[-136.278,59.4803],[-136.3479,59.4561],[-136.4664,59.4591],[-136.4667,59.2799],[-136.5788,59.1522],[-136.8133,59.15],[-137.2775,58.9882],[-137.4386,58.9031],[-137.5209,58.9154],[-137.4842,58.9912],[-137.5933,59.2263],[-138.6323,59.7783],[-138.7055,59.9013],[-139.0435,59.9933],[-139.1852,60.0836],[-139.0792,60.2794],[-139.0792,60.3437],[-139.6763,60.3283],[-139.9733,60.1832],[-140.4528,60.2997],[-140.5254,60.2184],[-141.0021,60.3002],[-141.0021,69.6508],[-140.86,69.6353],[-140.4051,69.6025],[-139.9766,69.6217],[-139.1815,69.5155],[-138.6899,69.3168],[-138.291,69.219],[-138.1284,69.152],[-137.8694,69.0928],[-137.26,68.9641],[-137.0704,68.9509],[-136.7173,68.8892],[-136.4987,68.8973],[-136.1224,68.8822],[-135.8667,68.8326],[-135.3622,68.6964],[-135.2588,68.6843],[-135.2312,68.6943],[-135.4069,68.829],[-135.4346,68.842],[-135.638,68.8922],[-135.8763,68.917],[-135.8947,68.9267],[-135.939,68.9742],[-135.9248,68.9926],[-135.8729,69.001],[-135.6952,69.0006],[-135.59,69.0083],[-135.5755,69.027],[-135.6513,69.0313],[-135.7426,69.0494],[-135.8497,69.0814],[-135.9102,69.1115],[-135.6915,69.3112],[-135.6149,69.291],[-135.4996,69.3372],[-135.2928,69.3079],[-135.255,69.3238],[-135.2298,69.4252],[-135.199,69.4496],[-135.1408,69.4678],[-134.8529,69.4859],[-134.4938,69.4679],[-134.4568,69.4776],[-134.4912,69.5453],[-134.4954,69.5719],[-134.4737,69.6328],[-134.4515,69.6655],[-134.4089,69.6818],[-134.242,69.6688],[-134.1899,69.6388],[-134.134,69.5873],[-134.0775,69.5579],[-133.9,69.5282],[-133.8798,69.5077],[-133.9475,69.4295],[-134.0184,69.3885],[-134.165,69.2806],[-134.1743,69.2528],[-133.948,69.3013],[-133.694,69.3684],[-133.4759,69.4054],[-133.2937,69.4122],[-133.1631,69.4339],[-133.0844,69.4707],[-133.0283,69.5083],[-132.9153,69.6296],[-132.8403,69.6507],[-132.5268,69.6433],[-132.4523,69.6469],[-132.4039,69.6587],[-132.4127,69.6741],[-132.479,69.6929],[-132.5684,69.6981],[-132.5706,69.7067],[-132.5375,69.7266],[-132.4885,69.7381],[-132.334,69.7518],[-132.2324,69.7082],[-132.1634,69.705],[-131.9341,69.7535],[-131.5818,69.8821],[-131.4409,69.9179],[-131.3189,69.9242],[-131.2159,69.9008],[-131.1364,69.9069],[-131.0318,69.9795],[-130.9906,70.0181],[-130.9262,70.0516],[-130.6655,70.1271],[-130.4984,70.1432],[-130.3964,70.1292],[-130.275,70.098],[-130.175,70.0859],[-130.0433,70.0951],[-129.945,70.0909],[-129.898,70.1062],[-129.7301,70.1921],[-129.6756,70.193],[-129.623,70.1676],[-129.5384,70.1052],[-129.5382,70.0739],[-129.6483,69.9978],[-130.4588,69.78],[-130.7085,69.686],[-130.8321,69.6515],[-130.9601,69.632],[-131.208,69.6158],[-131.3063,69.5966],[-131.4729,69.5795],[-131.8628,69.5494],[-131.9378,69.5347],[-131.9888,69.5176],[-132.1288,69.4023],[-132.1968,69.3647],[-132.3308,69.308],[-132.4812,69.2731],[-132.6867,69.2599],[-132.8175,69.2058],[-132.968,69.1014],[-133.0895,69.0288],[-133.2282,68.9671],[-133.379,68.8867],[-133.4183,68.8443],[-133.3734,68.7885],[-133.3484,68.7699],[-133.1968,68.7398],[-133.138,68.7466],[-133.1922,68.7765],[-133.3195,68.8197],[-133.3367,68.8353],[-133.304,68.8474],[-132.706,68.8149],[-132.5776,68.8478],[-132.5327,68.8756],[-132.5422,68.8899],[-132.7043,68.8959],[-132.7391,68.9225],[-132.7647,68.9725],[-132.7701,69.0122],[-132.7555,69.0416],[-132.7189,69.0792],[-132.5452,69.1406],[-132.3581,69.1669],[-132.214,69.2017],[-132.1344,69.2345],[-131.9196,69.2905],[-131.8334,69.336],[-131.7869,69.3713],[-131.7811,69.3889],[-131.8202,69.4016],[-131.7884,69.432],[-131.6318,69.4591],[-131.5629,69.4614],[-131.3429,69.4354],[-131.303,69.4151],[-131.3247,69.3612],[-131.2939,69.3637],[-131.209,69.4322],[-131.1617,69.455],[-131.1128,69.4595],[-131.0634,69.4507],[-131.0134,69.4287],[-130.9863,69.3629],[-130.982,69.2533],[-130.9707,69.2091],[-130.9143,69.2849],[-130.875,69.32],[-130.6607,69.4813],[-130.516,69.5697],[-130.3536,69.6558],[-130.1176,69.7201],[-129.5721,69.8267],[-129.2648,69.8554],[-129.1091,69.8819],[-129.0329,69.905],[-128.9843,69.9334],[-128.8989,69.9662],[-128.8837,69.9635],[-128.9168,69.8949],[-128.9386,69.875],[-129.1383,69.8325],[-129.1579,69.8001],[-129.1362,69.75],[-129.1017,69.717],[-129.0543,69.7011],[-128.9714,69.7124],[-128.853,69.751],[-128.7055,69.8102],[-128.3867,69.9602],[-128.3592,69.9876],[-128.2786,70.1081],[-128.0958,70.1613],[-127.7649,70.2219],[-127.6838,70.2604],[-127.974,70.2929],[-128.0342,70.3153],[-128.0437,70.3288],[-127.9889,70.3631],[-128.1215,70.3974],[-128.1701,70.4185],[-128.1681,70.4798],[-128.1273,70.5238],[-128.0405,70.5664],[-127.991,70.5738],[-127.8616,70.5491],[-127.7528,70.5171],[-127.3769,70.3688],[-127.226,70.2961],[-127.1385,70.2394],[-126.9268,70.0617],[-126.8335,69.9591],[-126.7587,69.8534],[-126.6849,69.7771],[-126.6122,69.7303],[-126.2504,69.5453],[-126.0638,69.4671],[-125.9074,69.4186],[-125.7278,69.38],[-125.525,69.3516],[-125.3868,69.3492],[-125.1719,69.428],[-125.1668,69.4798],[-125.2616,69.5662],[-125.3569,69.626],[-125.3455,69.6625],[-125.2194,69.7324],[-125.2279,69.7567],[-125.2012,69.8288],[-125.114,69.815],[-125.0796,69.8178],[-125.031,69.8443],[-124.9683,69.8944],[-124.8892,69.9358],[-124.7937,69.9685],[-124.7679,69.99],[-124.8626,70.0055],[-124.92,70.0056],[-124.9626,70.0126],[-124.9904,70.0266],[-124.9524,70.0417],[-124.7451,70.0802],[-124.7063,70.117],[-124.6399,70.1415],[-124.555,70.1512],[-124.5026,70.1411],[-124.4445,70.1106],[-124.4415,70.0619],[-124.4672,69.9826],[-124.4719,69.9185],[-124.4069,69.7674],[-124.3494,69.7345],[-124.1246,69.69],[-124.1385,69.6532],[-124.3984,69.4938],[-124.4539,69.4548],[-124.4813,69.4251],[-124.4721,69.4],[-124.4262,69.3794],[-124.3381,69.3648],[-124.1117,69.3589],[-124.0497,69.3729],[-123.6091,69.3774],[-123.5284,69.3894],[-123.4604,69.42],[-123.3615,69.4966],[-123.249,69.52],[-123.2137,69.5415],[-123.1445,69.6325],[-123.1104,69.7381],[-123.0766,69.7825],[-123.0258,69.81],[-122.9567,69.8188],[-122.7854,69.8084],[-122.7049,69.8174],[-122.3875,69.8084],[-122.0701,69.8162],[-121.7418,69.7975],[-121.5311,69.7758],[-121.3362,69.7416],[-120.9625,69.6604],[-120.8146,69.6168],[-120.2925,69.4206],[-120.14,69.3806],[-119.8528,69.3423],[-118.8687,69.2572],[-118.7449,69.2343],[-118.4856,69.1449],[-118.307,69.0927],[-118.0952,69.0429],[-117.8303,68.9999],[-117.3113,68.9349],[-117.227,68.9134],[-117.1317,68.9071],[-117.0257,68.916],[-116.55,68.8788],[-116.4246,68.8806],[-116.3341,68.8736],[-116.2227,68.8468],[-116.0595,68.837],[-116.0652,68.8554],[-116.2516,68.9579],[-116.2434,68.9741],[-116.1667,68.9753],[-115.9361,68.9581],[-115.8833,68.9873],[-115.8063,68.9866],[-115.6312,68.9726],[-115.4423,68.9409],[-115.2398,68.8918],[-114.9938,68.85],[-114.6202,68.7461],[-114.4139,68.6596],[-114.2182,68.5521],[-114.1108,68.4773],[-114.092,68.4354],[-114.0511,68.4146],[-113.9882,68.415],[-113.9644,68.3991],[-114.0208,68.3065],[-114.0532,68.2834],[-114.0959,68.2668],[-114.2748,68.2479],[-114.7653,68.2702],[-114.8522,68.1953],[-115.1271,68.132],[-115.1759,68.1044],[-115.1868,68.0842],[-115.1671,68.0186],[-115.2019,67.9984],[-115.4269,67.9235],[-115.4345,67.9023],[-115.2885,67.8717],[-115.1332,67.8192],[-115.0112,67.8064],[-114.8567,67.8136],[-114.6629,67.7952],[-114.4294,67.7512],[-114.267,67.7312],[-114.1757,67.735],[-114.0511,67.7269],[-113.8932,67.7069],[-113.6819,67.7],[-113.215,67.7018],[-113.075,67.6867],[-112.8794,67.6799],[-112.503,67.6819],[-112.4352,67.6848],[-112.3146,67.7196],[-112.2367,67.7311],[-112.1013,67.7317],[-111.7109,67.7573],[-111.5757,67.7568],[-111.4507,67.7762],[-111.2908,67.8152],[-111.1922,67.8226],[-111.1548,67.7982],[-111.0874,67.7876],[-110.99,67.7908],[-110.8049,67.8323],[-110.372,67.9542],[-110.2163,67.954],[-110.102,67.9922],[-110.0739,67.9929],[-110.0425,67.9772],[-109.9365,67.8879],[-109.9042,67.8735],[-109.8313,67.8658],[-109.7602,67.8201],[-109.686,67.7518],[-109.6304,67.7327],[-109.2243,67.7298],[-109.0812,67.7107],[-109.038,67.6912],[-108.9945,67.6371],[-108.9677,67.5324],[-108.9499,67.4939],[-108.891,67.4381],[-108.852,67.422],[-108.8152,67.4375],[-108.7151,67.5828],[-108.6802,67.6062],[-108.6133,67.598],[-108.5929,67.5909],[-108.4915,67.4833],[-108.347,67.4034],[-107.9887,67.2564],[-107.9305,67.2025],[-107.9092,67.1625],[-107.9294,67.1268],[-107.9913,67.0952],[-108.0884,67.0698],[-108.2208,67.0506],[-108.3443,67.0575],[-108.4591,67.0904],[-108.496,67.0923],[-108.4553,67.063],[-108.2182,66.9413],[-108.1577,66.8926],[-108.1015,66.8604],[-108.0496,66.8443],[-108.0018,66.818],[-107.958,66.7813],[-107.7609,66.6837],[-107.7049,66.6371],[-107.4803,66.4918],[-107.3737,66.4347],[-107.2914,66.4018],[-107.2595,66.3985],[-107.2781,66.4249],[-107.5645,66.6185],[-107.7104,66.74],[-107.7309,66.7692],[-107.7402,66.8138],[-107.746,66.9615],[-107.7251,66.9841],[-107.6262,67.0031],[-107.4992,66.9362],[-107.4513,66.9268],[-107.4188,66.9307],[-107.4021,66.948],[-107.3292,66.932],[-107.2002,66.8826],[-107.1565,66.8817],[-107.2538,66.9764],[-107.3233,67.0226],[-107.3479,67.0548],[-107.2832,67.1033],[-107.3185,67.1278],[-107.4824,67.1991],[-107.5675,67.273],[-107.644,67.3848],[-107.6509,67.4282],[-107.6384,67.4742],[-107.6499,67.5113],[-107.753,67.5869],[-107.8651,67.6392],[-107.9541,67.7],[-107.9721,67.732],[-107.9584,67.8186],[-107.8909,67.8563],[-107.7631,67.9068],[-107.7286,67.9588],[-107.7875,68.0125],[-107.7983,68.0369],[-107.761,68.0322],[-107.5094,68.0591],[-107.4462,68.0497],[-107.3511,68.0612],[-107.2241,68.0938],[-107.1248,68.1084],[-106.9937,68.1063],[-106.9226,68.1142],[-106.8356,68.1286],[-106.7907,68.1448],[-106.711,68.2068],[-106.6684,68.216],[-106.5349,68.2093],[-106.4595,68.1957],[-106.4243,68.2006],[-106.4295,68.2885],[-106.4044,68.3193],[-106.2712,68.3832],[-106.1321,68.3899],[-106.0393,68.4073],[-105.9331,68.4431],[-105.8569,68.4751],[-105.7812,68.5266],[-105.7502,68.5923],[-105.7743,68.6111],[-105.9322,68.6365],[-106.0271,68.6233],[-106.2373,68.5766],[-106.4581,68.5165],[-106.5433,68.4606],[-106.5667,68.389],[-106.6085,68.3574],[-106.7804,68.3873],[-106.8537,68.3868],[-106.9458,68.3744],[-107.0433,68.3468],[-107.1462,68.3042],[-107.2981,68.2964],[-107.4991,68.3235],[-107.6193,68.3311],[-107.7415,68.2857],[-107.7342,68.2521],[-107.6776,68.2029],[-107.7342,68.1737],[-108.0272,68.1629],[-108.1046,68.1693],[-108.261,68.1499],[-108.3228,68.1541],[-108.3679,68.1775],[-108.6866,68.2773],[-108.7181,68.2975],[-108.6409,68.3785],[-108.3458,68.5978],[-108.3135,68.6108],[-107.7664,68.6489],[-107.4359,68.6889],[-106.8307,68.8095],[-106.7135,68.8195],[-106.3243,68.8995],[-106.1645,68.9199],[-106.0157,68.9061],[-105.7979,68.8648],[-105.6856,68.8282],[-105.6061,68.7824],[-105.5398,68.7187],[-105.4569,68.5781],[-105.4286,68.4583],[-105.3774,68.4138],[-105.195,68.3304],[-105.1013,68.298],[-105.0436,68.2879],[-104.9938,68.3074],[-104.9598,68.3105],[-104.9367,68.303],[-104.912,68.2505],[-104.8794,68.2453],[-104.7696,68.2518],[-104.6532,68.2301],[-104.6364,68.2139],[-104.6611,68.1488],[-104.6282,68.1215],[-104.4868,68.0632],[-104.3507,68.0412],[-104.1936,68.0312],[-103.9016,68.0411],[-103.6572,68.0691],[-103.4741,68.115],[-103.3232,68.0638],[-103.0218,67.9402],[-102.8416,67.8527],[-102.692,67.8116],[-102.3891,67.7622],[-102.3204,67.7356],[-102.2098,67.7327],[-102.0572,67.7533],[-101.8836,67.7453],[-101.6889,67.7086],[-101.555,67.6932],[-101.0964,67.7624],[-101.0264,67.7657],[-100.8556,67.799],[-100.7456,67.8091],[-100.6161,67.8083],[-100.5196,67.8184],[-100.4561,67.8395],[-100.2129,67.8386],[-99.7729,67.8148],[-99.4723,67.7841],[-99.2936,67.7453],[-99.1469,67.7236],[-99.0322,67.7188],[-98.9205,67.7258],[-98.8117,67.7444],[-98.6973,67.7797],[-98.4528,67.7979],[-98.4121,67.8072],[-98.4171,67.8265],[-98.4678,67.8558],[-98.6065,67.9114],[-98.7036,67.9657],[-98.7222,68.0002],[-98.7201,68.042],[-98.6898,68.0661],[-98.6315,68.0726],[-98.5398,68.0466],[-98.4148,67.9884],[-98.0625,67.7697],[-97.9776,67.7386],[-97.9308,67.7108],[-97.6074,67.6311],[-97.4549,67.617],[-97.2743,67.6663],[-97.1944,67.6969],[-97.1554,67.7264],[-97.1572,67.7548],[-97.1398,67.7962],[-97.1581,67.8219],[-97.2065,67.8551],[-97.3361,67.9014],[-97.5466,67.9607],[-97.7391,67.9782],[-97.9133,67.9536],[-98.1105,67.903],[-98.1925,67.923],[-98.4384,68.0647],[-98.5003,68.1177],[-98.5002,68.1323],[-98.3861,68.1153],[-98.3809,68.1325],[-98.4492,68.2008],[-98.4913,68.2236],[-98.633,68.3312],[-98.6505,68.3635],[-98.5623,68.3708],[-98.5222,68.3834],[-98.4686,68.3821],[-98.2186,68.3174],[-98.0905,68.3463],[-97.7942,68.3876],[-97.911,68.4495],[-97.9389,68.5104],[-97.9251,68.5237],[-97.8286,68.5328],[-97.6396,68.482],[-97.548,68.475],[-97.4811,68.4952],[-97.4104,68.4965],[-97.3358,68.4792],[-97.2659,68.4529],[-97.136,68.378],[-97.0718,68.3329],[-96.9996,68.2649],[-96.9767,68.2554],[-96.6282,68.2503],[-96.4307,68.3106],[-96.435,68.2901],[-96.4802,68.2428],[-96.7251,68.0612],[-96.7221,68.0388],[-96.5922,68.0484],[-96.5313,68.0631],[-96.4937,68.085],[-96.4612,68.1358],[-96.4394,68.1509],[-96.0756,68.2365],[-95.9703,68.2491],[-96.036,68.1578],[-96.1713,67.8317],[-96.1988,67.7178],[-96.2285,67.6792],[-96.3714,67.5539],[-96.3691,67.5098],[-96.2128,67.4043],[-96.185,67.3756],[-96.1692,67.289],[-96.1415,67.2718],[-96.0126,67.2709],[-95.8791,67.2985],[-95.7199,67.3168],[-95.6952,67.2987],[-95.7825,67.1938],[-95.7777,67.1846],[-95.6264,67.2116],[-95.557,67.2153],[-95.5287,67.2092],[-95.4159,67.1556],[-95.4046,67.1156],[-95.407,67.0561],[-95.4189,67.0132],[-95.457,66.9895],[-95.5022,66.9799],[-95.5594,66.9728],[-95.6106,66.9757],[-95.7687,66.9667],[-95.8618,66.9782],[-95.9541,67.0109],[-96.0195,67.0187],[-96.0955,66.9936],[-96.2156,66.9977],[-96.3504,67.07],[-96.4042,67.0632],[-96.4226,67.0518],[-96.4203,67.0362],[-96.3595,66.9894],[-95.8853,66.7414],[-95.8133,66.6901],[-95.7974,66.6166],[-95.7875,66.6168],[-95.7432,66.6904],[-95.7721,66.7261],[-96.0161,66.8705],[-96.0454,66.9231],[-96.0369,66.9375],[-95.9724,66.9522],[-95.625,66.9163],[-95.4904,66.9241],[-95.3997,66.9495],[-95.3541,66.9807],[-95.3211,67.1525],[-95.2587,67.2625],[-95.2956,67.361],[-95.3896,67.5178],[-95.4634,67.6102],[-95.6337,67.7039],[-95.6505,67.7375],[-95.4607,68.0214],[-95.4265,68.0453],[-95.3841,68.0556],[-95.2347,68.0597],[-95.1259,68.0833],[-94.9552,68.0503],[-94.861,68.0417],[-94.7444,68.0709],[-94.4853,68.1901],[-94.3838,68.227],[-94.2548,68.2968],[-94.0981,68.3994],[-93.9277,68.4738],[-93.6517,68.5431],[-93.483,68.5989],[-93.4489,68.6189],[-93.6058,68.6237],[-93.6439,68.6331],[-93.6762,68.686],[-93.6599,68.7837],[-93.6628,68.8382],[-93.6814,68.8873],[-93.7158,68.9311],[-93.7657,68.9696],[-93.8113,68.9927],[-93.8524,69.0003],[-93.8807,68.9968],[-93.8961,68.9822],[-93.9381,68.8891],[-93.9916,68.8206],[-94.0649,68.7848],[-94.2169,68.7605],[-94.4783,68.7428],[-94.5868,68.7755],[-94.6004,68.8032],[-94.5625,68.9117],[-94.4756,68.9582],[-94.2366,69.0498],[-94.0836,69.1231],[-94.0812,69.1358],[-94.2218,69.1364],[-94.2554,69.1515],[-94.285,69.2416],[-94.2768,69.2752],[-94.2547,69.3138],[-94.1563,69.3417],[-93.8544,69.3764],[-93.6195,69.417],[-93.6126,69.4028],[-93.801,69.2809],[-93.8205,69.2526],[-93.7485,69.2261],[-93.5675,69.2969],[-93.4506,69.3552],[-93.431,69.375],[-93.5371,69.3823],[-93.5429,69.4064],[-93.5224,69.4507],[-93.5323,69.4809],[-93.6498,69.519],[-93.7944,69.4979],[-93.9151,69.4577],[-94.0153,69.4467],[-94.1632,69.4459],[-94.2708,69.4551],[-94.3381,69.4743],[-94.4192,69.517],[-94.5139,69.5834],[-94.6338,69.6497],[-94.6763,69.6569],[-94.7127,69.6494],[-94.7893,69.5854],[-94.8225,69.5778],[-95.2921,69.6674],[-95.4913,69.7176],[-95.5876,69.7557],[-95.7074,69.7782],[-95.8507,69.7851],[-95.9649,69.8028],[-96.0501,69.8312],[-96.1191,69.8719],[-96.1718,69.925],[-96.2694,69.9918],[-96.4924,70.1249],[-96.5514,70.2103],[-96.5596,70.243],[-96.5456,70.3272],[-96.3366,70.4702],[-96.2977,70.5114],[-96.2264,70.5417],[-96.1228,70.5612],[-96.0481,70.5671],[-95.8786,70.549],[-95.9802,70.5932],[-95.9882,70.6168],[-95.8863,70.6943],[-95.9064,70.6978],[-96.1864,70.6383],[-96.258,70.6423],[-96.3589,70.6787],[-96.5489,70.8087],[-96.5511,70.8897],[-96.4913,71.0023],[-96.4704,71.0697],[-96.5248,71.1271],[-96.5044,71.1432],[-96.4455,71.1592],[-96.4208,71.1765],[-96.4466,71.2399],[-96.4057,71.2736],[-96.2713,71.3391],[-96.1396,71.3964],[-96.062,71.4139],[-95.9944,71.4106],[-95.9241,71.3931],[-95.8509,71.3611],[-95.7254,71.3282],[-95.6326,71.3188],[-95.5643,71.3368],[-95.4475,71.4601],[-95.4062,71.4917],[-95.4454,71.5054],[-95.6742,71.5041],[-95.7734,71.5143],[-95.8304,71.5261],[-95.8723,71.5731],[-95.8377,71.5982],[-95.6159,71.6854],[-95.5117,71.7768],[-95.2012,71.9037],[-94.887,71.9634],[-94.7349,71.983],[-94.6111,71.9869],[-94.5571,71.979],[-94.4911,71.9155],[-94.4788,71.8486],[-94.3083,71.7649],[-94.1712,71.7584],[-94.086,71.7711],[-93.8102,71.7663],[-93.7463,71.7428],[-93.7509,71.7167],[-93.7816,71.6743],[-93.7628,71.638],[-93.5759,71.5687],[-93.4075,71.5207],[-93.2563,71.4608],[-93.0313,71.3357],[-92.9826,71.3003],[-92.9487,71.2621],[-92.8902,71.1224],[-92.8827,71.0693],[-92.9042,70.9161],[-92.922,70.8871],[-92.9814,70.8522],[-92.9609,70.8381],[-92.783,70.7981],[-92.6417,70.7188],[-92.5675,70.6932],[-92.3885,70.6504],[-92.3558,70.6343],[-92.3154,70.6075],[-92.2145,70.4929],[-92.0491,70.3896],[-92.0372,70.3674],[-92.0726,70.3188],[-92.0474,70.3033],[-91.9835,70.2855],[-91.9262,70.2948],[-91.8755,70.3312],[-91.8204,70.3417],[-91.7608,70.3263],[-91.7156,70.2992],[-91.6541,70.233],[-91.5641,70.1783],[-91.5716,70.1616],[-91.6161,70.1479],[-91.8586,70.1327],[-91.995,70.1432],[-92.121,70.1699],[-92.2086,70.1975],[-92.2903,70.2398],[-92.3205,70.2354],[-92.3633,70.2008],[-92.4547,70.1504],[-92.5119,70.1039],[-92.4458,70.0832],[-92.127,70.0845],[-92.0577,70.0714],[-91.9767,70.0387],[-92.069,69.984],[-92.2848,69.8921],[-92.7509,69.7139],[-92.8878,69.6682],[-92.8545,69.6549],[-92.8026,69.6515],[-92.6428,69.6593],[-92.4935,69.6832],[-92.3117,69.6729],[-92.2308,69.6534],[-92.2583,69.6343],[-92.2091,69.6033],[-91.912,69.5313],[-91.7241,69.5456],[-91.5324,69.615],[-91.3842,69.6495],[-91.2018,69.6448],[-91.1509,69.6372],[-91.1703,69.6203],[-91.305,69.5813],[-91.4269,69.5379],[-91.4399,69.5257],[-91.2881,69.5432],[-90.9502,69.5155],[-90.7857,69.5086],[-90.6667,69.5155],[-90.5549,69.5045],[-90.4505,69.4754],[-90.4156,69.457],[-90.5133,69.4451],[-90.6056,69.4453],[-90.684,69.4277],[-90.7485,69.3925],[-90.7946,69.3467],[-90.8221,69.2905],[-90.8923,69.2673],[-91.005,69.2771],[-91.0492,69.293],[-91.0249,69.3152],[-91.0578,69.3184],[-91.1479,69.3026],[-91.218,69.3021],[-91.2372,69.2855],[-90.7448,69.1059],[-90.5873,68.9469],[-90.479,68.8812],[-90.4684,68.8638],[-90.539,68.8196],[-90.5425,68.786],[-90.5102,68.6889],[-90.5252,68.6113],[-90.5736,68.4747],[-90.5283,68.4322],[-90.423,68.3947],[-90.3601,68.3467],[-90.3172,68.3303],[-90.2853,68.2917],[-90.2478,68.2674],[-90.2048,68.2575],[-90.1744,68.2702],[-90.1568,68.3055],[-90.1164,68.3386],[-90.0053,68.398],[-89.8977,68.4908],[-89.8795,68.5215],[-89.8966,68.5944],[-89.8842,68.6256],[-89.7831,68.7359],[-89.7508,68.8125],[-89.7202,68.9316],[-89.6666,69.0146],[-89.552,69.0849],[-89.3519,69.227],[-89.2795,69.2555],[-89.1985,69.2695],[-89.0567,69.2661],[-88.9535,69.2204],[-88.8146,69.1359],[-88.6377,69.0588],[-88.3155,68.9544],[-88.2235,68.915],[-88.0414,68.8117],[-87.9644,68.7093],[-87.9115,68.5647],[-87.866,68.4776],[-87.8277,68.4481],[-87.8103,68.4042],[-87.8136,68.3457],[-87.8279,68.3],[-87.8533,68.2669],[-87.8927,68.2481],[-87.991,68.242],[-88.1111,68.2512],[-88.1458,68.266],[-88.2091,68.3349],[-88.2353,68.3391],[-88.347,68.2883],[-88.3607,68.2599],[-88.3196,68.1658],[-88.3251,67.9888],[-88.3138,67.9503],[-88.1959,67.7658],[-87.9972,67.6257],[-87.4991,67.3553],[-87.4708,67.3246],[-87.4179,67.2142],[-87.3919,67.1911],[-87.3594,67.1772],[-87.3203,67.1729],[-87.2663,67.1838],[-87.0832,67.2678],[-86.9239,67.3563],[-86.8128,67.4024],[-86.7499,67.4061],[-86.682,67.4223],[-86.6094,67.4508],[-86.5608,67.4821],[-86.5364,67.5162],[-86.5035,67.6495],[-86.4755,67.7131],[-86.398,67.8001],[-86.3697,67.8248],[-85.9845,68.0454],[-85.9526,68.0725],[-85.7889,68.328],[-85.7311,68.445],[-85.7228,68.5155],[-85.7449,68.5783],[-85.7338,68.6301],[-85.6898,68.6709],[-85.6432,68.6997],[-85.5625,68.7288],[-85.5178,68.7698],[-85.4911,68.774],[-85.425,68.7743],[-85.3381,68.7463],[-85.2751,68.7414],[-84.8676,68.7733],[-84.8675,68.7904],[-85.1066,68.844],[-85.1043,68.8709],[-85.0834,68.9079],[-85.0083,68.9492],[-84.9161,68.9623],[-84.8953,68.9885],[-84.8927,69.021],[-84.8622,69.074],[-84.89,69.0928],[-85.1135,69.1659],[-85.2426,69.1627],[-85.2755,69.1723],[-85.3868,69.2319],[-85.4275,69.3184],[-85.4319,69.3539],[-85.4164,69.4109],[-85.4022,69.4268],[-85.4092,69.4525],[-85.4372,69.4882],[-85.4395,69.5199],[-85.416,69.5478],[-85.4301,69.5807],[-85.482,69.6188],[-85.5024,69.6515],[-85.4479,69.7481],[-85.4461,69.7778],[-85.4975,69.819],[-85.5348,69.8351],[-85.5074,69.8453],[-85.4151,69.8495],[-85.305,69.8361],[-85.1768,69.8051],[-85.0198,69.8048],[-84.834,69.8351],[-84.6451,69.8497],[-84.3188,69.8437],[-84.2417,69.835],[-83.9172,69.7454],[-83.6653,69.6997],[-83.5517,69.704],[-82.9914,69.6859],[-82.7456,69.6951],[-82.6184,69.6911],[-82.3742,69.6418],[-82.3902,69.6009],[-82.4957,69.5322],[-82.6333,69.5181],[-82.7548,69.4944],[-82.642,69.4584],[-82.3099,69.41],[-82.2318,69.3326],[-82.2082,69.297],[-82.2468,69.265],[-82.2275,69.2489],[-82.1505,69.2489],[-81.9518,69.2761],[-81.7322,69.2581],[-81.4123,69.1981],[-81.3778,69.1856],[-81.3216,69.1389],[-81.3287,69.1199],[-81.6114,69.003],[-81.7583,68.9567],[-81.9517,68.9091],[-81.9579,68.8836],[-81.6869,68.879],[-81.476,68.8656],[-81.3809,68.85],[-81.3313,68.828],[-81.2635,68.7806],[-81.2525,68.7432],[-81.2591,68.6924],[-81.2815,68.6572],[-81.5269,68.556],[-81.6395,68.5244],[-81.8314,68.4869],[-81.9148,68.4588],[-82.0065,68.4626],[-82.1063,68.4985],[-82.2102,68.5062],[-82.3972,68.4776],[-82.4987,68.4786],[-82.5486,68.4686],[-82.5527,68.4465],[-82.4642,68.3824],[-82.413,68.3572],[-82.3929,68.3383],[-82.4307,68.3066],[-82.4227,68.2966],[-82.3925,68.2853],[-82.2224,68.1453],[-82.1866,68.1344],[-82.1513,68.1397],[-82.0776,68.1797],[-82.0339,68.1959],[-82.0125,68.1939],[-82.0134,68.1734],[-82.0919,68.0515],[-82.1021,68.0189],[-82.1005,67.9898],[-82.0625,67.9282],[-81.9765,67.862],[-81.8693,67.8025],[-81.7086,67.7224],[-81.4928,67.6369],[-81.4123,67.5954],[-81.2943,67.4974],[-81.2701,67.4599],[-81.3011,67.357],[-81.3872,67.1886],[-81.4427,67.0929],[-81.4676,67.0699],[-81.6301,67.002],[-81.7224,66.9861],[-81.8745,66.9879],[-81.9255,66.9747],[-82.0051,66.9204],[-82.1132,66.8251],[-82.1983,66.7646],[-82.2605,66.7391],[-82.3748,66.7094],[-82.5537,66.6214],[-82.6415,66.5875],[-82.9489,66.5508],[-83.1988,66.4315],[-83.2984,66.3921],[-83.4064,66.3712],[-83.5231,66.3688],[-83.5903,66.3878],[-83.6284,66.4607],[-83.6511,66.4846],[-83.7392,66.5344],[-83.9202,66.6791],[-83.998,66.7285],[-84.05,66.7395],[-84.1544,66.7317],[-84.208,66.7363],[-84.3244,66.7818],[-84.3663,66.8111],[-84.3611,66.8226],[-84.2726,66.8392],[-84.3104,66.8627],[-84.4661,66.9274],[-84.5307,66.9613],[-84.5385,66.9728],[-84.6926,67.0166],[-84.8458,67.0287],[-85.04,66.9561],[-85.1137,66.9069],[-85.1113,66.8909],[-85.0183,66.8721],[-84.978,66.8812],[-84.899,66.9266],[-84.8574,66.9407],[-84.7377,66.9336],[-84.6386,66.9023],[-84.6025,66.8751],[-84.5895,66.8566],[-84.3189,66.7118],[-84.223,66.6825],[-84.1831,66.6479],[-84.1527,66.5902],[-84.0942,66.5262],[-83.9642,66.4206],[-83.8258,66.29],[-83.7976,66.2385],[-83.869,66.2136],[-83.9051,66.2118],[-84.0117,66.2312],[-84.2931,66.2918],[-84.3243,66.2907],[-84.3984,66.2587],[-84.4594,66.1862],[-84.4784,66.1793],[-84.6281,66.2077],[-84.9084,66.2713],[-85.0962,66.3253],[-85.1915,66.3697],[-85.3068,66.4403],[-85.4422,66.5374],[-85.6039,66.5683],[-85.7917,66.533],[-86.0632,66.5204],[-86.6332,66.5313],[-86.7082,66.523],[-86.7371,66.5109],[-86.6886,66.4575],[-86.7001,66.4428],[-86.7384,66.4329],[-86.747,66.4171],[-86.6851,66.3604],[-86.5848,66.3219],[-86.301,66.2699],[-86.1131,66.2253],[-86.0008,66.1868],[-85.9643,66.1544],[-85.9587,66.119],[-86.0123,66.0485],[-86.0429,66.0226],[-86.702,65.6706],[-86.9532,65.5283],[-87.0811,65.4408],[-87.1938,65.3831],[-87.2915,65.3548],[-87.4529,65.339],[-87.6781,65.3354],[-87.97,65.3489],[-88.121,65.3946],[-88.3949,65.5162],[-88.5867,65.5876],[-88.6725,65.6116],[-88.7439,65.6788],[-88.8085,65.6917],[-88.9461,65.703],[-89.0877,65.739],[-89.4204,65.8608],[-89.5927,65.9093],[-89.7494,65.936],[-89.8905,65.9408],[-89.944,65.9336],[-89.8478,65.8723],[-89.8897,65.8686],[-90.0038,65.8826],[-90.1166,65.8824],[-90.3163,65.9264],[-90.5133,65.9205],[-90.6555,65.9293],[-90.8257,65.9539],[-91.0095,65.9657],[-91.3055,65.9646],[-91.4115,65.9594],[-91.4272,65.9479],[-91.2852,65.8944],[-91.0411,65.8298],[-91.0736,65.8855],[-91.0649,65.8999],[-90.9834,65.9192],[-90.5968,65.8848],[-90.1586,65.8127],[-90.0476,65.8056],[-89.9241,65.7803],[-89.788,65.7367],[-89.6004,65.6478],[-89.2417,65.4464],[-89.1266,65.3956],[-88.974,65.3483],[-88.1978,65.2799],[-87.9295,65.2803],[-87.3919,65.2605],[-87.108,65.2248],[-87.0275,65.1981],[-87.0027,65.1086],[-87.0285,65.0636],[-87.1829,64.9268],[-87.2805,64.8262],[-87.885,64.4004],[-87.9636,64.3025],[-87.9976,64.2439],[-88.1056,64.1833],[-88.379,64.0893],[-88.653,64.0094],[-88.8177,63.9922],[-88.9644,64.0112],[-89.0596,64.0344],[-89.2006,64.1138],[-89.2094,64.1054],[-89.1077,63.9811],[-89.1315,63.9685],[-89.2146,63.9841],[-89.4035,64.04],[-89.4647,64.0297],[-89.5009,64.0145],[-89.5513,64.0148],[-89.6158,64.0306],[-89.7327,64.077],[-89.7638,64.0995],[-89.7921,64.1683],[-89.8113,64.1806],[-90.0417,64.1409],[-90.08,64.1277],[-89.9856,64.1002],[-89.9536,64.0806],[-89.8606,63.9788],[-89.8557,63.957],[-89.9219,63.9436],[-90.1419,63.982],[-90.1682,63.9788],[-90.0596,63.8775],[-90.018,63.8293],[-90.0134,63.8043],[-90.1547,63.6896],[-90.2453,63.6419],[-90.3688,63.6244],[-90.4462,63.6362],[-90.5335,63.6654],[-90.5964,63.6613],[-90.635,63.6238],[-90.7068,63.5969],[-90.8119,63.5809],[-90.9457,63.5878],[-91.1081,63.6178],[-91.5388,63.7256],[-91.6747,63.7422],[-91.926,63.7571],[-91.956,63.7723],[-91.9538,63.7868],[-91.9194,63.8006],[-91.9289,63.8125],[-91.9822,63.8224],[-92.0376,63.813],[-92.0949,63.7844],[-92.1952,63.776],[-92.3384,63.7876],[-92.5501,63.8295],[-92.9702,63.9376],[-93.4297,64.0288],[-93.6963,64.1472],[-93.5967,64.0406],[-93.6049,64.0045],[-93.6558,63.9728],[-93.6642,63.9414],[-93.5598,63.8653],[-93.4156,63.838],[-93.2702,63.8409],[-93.2662,63.8533],[-93.3269,63.8723],[-93.3803,63.9],[-93.4059,63.9412],[-93.3785,63.9485],[-93.2504,63.9269],[-93.1659,63.9018],[-92.5292,63.7612],[-92.3392,63.7349],[-92.1965,63.7078],[-92.1569,63.6917],[-92.205,63.6568],[-92.461,63.5694],[-92.4651,63.5551],[-92.2896,63.563],[-92.0766,63.64],[-91.9568,63.6756],[-91.8418,63.6976],[-91.686,63.6597],[-91.4893,63.5622],[-91.3301,63.5068],[-91.1031,63.4759],[-90.9701,63.4428],[-90.7466,63.3516],[-90.7113,63.3041],[-90.6907,63.1105],[-90.6986,63.0639],[-90.7276,63.0175],[-90.7779,62.9716],[-90.8712,62.9459],[-91.0077,62.9404],[-91.1149,62.9216],[-91.3495,62.8189],[-91.449,62.8041],[-91.8696,62.8347],[-92.0342,62.8634],[-92.1101,62.8617],[-92.1521,62.8391],[-92.1961,62.8288],[-92.3613,62.8194],[-92.3881,62.8009],[-92.3777,62.7724],[-92.3453,62.7338],[-92.3052,62.7117],[-92.2432,62.6836],[-92.1491,62.6653],[-91.9559,62.6448],[-91.9358,62.5924],[-91.9444,62.5755],[-92.0079,62.5405],[-92.0812,62.5441],[-92.2072,62.5854],[-92.2695,62.587],[-92.3241,62.5646],[-92.4,62.5572],[-92.4974,62.5648],[-92.5514,62.5467],[-92.5622,62.5029],[-92.595,62.4701],[-92.7074,62.4182],[-92.768,62.38],[-92.766,62.35],[-92.7015,62.3282],[-92.6274,62.2791],[-92.544,62.2023],[-92.528,62.1684],[-92.5792,62.1773],[-92.6481,62.2078],[-92.7348,62.2597],[-92.8658,62.3062],[-93.1544,62.3668],[-93.2054,62.3649],[-93.1792,62.3496],[-92.9878,62.2859],[-92.9145,62.245],[-92.9055,62.2151],[-93.0659,62.1498],[-93.0703,62.1278],[-93.0277,62.1086],[-93.0163,62.0927],[-93.0734,62.0605],[-93.1675,62.0336],[-93.3498,62.0298],[-93.3664,62.0146],[-93.2969,61.9816],[-93.2734,61.9611],[-93.3331,61.9329],[-93.372,61.929],[-93.5818,61.942],[-93.5267,61.8716],[-93.4942,61.8469],[-93.4299,61.8121],[-93.3144,61.7798],[-93.312,61.7673],[-93.3523,61.7396],[-93.4206,61.7058],[-93.7097,61.6025],[-93.9127,61.4814],[-93.9409,61.4437],[-93.8893,61.3641],[-93.8888,61.344],[-93.942,61.308],[-94.0607,61.3178],[-94.0834,61.3037],[-94.0552,61.2662],[-94.05,61.2113],[-94.0678,61.1389],[-94.1541,61.0254],[-94.3087,60.871],[-94.4272,60.7307],[-94.5094,60.6045],[-94.5689,60.542],[-94.6788,60.5377],[-94.7617,60.4982],[-94.7053,60.4775],[-94.6707,60.4533],[-94.6468,60.4164],[-94.6704,60.3011],[-94.7416,60.1074],[-94.7858,59.9533],[-94.7767,59.4781],[-94.7883,59.2679],[-94.8195,59.1513],[-94.8703,59.088],[-94.9573,59.0688],[-94.8466,59.0503],[-94.7762,59.0206],[-94.7437,58.9754],[-94.7134,58.9033],[-94.6734,58.8701],[-94.6237,58.8757],[-94.5792,58.8685],[-94.5397,58.8484],[-94.4192,58.7455],[-94.2871,58.716],[-94.2808,58.6589],[-94.3326,58.3391],[-94.3322,58.2974],[-94.2722,58.378],[-94.2089,58.6264],[-94.1232,58.7367],[-94.0558,58.76],[-93.78,58.7726],[-93.4862,58.7445],[-93.375,58.741],[-93.2781,58.7564],[-93.1788,58.7256],[-93.1546,58.6946],[-93.1265,58.5644],[-93.1002,58.4898],[-92.9251,58.2245],[-92.8417,58.0759],[-92.7398,57.844],[-92.7017,57.7778],[-92.4896,57.4686],[-92.4494,57.3849],[-92.4328,57.3203],[-92.4398,57.275],[-92.4784,57.2053],[-92.5485,57.1109],[-92.6141,57.039],[-92.6752,56.9896],[-92.738,56.9526],[-92.8024,56.9283],[-92.7981,56.922],[-92.7253,56.9335],[-92.651,56.9583],[-92.5103,57.0223],[-92.4563,57.0367],[-92.3034,57.0458],[-92.2983,57.0228],[-92.3721,56.9751],[-92.3557,56.9706],[-92.249,57.009],[-92.018,57.0638],[-91.1113,57.2412],[-90.8975,57.2569],[-90.5922,57.2245],[-90.3448,57.1491],[-90.0752,57.0519],[-89.7908,56.9813],[-89.3423,56.9154],[-89.2116,56.8838],[-88.9485,56.8513],[-88.8265,56.8143],[-88.6799,56.725],[-88.4471,56.6087],[-88.2713,56.5357],[-88.0751,56.4673],[-87.8781,56.3416],[-87.5609,56.0563],[-87.4824,56.0213],[-87.2869,55.9747],[-86.9194,55.9146],[-86.377,55.7732],[-86.1387,55.7179],[-85.9845,55.6959],[-85.8305,55.6569],[-85.6767,55.6011],[-85.5593,55.5402],[-85.4785,55.4743],[-85.4073,55.4312],[-85.2827,55.3833],[-85.218,55.349],[-85.212,55.2975],[-85.362,55.0955],[-85.3653,55.0793],[-85.2136,55.2244],[-85.1289,55.2662],[-85.0609,55.2856],[-84.9199,55.2833],[-84.7058,55.2592],[-84.518,55.2589],[-84.3565,55.2825],[-84.2189,55.2931],[-84.1054,55.2908],[-84.023,55.2978],[-83.9718,55.3142],[-83.9106,55.3146],[-83.6677,55.2645],[-83.5695,55.2618],[-83.2144,55.2146],[-82.9863,55.2314],[-82.947,55.2222],[-82.8678,55.1607],[-82.8007,55.1559],[-82.6875,55.1655],[-82.5774,55.1487],[-82.3933,55.0678],[-82.3083,54.9981],[-82.2266,54.8559],[-82.2194,54.8135],[-82.3706,54.4835],[-82.4181,54.3558],[-82.4242,54.2446],[-82.3941,54.1805],[-82.2636,54.073],[-82.2399,54.0448],[-82.1626,53.8857],[-82.1415,53.8176],[-82.15,53.7396],[-82.1906,53.6109],[-82.1804,53.5128],[-82.1462,53.3646],[-82.1592,53.2642],[-82.2192,53.2115],[-82.2599,53.1598],[-82.2916,53.0661],[-82.2916,53.0307],[-82.2604,52.9611],[-82.2027,52.9217],[-82.108,52.8774],[-82.02,52.8116],[-81.8593,52.6514],[-81.7423,52.5636],[-81.5994,52.4326],[-81.5717,52.3673],[-81.6115,52.3241],[-81.6612,52.2939],[-81.7764,52.2536],[-81.8279,52.2242],[-81.8146,52.2172],[-81.648,52.2391],[-81.5495,52.2368],[-81.4662,52.2045],[-81.3981,52.1422],[-81.2851,52.0892],[-81.1272,52.0454],[-80.9685,51.9722],[-80.7055,51.7983],[-80.658,51.7583],[-80.588,51.6672],[-80.4958,51.5251],[-80.4476,51.4322],[-80.4433,51.3886],[-80.4955,51.3447],[-80.6727,51.2647],[-80.8512,51.125],[-80.795,51.1318],[-80.6772,51.1909],[-80.4783,51.3073],[-80.368,51.3299],[-80.2657,51.3164],[-80.1036,51.2829],[-79.9604,51.2352],[-79.8362,51.1733],[-79.6515,51.0078],[-79.4562,50.8756],[-79.3479,50.7626],[-79.3807,50.8345],[-79.4526,50.9173],[-79.6362,51.049],[-79.7145,51.1176],[-79.7314,51.1505],[-79.7375,51.1863],[-79.7232,51.2517],[-79.6888,51.3466],[-79.643,51.4135],[-79.5857,51.4524],[-79.5475,51.4938],[-79.528,51.5377],[-79.4976,51.5699],[-79.3387,51.6282],[-79.297,51.6228],[-79.2643,51.552],[-79.2261,51.5373],[-79.1527,51.5262],[-79.0909,51.5017],[-79.0405,51.4638],[-79.005,51.4253],[-78.9843,51.3864],[-78.9369,51.2591],[-78.9032,51.2003],[-78.8975,51.2717],[-78.858,51.3839],[-78.8274,51.43],[-78.7313,51.4975],[-78.7364,51.5266],[-78.7763,51.5658],[-78.9777,51.7338],[-78.9816,51.7746],[-78.9279,51.7988],[-78.8911,51.8451],[-78.8712,51.9134],[-78.8282,51.963],[-78.702,52.0327],[-78.5933,52.1397],[-78.5374,52.2133],[-78.4917,52.2521],[-78.4481,52.2614],[-78.5131,52.2911],[-78.5261,52.3107],[-78.5291,52.3992],[-78.5571,52.4919],[-78.6006,52.5351],[-78.7238,52.6277],[-78.7441,52.6554],[-78.7658,52.7601],[-78.7536,52.8124],[-78.7217,52.8564],[-78.7398,52.899],[-78.8541,52.9761],[-78.8982,53.0434],[-78.9471,53.2062],[-78.992,53.4104],[-79.0431,53.5605],[-79.1003,53.6566],[-79.1131,53.7172],[-79.0814,53.7423],[-79.0403,53.818],[-79.0032,53.8366],[-78.9457,53.8316],[-78.9444,53.8402],[-79.032,53.8811],[-79.0751,53.9324],[-79.0733,53.9514],[-78.996,54.0025],[-79.0099,54.024],[-79.0671,54.052],[-79.2418,54.0989],[-79.1788,54.1169],[-79.1388,54.1572],[-79.1467,54.1692],[-79.216,54.1857],[-79.2957,54.2168],[-79.3562,54.2634],[-79.4306,54.3366],[-79.476,54.3948],[-79.5207,54.4916],[-79.5979,54.6017],[-79.6317,54.6291],[-79.6704,54.6468],[-79.714,54.655],[-79.7124,54.6718],[-79.6655,54.6975],[-78.9092,54.8815],[-78.8462,54.908],[-78.475,55.011],[-78.3036,55.0686],[-78.1289,55.1513],[-77.8911,55.2364],[-77.7753,55.2913],[-77.7021,55.3442],[-77.325,55.5555],[-77.1651,55.6635],[-77.0726,55.7563],[-76.9381,55.8672],[-76.7618,55.9964],[-76.6505,56.1072],[-76.6041,56.1996],[-76.5464,56.3588],[-76.5298,56.5],[-76.5196,56.707],[-76.5256,56.8918],[-76.5729,57.1812],[-76.6014,57.2723],[-76.6554,57.3806],[-76.7863,57.5986],[-76.8098,57.658],[-76.8909,57.7581],[-77.1568,58.0189],[-77.4892,58.1953],[-77.5524,58.2396],[-77.6841,58.2914],[-77.8841,58.3507],[-78.0136,58.3992],[-78.3517,58.5807],[-78.463,58.6024],[-78.5059,58.6491],[-78.5151,58.6824],[-78.5023,58.7691],[-78.4826,58.8291],[-78.4587,58.8733],[-78.4305,58.9018],[-78.2444,59.0351],[-78.1402,59.1417],[-78.0677,59.2002],[-77.9876,59.2455],[-77.8428,59.305],[-77.7607,59.38],[-77.7794,59.4104],[-77.8447,59.4435],[-77.859,59.4758],[-77.749,59.5582],[-77.7335,59.581],[-77.7475,59.6585],[-77.7262,59.6759],[-77.5904,59.6805],[-77.3967,59.5692],[-77.3491,59.579],[-77.411,59.6096],[-77.4853,59.6846],[-77.4746,59.7157],[-77.3316,59.7966],[-77.3276,59.8334],[-77.3684,59.8844],[-77.3729,59.9251],[-77.2892,60.022],[-77.3118,60.0424],[-77.5472,60.0611],[-77.5859,60.0882],[-77.5722,60.101],[-77.4614,60.1335],[-77.4529,60.1458],[-77.6486,60.3625],[-77.6814,60.4271],[-77.5981,60.5067],[-77.5036,60.5427],[-77.5156,60.5632],[-77.6395,60.5669],[-77.715,60.5778],[-77.7908,60.6398],[-77.7612,60.6791],[-77.7342,60.697],[-77.6606,60.7895],[-77.5896,60.8086],[-77.603,60.8252],[-77.8715,60.7858],[-77.9981,60.8182],[-78.1225,60.8096],[-78.1813,60.8191],[-78.1597,60.8522],[-77.9342,61.0026],[-77.8301,61.084],[-77.765,61.1575],[-77.7306,61.2064],[-77.7268,61.2307],[-77.7496,61.393],[-77.7362,61.4374],[-77.6489,61.4787],[-77.5144,61.5563],[-77.6984,61.6264],[-77.8138,61.6948],[-77.8899,61.7287],[-77.9476,61.7619],[-78.0214,61.8321],[-78.0775,61.9234],[-78.1372,62.1074],[-78.147,62.2087],[-78.1334,62.2823],[-78.1086,62.3181],[-78.0681,62.3554],[-77.8999,62.4266],[-77.604,62.5314],[-77.3724,62.5725],[-77.2053,62.55],[-76.8794,62.5254],[-76.6164,62.4657],[-75.8169,62.3159],[-75.6755,62.2495],[-75.8092,62.1934],[-75.7898,62.1796],[-75.4888,62.2864],[-75.4092,62.3071],[-75.3412,62.3121],[-75.114,62.2708],[-75.0228,62.2645],[-74.9076,62.23],[-74.6326,62.1157],[-74.6129,62.1252],[-74.6899,62.1834],[-74.6458,62.2111],[-74.4292,62.2718],[-74.2055,62.3214],[-74.0465,62.37],[-73.8778,62.4344],[-73.764,62.4688],[-73.7051,62.4731],[-73.63,62.4542],[-73.4284,62.3688],[-73.299,62.325],[-73.1952,62.2792],[-73.0494,62.1982],[-72.9924,62.1804],[-72.8818,62.1254],[-72.735,62.1311],[-72.687,62.1246],[-72.6708,62.1139],[-72.646,62.0766],[-72.6331,62.0528],[-72.6321,62.0272],[-72.666,61.9553],[-72.7716,61.8404],[-72.7274,61.8386],[-72.6606,61.8632],[-72.5739,61.9071],[-72.5056,61.9227],[-72.3607,61.8878],[-72.2261,61.8316],[-72.1785,61.8018],[-72.1261,61.7532],[-72.0814,61.7283],[-72.04,61.6803],[-72.043,61.6647],[-72.082,61.6414],[-72.2471,61.6021],[-72.2159,61.5873],[-72.0231,61.612],[-71.9644,61.6363],[-71.9223,61.677],[-71.8661,61.6885],[-71.6383,61.6172],[-71.6048,61.5924],[-71.6194,61.5729],[-71.6562,61.5509],[-71.7558,61.5268],[-71.841,61.466],[-71.8544,61.4398],[-71.7937,61.4212],[-71.6453,61.4131],[-71.6464,61.3987],[-71.7321,61.3721],[-71.7435,61.3373],[-71.5515,61.2133],[-71.4227,61.1589],[-71.3484,61.149],[-71.1751,61.1465],[-71.035,61.1255],[-70.7232,61.0552],[-70.5408,61.0425],[-70.3836,61.064],[-70.2793,61.0687],[-70.1872,61.0405],[-70.158,61.0207],[-70.1441,60.9811],[-70.1459,60.9218],[-70.0953,60.8803],[-69.9924,60.8565],[-69.9092,60.8601],[-69.8004,60.9067],[-69.7084,60.9146],[-69.6776,60.9496],[-69.6504,61.0142],[-69.6236,61.0495],[-69.557,61.0597],[-69.5033,61.0404],[-69.4719,61.0109],[-69.4144,60.9225],[-69.3983,60.8829],[-69.4047,60.8468],[-69.4334,60.8143],[-69.4899,60.7796],[-69.5742,60.7427],[-69.6405,60.6898],[-69.7214,60.5674],[-69.7513,60.4875],[-69.7595,60.4402],[-69.7559,60.3885],[-69.7406,60.3323],[-69.7085,60.2859],[-69.6331,60.2204],[-69.6288,60.1986],[-69.6231,60.1455],[-69.6298,60.1221],[-69.6737,60.0759],[-69.7957,60.0297],[-69.9628,60.0178],[-70.5093,60.0152],[-70.6548,60.0262],[-70.6197,59.9843],[-70.4667,59.9708],[-70.3269,59.9714],[-69.8057,59.9449],[-69.7339,59.918],[-69.6734,59.8708],[-69.6302,59.8218],[-69.5874,59.7223],[-69.5794,59.6751],[-69.6023,59.6227],[-69.6562,59.5651],[-69.6924,59.4884],[-69.7109,59.3925],[-69.6819,59.3417],[-69.4,59.3378],[-69.344,59.3031],[-69.3504,59.2772],[-69.4505,59.18],[-69.4598,59.1524],[-69.4141,59.0869],[-69.4203,59.0682],[-69.4481,59.0492],[-69.4747,59],[-69.5001,58.9207],[-69.5316,58.8692],[-69.6082,58.8295],[-69.6484,58.8208],[-69.6773,58.8313],[-69.753,58.9396],[-69.7842,58.9557],[-69.8137,58.9456],[-69.8285,58.9288],[-69.8286,58.9054],[-69.8416,58.8812],[-69.8676,58.8562],[-69.9792,58.8164],[-70.16,58.7894],[-70.1543,58.7606],[-70.033,58.7452],[-69.8786,58.697],[-69.7899,58.6893],[-69.6505,58.7283],[-69.3818,58.8507],[-69.2711,58.8839],[-69.1735,58.8966],[-69.0636,58.8982],[-68.9415,58.8889],[-68.6982,58.9045],[-68.6373,58.8929],[-68.5629,58.8659],[-68.4749,58.8235],[-68.4143,58.7827],[-68.3812,58.7435],[-68.3265,58.5954],[-68.253,58.5566],[-68.2352,58.5282],[-68.2294,58.4846],[-68.2339,58.3992],[-68.3147,58.2269],[-68.3565,58.1632],[-68.4682,58.0763],[-68.5969,58.0369],[-68.8258,57.9999],[-68.9453,57.9688],[-69.0354,57.926],[-69.0408,57.9025],[-68.781,57.9758],[-68.4951,58.0117],[-68.4136,58.0518],[-68.3519,58.0907],[-68.2891,58.1777],[-68.1755,58.4026],[-68.111,58.4733],[-68.021,58.4853],[-67.9812,58.4612],[-67.8878,58.3294],[-67.8883,58.2958],[-67.9114,58.2672],[-68.0639,58.139],[-68.009,58.1521],[-67.8559,58.2726],[-67.8233,58.3103],[-67.8052,58.3655],[-67.756,58.4046],[-67.7371,58.3854],[-67.6897,58.2438],[-67.6882,58.1402],[-67.6806,58.107],[-67.6977,58.0087],[-67.6783,57.9911],[-67.6322,58.0761],[-67.6172,58.1403],[-67.5963,58.1861],[-67.5696,58.2135],[-67.382,58.3],[-67.1628,58.3704],[-67.0194,58.4329],[-66.9004,58.4628],[-66.7222,58.491],[-66.6079,58.5489],[-66.515,58.6973],[-66.48,58.7309],[-66.3624,58.7912],[-66.2985,58.7945],[-66.2374,58.7723],[-66.1682,58.7271],[-66.0909,58.659],[-66.0446,58.6056],[-66.0295,58.5668],[-66.017,58.4308],[-66.0024,58.4312],[-65.9312,58.5351],[-65.9229,58.572],[-65.9279,58.6109],[-65.9497,58.6499],[-66.0213,58.7348],[-66.0494,58.7879],[-66.0431,58.8207],[-65.967,58.8392],[-65.8548,58.8466],[-65.8359,58.8605],[-65.9184,58.8956],[-65.9207,58.9146],[-65.8414,58.9771],[-65.7948,58.9805],[-65.7036,58.9706],[-65.7219,59.0026],[-65.721,59.0238],[-65.6953,59.032],[-65.544,59.0119],[-65.5263,59.0362],[-65.3962,59.0384],[-65.3835,59.0602],[-65.496,59.0913],[-65.6063,59.1107],[-65.6398,59.1277],[-65.6656,59.1528],[-65.7,59.2133],[-65.6917,59.2294],[-65.6607,59.2297],[-65.6071,59.2131],[-65.578,59.245],[-65.5453,59.3197],[-65.5128,59.3504],[-65.4117,59.315],[-65.4073,59.3302],[-65.4894,59.4478],[-65.4751,59.4703],[-65.3497,59.4788],[-65.2738,59.4642],[-65.0743,59.378],[-65.0382,59.3879],[-65.0688,59.4115],[-65.1709,59.4623],[-65.2632,59.4955],[-65.3455,59.511],[-65.4074,59.5394],[-65.4752,59.6168],[-65.4865,59.6487],[-65.4809,59.6902],[-65.4334,59.7765],[-65.4062,59.7952],[-65.3579,59.8091],[-65.2888,59.8181],[-65.2123,59.8095],[-65.0545,59.7528],[-65.0282,59.7707],[-65.1133,59.8016],[-65.1592,59.8301],[-65.1814,59.8667],[-65.1717,59.908],[-65.1049,59.9934],[-65.0734,60.0622],[-64.9313,60.252],[-64.8896,60.2865],[-64.845,60.3083],[-64.8173,60.3311],[-64.7059,60.3361],[-64.4994,60.2683],[-64.4363,60.2281],[-64.4196,60.1714],[-64.5277,60.0945],[-64.7133,60.0372],[-64.7685,60.0121],[-64.7326,59.9976],[-64.5592,60.0434],[-64.4077,60.0648],[-64.2835,60.0641],[-64.1829,59.9729],[-64.1688,59.8465],[-64.2263,59.7412],[-64.1507,59.7936],[-64.0561,59.8226],[-63.9787,59.7537],[-63.9695,59.6976],[-63.9288,59.6449],[-63.8413,59.5744],[-63.7502,59.5126],[-63.8504,59.4478],[-63.9707,59.4091],[-63.9455,59.3802],[-63.7809,59.3493],[-63.7586,59.3187],[-63.7759,59.2771],[-63.752,59.2773],[-63.6375,59.3415],[-63.5399,59.3329],[-63.4151,59.1944],[-63.5062,59.1152],[-63.6455,59.0789],[-63.7564,59.0635],[-63.9105,59.0656],[-63.9711,59.0538],[-63.941,59.0274],[-63.7937,59.027],[-63.5679,59.047],[-63.399,59.0796],[-63.3255,59.0816],[-63.2484,59.0683],[-63.2225,59.0572],[-63.3037,59.0344],[-63.3099,59.0265],[-63.2794,59.0032],[-63.2164,58.928],[-63.2219,58.911],[-63.2821,58.8674],[-63.1854,58.8578],[-63.0503,58.8782],[-63.0083,58.8554],[-62.9261,58.765],[-62.8739,58.6725],[-63.1023,58.5458],[-63.2187,58.5195],[-63.3899,58.4525],[-63.4379,58.3988],[-63.5371,58.3299],[-63.4736,58.3307],[-63.2965,58.4412],[-63.21,58.4669],[-63.1455,58.4604],[-63.1195,58.4417],[-63.1321,58.4108],[-63.0757,58.4148],[-62.8374,58.4794],[-62.7373,58.4922],[-62.6079,58.4964],[-62.5938,58.474],[-62.6743,58.3192],[-62.8121,58.2004],[-63.0628,58.1271],[-63.1517,58.0842],[-63.2615,58.0147],[-63.22,58.0021],[-62.9809,58.0933],[-62.8175,58.1292],[-62.5881,58.1581],[-62.4862,58.1541],[-62.3057,57.9723],[-62.2015,57.9546],[-62.1174,57.9641],[-61.9586,57.9118],[-61.8991,57.8613],[-61.9141,57.825],[-61.9678,57.8033],[-61.9949,57.7694],[-61.9312,57.6686],[-61.968,57.6119],[-62.084,57.5619],[-62.1669,57.5366],[-62.2536,57.5288],[-62.3386,57.4845],[-62.3771,57.478],[-62.4956,57.4892],[-62.455,57.462],[-62.3965,57.4482],[-62.3032,57.4407],[-62.1942,57.4546],[-62.0881,57.4528],[-61.9211,57.4208],[-61.8511,57.3813],[-61.8498,57.3704],[-61.8858,57.3479],[-61.9389,57.2744],[-61.9774,57.2479],[-61.9445,57.2281],[-61.8608,57.1976],[-61.7983,57.1862],[-61.7163,57.1962],[-61.6285,57.1832],[-61.3337,57.0106],[-61.3458,56.9216],[-61.3905,56.853],[-61.3728,56.7758],[-61.3716,56.6808],[-61.5317,56.6546],[-62.0625,56.6991],[-62.3661,56.767],[-62.3817,56.7877],[-62.2958,56.8328],[-62.372,56.8362],[-62.4602,56.8185],[-62.4973,56.8017],[-62.3955,56.73],[-62.1165,56.6668],[-61.9916,56.5908],[-61.8549,56.5843],[-61.8134,56.5705],[-61.7377,56.526],[-61.7601,56.5107],[-61.8994,56.5054],[-62.0097,56.4539],[-61.9404,56.4236],[-61.6925,56.3971],[-61.5146,56.3903],[-61.4253,56.3606],[-61.4987,56.3276],[-61.7071,56.2887],[-61.7131,56.231],[-61.5586,56.2078],[-61.4211,56.2218],[-61.3647,56.216],[-61.3244,56.0762],[-61.3011,56.0472],[-61.4489,56.0224],[-61.4495,55.9957],[-61.3513,55.9737],[-61.1879,55.9554],[-61.1339,55.9303],[-61.123,55.8886],[-61.0894,55.8664],[-60.9958,55.8624],[-60.8927,55.9142],[-60.8318,55.9579],[-60.7433,55.9415],[-60.7366,55.887],[-60.631,55.825],[-60.5926,55.8148],[-60.5621,55.727],[-60.4758,55.8051],[-60.4126,55.7886],[-60.341,55.7847],[-60.3654,55.7091],[-60.4083,55.6496],[-60.352,55.6124],[-60.3083,55.557],[-60.1924,55.4809],[-60.224,55.4444],[-60.3609,55.3663],[-60.4331,55.2428],[-60.4501,55.2],[-60.5205,55.129],[-60.6171,55.0602],[-60.5565,55.0675],[-60.3408,55.1939],[-60.2125,55.2364],[-59.9303,55.2594],[-59.8621,55.2949],[-59.7588,55.3096],[-59.6955,55.2691],[-59.6891,55.1963],[-59.6055,55.1733],[-59.5177,55.1974],[-59.4379,55.1759],[-59.4858,55.1302],[-59.7417,54.9426],[-59.8164,54.8672],[-59.8378,54.814],[-59.7499,54.887],[-59.4286,55.0555],[-59.3942,55.0807],[-59.3242,55.1528],[-59.2596,55.2],[-59.0863,55.1833],[-58.9971,55.1495],[-58.9558,55.0551],[-58.8858,54.9522],[-58.7802,54.8384],[-58.4999,54.7831],[-58.3981,54.7741],[-58.2229,54.8127],[-58.1953,54.8659],[-58.0585,54.8822],[-57.9625,54.8757],[-57.9293,54.7731],[-57.8269,54.7187],[-57.7249,54.6737],[-57.6266,54.6503],[-57.483,54.6403],[-57.4045,54.5909],[-57.4044,54.5704],[-57.4854,54.5175],[-57.5632,54.4404],[-57.6993,54.3866],[-57.8891,54.3841],[-58.1514,54.3504],[-58.1619,54.32],[-58.2197,54.2865],[-58.3591,54.2533],[-58.4352,54.2281],[-58.5584,54.103],[-58.6332,54.0496],[-58.7194,54.0394],[-58.8408,54.0445],[-58.9202,54.0331],[-58.9785,54.0103],[-59.0126,53.9763],[-59.0388,53.9636],[-59.2014,53.9291],[-59.4965,53.8342],[-59.6527,53.8313],[-59.7495,53.8423],[-59.823,53.8344],[-59.8733,53.8078],[-60.0142,53.7616],[-60.0565,53.7333],[-60.0813,53.701],[-60.1005,53.6342],[-60.1173,53.6101],[-60.1449,53.5961],[-60.2633,53.6101],[-60.3954,53.6533],[-60.3695,53.6075],[-60.1603,53.53],[-60.1003,53.487],[-60.1571,53.4498],[-60.2903,53.3915],[-60.3058,53.3601],[-60.2512,53.3436],[-60.2727,53.3171],[-60.3457,53.289],[-60.3295,53.2661],[-60.1483,53.3065],[-59.9871,53.3928],[-59.8817,53.4801],[-59.8291,53.5045],[-59.6211,53.5368],[-59.4981,53.5748],[-59.3223,53.6438],[-59.1294,53.7439],[-58.9196,53.8753],[-58.6521,53.9779],[-58.3267,54.0518],[-58.0881,54.0895],[-57.936,54.0912],[-57.9283,54.1036],[-58.0648,54.1268],[-58.1774,54.1313],[-58.3175,54.1145],[-58.3608,54.1545],[-58.3562,54.1719],[-58.31,54.2017],[-58.1921,54.2282],[-57.6149,54.1911],[-57.4161,54.1627],[-57.1989,53.9244],[-57.149,53.8477],[-57.135,53.7918],[-57.1569,53.7569],[-57.244,53.7155],[-57.4895,53.6331],[-57.5241,53.6114],[-57.5273,53.5999],[-57.4202,53.5833],[-57.3861,53.5605],[-57.3317,53.4691],[-57.2214,53.5285],[-57.0122,53.6726],[-56.8409,53.7395],[-56.6966,53.7577],[-56.5243,53.7665],[-56.465,53.765],[-56.4443,53.7183],[-56.354,53.6245],[-56.2702,53.6001],[-56.1102,53.5876],[-55.9661,53.4711],[-55.9112,53.3908],[-55.8594,53.3439],[-55.8634,53.3123],[-55.8548,53.2858],[-55.8169,53.2458],[-55.7979,53.212],[-55.8082,53.1347],[-55.8923,53.0004],[-55.8299,52.8784],[-55.8579,52.8234],[-55.8725,52.7357],[-55.8187,52.6771],[-55.8028,52.6432],[-55.8484,52.6233],[-56.167,52.5748],[-56.2924,52.5738],[-56.3249,52.5445],[-56.2284,52.536],[-56.0526,52.5374],[-55.8402,52.5076],[-55.7465,52.4746],[-55.706,52.4283],[-55.7162,52.3915],[-55.7771,52.3643],[-55.8967,52.3696],[-56.0117,52.3945],[-56.0046,52.3704],[-55.8336,52.3104],[-55.7835,52.2799],[-55.6911,52.2416],[-55.6728,52.1901],[-55.6952,52.1378],[-56.0175,51.9293],[-56.2826,51.7971],[-56.5486,51.681],[-56.976,51.4577],[-57.0183,51.4468],[-57.0956,51.4425],[-57.2992,51.4783],[-57.4617,51.4691],[-57.7696,51.4259],[-57.8538,51.3995],[-58.0227,51.3221],[-58.0894,51.311],[-58.2705,51.2952],[-58.4423,51.3059],[-58.5104,51.2951],[-58.5933,51.2571],[-58.6147,51.2371],[-58.6376,51.1717],[-59.0549,50.8791],[-59.1654,50.7799],[-59.378,50.6754],[-59.6119,50.4921],[-59.8153,50.4183],[-59.8863,50.3164],[-60.0802,50.2546],[-60.4381,50.2389],[-60.6082,50.2211],[-60.8072,50.2498],[-60.9563,50.2054],[-61.1807,50.1915],[-61.2897,50.202],[-61.7249,50.1041],[-61.8354,50.197],[-61.9195,50.2329],[-62.1652,50.2389],[-62.3617,50.2773],[-62.5409,50.2845],[-62.7154,50.3017],[-62.8302,50.3015],[-62.9498,50.2914],[-63.1356,50.2938],[-63.2386,50.2426],[-63.5867,50.2582],[-63.7336,50.3046],[-63.854,50.3144],[-64.0158,50.304],[-64.1704,50.2694],[-64.5089,50.3089],[-64.8679,50.2755],[-65.1809,50.2979],[-65.2686,50.32],[-65.7625,50.2593],[-65.9554,50.2941],[-66.1255,50.201],[-66.2422,50.2204],[-66.3688,50.2066],[-66.4111,50.2243],[-66.4955,50.2119],[-66.55,50.1612],[-66.6217,50.1554],[-66.7409,50.0655],[-66.9412,49.9937],[-67.2344,49.6018],[-67.2619,49.4512],[-67.372,49.3484],[-67.4692,49.3346],[-67.5493,49.3323],[-68.0563,49.2568],[-68.2819,49.1972],[-68.2206,49.1497],[-68.2945,49.1144],[-68.4144,49.0995],[-68.5438,49.0562],[-68.6279,49.0072],[-68.669,48.9395],[-68.9291,48.829],[-69.2308,48.5736],[-69.375,48.3864],[-69.5501,48.2508],[-69.6739,48.1992],[-69.7619,48.1912],[-69.8517,48.2074],[-70.001,48.2709],[-70.1106,48.278],[-70.3837,48.3665],[-71.0183,48.4556],[-70.9226,48.4223],[-70.8388,48.3674],[-70.6711,48.3532],[-70.5006,48.3543],[-70.1453,48.2436],[-69.9712,48.2058],[-69.8655,48.1723],[-69.775,48.0981],[-69.8398,47.9526],[-69.9056,47.8322],[-69.9944,47.7399],[-70.3001,47.503],[-70.448,47.4234],[-70.7059,47.1398],[-70.9727,47.0067],[-71.1156,46.925],[-71.2678,46.7959],[-71.6248,46.6984],[-71.7573,46.6736],[-71.8796,46.6868],[-72.0285,46.6074],[-72.2046,46.5589],[-72.2566,46.4851],[-72.6801,46.2873],[-72.8427,46.2624],[-72.981,46.2097],[-73.0219,46.1203],[-73.1454,46.0663],[-73.2835,45.8999],[-73.4766,45.7382],[-73.7119,45.7112],[-73.7979,45.6549],[-73.8974,45.5642],[-74.0378,45.5019],[-74.3151,45.5311],[-74.2477,45.4929],[-73.9996,45.4333],[-73.9738,45.3451],[-74.0981,45.324],[-74.3583,45.2064],[-74.7089,45.0039]]],[[[-96.7823,72.9366],[-96.9438,72.9267],[-97.0928,72.9969],[-97.0977,73.0624],[-97.0877,73.0985],[-97.0692,73.1302],[-97.015,73.1573],[-96.8624,73.1888],[-96.7932,73.1655],[-96.7678,73.1373],[-96.7444,73.1263],[-96.646,73.1019],[-96.5985,73.0738],[-96.6035,73.0416],[-96.6354,72.9924],[-96.6706,72.9609],[-96.7092,72.947],[-96.7823,72.9366]]],[[[-114.5215,72.5929],[-114.4581,72.5804],[-114.3424,72.5908],[-114.1745,72.6241],[-113.9578,72.6515],[-113.6924,72.6728],[-113.6222,72.6468],[-113.5781,72.6521],[-113.5,72.6944],[-113.4861,72.7223],[-113.4959,72.7537],[-113.4914,72.8221],[-113.4499,72.8632],[-113.2924,72.9498],[-113.208,72.981],[-113.0735,72.9953],[-112.7536,72.986],[-112.4538,72.9366],[-112.0481,72.888],[-111.4554,72.7659],[-111.2697,72.7137],[-111.2504,72.6686],[-111.3555,72.5721],[-111.6109,72.4356],[-111.816,72.3863],[-111.8952,72.3561],[-111.7616,72.3353],[-111.6751,72.3001],[-111.5436,72.3509],[-111.4474,72.4077],[-111.3112,72.4548],[-111.2648,72.459],[-111.2534,72.4491],[-111.2771,72.4249],[-111.2873,72.4011],[-111.2837,72.378],[-111.2681,72.3639],[-111.1846,72.3566],[-111.1399,72.3653],[-110.959,72.432],[-110.7815,72.5339],[-110.5125,72.5997],[-110.4393,72.6333],[-110.2051,72.6613],[-110.208,72.6811],[-110.1972,72.7589],[-110.2791,72.792],[-110.5536,72.8614],[-110.6894,72.9445],[-110.6608,73.0082],[-110.5093,72.9989],[-110.0946,72.9921],[-110.0084,72.9836],[-109.61,72.8757],[-109.4691,72.8084],[-109.3571,72.775],[-109.1219,72.7264],[-109.043,72.6869],[-108.9874,72.6708],[-108.9682,72.6541],[-108.9854,72.6368],[-108.9944,72.596],[-108.9508,72.5829],[-108.7979,72.5675],[-108.755,72.5511],[-108.6983,72.4993],[-108.6277,72.412],[-108.5664,72.3173],[-108.4696,72.1388],[-108.2764,71.9004],[-108.2104,71.7512],[-108.1882,71.7238],[-108.1447,71.7049],[-108.0208,71.6775],[-107.9253,71.6387],[-107.8128,71.6262],[-107.7854,71.6297],[-107.7575,71.663],[-107.6873,71.7161],[-107.3469,71.8192],[-107.3293,71.8353],[-107.3694,71.859],[-107.3818,71.8751],[-107.3769,71.8861],[-107.306,71.8947],[-107.5426,72.0253],[-107.6958,72.1493],[-107.794,72.3026],[-107.809,72.3475],[-107.8237,72.4428],[-107.8556,72.4678],[-107.9098,72.4908],[-107.9325,72.5204],[-107.9237,72.5566],[-107.9344,72.5877],[-107.9972,72.6527],[-108.2382,73.1058],[-108.2374,73.1499],[-108.2042,73.1831],[-108.1183,73.2021],[-107.9799,73.2067],[-107.9362,73.2171],[-107.9871,73.2331],[-108.0775,73.2814],[-108.0894,73.3037],[-108.0291,73.3487],[-107.72,73.3291],[-107.4963,73.2884],[-107.1135,73.1921],[-107.0744,73.1974],[-107.0325,73.2453],[-106.9508,73.276],[-106.8284,73.2659],[-106.4821,73.1962],[-106.0816,73.0719],[-105.8127,73.0106],[-105.6242,72.9275],[-105.4959,72.849],[-105.4151,72.7883],[-105.4117,72.7646],[-105.4301,72.7404],[-105.4111,72.7087],[-105.3545,72.6697],[-105.3232,72.6348],[-105.2976,72.5604],[-105.2469,72.4636],[-105.2341,72.4151],[-104.8783,71.98],[-104.8103,71.9032],[-104.767,71.8676],[-104.5183,71.6992],[-104.3859,71.577],[-104.3731,71.4951],[-104.3554,71.4717],[-104.3496,71.434],[-104.3558,71.3821],[-104.3849,71.3375],[-104.4368,71.3003],[-104.4871,71.2479],[-104.5631,71.1324],[-104.5696,71.1041],[-104.5148,71.0643],[-104.1668,70.9272],[-103.9535,70.7626],[-103.8535,70.7338],[-103.5846,70.6309],[-103.2947,70.5725],[-103.1972,70.5473],[-103.105,70.5103],[-103.0772,70.5088],[-103.0212,70.5158],[-103.0052,70.5259],[-103.0012,70.541],[-103.0828,70.6191],[-103.0886,70.6497],[-103.0496,70.6551],[-102.7505,70.5219],[-102.5892,70.4688],[-102.3688,70.4132],[-101.9898,70.2851],[-101.9372,70.2746],[-101.7322,70.2864],[-101.6763,70.2783],[-101.6412,70.2656],[-101.6268,70.2483],[-101.6185,70.1724],[-101.5624,70.135],[-101.2392,70.151],[-101.1485,70.1476],[-101.0908,70.1357],[-101.0427,70.1108],[-100.9733,70.0295],[-100.9091,69.8692],[-100.9057,69.8117],[-100.9351,69.7153],[-100.9824,69.6799],[-101.0437,69.6687],[-101.2162,69.6796],[-101.3373,69.7103],[-101.4001,69.7493],[-101.4567,69.8339],[-101.4838,69.8502],[-101.5084,69.8332],[-101.5651,69.7557],[-101.6025,69.7213],[-101.6477,69.6985],[-101.7336,69.7042],[-101.8603,69.7381],[-102.0979,69.8246],[-102.1821,69.8459],[-102.2343,69.8422],[-102.3481,69.813],[-102.5235,69.7582],[-102.5959,69.7179],[-102.5652,69.6922],[-102.5449,69.6598],[-102.5349,69.6208],[-102.5409,69.5921],[-102.5631,69.5736],[-102.6211,69.5515],[-102.7436,69.5478],[-102.9198,69.5646],[-103.0592,69.5947],[-103.3032,69.6743],[-103.3593,69.6854],[-103.4348,69.6677],[-103.4649,69.6445],[-103.418,69.6114],[-103.294,69.5685],[-103.1424,69.4973],[-103.1019,69.4833],[-103.0627,69.4849],[-103.0489,69.4718],[-103.0318,69.4335],[-103.0398,69.3676],[-103.1127,69.236],[-103.1202,69.2046],[-103.0903,69.212],[-102.8841,69.3413],[-102.7774,69.3776],[-102.5465,69.4345],[-102.4468,69.4763],[-102.1514,69.4877],[-102.0459,69.4648],[-101.9782,69.4251],[-101.9755,69.407],[-102.0529,69.3604],[-102.0669,69.3371],[-102.0709,69.3076],[-102.064,69.2812],[-102.0461,69.2577],[-101.993,69.236],[-101.8991,69.2455],[-101.8729,69.2399],[-101.8225,69.2171],[-101.7893,69.1816],[-101.7878,69.1323],[-101.8571,69.024],[-101.9806,68.9885],[-102.3588,68.9229],[-102.4884,68.8889],[-102.7383,68.865],[-102.8349,68.8333],[-102.8951,68.8236],[-103.1623,68.8287],[-103.4682,68.8085],[-103.8204,68.848],[-104.0673,68.8656],[-104.3527,68.9282],[-104.4602,68.9124],[-104.5714,68.8721],[-105.1059,68.9204],[-105.1693,68.9554],[-105.1483,68.9781],[-105.0216,69.0525],[-105.0136,69.0681],[-105.0196,69.0812],[-105.2624,69.094],[-105.533,69.1335],[-105.805,69.1532],[-106.0084,69.1476],[-106.1409,69.162],[-106.2702,69.1946],[-106.3412,69.2244],[-106.354,69.2512],[-106.3557,69.2806],[-106.3442,69.3396],[-106.3614,69.3811],[-106.42,69.4138],[-106.5398,69.4431],[-106.6591,69.4396],[-106.76,69.4071],[-106.8558,69.3473],[-107.0334,69.1808],[-107.1225,69.1523],[-107.3534,69.0317],[-107.4399,69.0021],[-107.8634,68.9543],[-108.365,68.9348],[-108.5525,68.8974],[-108.7304,68.8274],[-108.9459,68.7598],[-109.4721,68.6767],[-109.9585,68.6303],[-110.4676,68.61],[-110.8481,68.5784],[-110.9572,68.5942],[-111.1276,68.5883],[-111.3109,68.542],[-111.5181,68.5331],[-112.3049,68.5162],[-112.6662,68.4853],[-112.8643,68.4771],[-113.0195,68.4813],[-113.1277,68.4941],[-113.2314,68.5354],[-113.3381,68.5988],[-113.5548,68.7676],[-113.6168,68.8385],[-113.5925,68.9599],[-113.6085,69.0302],[-113.6807,69.182],[-113.6941,69.195],[-114.0734,69.2513],[-114.3229,69.2691],[-114.6991,69.2728],[-115.159,69.2647],[-115.6181,69.283],[-115.8607,69.3036],[-116.1016,69.3372],[-116.5135,69.4246],[-116.5368,69.4335],[-116.5688,69.4627],[-116.6095,69.512],[-116.712,69.5762],[-116.9928,69.7194],[-117.104,69.8042],[-117.122,69.8259],[-117.1486,69.8881],[-117.184,69.9911],[-117.1954,70.0541],[-117.1627,70.0925],[-117.1354,70.1001],[-116.5538,70.175],[-115.5291,70.2571],[-114.5923,70.3125],[-114.167,70.3075],[-113.9166,70.2815],[-113.6655,70.2697],[-113.2107,70.2638],[-112.6379,70.2252],[-112.5228,70.2286],[-112.266,70.2547],[-112.1896,70.2756],[-111.7837,70.2729],[-111.7049,70.2857],[-111.6326,70.3088],[-111.7258,70.3521],[-112.1142,70.4469],[-113.1455,70.6164],[-113.397,70.6524],[-113.7573,70.6907],[-113.9661,70.6962],[-114.2322,70.6743],[-114.3314,70.6752],[-114.5926,70.6422],[-114.8407,70.6214],[-115.3112,70.6012],[-115.9909,70.5863],[-116.0861,70.5907],[-116.2259,70.6164],[-116.3273,70.6237],[-116.9925,70.6037],[-117.5871,70.6295],[-118.2641,70.8883],[-118.3765,70.9677],[-118.3525,71],[-118.2691,71.0347],[-117.9338,71.1347],[-117.8141,71.1584],[-117.314,71.2121],[-116.8153,71.277],[-116.4215,71.338],[-116.2282,71.3592],[-116.0421,71.3617],[-115.8917,71.3818],[-115.9223,71.4011],[-116.0453,71.4231],[-116.0439,71.4543],[-115.9803,71.4693],[-115.7337,71.4851],[-115.4719,71.4658],[-115.341,71.4724],[-115.3034,71.4937],[-115.3381,71.5109],[-115.5867,71.5464],[-116.7803,71.4442],[-117.3371,71.4346],[-117.7233,71.3907],[-117.9356,71.3921],[-118.1882,71.4359],[-118.2219,71.4491],[-118.2265,71.4671],[-118.1483,71.5257],[-117.8784,71.5608],[-117.7423,71.6593],[-117.8876,71.661],[-118.3715,71.6399],[-118.583,71.649],[-118.8684,71.6868],[-118.9521,71.7317],[-118.9877,71.7643],[-118.9938,71.803],[-118.9842,71.9131],[-118.9598,71.9722],[-118.9446,71.9855],[-118.5898,72.1675],[-118.3687,72.2055],[-118.2135,72.2629],[-118.2075,72.2869],[-118.2459,72.311],[-118.3905,72.3695],[-118.4486,72.3992],[-118.4813,72.4277],[-118.4566,72.4725],[-118.3745,72.5339],[-118.1331,72.6328],[-117.5517,72.8311],[-117.2564,72.9144],[-116.9717,72.9593],[-116.5732,73.0549],[-115.5522,73.2135],[-114.6382,73.3727],[-114.3019,73.3307],[-114.2064,73.2978],[-114.164,73.2698],[-114.1271,73.2307],[-114.0955,73.1803],[-114.0517,73.071],[-114.0461,73.0146],[-114.0538,72.9581],[-114.0748,72.9068],[-114.1092,72.861],[-114.1777,72.8051],[-114.2803,72.7391],[-114.4979,72.6259],[-114.5215,72.5929]]],[[[-105.2889,72.9199],[-105.3394,72.9149],[-105.4341,72.938],[-105.573,72.9893],[-105.8001,73.0933],[-106.071,73.1964],[-106.1126,73.2581],[-106.18,73.3041],[-106.5257,73.4134],[-106.7504,73.4577],[-106.9215,73.4798],[-106.9497,73.5104],[-106.831,73.5991],[-106.6948,73.6699],[-106.614,73.6956],[-106.3621,73.7186],[-105.5123,73.7658],[-105.318,73.7671],[-105.1145,73.7444],[-104.8347,73.6473],[-104.7183,73.6363],[-104.6488,73.6144],[-104.5875,73.5781],[-104.5551,73.5411],[-104.5523,73.4656],[-104.5829,73.3539],[-104.6217,73.3111],[-104.791,73.1676],[-104.9687,73.0887],[-105.0026,73.0375],[-105.0746,72.997],[-105.2006,72.9473],[-105.2889,72.9199]]],[[[-79.5373,73.6545],[-79.3668,73.6414],[-78.2865,73.6658],[-78.0629,73.6477],[-77.3821,73.5367],[-77.2065,73.4996],[-77.1198,73.4505],[-77.0415,73.373],[-77.0053,73.3561],[-76.7587,73.31],[-76.6573,73.2542],[-76.6216,73.2253],[-76.5698,73.1593],[-76.4584,73.1218],[-76.3312,73.1005],[-76.2896,73.081],[-76.3096,72.9979],[-76.2553,72.9592],[-76.1351,72.9124],[-76.09,72.8812],[-76.1834,72.8431],[-76.4005,72.8207],[-77.0136,72.844],[-77.8359,72.8968],[-78.3142,72.8818],[-78.5541,72.8577],[-79.1342,72.7716],[-79.3193,72.7577],[-79.5005,72.756],[-79.8207,72.8263],[-79.9369,72.8636],[-79.9753,72.8925],[-80.0516,72.977],[-80.1145,73.0782],[-80.1464,73.1613],[-80.1833,73.2247],[-80.2927,73.2456],[-80.6179,73.2708],[-80.7269,73.3055],[-80.7764,73.3342],[-80.8242,73.3807],[-80.8229,73.429],[-80.798,73.4715],[-80.777,73.482],[-80.7358,73.4831],[-80.827,73.5347],[-80.8585,73.5914],[-80.8607,73.6706],[-80.8489,73.7212],[-80.8229,73.7435],[-80.7627,73.7578],[-80.6214,73.7673],[-80.4123,73.7654],[-80.1203,73.7071],[-79.8894,73.7015],[-79.5373,73.6545]]],[[[-86.5894,71.0108],[-86.5497,70.9888],[-86.3213,71.0168],[-86.1271,71.049],[-85.8246,71.1257],[-85.6438,71.1524],[-85.0949,71.152],[-85.0016,71.1375],[-85.0428,71.0916],[-85.0658,71.0786],[-85.0477,71.0587],[-84.9885,71.0317],[-84.8703,71.0018],[-84.8237,71.0286],[-84.7896,71.0933],[-84.7086,71.3587],[-84.6743,71.4388],[-84.6581,71.5146],[-84.66,71.5861],[-84.6994,71.6314],[-84.8401,71.6586],[-85.0322,71.6541],[-85.1309,71.6612],[-85.2505,71.6753],[-85.3391,71.6973],[-85.3967,71.7271],[-85.5115,71.8166],[-85.5962,71.8664],[-85.8133,71.9564],[-85.9116,71.9865],[-85.8621,72.022],[-85.6648,72.0628],[-85.5458,72.1016],[-85.4059,72.2148],[-85.3219,72.2332],[-85.0187,72.2182],[-84.6085,72.1295],[-84.3517,72.0526],[-84.2837,72.0445],[-84.2823,72.0584],[-84.3475,72.0944],[-84.643,72.1896],[-84.7775,72.2588],[-84.842,72.3082],[-84.811,72.3295],[-84.6447,72.3514],[-84.623,72.3766],[-84.8494,72.4062],[-84.9642,72.4056],[-85.0568,72.3844],[-85.1564,72.3829],[-85.3411,72.4215],[-85.3913,72.444],[-85.4978,72.5106],[-85.5537,72.5686],[-85.6156,72.6046],[-85.6379,72.6332],[-85.6499,72.7222],[-85.6445,72.7745],[-85.6194,72.8192],[-85.5746,72.8564],[-85.4548,72.9251],[-85.3876,72.945],[-85.2621,72.954],[-84.9896,72.9199],[-84.2566,72.7967],[-84.2743,72.8364],[-85.094,73.0026],[-85.3839,73.0454],[-85.4547,73.1055],[-85.0184,73.3355],[-84.6161,73.3896],[-84.4161,73.4565],[-84.089,73.4594],[-83.7819,73.4169],[-83.7765,73.4285],[-83.915,73.5084],[-83.9041,73.5283],[-83.7298,73.5759],[-83.4104,73.6317],[-83.0205,73.676],[-82.9432,73.6991],[-82.8433,73.7154],[-82.6596,73.7296],[-82.2028,73.7365],[-81.9461,73.7298],[-81.6054,73.696],[-81.4062,73.6345],[-81.3441,73.5978],[-81.2383,73.4795],[-81.1518,73.314],[-81.0251,73.2452],[-80.8217,73.2072],[-80.6812,73.1658],[-80.6035,73.1212],[-80.5828,73.0649],[-80.6191,72.9972],[-80.5919,72.9277],[-80.5009,72.8566],[-80.4308,72.8163],[-80.2772,72.7702],[-80.2747,72.7456],[-80.3227,72.7175],[-80.4243,72.6789],[-80.6751,72.5586],[-80.9987,72.4262],[-81.2293,72.3117],[-81.2406,72.2779],[-80.7608,72.4572],[-80.6115,72.4508],[-80.6047,72.4258],[-80.7024,72.3383],[-80.8215,72.2603],[-80.9412,72.2102],[-80.9193,72.1913],[-80.6914,72.1035],[-80.7333,72.089],[-80.8433,72.0962],[-80.8884,72.0883],[-80.9211,72.0723],[-80.9414,72.0482],[-80.9427,72.0144],[-80.925,71.9707],[-80.9268,71.9381],[-80.9479,71.9166],[-80.9251,71.9077],[-80.8584,71.9114],[-80.8022,71.9292],[-80.7054,71.9881],[-80.3861,72.1488],[-80.1819,72.2088],[-80.1161,72.2141],[-79.9283,72.175],[-79.8844,72.1772],[-80.0909,72.3009],[-80.1089,72.3322],[-80.067,72.3783],[-80.0418,72.3942],[-79.9267,72.4282],[-79.8313,72.4463],[-79.7779,72.4387],[-79.6933,72.3759],[-79.6539,72.3322],[-79.5837,72.3146],[-79.4274,72.3373],[-79.3233,72.3908],[-79.1944,72.3557],[-79.0002,72.272],[-79.018,72.1882],[-79.0178,72.1043],[-79.0078,72.0429],[-78.7759,71.9304],[-78.6145,71.881],[-78.5851,71.8806],[-78.5889,71.8975],[-78.6226,71.935],[-78.7111,71.9724],[-78.7908,72.0303],[-78.8627,72.1008],[-78.8201,72.2654],[-78.6993,72.3514],[-78.5825,72.3293],[-78.4288,72.2798],[-78.3075,72.2751],[-78.1164,72.2803],[-77.726,72.18],[-77.5165,72.1778],[-77.5357,72.2188],[-77.6945,72.2384],[-77.9262,72.2938],[-78.2872,72.3598],[-78.4531,72.4352],[-78.4843,72.4706],[-78.4795,72.5087],[-78.4588,72.5423],[-78.4224,72.5715],[-78.3502,72.6002],[-78.001,72.6876],[-77.7532,72.7248],[-77.5668,72.7369],[-77.2554,72.7359],[-76.8935,72.7207],[-76.6979,72.6951],[-76.4732,72.6333],[-76.1888,72.5722],[-76.0873,72.5613],[-75.9688,72.5627],[-75.8332,72.5765],[-75.7043,72.5715],[-75.2942,72.4809],[-75.1858,72.4342],[-75.1201,72.3777],[-75.0715,72.3229],[-75.0398,72.2696],[-75.0527,72.2264],[-75.3941,72.0398],[-75.5428,72.008],[-75.641,71.9372],[-75.7874,71.8031],[-75.9113,71.7313],[-75.9228,71.7172],[-75.8968,71.7137],[-75.8221,71.7459],[-75.6934,71.8386],[-75.5999,71.9185],[-75.4284,71.9844],[-75.1477,72.063],[-74.9032,72.1005],[-74.6949,72.0969],[-74.5197,72.0856],[-74.3774,72.0666],[-74.293,72.0506],[-74.2664,72.0377],[-74.2093,71.9787],[-74.2126,71.9387],[-74.2482,71.8937],[-74.3157,71.8427],[-74.6215,71.7863],[-74.7891,71.742],[-74.893,71.7255],[-75.2048,71.7091],[-75.1911,71.6916],[-74.9595,71.6675],[-74.7008,71.6756],[-74.7074,71.6469],[-74.829,71.5709],[-74.8683,71.5047],[-74.8345,71.4506],[-74.8407,71.4066],[-74.9313,71.3141],[-75.0354,71.2305],[-74.9962,71.2181],[-74.7589,71.3381],[-74.6953,71.4694],[-74.5996,71.5849],[-74.4881,71.6484],[-74.4041,71.6725],[-74.1391,71.6822],[-73.9921,71.7496],[-73.8666,71.771],[-73.8141,71.7714],[-73.7072,71.7463],[-73.7136,71.7199],[-73.8686,71.5994],[-74.1973,71.4042],[-74.0633,71.4265],[-73.9725,71.4729],[-73.8509,71.5191],[-73.7128,71.5876],[-73.6217,71.5255],[-73.4816,71.4792],[-73.3978,71.3734],[-73.2624,71.3225],[-73.1806,71.2829],[-73.1922,71.3499],[-73.3104,71.4843],[-73.2782,71.538],[-73.1868,71.5649],[-72.902,71.6778],[-72.703,71.6401],[-72.5806,71.6068],[-72.5193,71.6156],[-72.3646,71.611],[-72.1165,71.5928],[-71.8752,71.5612],[-71.6407,71.5163],[-71.4599,71.4637],[-71.333,71.4035],[-71.2561,71.3618],[-71.2294,71.3388],[-71.1865,71.2787],[-71.2194,71.2388],[-71.3966,71.1469],[-71.495,71.1051],[-71.5931,71.0864],[-71.8562,71.1048],[-71.9379,71.0943],[-72.0239,71.0653],[-72.2977,70.9388],[-72.4491,70.8841],[-72.598,70.8492],[-72.6327,70.8308],[-72.3125,70.8325],[-72.2239,70.8702],[-72.15,70.9407],[-72.0092,71.0134],[-71.7425,71.0469],[-71.3708,70.9751],[-71.1862,70.978],[-71.0454,71.05],[-70.888,71.099],[-70.8261,71.1087],[-70.7925,71.1033],[-70.6727,71.0522],[-70.6365,71.0066],[-70.6391,70.9024],[-70.6552,70.8709],[-70.7617,70.7922],[-71.0218,70.6741],[-71.1918,70.6298],[-71.3805,70.606],[-71.5859,70.5659],[-71.6584,70.5335],[-71.7294,70.4877],[-71.8001,70.457],[-71.8902,70.4315],[-71.7724,70.3942],[-71.7272,70.3952],[-71.6837,70.4176],[-71.565,70.5057],[-71.4767,70.544],[-71.4267,70.5521],[-71.3751,70.5484],[-71.3249,70.5312],[-71.2759,70.5003],[-71.2796,70.4252],[-71.4294,70.1278],[-71.4051,70.1287],[-71.3131,70.2093],[-71.0453,70.519],[-70.9798,70.5811],[-70.8505,70.6436],[-70.5609,70.7383],[-70.3373,70.7878],[-70.0847,70.8295],[-69.9498,70.845],[-69.7957,70.8346],[-69.6955,70.7859],[-69.5601,70.7771],[-69.3954,70.7893],[-69.2891,70.7834],[-69.1687,70.7642],[-69.0657,70.7281],[-68.8907,70.6871],[-68.4958,70.6103],[-68.4467,70.5941],[-68.4008,70.565],[-68.3583,70.5229],[-68.3635,70.4813],[-68.4167,70.44],[-68.4826,70.4148],[-68.5613,70.4057],[-68.6428,70.3832],[-68.7937,70.3244],[-68.8429,70.3145],[-69.0794,70.2892],[-69.2987,70.2768],[-69.4357,70.2531],[-69.699,70.1893],[-70.0614,70.0708],[-70.0577,70.0426],[-69.9131,70.0291],[-69.7958,70.0469],[-69.6346,70.1288],[-69.483,70.1601],[-69.2462,70.1851],[-68.9186,70.207],[-68.7782,70.2036],[-68.7529,70.1992],[-68.7346,70.1798],[-68.7233,70.1457],[-68.777,70.101],[-68.8391,70.0799],[-69.0083,69.979],[-68.897,69.9527],[-68.744,69.9414],[-68.6567,69.9685],[-68.5778,70.0305],[-68.4894,70.0648],[-68.3913,70.0716],[-68.3051,70.0874],[-68.2307,70.1122],[-68.2104,70.1284],[-68.3186,70.1606],[-68.3272,70.1802],[-68.2831,70.2283],[-68.2035,70.2815],[-68.1207,70.3146],[-68.0591,70.3172],[-67.8553,70.2818],[-67.716,70.2198],[-67.3637,70.0344],[-67.3184,69.9984],[-67.1959,69.8607],[-67.1727,69.7995],[-67.1928,69.7568],[-67.2216,69.7307],[-67.2593,69.7213],[-67.3367,69.721],[-67.8062,69.7774],[-68.0204,69.7701],[-68.114,69.7543],[-68.1895,69.7306],[-68.2481,69.7008],[-68.2898,69.6647],[-68.3721,69.6444],[-68.6699,69.6437],[-68.8371,69.6235],[-69.1245,69.5745],[-69.2277,69.5474],[-69.2508,69.5119],[-69.0749,69.5181],[-68.7853,69.5642],[-68.513,69.5773],[-68.0582,69.4759],[-67.9083,69.4601],[-67.8249,69.4747],[-67.7245,69.4792],[-67.3609,69.4725],[-67.237,69.4601],[-67.0527,69.4212],[-66.7708,69.3367],[-66.7167,69.3119],[-66.6853,69.2857],[-66.6763,69.2584],[-66.6793,69.1911],[-66.7074,69.1682],[-66.8029,69.1527],[-67.208,69.1707],[-67.3316,69.1847],[-67.4838,69.167],[-67.6072,69.1732],[-67.765,69.2002],[-67.9385,69.2481],[-68.1982,69.2027],[-68.4063,69.2322],[-68.6189,69.206],[-69.0406,69.098],[-68.9935,69.0793],[-68.4155,69.1721],[-68.304,69.1664],[-68.1213,69.1326],[-67.8326,69.066],[-67.7517,69.0387],[-67.751,68.9338],[-67.7951,68.8633],[-67.8832,68.784],[-68.0156,68.7947],[-68.3242,68.844],[-68.4504,68.8508],[-68.5428,68.8428],[-68.6667,68.8113],[-68.7253,68.8102],[-69.2188,68.8728],[-69.3298,68.8758],[-69.3427,68.8694],[-69.3191,68.857],[-68.8714,68.76],[-68.5406,68.7494],[-68.3332,68.7326],[-68.2104,68.703],[-68.1525,68.6811],[-68.1483,68.6161],[-68.0379,68.5507],[-67.9385,68.5242],[-67.875,68.5229],[-67.766,68.547],[-67.656,68.5507],[-67.5669,68.534],[-67.4555,68.4979],[-67.3207,68.4878],[-67.2025,68.4659],[-67.1112,68.4615],[-66.8542,68.4716],[-66.7427,68.4578],[-66.7139,68.4457],[-66.7624,68.4247],[-66.9973,68.3742],[-67.033,68.3261],[-66.9004,68.2635],[-66.831,68.2156],[-66.8343,68.1799],[-66.9051,68.0985],[-66.9231,68.0657],[-66.8998,68.0631],[-66.729,68.129],[-66.7023,68.1206],[-66.6846,68.0292],[-66.6627,68.0344],[-66.6055,68.11],[-66.631,68.2106],[-66.5308,68.2503],[-66.2124,68.2804],[-66.2663,68.1227],[-66.2747,68.0408],[-66.4139,67.9043],[-66.53,67.8603],[-66.5265,67.8512],[-66.4439,67.8338],[-66.3924,67.8319],[-66.343,67.8533],[-66.2252,67.9587],[-65.9858,68.0686],[-65.9424,68.0709],[-65.944,68.0312],[-65.9749,67.9574],[-65.8644,67.9229],[-65.7589,67.9571],[-65.7017,67.9867],[-65.5693,67.9823],[-65.5091,67.9683],[-65.4911,67.9357],[-65.552,67.7994],[-65.5409,67.7656],[-65.4013,67.6749],[-65.3871,67.6803],[-65.4135,67.7241],[-65.4422,67.8323],[-65.4153,67.8792],[-65.3003,67.9395],[-65.0644,68.0262],[-64.9769,68.0434],[-64.9223,68.0316],[-64.8354,67.99],[-64.8625,67.9651],[-64.9564,67.9391],[-65.026,67.892],[-65.0714,67.8238],[-65.0211,67.7875],[-64.8299,67.7843],[-64.6378,67.8402],[-64.5275,67.8127],[-64.3964,67.7399],[-64.1562,67.623],[-64.0194,67.6549],[-63.8502,67.5661],[-64.0775,67.4956],[-64.008,67.3473],[-64.3033,67.3535],[-64.4693,67.3418],[-64.5805,67.3552],[-64.7,67.3505],[-64.5893,67.3155],[-64.3759,67.3011],[-64.3564,67.2562],[-64.189,67.2573],[-64.0632,67.2659],[-63.8362,67.2641],[-63.8241,67.3157],[-63.6765,67.3451],[-63.5916,67.3775],[-63.5211,67.3583],[-63.3158,67.3363],[-63.0401,67.235],[-63.1616,67.1744],[-63.1947,67.117],[-63.2355,67.0685],[-63.2584,67.0247],[-63.3068,66.9945],[-63.7016,66.8224],[-63.6362,66.8208],[-63.4692,66.8624],[-63.1437,66.9243],[-62.9623,66.9493],[-62.8333,66.9327],[-62.7682,66.932],[-62.7104,66.9541],[-62.6029,66.9286],[-62.3797,66.9054],[-62.1236,67.0467],[-61.9686,67.019],[-61.8241,66.9317],[-61.5147,66.7785],[-61.3534,66.6892],[-61.2997,66.6487],[-61.3072,66.6088],[-61.4531,66.5666],[-61.5278,66.5581],[-61.7241,66.6378],[-61.9045,66.6781],[-62.0143,66.6738],[-62.1233,66.6431],[-62.0893,66.6259],[-61.6526,66.5031],[-61.5764,66.4125],[-61.5708,66.3729],[-61.8627,66.3128],[-61.9563,66.3093],[-62.1584,66.338],[-62.2769,66.3915],[-62.3745,66.4108],[-62.5098,66.4172],[-62.5531,66.4068],[-62.4057,66.3159],[-62.4198,66.2886],[-62.496,66.2709],[-62.5336,66.227],[-62.2421,66.1479],[-62.0239,66.0675],[-61.9916,66.0353],[-62.1387,66.0114],[-62.2443,66.0059],[-62.4678,66.0175],[-62.5903,66.0344],[-62.6241,66.0163],[-62.4974,65.974],[-62.4484,65.9455],[-62.4103,65.9058],[-62.3882,65.8683],[-62.382,65.8333],[-62.4856,65.8045],[-62.6103,65.7236],[-62.6589,65.6399],[-62.7717,65.632],[-62.8173,65.6477],[-62.9689,65.6224],[-63.1689,65.6573],[-63.2407,65.6956],[-63.4587,65.853],[-63.4644,65.8354],[-63.4098,65.7558],[-63.4209,65.7086],[-63.652,65.6743],[-63.6511,65.661],[-63.5092,65.636],[-63.3375,65.6167],[-63.3643,65.5432],[-63.3634,65.2297],[-63.4018,65.1185],[-63.4858,65.0212],[-63.6066,64.9281],[-63.7372,64.9891],[-63.7894,65.0514],[-63.8332,65.0833],[-63.8956,65.1093],[-63.9763,65.1215],[-64.0614,65.1219],[-64.1519,65.0662],[-64.2504,65.1143],[-64.3457,65.1724],[-64.3098,65.3246],[-64.2697,65.4008],[-64.2857,65.4002],[-64.3399,65.3642],[-64.4698,65.2527],[-64.5551,65.1166],[-64.6653,65.1689],[-64.7648,65.2341],[-64.8469,65.2996],[-64.9796,65.3751],[-65.1085,65.4638],[-65.1757,65.5682],[-65.207,65.5896],[-65.282,65.6767],[-65.3115,65.7015],[-65.3374,65.7098],[-65.4016,65.764],[-65.3781,65.8221],[-65.277,65.8907],[-65.1849,65.9399],[-65.0322,65.9885],[-64.8537,66.0159],[-64.7725,66.0786],[-64.673,66.1927],[-64.564,66.2722],[-64.4454,66.3171],[-64.5044,66.3255],[-64.6552,66.287],[-64.7611,66.2309],[-64.8873,66.1374],[-65.0045,66.0777],[-65.3054,66.0084],[-65.4156,65.9946],[-65.5437,65.9872],[-65.8257,65.9969],[-65.8911,66.0202],[-65.8572,66.0864],[-65.6563,66.2047],[-65.6884,66.2131],[-65.759,66.1712],[-65.856,66.1422],[-65.94,66.1274],[-66.0637,66.1327],[-66.2086,66.2064],[-66.2774,66.2291],[-66.4192,66.2545],[-66.477,66.2797],[-66.7123,66.4604],[-66.7598,66.5085],[-66.7874,66.5557],[-66.8629,66.5953],[-66.9863,66.6275],[-67.0148,66.6222],[-66.9704,66.5819],[-66.969,66.5472],[-67.0769,66.5255],[-67.1896,66.533],[-67.3073,66.5697],[-67.3177,66.5204],[-67.1917,66.4328],[-67.1897,66.3217],[-67.2254,66.3103],[-67.3112,66.3038],[-67.3688,66.3175],[-67.5598,66.4004],[-67.7408,66.4582],[-67.8685,66.4901],[-67.8834,66.4674],[-67.8006,66.3673],[-67.7045,66.2686],[-67.5472,66.1872],[-67.2967,66.0903],[-67.1832,66.0344],[-67.2727,65.9556],[-67.3504,65.9297],[-67.3988,65.9217],[-67.5508,65.9216],[-67.828,65.9652],[-67.9582,66.0138],[-68.1473,66.1298],[-68.4599,66.2493],[-68.5278,66.2486],[-68.7489,66.2],[-68.7142,66.1922],[-68.5717,66.1887],[-68.4671,66.1732],[-68.2172,66.0789],[-68.1983,66.039],[-68.2607,65.9946],[-68.2568,65.9386],[-68.1867,65.871],[-68.115,65.8278],[-67.9681,65.7973],[-67.8942,65.7933],[-67.8665,65.7737],[-67.9543,65.6231],[-67.9618,65.5819],[-67.9368,65.5649],[-67.9061,65.5635],[-67.7171,65.6253],[-67.6381,65.6404],[-67.5696,65.6436],[-67.4901,65.6262],[-67.3997,65.5884],[-67.3464,65.5494],[-67.3303,65.5092],[-67.3034,65.4829],[-67.118,65.4404],[-67.135,65.4205],[-67.3261,65.3566],[-67.3365,65.3466],[-67.2983,65.3419],[-67.1776,65.3038],[-67.0665,65.2441],[-66.9986,65.173],[-66.9849,65.138],[-66.9856,65.1048],[-66.9704,65.0849],[-66.9115,65.0813],[-66.8875,65.094],[-66.8606,65.0916],[-66.8309,65.0742],[-66.7996,65.0197],[-66.7328,64.8601],[-66.6974,64.8152],[-66.6771,64.8137],[-66.6667,64.9738],[-66.6355,65.0003],[-66.5178,64.972],[-66.3452,64.9096],[-66.2237,64.8541],[-66.2097,64.8281],[-66.3015,64.7777],[-66.2821,64.7553],[-66.2146,64.7224],[-66.1525,64.7349],[-66.1075,64.7912],[-66.0302,64.8466],[-65.9385,64.8857],[-65.7681,64.8536],[-65.6268,64.7708],[-65.6053,64.7423],[-65.5132,64.7065],[-65.4319,64.7264],[-65.2748,64.6315],[-65.3493,64.5885],[-65.5128,64.526],[-65.5293,64.5048],[-65.49,64.5096],[-65.1786,64.5097],[-65.0945,64.4846],[-65.0746,64.4367],[-65.213,64.3033],[-65.3399,64.3151],[-65.5075,64.3183],[-65.5937,64.3111],[-65.5803,64.2938],[-65.3478,64.2323],[-65.282,64.1816],[-65.1928,64.1298],[-65.1496,64.0872],[-65.1506,64.0675],[-65.1873,64.038],[-65.1699,64.0282],[-65.0106,64.0088],[-64.9118,64.0262],[-64.7878,64.0328],[-64.6785,64.028],[-64.6697,64.0096],[-64.6862,63.9609],[-64.7981,63.916],[-64.7682,63.9054],[-64.6367,63.9184],[-64.5763,63.8974],[-64.4985,63.7903],[-64.4109,63.7063],[-64.4822,63.6871],[-64.5616,63.6797],[-64.5503,63.5726],[-64.4986,63.4628],[-64.4981,63.3576],[-64.5144,63.264],[-64.5869,63.2432],[-64.6646,63.2454],[-64.6956,63.2688],[-64.8863,63.5487],[-64.9333,63.5993],[-64.9897,63.6434],[-65.1918,63.7643],[-65.1839,63.7448],[-65.1338,63.6891],[-65.0894,63.606],[-65.0313,63.4401],[-65.0048,63.3334],[-65.0167,63.2928],[-65.0581,63.2829],[-65.0689,63.2635],[-65.0493,63.2346],[-64.8948,63.1256],[-64.8202,63.06],[-64.7674,62.9918],[-64.7181,62.9458],[-64.6724,62.922],[-64.6836,62.9024],[-64.7519,62.8872],[-64.8687,62.8799],[-64.9232,62.8892],[-65.133,62.9523],[-65.1628,62.9326],[-65.0466,62.7015],[-65.0502,62.6461],[-65.1085,62.6265],[-65.1803,62.6495],[-65.2658,62.7151],[-65.3965,62.7882],[-65.5724,62.8689],[-65.7404,62.932],[-65.7799,62.9303],[-65.8057,62.9116],[-65.8337,62.9085],[-65.8641,62.9211],[-65.9203,62.9685],[-65.9789,63.0007],[-66.224,63.1072],[-66.2492,63.1083],[-66.2261,63.0763],[-66.2011,63.0063],[-66.2287,62.991],[-66.2928,62.9967],[-66.4145,63.0272],[-66.4964,63.0973],[-66.6005,63.2189],[-66.655,63.2647],[-66.6598,63.2349],[-66.6309,63.119],[-66.6364,63.0801],[-66.6975,63.0695],[-66.7232,63.0802],[-66.7485,63.1111],[-66.7732,63.1623],[-66.8314,63.2011],[-66.9233,63.2277],[-66.9747,63.2556],[-67.0001,63.3051],[-67.0179,63.3165],[-67.1798,63.305],[-67.2609,63.3407],[-67.495,63.4814],[-67.7092,63.6339],[-67.8442,63.7146],[-67.8933,63.7337],[-67.8214,63.635],[-67.7425,63.4893],[-67.7226,63.4228],[-67.7588,63.4197],[-67.8379,63.4492],[-68.2436,63.6371],[-68.4938,63.7255],[-68.6329,63.7411],[-68.8589,63.7519],[-68.9111,63.7032],[-68.7893,63.5951],[-68.6706,63.5137],[-68.5551,63.4589],[-68.3739,63.3522],[-68.2081,63.2147],[-68.1413,63.1723],[-67.9153,63.1137],[-67.7975,63.0981],[-67.676,63.0936],[-67.6649,63.0727],[-67.7238,63.0337],[-67.737,63.0096],[-67.4682,62.9482],[-67.3667,62.9142],[-67.2685,62.8576],[-67.2127,62.8435],[-66.9795,62.7008],[-66.9215,62.6781],[-66.714,62.6318],[-66.6449,62.6021],[-66.5305,62.51],[-66.4587,62.4631],[-66.3573,62.3519],[-66.2812,62.3027],[-66.095,62.2464],[-66.0156,62.2303],[-65.9802,62.2089],[-66.0043,62.1583],[-66.027,62.1372],[-66.1332,62.1024],[-66.1164,62.0539],[-66.0564,61.9675],[-66.0589,61.9139],[-66.1239,61.8931],[-66.2567,61.8683],[-66.3237,61.8703],[-66.4245,61.8907],[-66.5513,61.9256],[-66.8031,62.0126],[-67.1811,62.0729],[-67.322,62.105],[-67.369,62.1341],[-67.4401,62.1513],[-68.3786,62.2352],[-68.5359,62.2556],[-68.6336,62.2813],[-68.7244,62.319],[-69.0823,62.4052],[-69.1256,62.424],[-69.366,62.5719],[-69.5452,62.7446],[-69.6047,62.7677],[-69.7995,62.7905],[-69.9621,62.7762],[-70.0709,62.7572],[-70.2361,62.7634],[-70.344,62.7915],[-70.5713,62.8692],[-70.8014,62.9105],[-71.0021,62.9783],[-71.1058,63.0022],[-71.0962,63.0197],[-70.946,63.1207],[-70.9927,63.1193],[-71.2537,63.0425],[-71.3473,63.0661],[-71.5013,63.1264],[-71.6171,63.1872],[-71.8555,63.3553],[-71.9922,63.4162],[-71.973,63.4299],[-71.8192,63.4354],[-71.6965,63.4302],[-71.6143,63.4441],[-71.4559,63.5123],[-71.3874,63.555],[-71.3809,63.5803],[-71.5135,63.5866],[-71.5419,63.5988],[-71.5656,63.6268],[-71.6268,63.6626],[-71.7253,63.7062],[-71.8375,63.725],[-72.2229,63.7089],[-72.2901,63.728],[-72.2888,63.757],[-72.2135,63.8387],[-72.1725,63.8717],[-72.1594,63.8899],[-72.1743,63.8934],[-72.2265,63.8914],[-72.45,63.8181],[-72.4984,63.8235],[-72.5861,63.9008],[-72.6393,63.9891],[-72.6781,64.02],[-72.7296,64.0305],[-72.9132,64.1172],[-73.1743,64.2819],[-73.2703,64.3335],[-73.3771,64.3796],[-73.4545,64.3993],[-73.4437,64.4235],[-73.2782,64.5603],[-73.2713,64.5825],[-73.4131,64.5742],[-73.627,64.6025],[-73.7284,64.5683],[-73.7928,64.5662],[-73.8679,64.5854],[-73.9104,64.5781],[-73.9504,64.4658],[-73.9811,64.4377],[-74.0256,64.4227],[-74.0648,64.4247],[-74.0987,64.4437],[-74.0979,64.4699],[-74.1305,64.6078],[-74.2051,64.6281],[-74.4159,64.6335],[-74.4612,64.6447],[-74.5125,64.6702],[-74.5563,64.7173],[-74.5926,64.7862],[-74.6343,64.8239],[-74.6814,64.8307],[-74.7192,64.8251],[-74.7478,64.8073],[-74.8134,64.7962],[-74.9163,64.792],[-74.9194,64.7655],[-74.823,64.7169],[-74.7298,64.6474],[-74.64,64.5571],[-74.6947,64.4966],[-74.8939,64.4657],[-75.0674,64.4567],[-75.215,64.4694],[-75.3284,64.4904],[-75.4878,64.5408],[-75.715,64.5244],[-75.7667,64.3919],[-75.8152,64.3847],[-76.0318,64.3881],[-76.1181,64.3763],[-76.4068,64.3032],[-76.4947,64.293],[-76.5615,64.3016],[-76.6265,64.2839],[-76.7238,64.242],[-76.8562,64.2376],[-77.0235,64.2708],[-77.1657,64.2851],[-77.2825,64.2804],[-77.4029,64.2999],[-77.5268,64.3438],[-77.6278,64.3635],[-77.7605,64.3602],[-77.7912,64.3671],[-77.9849,64.4611],[-78.0452,64.4993],[-78.1746,64.6177],[-78.1976,64.6646],[-78.2009,64.7147],[-78.1897,64.7518],[-78.1446,64.8077],[-78.0956,64.9393],[-78.0553,64.9829],[-77.9946,65.0226],[-77.8762,65.0729],[-77.4475,65.1616],[-77.3609,65.1965],[-77.3639,65.2198],[-77.4615,65.3282],[-77.4604,65.3559],[-77.4277,65.3721],[-77.358,65.4354],[-77.3267,65.4531],[-77.2512,65.4629],[-77.0941,65.4309],[-76.9586,65.418],[-76.7789,65.4139],[-76.4817,65.3697],[-76.067,65.2854],[-75.8283,65.2271],[-75.6481,65.1408],[-75.5199,65.056],[-75.5016,65.0131],[-75.5609,64.947],[-75.5909,64.9277],[-75.5891,64.905],[-75.5558,64.8792],[-75.4521,64.8416],[-75.4271,64.8559],[-75.4352,64.9008],[-75.4137,64.9385],[-75.3628,64.969],[-75.3571,65.0087],[-75.3967,65.0576],[-75.4458,65.0997],[-75.5047,65.1352],[-75.7729,65.257],[-75.7987,65.2975],[-75.7086,65.3157],[-75.3167,65.2748],[-75.1663,65.2839],[-75.1093,65.3314],[-75.0478,65.364],[-74.9817,65.3814],[-74.8499,65.3891],[-74.6655,65.3669],[-74.5749,65.3637],[-74.4948,65.3717],[-74.3907,65.3976],[-74.2369,65.4839],[-74.1385,65.5035],[-73.9896,65.517],[-73.8779,65.5188],[-73.6754,65.4843],[-73.5508,65.4853],[-73.5607,65.5429],[-73.6434,65.6532],[-73.7461,65.7667],[-73.8261,65.8052],[-74.0331,65.8771],[-74.2762,66.0127],[-74.4011,66.097],[-74.4339,66.139],[-74.4164,66.1671],[-74.3749,66.2082],[-73.9337,66.3581],[-73.5842,66.5069],[-73.431,66.5832],[-73.3574,66.6363],[-73.2808,66.675],[-73.2011,66.6992],[-73.0333,66.7282],[-72.9854,66.7654],[-72.9749,66.8285],[-72.9468,66.8833],[-72.7888,67.0306],[-72.6677,67.0705],[-72.4852,67.0981],[-72.3649,67.1334],[-72.22,67.2543],[-72.2341,67.2844],[-72.3011,67.3073],[-72.3529,67.3419],[-72.5765,67.6586],[-72.7253,67.8116],[-72.904,67.9448],[-73.0634,68.107],[-73.3282,68.2667],[-73.3314,68.309],[-73.2845,68.357],[-73.3069,68.3678],[-73.5802,68.2978],[-73.6445,68.2945],[-73.7495,68.325],[-73.8205,68.3629],[-73.8793,68.4294],[-73.8733,68.4642],[-73.8344,68.4971],[-73.7825,68.578],[-73.7806,68.6193],[-73.7984,68.6586],[-73.8221,68.686],[-73.8516,68.7014],[-73.9352,68.711],[-74.073,68.7149],[-74.118,68.7009],[-73.9661,68.5788],[-73.9893,68.5486],[-74.1828,68.5354],[-74.2701,68.5412],[-74.35,68.5561],[-74.4224,68.5799],[-74.6479,68.7075],[-74.6958,68.7556],[-74.6805,68.7903],[-74.7,68.8083],[-74.746,68.7967],[-74.8083,68.7959],[-74.893,68.8082],[-74.9104,68.8231],[-74.7524,68.8921],[-74.7433,68.9134],[-74.8161,68.9361],[-74.9251,68.9407],[-74.954,68.9611],[-74.9173,68.9829],[-74.7693,69.0207],[-74.7167,69.0455],[-74.8055,69.0643],[-74.8549,69.0658],[-74.9544,69.0246],[-75.1042,68.9406],[-75.2133,68.9094],[-75.3627,68.9483],[-75.457,68.9613],[-75.5227,68.9527],[-75.623,68.8877],[-75.8422,68.8402],[-76.2347,68.728],[-76.4034,68.6923],[-76.5851,68.6987],[-76.6194,68.7214],[-76.6163,68.7599],[-76.6037,68.7916],[-76.5817,68.8163],[-76.5746,68.8467],[-76.5877,68.9745],[-76.5572,69.0095],[-76.4952,69.0304],[-76.3809,69.0524],[-76.0892,69.0262],[-75.9537,69.0308],[-75.8586,69.0603],[-75.7634,69.1029],[-75.668,69.1588],[-75.6478,69.2125],[-75.7491,69.2996],[-75.7872,69.3187],[-76.0465,69.3864],[-76.1898,69.411],[-76.3162,69.4216],[-76.408,69.4411],[-76.4649,69.4694],[-76.5204,69.5166],[-76.525,69.5487],[-76.5161,69.5909],[-76.4633,69.62],[-76.2311,69.6535],[-76.2341,69.6621],[-76.4238,69.6868],[-76.5133,69.6839],[-76.59,69.6562],[-76.6865,69.5913],[-76.7423,69.5729],[-76.9156,69.6112],[-77.0196,69.6168],[-77.0899,69.6351],[-77.1288,69.6527],[-77.1051,69.6708],[-77.0187,69.6891],[-76.8686,69.7452],[-76.8586,69.7754],[-76.9623,69.8249],[-77.016,69.8361],[-77.2325,69.8546],[-77.4943,69.8362],[-77.5917,69.8456],[-77.6353,69.9004],[-77.663,69.9657],[-77.6748,70.0415],[-77.7219,70.1708],[-77.774,70.2385],[-77.8425,70.2471],[-78.1568,70.2191],[-78.2314,70.2188],[-78.2828,70.2292],[-78.4907,70.3156],[-78.5748,70.3462],[-78.6214,70.3534],[-78.7727,70.4453],[-78.8309,70.4632],[-78.8999,70.5085],[-78.9798,70.5813],[-79.0664,70.6036],[-79.1598,70.5752],[-79.2532,70.5347],[-79.3466,70.4819],[-79.3973,70.4373],[-79.4052,70.4007],[-79.3474,70.3723],[-79.0175,70.3252],[-78.9338,70.2937],[-78.8628,70.2419],[-78.8098,70.1786],[-78.7749,70.1036],[-78.7778,70.0477],[-78.8188,70.0104],[-78.8896,69.9775],[-79.0929,69.9253],[-79.3033,69.8948],[-79.5154,69.8876],[-79.6159,69.8947],[-80.1621,69.996],[-80.2604,69.9968],[-80.3868,70.0104],[-80.6703,70.0521],[-80.8258,70.0566],[-81.0983,70.0912],[-81.5596,70.1112],[-81.652,70.0946],[-81.5292,70.048],[-81.4217,70.0246],[-81.3295,70.0244],[-81.1968,69.9828],[-81.0237,69.9],[-80.9248,69.8506],[-80.8429,69.7917],[-80.8403,69.7714],[-80.9217,69.7309],[-81.5647,69.9427],[-81.9577,69.8688],[-82.1387,69.8412],[-82.2938,69.8369],[-82.4877,69.866],[-82.9254,69.9682],[-83.0912,70.0039],[-83.15,70.0091],[-83.5308,69.9648],[-83.8591,69.9627],[-84.5219,70.0052],[-84.7651,70.0336],[-84.8292,70.0633],[-84.9091,70.0782],[-85.0526,70.0782],[-85.4324,70.1114],[-85.78,70.0367],[-86.1982,70.1051],[-86.322,70.1454],[-86.3614,70.173],[-86.4831,70.2886],[-86.4998,70.3504],[-86.4654,70.4062],[-86.431,70.4445],[-86.3969,70.4653],[-86.6243,70.4013],[-86.7042,70.3907],[-86.8093,70.3883],[-87.1225,70.412],[-87.172,70.3999],[-87.1558,70.3774],[-87.074,70.3448],[-87.0633,70.3251],[-87.2379,70.3097],[-87.5024,70.3257],[-87.6178,70.3187],[-87.6702,70.3098],[-87.7895,70.2583],[-87.8381,70.2466],[-87.9007,70.2519],[-88.1783,70.3686],[-88.4021,70.4425],[-88.663,70.4708],[-88.7827,70.4945],[-88.8484,70.5229],[-89.2083,70.7597],[-89.2575,70.8107],[-89.3715,70.9961],[-89.4098,71.0357],[-89.4559,71.0617],[-89.3655,71.0672],[-89.0251,71.0446],[-88.6957,71.0456],[-88.5167,71.0306],[-88.3091,70.9843],[-88.0386,70.9513],[-87.8449,70.9444],[-87.5344,70.9566],[-87.1816,70.9875],[-87.1401,71.0116],[-87.3686,71.0528],[-87.5723,71.1076],[-87.7603,71.1785],[-87.8725,71.2085],[-88.0606,71.2272],[-88.5895,71.2403],[-89.0793,71.2879],[-89.4177,71.3522],[-89.6933,71.4235],[-89.8054,71.4623],[-89.8458,71.4923],[-89.8885,71.5857],[-89.9337,71.7427],[-89.9773,71.848],[-90.0195,71.9018],[-90.0252,71.9488],[-89.9315,72.049],[-89.6638,72.158],[-89.6573,72.175],[-89.7105,72.1801],[-89.8229,72.2078],[-89.8587,72.2483],[-89.8731,72.3126],[-89.874,72.3672],[-89.8615,72.4119],[-89.8168,72.4677],[-89.7015,72.5681],[-89.5364,72.6898],[-89.3577,72.8042],[-89.3271,72.8416],[-89.3114,72.943],[-89.2877,73.0169],[-89.2632,73.069],[-89.2253,73.1081],[-89.1147,73.1822],[-88.9768,73.2525],[-88.7609,73.3124],[-88.7425,73.3346],[-88.7396,73.3653],[-88.7271,73.3882],[-88.7052,73.4033],[-88.17,73.5953],[-87.9264,73.6733],[-87.7198,73.7229],[-87.4724,73.7594],[-86.7687,73.834],[-86.4064,73.8548],[-85.9508,73.8501],[-85.1105,73.8082],[-85.0093,73.7786],[-84.9836,73.7637],[-84.9468,73.7216],[-84.9745,73.6948],[-85.2043,73.6036],[-85.4936,73.5277],[-85.6819,73.4615],[-86.0005,73.3125],[-86.0865,73.2603],[-86.4814,72.9603],[-86.5747,72.9105],[-86.6293,72.8708],[-86.6678,72.7625],[-86.6563,72.724],[-86.5946,72.6611],[-86.3803,72.5247],[-86.3226,72.4608],[-86.324,72.4021],[-86.348,72.2623],[-86.351,72.1913],[-86.3414,72.1232],[-86.2972,72.0258],[-86.2185,71.8991],[-86.0361,71.7709],[-85.7501,71.6414],[-85.5372,71.5554],[-85.3272,71.4921],[-85.0787,71.3985],[-85.0234,71.3532],[-85.1376,71.3034],[-85.4054,71.2268],[-85.7573,71.1939],[-85.9454,71.1626],[-86.1794,71.0959],[-86.4732,71.0426],[-86.5894,71.0108]]],[[[-100.0019,73.9459],[-99.158,73.7316],[-99.0396,73.7493],[-98.7845,73.7605],[-98.5193,73.7921],[-98.1519,73.8182],[-97.9277,73.8658],[-97.8322,73.8793],[-97.67,73.8877],[-97.5818,73.8875],[-97.3271,73.8619],[-97.2248,73.8438],[-97.1705,73.8249],[-97.1117,73.7903],[-97.0113,73.7062],[-96.9966,73.6749],[-97.0017,73.6665],[-97.0946,73.6147],[-97.1564,73.5922],[-97.2842,73.5708],[-97.3948,73.5642],[-97.4898,73.5266],[-97.597,73.5366],[-97.6259,73.5023],[-97.6146,73.4813],[-97.5858,73.4711],[-97.5318,73.4736],[-97.4701,73.4882],[-97.3503,73.481],[-97.2871,73.4584],[-97.2304,73.4213],[-97.2725,73.3868],[-97.4841,73.3392],[-97.7959,73.2853],[-98.1758,73.1158],[-98.3756,73.0447],[-98.4168,73.0225],[-98.437,73.0002],[-98.4309,72.9581],[-98.4218,72.941],[-98.3667,72.9341],[-98.1808,72.9931],[-98.061,73.0205],[-97.9394,73.0356],[-97.7248,73.0367],[-97.6363,73.0276],[-97.4757,72.9923],[-97.3288,72.9378],[-97.2958,72.918],[-97.3099,72.8981],[-97.371,72.8781],[-97.3777,72.8649],[-97.2376,72.8375],[-97.083,72.7628],[-97.0729,72.7176],[-97.1405,72.6728],[-97.1589,72.6428],[-97.1281,72.6276],[-97.0518,72.6368],[-96.869,72.687],[-96.6713,72.7132],[-96.5921,72.7103],[-96.5421,72.6987],[-96.4892,72.6299],[-96.4456,72.5524],[-96.4401,72.4873],[-96.4729,72.4344],[-96.5199,72.3931],[-96.6383,72.342],[-96.7455,72.3226],[-96.8015,72.3224],[-96.7959,72.3138],[-96.6688,72.2712],[-96.6156,72.2373],[-96.5929,72.2045],[-96.6006,72.1729],[-96.6181,72.1459],[-96.7663,72.0459],[-96.7583,72.0317],[-96.7173,72.0251],[-96.6244,71.9676],[-96.6134,71.8338],[-96.9465,71.7919],[-97.0247,71.7607],[-97.1167,71.7108],[-97.2222,71.6735],[-97.4612,71.6342],[-97.5823,71.6297],[-98.1813,71.6625],[-98.2419,71.6815],[-98.2839,71.7155],[-98.3071,71.7645],[-98.3134,71.8031],[-98.3027,71.8311],[-98.3058,71.8476],[-98.3227,71.8523],[-98.3893,71.8243],[-98.4588,71.7732],[-98.4208,71.7165],[-98.2314,71.5589],[-98.1953,71.4912],[-98.1901,71.4625],[-98.1986,71.4409],[-98.4123,71.3488],[-98.5359,71.3176],[-98.6629,71.3021],[-98.7838,71.3137],[-98.8988,71.3523],[-98.9862,71.3695],[-99.1671,71.3672],[-99.2236,71.3871],[-99.2762,71.4242],[-99.4037,71.5572],[-99.5814,71.6516],[-99.7347,71.7572],[-100.1241,71.9115],[-100.3257,72.0039],[-100.5945,72.1523],[-100.7068,72.1859],[-100.8002,72.1994],[-100.9836,72.2101],[-101.0262,72.2286],[-101.0931,72.2791],[-101.2085,72.317],[-101.2507,72.3218],[-101.3187,72.3128],[-101.4983,72.2779],[-101.7239,72.3149],[-101.7745,72.3409],[-101.8044,72.3851],[-101.8329,72.4093],[-101.9093,72.4311],[-101.9737,72.4861],[-102.4022,72.5947],[-102.6571,72.7194],[-102.7087,72.7645],[-102.7137,72.7829],[-102.6875,72.8428],[-102.6285,72.9108],[-102.5511,72.9783],[-102.5038,73.0059],[-102.3361,73.0641],[-102.204,73.0773],[-102.0196,73.0699],[-101.9225,73.057],[-101.8354,73.018],[-101.798,72.9731],[-101.7545,72.9428],[-101.6178,72.9097],[-101.5436,72.8831],[-101.4346,72.821],[-101.3506,72.7463],[-101.2732,72.7217],[-101.0876,72.7133],[-100.896,72.7259],[-100.4848,72.7729],[-100.468,72.7788],[-100.4426,72.8068],[-100.3957,72.977],[-100.3675,72.9777],[-100.2279,72.8989],[-100.1883,72.8903],[-100.1281,72.9067],[-100.0924,72.945],[-100.0967,72.9631],[-100.1845,73.0553],[-100.2362,73.0954],[-100.2827,73.1203],[-100.3344,73.1285],[-100.4462,73.1206],[-100.5314,73.1383],[-100.5502,73.1637],[-100.5364,73.1979],[-100.4893,73.2339],[-100.4388,73.2546],[-100.3407,73.2652],[-100.2259,73.2547],[-100.067,73.2111],[-99.9664,73.2014],[-99.8251,73.2139],[-100.0059,73.2395],[-100.258,73.3402],[-100.3661,73.359],[-100.498,73.3158],[-100.587,73.2996],[-100.7553,73.2785],[-100.8894,73.2753],[-101.4509,73.431],[-101.4821,73.4458],[-101.5232,73.4864],[-101.5185,73.505],[-101.463,73.5338],[-101.3231,73.572],[-101.1149,73.5958],[-100.9758,73.5998],[-100.8541,73.5713],[-100.6768,73.4943],[-100.5217,73.4493],[-100.5089,73.4655],[-100.5363,73.5097],[-100.6071,73.5754],[-100.6579,73.5934],[-100.7827,73.6129],[-100.8982,73.6581],[-100.9526,73.6914],[-100.9815,73.7272],[-100.9851,73.7653],[-100.963,73.7914],[-100.9151,73.8054],[-100.4836,73.8435],[-100.1823,73.8013],[-99.9911,73.7952],[-99.9119,73.847],[-99.9395,73.8571],[-100.0401,73.8438],[-100.1538,73.8441],[-100.2248,73.8725],[-100.2271,73.8891],[-100.1385,73.9289],[-100.0019,73.9459]]],[[[-98.2704,73.8685],[-98.5582,73.8474],[-98.6911,73.8565],[-98.7614,73.8289],[-98.8166,73.8171],[-98.9739,73.8121],[-99.298,73.862],[-99.3852,73.8793],[-99.417,73.8954],[-99.4038,73.9109],[-99.3456,73.9257],[-99.0969,73.9483],[-99.0047,73.9649],[-98.9667,73.9882],[-98.9045,74.0069],[-98.8182,74.021],[-98.585,74.0345],[-98.061,74.1047],[-97.8004,74.1146],[-97.6982,74.1087],[-97.6674,74.0901],[-97.6591,74.0716],[-97.6733,74.053],[-97.7547,74.0055],[-97.8611,73.9685],[-98.147,73.8888],[-98.2704,73.8685]]],[[[-93.1708,74.161],[-92.778,74.1137],[-92.5868,74.0827],[-92.4928,74.0621],[-92.3139,73.9924],[-92.2227,73.9724],[-91.8742,74.0128],[-91.6304,74.0278],[-91.088,74.0093],[-90.6274,73.9517],[-90.458,73.9084],[-90.3546,73.8687],[-90.3814,73.8248],[-90.4662,73.7539],[-90.5656,73.6864],[-90.7646,73.5806],[-90.9337,73.5277],[-90.9755,73.5023],[-91.002,73.4671],[-91.0676,73.4155],[-91.2493,73.304],[-91.2978,73.2849],[-91.5537,73.2361],[-91.466,73.2142],[-91.4259,73.1949],[-91.4596,73.1454],[-91.621,73.0259],[-91.7883,72.9154],[-91.9053,72.8493],[-92.1179,72.7538],[-92.2349,72.7268],[-92.3919,72.7185],[-93.3406,72.8019],[-93.5787,72.8005],[-94.2113,72.7569],[-94.1517,72.7356],[-93.92,72.7034],[-93.7706,72.6682],[-93.5723,72.5586],[-93.5465,72.5313],[-93.5339,72.4995],[-93.5416,72.437],[-93.5552,72.4211],[-93.8706,72.2526],[-93.9726,72.13],[-94.0375,72.0288],[-94.1437,72.0008],[-94.4972,72.0436],[-94.6112,72.0423],[-95.0079,72.0128],[-95.193,72.0274],[-95.1668,72.18],[-95.1927,72.3448],[-95.251,72.502],[-95.5476,72.7815],[-95.5803,72.8312],[-95.6021,72.8845],[-95.6132,72.9416],[-95.6122,72.9991],[-95.5916,73.1153],[-95.5893,73.1742],[-95.6041,73.3277],[-95.6442,73.5575],[-95.648,73.6385],[-95.6453,73.6708],[-95.6329,73.6955],[-95.5694,73.7282],[-95.4474,73.7517],[-95.386,73.7551],[-94.9961,73.6857],[-94.8168,73.6625],[-94.6976,73.6636],[-94.691,73.6714],[-94.7972,73.6861],[-94.8969,73.716],[-95.0595,73.8051],[-95.1341,73.8812],[-95.149,73.9064],[-95.1526,73.9328],[-95.1448,73.9603],[-95.1212,73.9851],[-95.0398,74.0239],[-94.9735,74.0414],[-94.729,74.086],[-94.4826,74.1131],[-93.9388,74.1316],[-93.7846,74.1184],[-93.5492,74.1671],[-93.4103,74.1788],[-93.1708,74.161]]],[[[-119.7363,74.1126],[-119.7286,74.1084],[-119.4711,74.2012],[-119.3148,74.2062],[-119.206,74.198],[-119.1714,74.1862],[-119.1496,74.1679],[-119.1388,74.1276],[-119.1319,74.0279],[-119.118,74.0155],[-119.0825,74.0212],[-119.0257,74.0447],[-118.7441,74.1921],[-118.6253,74.2325],[-118.544,74.2446],[-118.1997,74.2667],[-117.9659,74.2661],[-117.7075,74.2523],[-117.5148,74.2317],[-117.1988,74.1711],[-116.9504,74.1014],[-116.7224,74.0271],[-115.9577,73.7479],[-115.6343,73.6655],[-115.5107,73.6188],[-115.4557,73.5847],[-115.4075,73.5419],[-115.3928,73.502],[-115.4116,73.4648],[-115.4469,73.4389],[-115.5245,73.4167],[-115.9923,73.3232],[-116.2386,73.2946],[-116.4825,73.2532],[-117.0654,73.1073],[-117.4645,73.0377],[-117.9832,72.9022],[-118.9616,72.6841],[-119.078,72.6403],[-119.1315,72.6088],[-119.4078,72.3604],[-119.5128,72.3027],[-119.7675,72.2438],[-120.0897,72.2292],[-120.1799,72.2126],[-120.1944,72.1268],[-120.31,71.9841],[-120.3663,71.888],[-120.4432,71.6308],[-120.4609,71.6051],[-120.5197,71.5574],[-120.6193,71.5058],[-120.9303,71.4462],[-121.1598,71.415],[-121.4722,71.389],[-121.5468,71.4068],[-121.6222,71.4476],[-121.7007,71.4512],[-121.7494,71.4448],[-122.1566,71.2659],[-122.5495,71.1936],[-122.7198,71.1282],[-122.8399,71.0975],[-122.9365,71.088],[-123.0957,71.0938],[-123.2106,71.1234],[-123.3147,71.1692],[-123.3934,71.2188],[-123.5952,71.4232],[-123.6818,71.4931],[-123.7556,71.528],[-123.9533,71.6525],[-124.0078,71.6774],[-124.76,71.8352],[-125.1261,71.9236],[-125.2146,71.9548],[-125.2967,71.973],[-125.7669,71.9608],[-125.8291,71.9656],[-125.8453,71.9787],[-125.7896,72.025],[-125.7677,72.0542],[-125.7605,72.0829],[-125.7686,72.1292],[-125.7626,72.1375],[-125.5838,72.1831],[-125.6128,72.1925],[-125.6338,72.2103],[-125.6468,72.2365],[-125.6273,72.2548],[-125.5755,72.2653],[-125.5124,72.3077],[-125.4381,72.3821],[-125.3828,72.4238],[-125.306,72.4507],[-125.1683,72.5226],[-125.0702,72.5516],[-124.9871,72.588],[-124.9847,72.6044],[-125.0186,72.617],[-125.0302,72.6448],[-125.0147,72.7314],[-125.0154,72.7761],[-125.0004,72.8133],[-124.9697,72.8433],[-124.9309,72.8632],[-124.5826,72.9259],[-124.5649,72.9441],[-124.5608,72.965],[-124.5702,72.9887],[-124.5883,73.0053],[-124.6433,73.0189],[-124.7364,73.0227],[-124.8171,73.0588],[-124.8364,73.0763],[-124.8041,73.1257],[-124.6469,73.2044],[-124.594,73.2433],[-124.4242,73.4187],[-124.1142,73.5274],[-124.0302,73.6442],[-123.7973,73.7682],[-123.7978,73.7853],[-123.873,73.8276],[-124.088,73.8569],[-124.1915,73.902],[-124.2607,73.9533],[-124.5753,74.2481],[-124.6291,74.27],[-124.645,74.3043],[-124.7093,74.327],[-124.6962,74.3482],[-123.4683,74.4361],[-122.6231,74.4642],[-121.7479,74.5406],[-121.5042,74.5451],[-121.3152,74.53],[-121.1287,74.4902],[-120.8816,74.4208],[-120.5545,74.3529],[-119.9436,74.2537],[-119.5626,74.2328],[-119.7154,74.1537],[-119.7369,74.1299],[-119.7363,74.1126]]],[[[-97.3555,74.5263],[-97.6561,74.4657],[-97.7216,74.4892],[-97.75,74.5105],[-97.5163,74.6025],[-97.4165,74.6266],[-97.3182,74.598],[-97.2913,74.5764],[-97.3039,74.5597],[-97.3555,74.5263]]],[[[-95.3066,74.5054],[-95.3524,74.5004],[-95.4415,74.5061],[-95.7772,74.5507],[-95.8344,74.569],[-95.8507,74.5825],[-95.7744,74.5987],[-95.7456,74.616],[-95.6604,74.6369],[-95.5102,74.6368],[-95.3525,74.5857],[-95.2784,74.5396],[-95.2745,74.5192],[-95.3066,74.5054]]],[[[-104.1199,75.0363],[-104.3087,75.031],[-104.6343,75.0613],[-104.8281,75.1197],[-104.8874,75.1478],[-104.8816,75.1605],[-104.8481,75.173],[-104.8013,75.211],[-104.6904,75.3207],[-104.6488,75.3498],[-104.4742,75.413],[-104.3462,75.4299],[-104.0747,75.4245],[-103.917,75.3918],[-103.8512,75.3708],[-103.8041,75.3455],[-103.7579,75.2891],[-103.7465,75.2524],[-103.6672,75.2107],[-103.6435,75.1866],[-103.6421,75.1629],[-103.6643,75.1391],[-103.7097,75.115],[-103.8139,75.0797],[-104.1199,75.0363]]],[[[-93.5426,75.0279],[-93.4783,74.952],[-93.4666,74.9213],[-93.4635,74.8565],[-93.4909,74.772],[-93.5092,74.7565],[-93.5356,74.7493],[-93.5483,74.7275],[-93.5472,74.6911],[-93.5731,74.6688],[-93.6262,74.6609],[-93.9846,74.6442],[-94.2061,74.6474],[-94.5345,74.6367],[-94.6973,74.6422],[-94.8039,74.6601],[-94.9587,74.7],[-95.2861,74.7941],[-95.4512,74.7974],[-95.8654,74.8304],[-96.0942,74.9325],[-96.1817,74.9508],[-96.2701,74.9203],[-96.2942,74.9272],[-96.3186,74.9477],[-96.3432,74.9819],[-96.3863,74.9995],[-96.5599,74.9904],[-96.5912,75.0019],[-96.5996,75.0318],[-96.5969,75.0579],[-96.5658,75.0987],[-96.3829,75.2114],[-96.2924,75.2193],[-96.1804,75.2401],[-96.1184,75.3009],[-96.1249,75.3583],[-95.9546,75.4438],[-95.8532,75.469],[-95.6708,75.5287],[-95.0495,75.6218],[-94.8782,75.63],[-94.6486,75.623],[-94.4272,75.5934],[-94.2567,75.5441],[-93.9091,75.4225],[-93.7508,75.349],[-93.6668,75.2735],[-93.5912,75.2302],[-93.4976,75.1369],[-93.5317,75.1003],[-93.5518,75.0512],[-93.5426,75.0279]]],[[[-96.0786,75.5101],[-96.1564,75.4772],[-96.2366,75.4748],[-96.3445,75.506],[-96.4616,75.4942],[-96.622,75.4313],[-96.679,75.3942],[-96.7229,75.3808],[-96.8571,75.3691],[-96.9151,75.3797],[-96.9696,75.4126],[-97.0207,75.4681],[-96.9828,75.5098],[-96.8562,75.5379],[-96.5229,75.5836],[-96.4277,75.6063],[-96.4172,75.6307],[-96.3973,75.6468],[-96.3678,75.6546],[-96.1454,75.6135],[-96.0398,75.5858],[-95.9599,75.5543],[-95.9686,75.5418],[-96.0786,75.5101]]],[[[-121.0762,75.7453],[-121.1543,75.7406],[-121.2409,75.7519],[-121.2211,75.7775],[-121.0263,75.8475],[-121.0154,75.8675],[-121.0181,75.8838],[-121.0423,75.903],[-120.993,75.9274],[-120.914,75.9375],[-120.8878,75.928],[-120.8787,75.9067],[-120.8969,75.8445],[-120.9212,75.8145],[-120.9549,75.7888],[-121.0066,75.7657],[-121.0762,75.7453]]],[[[-94.5266,75.7493],[-94.6244,75.7489],[-94.7515,75.7697],[-94.7874,75.7914],[-94.8147,75.8212],[-94.8336,75.859],[-94.8601,75.8892],[-94.8941,75.9119],[-94.9012,75.9308],[-94.8813,75.9459],[-94.8398,75.9544],[-94.7448,75.9572],[-94.5379,75.9964],[-94.4987,75.9922],[-94.4713,75.9714],[-94.4434,75.9171],[-94.4138,75.8849],[-94.3322,75.826],[-94.2963,75.7881],[-94.304,75.7763],[-94.3295,75.7659],[-94.5266,75.7493]]],[[[-118.3281,75.5797],[-118.6139,75.5154],[-118.8171,75.5221],[-119.0867,75.5693],[-119.3061,75.5854],[-119.3833,75.601],[-119.3946,75.6173],[-119.3202,75.6625],[-119.2268,75.6986],[-119.0035,75.7696],[-118.6261,75.9062],[-118.379,75.958],[-118.1367,75.9945],[-117.8894,76.0761],[-117.7525,76.1125],[-117.6337,76.1151],[-117.5126,76.0994],[-117.4991,76.0772],[-117.6264,75.966],[-117.716,75.9211],[-117.8908,75.8055],[-118.2265,75.6112],[-118.3281,75.5797]]],[[[-79.0631,75.9259],[-79.0518,75.867],[-79.1244,75.8697],[-79.3557,75.8312],[-79.5445,75.8256],[-79.6388,75.8429],[-79.6987,75.8833],[-79.5513,75.9583],[-79.3818,76.0108],[-79.1783,76.0924],[-79.0093,76.1459],[-78.9259,76.1347],[-78.8452,76.1063],[-78.9464,76.0254],[-79.0566,75.9852],[-79.0631,75.9259]]],[[[-102.2273,76.0149],[-102.0179,75.9535],[-102.008,75.9394],[-102.0475,75.9277],[-102.3181,75.8952],[-102.4234,75.8692],[-102.5114,75.8084],[-102.5796,75.7802],[-102.9436,75.7634],[-103.3147,75.7642],[-103.2447,75.8229],[-103.0415,75.9188],[-103.2016,75.9585],[-103.7698,75.8924],[-103.9853,75.9331],[-103.8008,76.037],[-103.9845,76.0465],[-104.2425,76.047],[-104.4061,76.1085],[-104.3506,76.1823],[-104.0121,76.223],[-103.5714,76.2582],[-103.0982,76.3115],[-102.728,76.307],[-102.5841,76.2816],[-102.5361,76.1964],[-102.49,76.0951],[-102.4257,76.0864],[-102.2273,76.0149]]],[[[-104.0229,76.5831],[-103.9735,76.5776],[-103.8211,76.5975],[-103.7228,76.6011],[-103.6131,76.5634],[-103.5846,76.5389],[-103.1901,76.4774],[-103.0513,76.4499],[-103.0335,76.4315],[-103.083,76.4052],[-103.1995,76.3708],[-103.3114,76.3476],[-103.4722,76.3291],[-104.2707,76.3263],[-104.3575,76.3346],[-104.4077,76.3651],[-104.5064,76.479],[-104.5766,76.5402],[-104.603,76.5827],[-104.5857,76.6065],[-104.5004,76.6304],[-104.2051,76.6661],[-104.0745,76.6661],[-103.9925,76.657],[-103.9591,76.6388],[-103.9692,76.6142],[-104.0229,76.5831]]],[[[-97.7009,76.4665],[-97.6897,76.4218],[-97.7019,76.3874],[-97.7371,76.3631],[-97.7388,76.3353],[-97.7068,76.3037],[-97.5731,76.2242],[-97.5307,76.1815],[-97.5243,76.1387],[-97.5311,76.1094],[-97.6135,76.0526],[-97.65,75.9792],[-97.6521,75.9402],[-97.603,75.8793],[-97.6017,75.8511],[-97.6942,75.8026],[-97.8905,75.7604],[-97.8628,75.7381],[-97.4396,75.6846],[-97.4075,75.6725],[-97.4096,75.5521],[-97.336,75.4198],[-97.3635,75.4172],[-97.4652,75.4586],[-97.6533,75.5078],[-97.8782,75.4161],[-97.8527,75.2603],[-97.7049,75.1908],[-97.6599,75.1512],[-97.6743,75.1273],[-97.7994,75.1167],[-97.8427,75.1218],[-97.9708,75.1533],[-98.0453,75.2008],[-98.0687,75.1992],[-98.0917,75.1762],[-98.0768,75.153],[-97.99,75.1107],[-97.9533,75.0602],[-97.9918,75.0458],[-98.1209,75.0327],[-98.2952,75.0322],[-98.5687,75.0093],[-98.7035,75.0058],[-98.8348,75.0182],[-99.0101,75.0211],[-99.1558,75.0157],[-99.2449,75.0258],[-99.3261,75.0494],[-99.4206,75.0438],[-99.6269,74.9837],[-99.9466,75.0028],[-100.2344,75.0077],[-100.2923,75.0277],[-100.3566,75.0667],[-100.4835,75.1884],[-100.4595,75.2191],[-100.1521,75.2356],[-100.1457,75.2461],[-100.3641,75.2896],[-100.6149,75.3214],[-100.7312,75.3465],[-100.7042,75.3943],[-100.7119,75.4063],[-100.2796,75.461],[-99.9653,75.5685],[-99.7702,75.6123],[-99.756,75.6334],[-99.5912,75.6554],[-99.2094,75.6686],[-99.1946,75.6984],[-99.9151,75.6813],[-100.9018,75.6204],[-101.2068,75.5904],[-101.4613,75.6079],[-102.5414,75.5136],[-102.5874,75.5137],[-102.7004,75.5436],[-102.7975,75.5997],[-102.7278,75.6387],[-102.4107,75.7128],[-102.2521,75.7777],[-102.2707,75.8128],[-102.1447,75.875],[-101.9428,75.8838],[-101.5997,75.8327],[-101.4212,75.7819],[-101.2614,75.7582],[-101.1194,75.7629],[-100.9728,75.7984],[-101.0099,75.8024],[-101.2588,75.7836],[-101.288,75.7891],[-101.415,75.8458],[-101.4703,75.8819],[-101.5059,75.9181],[-101.5079,75.9436],[-101.4313,75.992],[-101.7168,76.0079],[-101.8234,76.0414],[-101.8721,76.0831],[-101.8614,76.1013],[-101.7714,76.1501],[-101.529,76.2173],[-101.557,76.2358],[-101.9098,76.2344],[-101.9875,76.2431],[-102.1377,76.2849],[-102.1047,76.3312],[-101.9642,76.399],[-101.8585,76.439],[-101.7875,76.4513],[-101.6772,76.451],[-101.4152,76.4249],[-101.3397,76.4105],[-101.1391,76.3452],[-101.0879,76.3079],[-101.0942,76.2719],[-101.0558,76.2456],[-100.9001,76.2071],[-100.2307,76.0077],[-100.1057,75.9604],[-100.0201,75.9396],[-99.8655,75.9242],[-99.7749,75.9274],[-99.7013,75.9415],[-99.6889,75.9597],[-99.9783,76.0295],[-100.051,76.0666],[-100.1128,76.1172],[-100.0858,76.1335],[-100.0018,76.1392],[-99.7902,76.1326],[-99.5411,76.1463],[-99.8172,76.1676],[-99.9976,76.1958],[-100.1828,76.1972],[-100.4142,76.2425],[-100.4144,76.2567],[-100.3576,76.2711],[-100.0427,76.2913],[-99.9831,76.2999],[-99.9777,76.3125],[-100.0819,76.3428],[-100.1747,76.3593],[-100.6507,76.3959],[-100.8199,76.437],[-100.8736,76.4566],[-100.8908,76.4755],[-100.8297,76.5239],[-100.5737,76.5846],[-100.3879,76.6136],[-100.0687,76.6348],[-99.8141,76.6322],[-99.669,76.6241],[-99.3295,76.5213],[-99.1696,76.4537],[-98.8903,76.4656],[-98.971,76.5366],[-99.0236,76.6146],[-98.9409,76.6432],[-98.7108,76.6938],[-98.5276,76.6674],[-98.2887,76.5987],[-98.2362,76.5753],[-97.9673,76.5329],[-97.8084,76.5188],[-97.7259,76.4961],[-97.7009,76.4665]]],[[[-101.2261,76.5793],[-101.4852,76.575],[-101.605,76.587],[-101.6131,76.6046],[-101.5095,76.6277],[-101.165,76.6654],[-100.9622,76.7342],[-100.8865,76.7427],[-100.6216,76.7525],[-100.4672,76.7503],[-100.2691,76.7341],[-100.7466,76.6492],[-101.2261,76.5793]]],[[[-108.2924,76.0571],[-108.1663,76.0543],[-108.0187,76.0652],[-107.8523,76.0577],[-107.7769,76.0353],[-107.7235,75.9954],[-107.7213,75.974],[-107.7318,75.9556],[-107.7552,75.9403],[-107.9704,75.8396],[-108.0207,75.8048],[-107.9511,75.7963],[-107.9175,75.8021],[-107.7026,75.8776],[-107.5409,75.9012],[-107.4183,75.9066],[-107.2162,75.8916],[-107.1357,75.8786],[-107.0804,75.8632],[-107.0504,75.8454],[-106.9709,75.7731],[-106.9135,75.6796],[-106.9042,75.6893],[-106.9028,75.7417],[-106.8917,75.7824],[-106.6931,75.81],[-106.6881,75.819],[-106.7594,75.8416],[-106.8201,75.8724],[-106.8621,75.9301],[-106.8457,75.9516],[-106.8041,75.9747],[-106.677,76.0237],[-106.5286,76.053],[-106.3966,76.0601],[-105.9048,76.009],[-105.7113,75.967],[-105.6327,75.9454],[-105.6044,75.9299],[-105.5633,75.8807],[-105.4809,75.7457],[-105.4814,75.7022],[-105.5195,75.6324],[-105.6784,75.5014],[-105.7026,75.4125],[-105.8626,75.1916],[-105.972,75.1315],[-106.0926,75.0895],[-106.5882,75.0154],[-106.9611,74.9401],[-107.0556,74.9282],[-107.1534,74.9271],[-107.4619,74.9521],[-107.8201,75],[-108.0236,74.9865],[-108.2266,74.9519],[-108.3544,74.9426],[-108.4748,74.9472],[-108.5942,74.9596],[-108.7513,74.9919],[-108.6703,75.0067],[-108.6333,75.0233],[-108.666,75.0403],[-108.8313,75.0649],[-109.0025,75.0103],[-109.5031,74.8828],[-110.1758,74.84],[-110.3867,74.814],[-110.5434,74.7804],[-110.6248,74.7527],[-110.7493,74.6877],[-110.9409,74.6387],[-111.2875,74.5852],[-111.7287,74.502],[-112.5193,74.4168],[-113.0169,74.4019],[-113.5141,74.4301],[-113.6716,74.453],[-113.8368,74.489],[-114.1748,74.5737],[-114.2683,74.6043],[-114.377,74.6708],[-114.3127,74.7151],[-114.1325,74.7661],[-113.8629,74.8125],[-113.3243,74.8753],[-112.836,74.9756],[-112.663,74.9944],[-112.1928,75.0098],[-111.9558,75.0004],[-111.7842,75.0057],[-111.6711,75.0194],[-111.5033,75.0556],[-111.258,75.1277],[-111.0789,75.1952],[-111.0335,75.2268],[-111.0935,75.2563],[-111.1812,75.2604],[-111.4739,75.1911],[-111.6208,75.1678],[-111.7809,75.1662],[-112.0005,75.1424],[-112.2142,75.1329],[-112.2555,75.1337],[-112.4781,75.2],[-112.5971,75.2117],[-112.6524,75.2047],[-112.7031,75.1872],[-112.7996,75.1382],[-112.8553,75.1206],[-112.9514,75.1078],[-113.3396,75.0933],[-113.7118,75.0686],[-113.7946,75.0838],[-113.845,75.1122],[-113.8554,75.1295],[-113.8609,75.1877],[-113.886,75.2109],[-113.8533,75.2594],[-113.8109,75.2963],[-113.7588,75.3217],[-113.503,75.3967],[-113.4671,75.4161],[-113.589,75.4121],[-113.8785,75.3754],[-113.9164,75.3882],[-113.9841,75.4301],[-114.0165,75.4343],[-114.0534,75.4169],[-114.0749,75.3924],[-114.1247,75.2912],[-114.1685,75.2395],[-114.285,75.25],[-114.429,75.2812],[-114.4828,75.2854],[-114.5138,75.2755],[-114.504,75.258],[-114.3578,75.1713],[-114.3561,75.141],[-114.4518,75.0879],[-114.8592,74.9998],[-115.0201,74.9762],[-115.0771,74.9853],[-115.1283,75.0095],[-115.1738,75.0488],[-115.2796,75.1016],[-115.3426,75.1134],[-115.4132,75.115],[-115.4781,75.1041],[-115.5373,75.0807],[-115.5741,75.0559],[-115.609,75.0096],[-115.6832,74.9742],[-115.7289,74.9681],[-116.1426,75.0416],[-116.4761,75.1718],[-116.841,75.1515],[-117.0048,75.1561],[-117.502,75.2039],[-117.5652,75.2333],[-117.6001,75.2717],[-117.5967,75.2925],[-117.5761,75.3141],[-117.5131,75.3568],[-117.3878,75.4215],[-117.3355,75.4423],[-117.2576,75.4595],[-117.1542,75.473],[-116.8908,75.4805],[-116.2127,75.483],[-116.0771,75.493],[-115.3354,75.6181],[-115.2507,75.6386],[-115.1418,75.6785],[-115.1172,75.695],[-115.1219,75.7058],[-116.0343,75.6067],[-116.4256,75.5854],[-117.0252,75.6015],[-117.1379,75.6171],[-117.1636,75.6449],[-117.0386,75.7184],[-116.9727,75.7458],[-116.8021,75.7716],[-116.3896,75.8082],[-115.8381,75.8406],[-115.4769,75.8413],[-115.1737,75.867],[-114.9915,75.8963],[-115.6022,75.8948],[-116.3379,75.8811],[-116.4442,75.8906],[-116.6543,75.9293],[-116.6646,75.9576],[-116.5805,75.9916],[-116.5497,76.0168],[-116.6098,76.0737],[-116.5913,76.0958],[-116.4542,76.1432],[-116.2099,76.1944],[-116.0591,76.2017],[-115.7683,76.1842],[-114.9394,76.1661],[-114.7786,76.1726],[-114.8802,76.1949],[-115.0246,76.2115],[-115.6645,76.2398],[-115.7969,76.2525],[-115.8222,76.27],[-115.8317,76.2958],[-115.8256,76.3298],[-115.7793,76.3647],[-115.5807,76.4375],[-114.9985,76.4975],[-114.7668,76.5057],[-114.5348,76.5018],[-114.299,76.4748],[-114.1939,76.4515],[-114.1413,76.4227],[-114.1158,76.3958],[-114.1128,76.3495],[-114.1015,76.3312],[-114.0588,76.3007],[-113.9233,76.2292],[-113.8235,76.2068],[-113.363,76.2484],[-113.1713,76.2578],[-112.9785,76.2447],[-112.6976,76.2017],[-112.3339,76.0719],[-111.8652,75.9393],[-111.8676,75.9107],[-112.0472,75.8664],[-112.0809,75.8474],[-112.0567,75.8342],[-111.8774,75.8255],[-111.7094,75.8321],[-111.5491,75.8221],[-111.5132,75.8107],[-111.4544,75.7622],[-111.3728,75.6765],[-111.2757,75.6125],[-111.1633,75.5702],[-111.0527,75.5485],[-110.8896,75.5469],[-110.7256,75.5595],[-110.4594,75.5553],[-109.0864,75.5065],[-109.005,75.515],[-108.9472,75.5418],[-108.9126,75.587],[-108.8995,75.6241],[-108.9182,75.6748],[-108.9448,75.699],[-109.796,75.863],[-109.8705,75.9291],[-109.4546,76.0212],[-109.4248,76.0425],[-109.4166,76.0718],[-109.4304,76.1091],[-109.4868,76.1447],[-109.7102,76.2125],[-109.9078,76.2227],[-110.2008,76.2895],[-110.247,76.3063],[-110.2849,76.333],[-110.3145,76.3694],[-110.3095,76.3974],[-110.27,76.417],[-109.9816,76.4848],[-109.8648,76.5224],[-109.505,76.6917],[-109.3385,76.76],[-109.2195,76.792],[-109.0982,76.8119],[-108.8316,76.8211],[-108.5539,76.7581],[-108.4924,76.7542],[-108.467,76.7376],[-108.4778,76.7083],[-108.5125,76.6803],[-108.6118,76.6297],[-108.6352,76.6085],[-108.6276,76.5867],[-108.5595,76.5363],[-108.5386,76.5031],[-108.5235,76.4472],[-108.5125,76.4389],[-108.3455,76.3917],[-108.1936,76.3301],[-108.1232,76.2334],[-108.1779,76.2],[-108.3058,76.1541],[-108.3819,76.1157],[-108.4062,76.0851],[-108.3868,76.0666],[-108.2924,76.0571]]],[[[-89.7265,76.5074],[-89.7733,76.4938],[-89.9241,76.5009],[-89.9741,76.4875],[-90.0543,76.4951],[-90.1646,76.5236],[-90.2935,76.5795],[-90.441,76.6628],[-90.5563,76.7346],[-90.5625,76.7543],[-90.5248,76.7878],[-90.4095,76.8102],[-90.1363,76.837],[-89.9488,76.8362],[-89.7746,76.782],[-89.7253,76.7634],[-89.6954,76.7412],[-89.6944,76.7198],[-89.7086,76.7012],[-89.7875,76.6596],[-89.8221,76.6306],[-89.8219,76.6022],[-89.8048,76.5611],[-89.7729,76.5339],[-89.7264,76.5208],[-89.7265,76.5074]]],[[[-113.5607,76.7433],[-113.7125,76.7105],[-114.7515,76.7589],[-114.8083,76.7741],[-114.8353,76.7947],[-114.6471,76.851],[-114.4199,76.8753],[-113.8917,76.8949],[-113.7075,76.8729],[-113.5854,76.8473],[-113.5165,76.825],[-113.4876,76.7833],[-113.5607,76.7433]]],[[[-94.295,76.9125],[-94.108,76.9038],[-93.948,76.9171],[-93.8109,76.9142],[-93.6084,76.8738],[-93.4208,76.8122],[-93.2766,76.7843],[-93.23,76.7703],[-93.2119,76.7547],[-93.1893,76.708],[-93.19,76.6864],[-93.2006,76.6691],[-93.2637,76.6265],[-93.3167,76.5737],[-93.4263,76.5271],[-93.4846,76.492],[-93.5346,76.4477],[-93.4219,76.4741],[-92.9954,76.6204],[-92.7163,76.603],[-92.297,76.616],[-91.7895,76.6758],[-91.5484,76.6851],[-91.305,76.6808],[-91.1243,76.6619],[-90.7384,76.5813],[-90.6048,76.543],[-90.5546,76.5158],[-90.5426,76.4958],[-90.6216,76.4647],[-90.8641,76.4836],[-91.263,76.5002],[-91.336,76.5106],[-91.3981,76.5098],[-91.4433,76.4985],[-91.4151,76.4559],[-91.3339,76.4465],[-90.8548,76.4373],[-89.2845,76.3016],[-89.2191,76.2582],[-89.2365,76.239],[-89.2921,76.2177],[-89.4066,76.1892],[-90.3121,76.158],[-90.8273,76.1856],[-91.2604,76.23],[-91.4073,76.2201],[-91.2794,76.1599],[-91.0198,76.1416],[-90.8024,76.106],[-90.7121,76.0762],[-90.2514,76.0535],[-90.176,76.0303],[-90.0328,75.9709],[-89.9125,75.9663],[-89.7934,75.9249],[-89.6953,75.8536],[-89.65,75.8441],[-89.5112,75.8569],[-89.2776,75.7951],[-89.2049,75.762],[-89.2045,75.7373],[-89.2566,75.6985],[-89.3612,75.6458],[-89.6254,75.5837],[-89.646,75.565],[-89.3373,75.5724],[-89.2804,75.5641],[-88.9167,75.454],[-88.8688,75.452],[-88.8389,75.4635],[-88.8041,75.5025],[-88.8196,75.5386],[-88.8641,75.5886],[-88.8521,75.6249],[-88.7839,75.6475],[-88.7149,75.6586],[-88.645,75.6584],[-88.569,75.6451],[-88.2013,75.512],[-87.7297,75.5756],[-87.6437,75.5471],[-87.5724,75.4937],[-87.5391,75.4849],[-87.3646,75.5913],[-87.2569,75.6177],[-86.8145,75.4914],[-86.5447,75.4634],[-86.4365,75.4363],[-86.2363,75.4063],[-85.9515,75.395],[-85.9045,75.4419],[-86.0687,75.5022],[-85.973,75.5287],[-85.5812,75.5798],[-85.3723,75.5726],[-84.9868,75.6449],[-84.7502,75.6547],[-84.6049,75.6535],[-84.1276,75.7626],[-84.0143,75.7799],[-83.932,75.8189],[-83.7446,75.8128],[-83.2371,75.7508],[-83.0934,75.7564],[-82.5535,75.8183],[-82.3539,75.8333],[-82.1537,75.8311],[-81.6474,75.7949],[-81.2686,75.756],[-81.1508,75.7355],[-81.1927,75.6844],[-81.1735,75.6692],[-81.1244,75.6582],[-81.0008,75.6431],[-80.5277,75.6421],[-80.322,75.6291],[-80.1583,75.5812],[-80.1192,75.5621],[-80.1257,75.5421],[-80.2866,75.4904],[-80.2604,75.4794],[-80.0996,75.4674],[-79.7377,75.4615],[-79.6602,75.4495],[-79.5857,75.3849],[-79.5078,75.2954],[-79.5091,75.2598],[-79.6344,75.1993],[-79.9771,75.1186],[-80.3576,75.0516],[-80.382,75.0342],[-80.2606,75.0021],[-80.1353,74.9881],[-80.0364,74.9909],[-79.733,75.0214],[-79.6641,75.0208],[-79.5248,74.9897],[-79.4604,74.9588],[-79.4014,74.9176],[-79.508,74.8801],[-79.9445,74.8336],[-80.2024,74.8948],[-80.2892,74.9083],[-80.3478,74.903],[-80.3146,74.8762],[-80.1897,74.8277],[-80.1489,74.7957],[-80.1922,74.7802],[-80.2127,74.7495],[-80.2103,74.7036],[-80.2206,74.657],[-80.2627,74.5845],[-80.2777,74.5816],[-81.2262,74.5667],[-81.3405,74.5535],[-81.6072,74.5023],[-81.8088,74.4766],[-81.9402,74.4727],[-82.0685,74.4821],[-82.4147,74.5352],[-82.6454,74.5252],[-82.7358,74.5303],[-82.9311,74.5656],[-82.9784,74.5834],[-83.0576,74.6298],[-83.117,74.6931],[-83.1123,74.7321],[-83.0873,74.7884],[-83.1026,74.8166],[-83.1583,74.8167],[-83.2203,74.8284],[-83.407,74.8848],[-83.5221,74.9015],[-83.5436,74.8923],[-83.5098,74.8482],[-83.4873,74.8341],[-83.3642,74.8019],[-83.3413,74.7646],[-83.3937,74.6702],[-83.4122,74.655],[-83.5319,74.5857],[-83.6219,74.5659],[-83.8681,74.5644],[-84.2452,74.5152],[-84.4255,74.5081],[-84.6671,74.5196],[-84.8183,74.542],[-84.9163,74.5677],[-85.0115,74.6042],[-85.0614,74.6069],[-85.0868,74.5277],[-85.1334,74.5174],[-85.2143,74.5187],[-85.3393,74.5433],[-85.4423,74.6006],[-85.4744,74.6003],[-85.4887,74.567],[-85.5117,74.5451],[-85.5435,74.5348],[-85.808,74.499],[-85.9556,74.4988],[-86.1099,74.5397],[-86.2109,74.5356],[-86.3406,74.5135],[-86.6554,74.5554],[-86.7308,74.557],[-86.6661,74.4891],[-86.7702,74.4786],[-86.9947,74.4803],[-87.3638,74.5022],[-87.5926,74.4704],[-88.0059,74.4894],[-88.423,74.4941],[-88.5007,74.5097],[-88.5557,74.5415],[-88.5579,74.5697],[-88.5376,74.6088],[-88.4766,74.6669],[-88.3747,74.7441],[-88.3396,74.7849],[-88.4314,74.8037],[-88.4882,74.8289],[-88.535,74.8317],[-88.682,74.802],[-88.7778,74.7152],[-88.8511,74.69],[-88.8834,74.7111],[-88.9078,74.7638],[-88.9401,74.7895],[-88.9804,74.7881],[-89.0196,74.774],[-89.0579,74.7473],[-89.1153,74.7376],[-89.1919,74.7449],[-89.2191,74.7318],[-89.1968,74.6982],[-89.1891,74.6668],[-89.1958,74.6375],[-89.2619,74.6092],[-89.45,74.5679],[-89.5587,74.5547],[-89.8444,74.5486],[-90.0153,74.5609],[-90.3616,74.6104],[-90.5533,74.6127],[-90.7841,74.6959],[-90.9668,74.7151],[-90.9575,74.7452],[-90.8776,74.8011],[-90.8802,74.8178],[-91.1299,74.7363],[-91.1637,74.7103],[-91.1346,74.6499],[-91.1677,74.6455],[-91.3395,74.6672],[-91.5083,74.6507],[-91.5491,74.6556],[-91.6658,74.6992],[-91.871,74.7435],[-91.9616,74.7932],[-92.1025,74.9484],[-92.1742,75.0511],[-92.1652,75.072],[-92.0605,75.101],[-92.0763,75.1235],[-92.2068,75.1813],[-92.3475,75.2298],[-92.3893,75.2633],[-92.4083,75.2973],[-92.4271,75.3464],[-92.428,75.3827],[-92.4111,75.4062],[-92.3307,75.4794],[-92.1104,75.6106],[-92.0807,75.6345],[-92.0688,75.6579],[-92.0992,75.7273],[-92.1418,75.7968],[-92.1851,75.8465],[-92.3066,75.9151],[-92.4737,75.9865],[-92.7089,76.1145],[-92.8833,76.214],[-93.0917,76.354],[-93.1923,76.366],[-93.3086,76.3596],[-93.56,76.3114],[-93.6444,76.2885],[-93.6652,76.2731],[-93.8523,76.2697],[-94.3826,76.2823],[-94.5854,76.2972],[-94.7367,76.2933],[-94.9966,76.2577],[-95.2739,76.2644],[-95.4474,76.363],[-95.8417,76.4162],[-95.9593,76.446],[-96.0397,76.4867],[-96.0131,76.5133],[-95.7889,76.5372],[-95.6957,76.5634],[-95.651,76.5847],[-95.8732,76.5664],[-95.9713,76.5696],[-96.6397,76.7029],[-96.8457,76.7264],[-96.8807,76.7383],[-96.898,76.754],[-96.8976,76.7735],[-96.878,76.8028],[-96.6794,76.7658],[-96.5903,76.763],[-96.4512,76.7741],[-96.4016,76.7972],[-96.4332,76.8107],[-96.661,76.8552],[-96.7711,76.8889],[-96.8135,76.9135],[-96.7698,76.9482],[-96.7583,76.9718],[-96.6851,76.985],[-96.5501,76.9879],[-96.3773,77.0046],[-96.0612,77.05],[-95.8495,77.0662],[-95.6382,77.0638],[-95.1264,77.0173],[-94.6161,76.9583],[-94.295,76.9125]]],[[[-115.5513,77.3633],[-115.4756,77.3243],[-115.4702,77.3086],[-115.5066,77.2921],[-115.6239,77.2659],[-116.2137,77.1782],[-116.3292,77.1371],[-116.2857,77.1017],[-116.0731,77.03],[-115.8568,76.9692],[-115.8101,76.9391],[-115.9129,76.9084],[-116.1098,76.9182],[-116.1833,76.9156],[-116.2527,76.9014],[-116.234,76.8743],[-116.0162,76.7845],[-115.9446,76.7362],[-115.9463,76.7113],[-115.9848,76.6869],[-116.0762,76.6535],[-116.2205,76.6111],[-116.4676,76.5771],[-116.9992,76.5316],[-117.0168,76.4961],[-117.0133,76.4691],[-117.0262,76.4035],[-117.0445,76.3731],[-117.1078,76.3219],[-117.1539,76.298],[-117.2336,76.2815],[-117.3469,76.2726],[-117.4924,76.2727],[-117.7324,76.3167],[-117.8414,76.3448],[-117.993,76.4058],[-118.0202,76.4465],[-118.0054,76.4967],[-117.9654,76.574],[-117.8995,76.6531],[-117.8076,76.7339],[-117.7805,76.7843],[-117.8179,76.8041],[-117.8808,76.8051],[-118.0764,76.7724],[-118.2028,76.7605],[-118.3006,76.7367],[-118.3699,76.701],[-118.4091,76.6623],[-118.431,76.588],[-118.4682,76.5474],[-118.5737,76.5252],[-118.7315,76.5256],[-118.7914,76.513],[-118.8208,76.4858],[-118.7996,76.4638],[-118.6439,76.4175],[-118.6245,76.3659],[-118.6434,76.3347],[-118.8116,76.2771],[-118.8511,76.2578],[-118.9555,76.1677],[-118.9939,76.1449],[-119.0807,76.1241],[-119.1682,76.1265],[-119.2493,76.1595],[-119.3679,76.2218],[-119.4478,76.2754],[-119.4888,76.3203],[-119.5237,76.3403],[-119.5804,76.3265],[-119.6489,76.2799],[-119.6508,76.2437],[-119.6358,76.1899],[-119.6396,76.1567],[-119.7396,76.1177],[-119.7252,76.1],[-119.5497,76.0521],[-119.5271,76.0306],[-119.5261,75.9972],[-119.5377,75.9822],[-119.608,75.9846],[-119.6671,75.946],[-119.7348,75.9154],[-119.9129,75.8588],[-120.1605,75.852],[-120.3654,75.8248],[-120.4089,75.8256],[-120.4583,75.8702],[-120.5138,75.9583],[-120.5633,76.0084],[-120.6372,76.034],[-120.7287,76.1341],[-120.7716,76.1663],[-120.8134,76.1793],[-120.8484,76.1827],[-120.9001,76.1634],[-121.0193,76.0203],[-121.2135,75.9837],[-121.3202,75.977],[-121.428,75.9811],[-121.6945,76.0203],[-121.9082,76.0348],[-122.0574,76.0182],[-122.3027,75.9598],[-122.4005,75.9442],[-122.5331,75.9509],[-122.5911,75.973],[-122.6405,76.0091],[-122.6459,76.031],[-122.6074,76.0387],[-122.5462,76.0805],[-122.5482,76.0973],[-122.6086,76.1214],[-122.6095,76.1403],[-122.5879,76.153],[-122.5927,76.1621],[-122.6239,76.1675],[-122.6847,76.1624],[-122.9028,76.1347],[-122.8783,76.1648],[-122.774,76.2277],[-122.5194,76.3532],[-122.423,76.3901],[-122.3654,76.4012],[-121.6138,76.4415],[-121.5611,76.4535],[-121.2039,76.6222],[-121.102,76.6607],[-120.9976,76.6915],[-120.4854,76.7932],[-120.4376,76.8165],[-120.3577,76.8869],[-120.3109,76.9046],[-120.2003,76.9313],[-119.8312,77.0739],[-119.4948,77.1769],[-119.324,77.2407],[-119.0902,77.3051],[-118.82,77.3327],[-118.0052,77.3812],[-117.4186,77.3174],[-117.2791,77.3134],[-117.2108,77.3314],[-117.149,77.3608],[-117.0614,77.3485],[-116.8436,77.3396],[-116.7953,77.3466],[-116.7036,77.3799],[-116.7663,77.3982],[-117.0298,77.4319],[-117.0458,77.449],[-117.0397,77.4651],[-116.9472,77.5039],[-116.8353,77.5289],[-116.5113,77.5476],[-116.3626,77.5428],[-116.2089,77.516],[-116.008,77.4606],[-115.5513,77.3633]]],[[[-89.8333,77.2676],[-90.0947,77.2104],[-90.2283,77.2125],[-90.9932,77.3295],[-91.1473,77.3873],[-91.1766,77.4263],[-91.1851,77.4815],[-91.1827,77.5572],[-91.1495,77.6081],[-91.1091,77.6257],[-91.019,77.6439],[-90.8426,77.655],[-90.6749,77.6486],[-90.4228,77.6284],[-90.1719,77.5947],[-89.839,77.4914],[-89.7195,77.4421],[-89.6942,77.3781],[-89.6946,77.339],[-89.712,77.3104],[-89.7467,77.2926],[-89.8333,77.2676]]],[[[-104.5582,77.1417],[-104.7114,77.124],[-105.0156,77.1646],[-105.2151,77.1821],[-105.3799,77.2542],[-105.5563,77.3526],[-105.6951,77.4614],[-105.7472,77.5254],[-105.8481,77.5634],[-105.8832,77.6265],[-106.0661,77.7254],[-106.0356,77.7398],[-105.863,77.7544],[-105.5879,77.736],[-105.4561,77.7009],[-105.2896,77.6421],[-105.0739,77.5483],[-105.0072,77.5067],[-104.9943,77.4497],[-104.9553,77.4187],[-104.7702,77.4132],[-104.5422,77.3377],[-104.5008,77.3085],[-104.4537,77.2491],[-104.457,77.2208],[-104.4934,77.1624],[-104.5582,77.1417]]],[[[-95.4844,77.792],[-95.2331,77.7538],[-94.9599,77.7741],[-94.6668,77.7762],[-94.0147,77.7599],[-93.5829,77.7708],[-93.4711,77.7643],[-93.301,77.7398],[-93.2107,77.7102],[-93.1287,77.6602],[-93.3392,77.6297],[-93.5196,77.4744],[-93.5439,77.4667],[-93.7402,77.4646],[-93.8362,77.4522],[-94.409,77.4742],[-95.9871,77.4841],[-96.0561,77.5035],[-96.2639,77.5945],[-96.2766,77.6306],[-96.2392,77.6726],[-96.1946,77.7005],[-96.143,77.7144],[-95.6839,77.7823],[-95.4844,77.792]]],[[[-101.6936,77.6966],[-101.8311,77.6874],[-102.0798,77.6922],[-102.3778,77.7281],[-102.4582,77.7702],[-102.475,77.8367],[-102.4715,77.8735],[-102.4477,77.8806],[-102.2632,77.8894],[-101.9179,77.8996],[-101.6394,77.8921],[-101.322,77.8542],[-101.1932,77.8298],[-101.1276,77.8126],[-101.0462,77.7778],[-101.0196,77.7625],[-101.0021,77.7351],[-101.3977,77.7291],[-101.5846,77.7183],[-101.6936,77.6966]]],[[[-113.8325,77.7546],[-114.1059,77.7207],[-114.2872,77.7215],[-114.6083,77.7693],[-114.9804,77.9154],[-115.0293,77.9675],[-114.8904,77.9769],[-114.7895,77.9929],[-114.7265,78.0155],[-114.6069,78.0403],[-114.3304,78.0775],[-114.2969,78.0632],[-114.3029,78.0327],[-114.2798,78.0043],[-114.181,77.9982],[-114.0872,77.9779],[-113.8978,77.9156],[-113.768,77.9036],[-113.7214,77.8899],[-113.6967,77.8689],[-113.6179,77.8324],[-113.6194,77.8135],[-113.7258,77.7758],[-113.8325,77.7546]]],[[[-110.4581,78.1032],[-109.6569,78.0792],[-109.6223,78.0748],[-109.619,78.0568],[-109.6794,77.9993],[-109.7718,77.9574],[-110.1995,77.9048],[-110.7511,77.8572],[-110.8656,77.8341],[-110.8565,77.8204],[-110.8116,77.8032],[-110.7194,77.7814],[-110.2922,77.7864],[-110.1892,77.777],[-110.1527,77.7629],[-110.1309,77.7424],[-110.1176,77.7156],[-110.1169,77.6247],[-110.1395,77.5721],[-110.1985,77.5245],[-110.3715,77.4906],[-110.6829,77.4459],[-110.894,77.426],[-111.0604,77.4332],[-111.2262,77.4285],[-111.952,77.3442],[-112.1765,77.3438],[-112.3727,77.3641],[-112.6438,77.4437],[-112.9256,77.475],[-113.046,77.5107],[-113.1644,77.5303],[-113.1971,77.5588],[-113.2085,77.5802],[-113.1886,77.5998],[-113.1374,77.6175],[-113.1207,77.6326],[-113.1678,77.6765],[-113.1895,77.7183],[-113.2713,77.7784],[-113.2834,77.813],[-113.283,77.8356],[-113.2693,77.8601],[-113.2152,77.9035],[-113.1871,77.9124],[-113.0216,77.9191],[-112.8045,77.9416],[-112.3046,78.0068],[-111.2066,78.0881],[-110.8732,78.0806],[-110.7273,78.0966],[-110.4581,78.1032]]],[[[-103.0034,78.1464],[-103.1182,78.1264],[-103.2522,78.1381],[-103.271,78.1506],[-103.2736,78.1658],[-103.2601,78.1835],[-103.1104,78.2458],[-102.9733,78.2672],[-102.8918,78.2712],[-102.8255,78.25],[-102.7883,78.2182],[-103.0034,78.1464]]],[[[-109.816,78.6504],[-109.641,78.5921],[-109.5809,78.5933],[-109.5042,78.5825],[-109.4673,78.5672],[-109.3622,78.4929],[-109.3421,78.456],[-109.336,78.4084],[-109.3521,78.3687],[-109.3905,78.3367],[-109.4845,78.3164],[-109.7088,78.3038],[-110.0219,78.3228],[-110.2935,78.2982],[-110.4184,78.295],[-110.7551,78.3107],[-110.84,78.3223],[-111.0268,78.3676],[-111.1692,78.3863],[-111.229,78.3763],[-111.3005,78.3366],[-111.4351,78.2874],[-111.5175,78.2747],[-111.7597,78.283],[-112.1312,78.3661],[-112.5578,78.3415],[-112.9999,78.2929],[-113.1725,78.2838],[-113.223,78.2979],[-113.2926,78.3344],[-113.2817,78.3528],[-113.15,78.4084],[-112.8559,78.4668],[-112.6408,78.4998],[-112.214,78.5478],[-111.7088,78.5747],[-111.5199,78.6032],[-111.4003,78.644],[-111.0715,78.7084],[-110.8776,78.7351],[-110.6181,78.7578],[-110.4078,78.7566],[-110.1405,78.7044],[-109.9409,78.6785],[-109.816,78.6504]]],[[[-96.2045,78.5313],[-95.9685,78.5051],[-95.5611,78.5166],[-95.4129,78.4976],[-95.0312,78.4303],[-94.9154,78.3905],[-94.8877,78.3605],[-94.8872,78.3452],[-95.0139,78.3126],[-95.2679,78.2626],[-95.3292,78.225],[-95.1027,78.1781],[-94.9878,78.1363],[-94.936,78.1064],[-94.9343,78.0756],[-95.087,77.9926],[-95.1991,77.9682],[-95.3705,77.9708],[-95.4516,77.9632],[-95.6708,77.9245],[-96.0116,77.8874],[-96.4769,77.8722],[-96.603,77.8493],[-96.834,77.8119],[-96.9896,77.806],[-97.0405,77.8274],[-97.0638,77.8591],[-97.052,77.881],[-97.0191,77.9081],[-97.0933,77.9335],[-97.4267,77.9823],[-97.6208,78.0502],[-97.6484,78.0716],[-97.6582,78.0906],[-97.2266,78.1032],[-97.0409,78.1169],[-96.9583,78.139],[-96.9447,78.1519],[-97.0273,78.1574],[-97.323,78.2032],[-97.819,78.2306],[-97.8427,78.2624],[-98.0495,78.3259],[-98.0693,78.3863],[-98.1143,78.403],[-98.2549,78.4292],[-98.2757,78.4379],[-98.3173,78.4769],[-98.3237,78.4981],[-98.3156,78.5175],[-98.0604,78.5583],[-98.096,78.5867],[-98.2899,78.6924],[-98.3408,78.7512],[-98.3326,78.7735],[-98.2121,78.8045],[-98.0429,78.8052],[-97.5959,78.7958],[-97.3823,78.7829],[-97.1693,78.7577],[-96.9358,78.7203],[-96.5871,78.6871],[-96.4753,78.6652],[-96.2653,78.5954],[-96.2426,78.5732],[-96.2565,78.5511],[-96.2045,78.5313]]],[[[-103.426,79.3156],[-103.1917,79.2953],[-102.9144,79.2311],[-102.6523,79.095],[-102.639,79.0776],[-102.6376,79.055],[-102.6482,79.0271],[-102.6829,78.991],[-102.7305,78.9693],[-102.5956,78.943],[-102.5808,78.9301],[-102.5928,78.9009],[-102.5762,78.8794],[-102.4946,78.9007],[-102.4248,78.9332],[-102.4073,78.9541],[-102.3932,79.0103],[-102.1886,79.0384],[-101.9736,79.0792],[-101.8726,79.0884],[-101.7037,79.0789],[-101.299,78.9822],[-101.1446,78.9729],[-101.0885,78.9615],[-101.0372,78.939],[-101.0337,78.9147],[-101.1159,78.8583],[-101.1475,78.824],[-101.1281,78.8017],[-100.917,78.7829],[-100.4355,78.8203],[-100.0147,78.7286],[-99.7818,78.6196],[-99.6094,78.5831],[-99.5821,78.5633],[-99.6311,78.5447],[-99.6802,78.4935],[-99.8183,78.4554],[-99.8478,78.4382],[-99.7741,78.393],[-99.7687,78.3646],[-99.7782,78.3251],[-99.7514,78.303],[-99.5625,78.2793],[-99.1315,78.1175],[-99.0531,78.0724],[-99.0046,78.016],[-98.9996,77.9969],[-99.0612,77.9656],[-99.1284,77.8771],[-99.1664,77.8569],[-99.3413,77.8396],[-99.6591,77.8241],[-99.9559,77.7938],[-100.2747,77.8327],[-100.586,77.8918],[-100.6803,77.9307],[-100.7579,77.9777],[-100.7782,77.996],[-100.8096,78.0716],[-100.8262,78.0877],[-100.9576,78.1302],[-101.0741,78.1938],[-101.298,78.1994],[-101.8295,78.2641],[-102.057,78.2795],[-102.2845,78.275],[-102.607,78.2489],[-102.6677,78.2559],[-102.7227,78.2752],[-102.7721,78.3069],[-102.7843,78.3302],[-102.7313,78.371],[-103.6772,78.3196],[-103.9466,78.26],[-104.3242,78.2695],[-104.5126,78.2946],[-104.7636,78.3517],[-104.8793,78.4013],[-104.9854,78.468],[-104.9956,78.5185],[-104.9096,78.5526],[-104.8201,78.5729],[-104.7271,78.5794],[-104.214,78.5397],[-103.7644,78.5195],[-103.5705,78.5398],[-103.4826,78.5939],[-103.588,78.623],[-104.0208,78.6349],[-103.9285,78.6634],[-103.5627,78.6927],[-103.3716,78.7363],[-103.4084,78.7516],[-103.5184,78.7691],[-104.0087,78.764],[-104.185,78.7813],[-104.1946,78.7956],[-104.155,78.814],[-103.8756,78.9027],[-103.8872,78.9188],[-104.0072,78.9479],[-104.1127,78.9856],[-104.152,78.9899],[-104.3948,78.9562],[-104.736,78.8259],[-104.8174,78.8071],[-104.8955,78.8082],[-104.9702,78.8292],[-104.9695,78.8565],[-104.8934,78.8902],[-104.7353,78.9911],[-104.7468,79.0271],[-104.9014,79.0511],[-105.3088,79.0332],[-105.5356,79.0325],[-105.5708,79.061],[-105.5802,79.1142],[-105.571,79.1642],[-105.5146,79.2425],[-105.4357,79.3022],[-105.3877,79.3236],[-104.8474,79.311],[-103.9646,79.3481],[-103.7064,79.3521],[-103.426,79.3156]]],[[[-98.7916,79.9811],[-98.7689,79.8509],[-98.7898,79.7854],[-98.8406,79.7371],[-98.8852,79.7257],[-98.9452,79.7241],[-99.2185,79.7619],[-99.3018,79.7841],[-99.3063,79.8029],[-99.333,79.8396],[-99.5156,79.8872],[-99.8575,79.8795],[-99.9999,79.884],[-100.0568,79.8982],[-100.0924,79.9187],[-100.126,80.0013],[-100.1204,80.0304],[-100.0785,80.0811],[-100.0533,80.0934],[-99.8028,80.1401],[-99.7312,80.1441],[-99.4249,80.1264],[-99.1532,80.1242],[-99.0166,80.1111],[-98.8947,80.0818],[-98.8232,80.0374],[-98.7916,79.9811]]],[[[-91.8855,81.1329],[-91.755,81.0493],[-91.2725,80.8501],[-91.0539,80.7777],[-90.6829,80.6877],[-90.6367,80.6553],[-90.6325,80.6417],[-90.643,80.5937],[-90.5373,80.5759],[-90.2176,80.5482],[-89.8619,80.4984],[-89.7979,80.5013],[-89.6738,80.5308],[-89.5248,80.5388],[-89.3291,80.5317],[-89.2356,80.5106],[-89.1669,80.4796],[-89.1383,80.4574],[-89.1342,80.4402],[-89.2044,80.4069],[-89.1966,80.394],[-89.1547,80.3785],[-89.1473,80.3604],[-89.2177,80.2893],[-89.1983,80.2632],[-89.0192,80.1985],[-88.8573,80.1662],[-88.5375,80.1312],[-88.3292,80.1337],[-88.1999,80.1115],[-88.1968,80.1252],[-88.2554,80.1665],[-88.3808,80.2252],[-88.6125,80.2554],[-88.6462,80.2897],[-88.6634,80.3483],[-88.6437,80.3869],[-88.5248,80.418],[-88.4244,80.4281],[-88.1252,80.4295],[-87.96,80.4156],[-87.675,80.3721],[-87.6455,80.3484],[-87.6303,80.3016],[-87.6184,80.2075],[-87.6255,80.1872],[-87.8691,80.1339],[-87.9223,80.0977],[-87.8607,80.0875],[-87.6514,80.0794],[-87.3285,80.0465],[-87.2021,80.0432],[-87.0762,79.9669],[-86.9772,79.8942],[-87.0495,79.8054],[-87.1442,79.6626],[-87.2203,79.6299],[-87.2952,79.5802],[-87.2429,79.5711],[-86.9252,79.591],[-86.861,79.5977],[-86.6488,79.6462],[-86.337,79.635],[-86.2322,79.6224],[-86.1805,79.6054],[-86.0855,79.5512],[-86.007,79.4794],[-85.949,79.486],[-85.8039,79.573],[-85.7509,79.5945],[-85.6786,79.6153],[-85.6479,79.6114],[-85.5014,79.5303],[-85.1756,79.3873],[-85.0638,79.3282],[-85.0421,79.2846],[-85.1813,79.2337],[-85.2898,79.2083],[-86.0917,79.1],[-86.4505,79.0387],[-86.6294,78.9913],[-86.7208,78.9755],[-86.9135,78.9828],[-86.9572,78.9749],[-87.0165,78.8987],[-87.0804,78.8661],[-87.2464,78.8135],[-87.4788,78.7182],[-87.6174,78.6763],[-87.8615,78.7068],[-87.9223,78.7514],[-87.9562,78.8516],[-87.9607,78.8931],[-87.9532,78.915],[-87.9226,78.9506],[-87.8167,79.0363],[-87.8294,79.0453],[-87.8784,79.0382],[-88.0402,78.9953],[-88.1041,78.9728],[-88.1638,78.9335],[-88.1902,78.8674],[-88.1666,78.7455],[-88.1897,78.6964],[-88.2538,78.672],[-88.2279,78.653],[-88.037,78.627],[-88.0031,78.6155],[-87.982,78.5947],[-87.9736,78.5647],[-87.9829,78.5371],[-88.0402,78.4944],[-88.1476,78.4771],[-88.2846,78.4965],[-88.5807,78.6019],[-88.7093,78.5961],[-88.7416,78.584],[-88.714,78.5464],[-88.623,78.4621],[-88.6064,78.392],[-88.6484,78.3337],[-88.733,78.2417],[-88.791,78.1924],[-88.8224,78.1859],[-88.9696,78.1844],[-89.0957,78.2092],[-89.47,78.3702],[-89.6553,78.4389],[-89.9262,78.573],[-89.9954,78.6007],[-90.0371,78.6068],[-90.0763,78.5492],[-90.001,78.4958],[-89.7573,78.3702],[-89.6117,78.2789],[-89.5068,78.2033],[-89.4898,78.1719],[-89.5257,78.1596],[-89.5795,78.1666],[-89.6511,78.193],[-89.873,78.2376],[-89.9652,78.2625],[-90.0254,78.2913],[-90.1361,78.3131],[-90.2972,78.328],[-90.459,78.3309],[-90.6216,78.3217],[-90.6524,78.3077],[-90.4692,78.2686],[-90.4054,78.2467],[-90.358,78.2188],[-90.3268,78.1848],[-90.387,78.1633],[-90.6144,78.1499],[-90.9181,78.1584],[-91.4096,78.188],[-91.8992,78.2369],[-92.3513,78.3129],[-92.6783,78.3891],[-92.8076,78.4297],[-92.8482,78.4601],[-92.7256,78.4867],[-92.2967,78.5208],[-91.8669,78.5427],[-91.935,78.5617],[-92.7155,78.605],[-92.9725,78.6129],[-93.1094,78.6016],[-93.2666,78.6083],[-93.3895,78.6427],[-93.5521,78.7078],[-93.6344,78.7509],[-93.6233,78.7678],[-93.5614,78.7773],[-93.2083,78.7692],[-93.1599,78.7756],[-93.3365,78.8081],[-93.9022,78.8722],[-94.1146,78.9289],[-94.1536,78.951],[-94.1697,78.9728],[-94.1628,78.9942],[-93.9502,79.0374],[-93.2939,79.1395],[-93.0685,79.1554],[-92.8416,79.1564],[-92.6836,79.1858],[-92.5472,79.2826],[-91.8676,79.3174],[-91.3437,79.3609],[-91.2999,79.3727],[-91.6926,79.3647],[-92.2479,79.3734],[-92.4846,79.4393],[-92.6447,79.4504],[-92.8219,79.4499],[-93.0281,79.4292],[-93.3809,79.3682],[-93.5504,79.354],[-93.9332,79.2907],[-94.0398,79.2952],[-94.0934,79.3027],[-94.1094,79.3151],[-94.0403,79.357],[-93.9397,79.3857],[-93.9603,79.3955],[-94.1103,79.4016],[-94.2841,79.4004],[-94.4049,79.3905],[-94.846,79.3351],[-95.0437,79.2936],[-95.1032,79.2899],[-95.3166,79.3547],[-95.657,79.3904],[-95.733,79.4182],[-95.6629,79.5273],[-95.5635,79.5498],[-95.3023,79.5681],[-94.5197,79.6671],[-94.4755,79.6862],[-94.4019,79.7363],[-94.5809,79.7256],[-94.973,79.6772],[-95.297,79.6531],[-95.5525,79.6532],[-95.7394,79.6602],[-95.8575,79.6738],[-95.9997,79.7047],[-96.4627,79.8475],[-96.5891,79.9167],[-96.6067,79.9777],[-96.6392,80.0242],[-96.7732,80.1358],[-95.782,80.0664],[-95.3938,80.0533],[-94.6459,80.0487],[-94.6108,80.0555],[-94.5998,80.0736],[-94.6127,80.103],[-94.607,80.1256],[-94.5826,80.1414],[-94.3044,80.1816],[-94.2626,80.1949],[-94.5901,80.2015],[-95.1924,80.1344],[-95.4051,80.135],[-95.6462,80.231],[-95.904,80.2141],[-96.0257,80.2217],[-96.2151,80.2459],[-96.3083,80.267],[-96.3684,80.2931],[-96.3941,80.315],[-96.3854,80.3329],[-96.3344,80.3528],[-96.1122,80.3804],[-96.0119,80.3831],[-95.7474,80.3653],[-95.5491,80.3666],[-95.6145,80.3962],[-95.9011,80.4708],[-96.1518,80.5535],[-96.1328,80.6914],[-95.927,80.7207],[-95.7136,80.7254],[-95.5053,80.6906],[-95.2258,80.6858],[-95.0257,80.6464],[-94.8926,80.5709],[-94.7345,80.5724],[-94.4854,80.5581],[-93.9279,80.5592],[-94.0287,80.5862],[-94.2021,80.6097],[-94.5963,80.6406],[-94.7885,80.7513],[-95.1958,80.8083],[-95.5147,80.8381],[-95.5093,80.8632],[-95.2698,81.0008],[-94.9805,81.0497],[-94.5194,81.0312],[-94.2163,81.0572],[-93.826,81.1057],[-93.4437,81.0833],[-93.3451,81.0854],[-93.2867,81.1003],[-93.2356,81.1289],[-93.2354,81.1551],[-93.2859,81.1792],[-93.4065,81.2091],[-93.8944,81.2133],[-94.1104,81.225],[-94.1944,81.2409],[-94.2187,81.2649],[-94.2315,81.2897],[-94.233,81.3151],[-94.2201,81.3308],[-94.1793,81.3393],[-94.0597,81.3493],[-93.6049,81.3506],[-93.3328,81.3644],[-93.0347,81.3463],[-92.4126,81.2783],[-92.2118,81.2436],[-91.9979,81.1855],[-91.8855,81.1329]]],[[[-69.4889,83.0168],[-68.6732,82.9988],[-68.409,83.0053],[-68.1069,82.9612],[-67.9246,82.956],[-67.6245,82.9644],[-67.4057,82.9539],[-66.5917,82.944],[-66.4226,82.9269],[-66.4248,82.9062],[-66.6004,82.8612],[-66.8363,82.8179],[-68.3576,82.6768],[-68.4693,82.6534],[-68.1729,82.6459],[-67.7359,82.6524],[-67.3971,82.6681],[-66.9977,82.7161],[-66.8657,82.7188],[-66.6119,82.7421],[-66.1205,82.8071],[-65.7274,82.8424],[-65.5496,82.827],[-65.4,82.8024],[-65.299,82.7996],[-65.2466,82.8185],[-65.1624,82.8701],[-65.1132,82.8889],[-64.9839,82.9023],[-64.9049,82.9008],[-64.7768,82.8765],[-64.6348,82.8186],[-64.504,82.7784],[-64.4334,82.7777],[-64.1342,82.8232],[-63.9836,82.8291],[-63.641,82.8126],[-63.4987,82.7926],[-63.473,82.7712],[-63.5641,82.7487],[-63.6206,82.7293],[-63.6425,82.713],[-63.5927,82.694],[-63.3854,82.6535],[-63.0854,82.5652],[-63.0871,82.5328],[-63.2508,82.4668],[-63.2468,82.4502],[-62.4752,82.5196],[-61.6972,82.4886],[-61.4771,82.4674],[-61.3925,82.4419],[-61.3025,82.3998],[-61.2072,82.3411],[-61.2735,82.2798],[-61.6154,82.1844],[-61.9687,82.1103],[-62.1767,82.0434],[-62.4965,82.0068],[-63.5923,81.8455],[-64.1279,81.7937],[-64.4358,81.7426],[-64.574,81.7337],[-65.2262,81.7435],[-65.3992,81.7154],[-65.4954,81.6681],[-65.7011,81.6456],[-66.0047,81.6294],[-66.6257,81.6164],[-66.765,81.563],[-66.8006,81.5268],[-66.8611,81.4987],[-66.9141,81.4851],[-68.6885,81.2933],[-68.7212,81.2612],[-68.5426,81.248],[-68.3177,81.2612],[-65.7357,81.4942],[-65.24,81.5097],[-64.7801,81.4929],[-64.8328,81.4386],[-65.484,81.2848],[-66.3128,81.1461],[-66.7269,81.0409],[-67.7744,80.8594],[-68.6305,80.6787],[-68.9594,80.5869],[-69.4001,80.4229],[-69.5507,80.3833],[-69.7338,80.3669],[-69.9493,80.3738],[-70.1435,80.3977],[-70.4026,80.459],[-70.6387,80.5275],[-70.7126,80.5396],[-70.6678,80.5056],[-70.2128,80.2777],[-70.2649,80.2336],[-71.1003,80.1871],[-71.4701,80.1459],[-71.6608,80.1359],[-71.7959,80.1434],[-71.9276,80.1392],[-72.056,80.1232],[-72.063,80.1056],[-71.9487,80.0862],[-71.6161,80.071],[-70.8771,80.1223],[-70.7585,80.1187],[-70.5684,80.0937],[-70.5591,80.071],[-70.7575,79.9982],[-71.3558,79.9113],[-71.2776,79.9063],[-71.1063,79.8755],[-71.1102,79.8478],[-71.2986,79.7826],[-71.3878,79.7618],[-71.9646,79.7011],[-72.2155,79.6868],[-72.4365,79.6944],[-73.4481,79.8271],[-73.8051,79.8463],[-74.1442,79.8798],[-74.3945,79.8741],[-74.6602,79.8352],[-74.5407,79.8156],[-74.051,79.7782],[-73.6421,79.771],[-73.4725,79.7564],[-73.4059,79.7322],[-73.2294,79.644],[-73.2011,79.5966],[-73.2401,79.5525],[-73.2936,79.5216],[-73.3615,79.504],[-73.4661,79.4952],[-73.866,79.5014],[-74.0154,79.4905],[-74.1887,79.4647],[-74.406,79.4536],[-74.7979,79.4587],[-75.2595,79.421],[-75.5034,79.4142],[-75.7738,79.4312],[-76.0669,79.4732],[-76.3761,79.4944],[-76.8988,79.5123],[-76.8551,79.4882],[-76.6709,79.4781],[-76.2957,79.4136],[-76.1164,79.3261],[-75.9475,79.3113],[-75.6027,79.2396],[-75.3537,79.2283],[-75.0936,79.2039],[-74.7272,79.2354],[-74.4812,79.2295],[-74.5323,79.0527],[-74.6409,79.0355],[-75.2332,79.0355],[-75.5146,79.0612],[-75.639,79.0877],[-75.9118,79.1178],[-76.1576,79.1004],[-76.3804,79.1042],[-76.5314,79.0865],[-76.7711,79.0872],[-77.398,79.0573],[-77.7292,79.0569],[-77.9738,79.0762],[-78.2579,79.0822],[-78.5816,79.075],[-78.559,79.0546],[-78.4218,79.0484],[-78.222,79.0151],[-78.0368,78.9639],[-77.8828,78.9424],[-77.6982,78.9545],[-77.5104,78.9785],[-76.8248,79.0179],[-76.5241,79.0242],[-76.2559,79.0068],[-76.0773,78.9852],[-75.9527,78.959],[-75.7951,78.8897],[-75.3999,78.8813],[-75.0985,78.8583],[-74.6184,78.7577],[-74.4863,78.7501],[-74.4331,78.7241],[-74.5351,78.6593],[-74.5466,78.6203],[-74.8786,78.5448],[-75.3966,78.5229],[-75.9658,78.5298],[-76.3735,78.5211],[-76.4161,78.5115],[-76.1365,78.4917],[-75.4884,78.4035],[-75.2372,78.3557],[-75.1935,78.3277],[-75.5507,78.2211],[-75.866,78.0098],[-75.9696,77.9931],[-76.0775,77.9873],[-76.3556,77.991],[-76.7081,77.9379],[-76.974,77.9272],[-77.456,77.9472],[-78.0126,77.946],[-78.0564,77.9117],[-78.0841,77.8461],[-78.0811,77.7474],[-78.0472,77.6155],[-78.0762,77.519],[-78.168,77.4581],[-78.2837,77.4131],[-78.4932,77.3694],[-78.7085,77.3421],[-78.8695,77.3325],[-79.1376,77.331],[-79.9064,77.2996],[-80.2817,77.3015],[-80.573,77.3148],[-80.8746,77.3586],[-81.3769,77.4821],[-81.5193,77.5096],[-81.6591,77.5254],[-81.6538,77.4988],[-81.5036,77.4298],[-81.3782,77.3852],[-81.2777,77.3652],[-81.3014,77.344],[-81.5229,77.3108],[-81.7673,77.2959],[-82.0568,77.2965],[-82.066,77.2836],[-81.9678,77.2479],[-81.8402,77.2141],[-81.7563,77.204],[-81.5345,77.2145],[-81.2774,77.2571],[-81.1172,77.2696],[-80.7982,77.2595],[-80.6726,77.2443],[-80.2742,77.1509],[-80.2187,77.1466],[-79.9237,77.1936],[-79.4973,77.1961],[-79.3409,77.1584],[-79.2811,77.0852],[-79.2738,77.0258],[-79.3189,76.9804],[-79.2208,76.936],[-78.9792,76.8929],[-78.7918,76.8836],[-78.6585,76.908],[-78.456,76.9672],[-78.37,76.9813],[-78.2889,76.978],[-78.1651,76.9349],[-77.9987,76.852],[-77.9833,76.755],[-78.1187,76.644],[-78.2843,76.5712],[-78.9343,76.4512],[-79.1307,76.404],[-79.2859,76.3548],[-79.511,76.3105],[-79.9536,76.2513],[-80.1868,76.2402],[-80.6903,76.1765],[-80.7997,76.1736],[-80.9629,76.1839],[-80.9967,76.215],[-80.9552,76.2702],[-80.9012,76.3215],[-80.8348,76.3691],[-80.8324,76.4086],[-80.9745,76.4701],[-81.0744,76.4985],[-81.1707,76.5127],[-81.3648,76.5045],[-81.4745,76.4876],[-81.592,76.4844],[-81.7174,76.495],[-81.8229,76.5208],[-82.0342,76.6294],[-82.1137,76.6432],[-82.2179,76.6398],[-82.3111,76.6554],[-82.3935,76.6899],[-82.5298,76.7233],[-82.4934,76.6978],[-82.357,76.636],[-82.262,76.5747],[-82.2083,76.5138],[-82.2332,76.4658],[-83.389,76.4393],[-83.8857,76.4531],[-83.9863,76.495],[-84.2238,76.6753],[-84.2753,76.3565],[-85.1413,76.3046],[-85.3436,76.3134],[-85.6806,76.349],[-86.1158,76.4349],[-86.2962,76.4918],[-86.3668,76.5486],[-86.4194,76.5796],[-86.4537,76.5849],[-86.5619,76.5165],[-86.6802,76.3766],[-86.9777,76.4127],[-87.3542,76.448],[-87.4898,76.5858],[-87.4976,76.3863],[-88.1043,76.4127],[-88.396,76.4053],[-88.4816,76.5801],[-88.4958,76.7729],[-88.6141,76.6509],[-88.5625,76.5472],[-88.5458,76.4209],[-88.8037,76.4568],[-89.3696,76.4745],[-89.5701,76.4919],[-89.5443,76.6597],[-89.4998,76.8268],[-88.7709,76.9934],[-88.5562,77.0722],[-88.3981,77.104],[-88.1479,77.124],[-87.8284,77.1365],[-87.6105,77.1269],[-87.3617,77.1362],[-87.0645,77.1659],[-86.8522,77.1744],[-86.8123,77.1849],[-86.8738,77.2003],[-87.1009,77.3077],[-87.1824,77.3321],[-87.2654,77.343],[-87.4297,77.3478],[-87.5892,77.3948],[-87.6814,77.4364],[-87.7802,77.4928],[-87.9379,77.5998],[-88.0947,77.7192],[-88.017,77.7847],[-87.7571,77.8362],[-87.4968,77.8719],[-87.236,77.8918],[-87.018,77.8922],[-86.7551,77.8637],[-86.3851,77.8086],[-86.173,77.7461],[-85.9066,77.6139],[-85.7312,77.5086],[-85.5885,77.4611],[-84.9509,77.375],[-84.7387,77.361],[-84.487,77.368],[-83.9736,77.3905],[-83.7213,77.4142],[-83.6081,77.4422],[-83.5498,77.4826],[-83.4773,77.5136],[-83.2503,77.5848],[-82.9027,77.7327],[-82.7104,77.8495],[-82.6647,77.8888],[-82.6263,77.9363],[-82.5953,77.9921],[-82.7036,77.9624],[-83.3038,77.6737],[-83.4282,77.6213],[-83.7794,77.5326],[-83.9282,77.5183],[-84.1678,77.5227],[-84.4858,77.562],[-84.8605,77.4995],[-85.0879,77.5154],[-85.2894,77.559],[-85.292,77.7639],[-85.5476,77.9277],[-85.2653,78.0106],[-85.0315,78.062],[-84.6154,78.1957],[-84.5242,78.1971],[-84.2227,78.176],[-84.3881,78.2063],[-84.55,78.2514],[-84.9104,78.2397],[-84.7832,78.5276],[-85.0243,78.3124],[-85.2702,78.1995],[-85.419,78.1424],[-85.5859,78.1096],[-86.2178,78.0812],[-86.0626,78.187],[-85.9201,78.3429],[-86.0709,78.2846],[-86.4271,78.197],[-86.6936,78.151],[-86.9132,78.1268],[-87.3394,78.1327],[-87.5518,78.1766],[-87.4911,78.2844],[-87.4913,78.4172],[-87.3613,78.4787],[-87.1643,78.5576],[-86.9529,78.6639],[-86.8079,78.7744],[-86.2419,78.8236],[-85.691,78.8437],[-85.2297,78.902],[-85.0038,78.9123],[-84.7873,78.8846],[-83.9079,78.8392],[-83.547,78.8045],[-83.3887,78.7793],[-83.2714,78.7703],[-83.1474,78.8079],[-82.9898,78.8441],[-82.4418,78.8404],[-82.2907,78.8471],[-82.1511,78.8641],[-81.9811,78.8985],[-81.7808,78.9503],[-81.7501,78.9758],[-81.8891,78.9749],[-82.0283,78.9619],[-82.2374,78.9241],[-82.4388,78.9037],[-82.6441,78.9075],[-83.0585,78.9395],[-83.7786,78.9453],[-84.1458,78.9598],[-84.3161,78.9753],[-84.412,78.9966],[-84.4958,79.0286],[-84.5678,79.0713],[-84.5303,79.1013],[-84.3836,79.1186],[-84.2566,79.1222],[-84.053,79.0987],[-83.8246,79.0588],[-83.5759,79.0537],[-83.662,79.09],[-83.9781,79.1631],[-84.1974,79.2251],[-84.3811,79.3013],[-84.5224,79.3766],[-84.8364,79.4947],[-85.0898,79.6122],[-85.2685,79.6641],[-85.4569,79.6898],[-86.0315,79.7219],[-86.1466,79.7428],[-86.4208,79.8452],[-86.4943,80.0182],[-86.6145,80.1235],[-86.4985,80.2583],[-86.3072,80.3193],[-85.1596,80.2718],[-84.6754,80.2789],[-84.0565,80.262],[-83.7236,80.229],[-83.3438,80.147],[-83.0043,80.0546],[-82.6775,79.9928],[-82.377,79.9083],[-82.0488,79.7828],[-81.8557,79.7226],[-81.6884,79.6858],[-81.463,79.6542],[-81.0381,79.6142],[-80.6678,79.601],[-80.4759,79.6063],[-80.2706,79.6352],[-80.1245,79.6695],[-80.2875,79.679],[-80.714,79.675],[-81.0102,79.6931],[-81.1791,79.7334],[-81.3587,79.7878],[-81.6442,79.8902],[-81.8603,79.9572],[-82.3324,80.0664],[-82.6813,80.1749],[-82.9611,80.2779],[-82.987,80.3226],[-82.7848,80.3538],[-82.5361,80.3755],[-80.9796,80.4453],[-80.0511,80.5286],[-79.6744,80.6252],[-79.6293,80.6479],[-78.3862,80.7844],[-77.5071,80.8348],[-77.1691,80.8429],[-76.863,80.8648],[-76.8503,80.8782],[-77.1186,80.8964],[-77.3895,80.9054],[-78.0038,80.9048],[-78.551,80.9214],[-78.7162,80.9517],[-78.6819,81.0011],[-78.6293,81.0435],[-78.464,81.1144],[-78.2868,81.1676],[-77.536,81.3211],[-77.0307,81.3857],[-76.8851,81.4303],[-77.9724,81.3308],[-78.3521,81.2589],[-78.7339,81.151],[-78.9315,81.1192],[-79.0725,81.1276],[-79.1983,81.1176],[-79.3092,81.0891],[-79.4021,81.0369],[-79.4772,80.961],[-79.5454,80.9093],[-79.6066,80.8818],[-79.7613,80.8419],[-80.1335,80.7639],[-81.007,80.6549],[-81.301,80.6272],[-81.5527,80.6228],[-82.3682,80.5613],[-82.613,80.5589],[-82.8843,80.5775],[-82.7683,80.6307],[-82.3368,80.7287],[-82.2224,80.7723],[-82.4984,80.7628],[-82.78,80.736],[-83.4014,80.714],[-83.6471,80.6741],[-83.8854,80.6018],[-84.0763,80.5563],[-84.2198,80.5378],[-84.4178,80.5268],[-85.1458,80.5211],[-85.3074,80.526],[-85.7262,80.5812],[-86.0972,80.5621],[-86.2503,80.5658],[-86.5316,80.6047],[-86.6154,80.63],[-86.6031,80.664],[-86.4405,80.728],[-86.2521,80.7896],[-85.6393,80.9246],[-85.2463,80.9879],[-84.6799,81.0424],[-83.3492,81.1033],[-83.2888,81.1479],[-84.6354,81.0981],[-85.7809,81.0351],[-85.9668,81.0119],[-86.2334,80.9501],[-87.0803,80.7263],[-87.3299,80.6698],[-87.7117,80.6562],[-88.0037,80.6754],[-88.232,80.7038],[-88.6251,80.7701],[-88.9214,80.8056],[-89.0617,80.8295],[-89.1446,80.8537],[-89.2118,80.8819],[-89.2633,80.9143],[-89.1669,80.9413],[-88.4131,80.9998],[-87.3887,80.9884],[-86.929,81.0004],[-86.4768,81.0357],[-85.8096,81.1236],[-85.0833,81.2469],[-84.9412,81.2862],[-85.2063,81.2949],[-85.4025,81.2853],[-85.875,81.2412],[-86.6228,81.1227],[-87.2751,81.0808],[-88.8868,81.0585],[-89.3984,81.0253],[-89.623,81.0325],[-89.7923,81.0648],[-89.981,81.1247],[-89.9473,81.1727],[-89.5634,81.2265],[-89.2625,81.2391],[-89.2087,81.2501],[-89.6357,81.3021],[-89.6737,81.3286],[-89.427,81.3875],[-88.8923,81.4741],[-88.6219,81.5014],[-88.1265,81.5188],[-87.6167,81.5093],[-87.597,81.5258],[-88.1014,81.5586],[-88.4791,81.5646],[-88.9784,81.5415],[-90.3035,81.4011],[-90.4163,81.4054],[-90.609,81.4295],[-90.5538,81.4642],[-89.8452,81.6117],[-89.8217,81.6349],[-90.3309,81.6315],[-90.4804,81.6385],[-90.6263,81.656],[-90.8337,81.6405],[-91.1027,81.592],[-91.2924,81.5712],[-91.4028,81.5782],[-91.6841,81.6357],[-91.6476,81.6838],[-91.4238,81.7442],[-91.2195,81.7877],[-90.9419,81.8274],[-90.4902,81.8772],[-90.163,81.894],[-89.6333,81.8945],[-89.381,81.9167],[-89.1563,81.9554],[-88.8752,82.018],[-88.5668,82.0611],[-88.0632,82.0965],[-87.6389,82.0851],[-87.4044,82.0542],[-87.2182,82.0001],[-87.0182,81.9587],[-86.9992,81.9921],[-86.834,82.0333],[-86.6268,82.051],[-86.3775,82.0451],[-86.1583,82.0255],[-85.8748,81.9757],[-85.6457,81.9533],[-85.538,81.9546],[-85.4032,81.9822],[-85.0448,81.9828],[-85.0522,81.9945],[-85.1692,82.0234],[-85.3106,82.044],[-86.5806,82.1872],[-86.6156,82.2186],[-86.1876,82.2479],[-85.92,82.2831],[-85.7944,82.2916],[-85.4809,82.3663],[-85.276,82.4052],[-84.8968,82.4494],[-84.7447,82.4374],[-84.5534,82.3983],[-84.3681,82.3739],[-83.8236,82.3507],[-83.5907,82.3265],[-83.1757,82.1872],[-83.0102,82.1417],[-82.7742,82.0949],[-82.6337,82.0773],[-82.356,82.066],[-82.3274,82.0925],[-82.6571,82.1583],[-82.7475,82.1964],[-82.7086,82.2287],[-82.6384,82.2458],[-82.5369,82.2473],[-82.2766,82.2185],[-81.5845,82.1206],[-80.5499,82.0046],[-80.1534,81.9776],[-79.9086,81.9362],[-79.6855,81.8859],[-79.4656,81.8511],[-79.4249,81.8544],[-79.6295,81.9323],[-80.1298,82.0284],[-81.4683,82.1924],[-81.9976,82.2783],[-82.2537,82.3363],[-82.4476,82.395],[-82.4514,82.4271],[-82.2689,82.4646],[-82.0232,82.4944],[-81.7178,82.5062],[-81.6812,82.5187],[-81.9586,82.5632],[-82.1225,82.6018],[-82.1168,82.6287],[-81.7854,82.6492],[-81.5797,82.643],[-81.1889,82.5945],[-80.8625,82.5715],[-80.8097,82.5864],[-81.1466,82.7156],[-81.1781,82.7447],[-81.1282,82.7617],[-81.0102,82.7791],[-80.6571,82.7691],[-80.0758,82.7062],[-79.0351,82.6747],[-78.7488,82.6794],[-78.7918,82.6939],[-79.2072,82.7328],[-79.642,82.785],[-79.8338,82.8165],[-79.9743,82.859],[-80.1412,82.8942],[-80.1549,82.9111],[-79.8863,82.9385],[-79.1806,82.9332],[-78.525,82.8911],[-77.9687,82.9063],[-77.6181,82.8958],[-77.4796,82.8832],[-77.2259,82.8372],[-76.421,82.6709],[-76.3355,82.6444],[-76.244,82.6041],[-76.1465,82.5499],[-76.0094,82.5352],[-75.7443,82.5724],[-75.5656,82.6085],[-75.6429,82.6435],[-76.087,82.7236],[-76.1878,82.7579],[-76.41,82.8158],[-76.9084,82.9194],[-77.0412,82.9675],[-77.1249,83.0085],[-75.7449,83.0472],[-74.4142,83.0131],[-74.1978,82.989],[-74.0559,82.9554],[-73.9165,82.9042],[-73.7031,82.8519],[-73.272,82.7716],[-72.6587,82.7216],[-72.7759,82.7557],[-73.2347,82.8442],[-73.4419,82.9048],[-73.4407,82.9458],[-73.4038,82.9771],[-73.3312,82.9988],[-72.8117,83.0812],[-72.0692,83.1061],[-71.9832,83.1014],[-71.406,82.9749],[-71.132,82.923],[-70.9404,82.9022],[-70.933,82.9113],[-71.1983,82.9696],[-71.4024,83.0013],[-71.4235,83.0211],[-71.0848,83.0827],[-70.8706,83.0981],[-69.9699,83.1161],[-69.8677,83.1096],[-69.7821,83.0925],[-69.5694,83.0249],[-69.4889,83.0168]]]]}},{"type":"Feature","properties":{"SOVEREIGNT":"Chile","ADMIN":"Chile","NAME":"Chile","NAME_LONG":"Chile","ISO_A2":"CL","WB_A2":"CL","CONTINENT":"South America","SUBREGION":"South America"},"geometry":{"type":"MultiPolygon","coordinates":[[[[-68.6299,-52.6526],[-68.6398,-54.324],[-68.6532,-54.8536],[-68.8039,-54.8536],[-68.8436,-54.8768],[-69.0816,-54.9099],[-69.4863,-54.8589],[-69.5875,-54.8128],[-69.7234,-54.7121],[-69.7718,-54.7392],[-69.8995,-54.7818],[-70.0305,-54.8155],[-70.1381,-54.8192],[-70.2378,-54.7775],[-70.2591,-54.7563],[-70.2817,-54.7518],[-70.4972,-54.8096],[-70.7352,-54.7506],[-70.9247,-54.7144],[-71.2292,-54.6941],[-71.4409,-54.6196],[-71.8315,-54.6262],[-71.9016,-54.6016],[-71.9277,-54.5287],[-71.907,-54.4948],[-71.8234,-54.4744],[-71.8001,-54.434],[-71.7158,-54.4437],[-71.6063,-54.4972],[-71.5728,-54.4953],[-71.5004,-54.4449],[-71.3934,-54.4002],[-71.3552,-54.3954],[-71.1588,-54.4506],[-71.0799,-54.4442],[-70.9665,-54.4195],[-70.9462,-54.398],[-70.9282,-54.3601],[-70.8982,-54.3379],[-70.7973,-54.3272],[-70.6988,-54.3488],[-70.6875,-54.4147],[-70.7011,-54.4854],[-70.573,-54.5044],[-70.4179,-54.5022],[-70.311,-54.5285],[-70.2977,-54.4855],[-70.4683,-54.3732],[-70.54,-54.3034],[-70.6361,-54.2623],[-70.7599,-54.2413],[-70.8631,-54.1104],[-70.8567,-53.9958],[-70.8677,-53.8842],[-70.6445,-53.8229],[-70.6956,-53.7274],[-70.6188,-53.6551],[-70.5313,-53.6273],[-70.4432,-53.8935],[-70.3797,-53.9867],[-70.4605,-54.0057],[-70.6298,-54.0056],[-70.5353,-54.1361],[-70.38,-54.1807],[-70.2461,-54.2774],[-70.2434,-54.3477],[-70.169,-54.3793],[-69.9901,-54.3813],[-69.867,-54.3675],[-69.8091,-54.3208],[-69.7418,-54.3059],[-69.6217,-54.3641],[-69.4193,-54.4071],[-69.3648,-54.4376],[-69.3251,-54.4882],[-69.3225,-54.5427],[-69.3121,-54.5715],[-69.2532,-54.5574],[-69.1692,-54.4833],[-69.1279,-54.4576],[-69.0772,-54.445],[-69.0452,-54.4284],[-69.0443,-54.4067],[-69.1957,-54.3544],[-69.9881,-54.1091],[-70.0856,-54.0111],[-70.1511,-53.8881],[-70.1488,-53.7611],[-70.0911,-53.7218],[-69.9497,-53.6716],[-69.6897,-53.6009],[-69.3899,-53.4994],[-69.3524,-53.48],[-69.356,-53.4163],[-69.3936,-53.3734],[-69.5125,-53.342],[-69.637,-53.3341],[-69.7556,-53.3372],[-69.8741,-53.3505],[-70.0904,-53.4182],[-70.2128,-53.414],[-70.3293,-53.3776],[-70.4157,-53.3048],[-70.4603,-53.2062],[-70.46,-53.1434],[-70.4434,-53.0855],[-70.3907,-53.0265],[-70.32,-53.0007],[-70.2563,-53.0041],[-70.1965,-52.9902],[-70.1609,-52.9699],[-70.1306,-52.9428],[-70.1396,-52.9193],[-70.1627,-52.899],[-70.2592,-52.8572],[-70.2974,-52.817],[-70.3801,-52.752],[-70.3349,-52.7338],[-70.1896,-52.7236],[-70.0882,-52.7686],[-69.9936,-52.8213],[-69.9354,-52.8211],[-69.8832,-52.799],[-69.7636,-52.7313],[-69.6633,-52.6463],[-69.5719,-52.5493],[-69.4984,-52.4914],[-69.4141,-52.4862],[-69.167,-52.6676],[-69.0799,-52.6743],[-68.7898,-52.5768],[-68.7575,-52.582],[-68.6592,-52.6315],[-68.6299,-52.6526]]],[[[-67.1949,-22.8217],[-67.0088,-23.0014],[-67.3562,-24.0338],[-68.2503,-24.392],[-68.2995,-24.4604],[-68.4226,-24.5451],[-68.4471,-24.597],[-68.5073,-24.6298],[-68.562,-24.7474],[-68.562,-24.8377],[-68.5271,-24.8992],[-68.4663,-24.9252],[-68.428,-25.051],[-68.3842,-25.0919],[-68.3952,-25.1247],[-68.4307,-25.1493],[-68.4963,-25.163],[-68.5408,-25.2367],[-68.5921,-25.42],[-68.6003,-25.4856],[-68.5108,-25.741],[-68.4268,-26.0654],[-68.4145,-26.1537],[-68.5298,-26.277],[-68.5758,-26.352],[-68.5922,-26.4181],[-68.5916,-26.4704],[-68.5812,-26.5184],[-68.4851,-26.6703],[-68.3187,-26.8775],[-68.3187,-26.9732],[-68.346,-27.0279],[-68.5374,-27.0854],[-68.5921,-27.14],[-68.6522,-27.1483],[-68.7096,-27.1045],[-68.7698,-27.1154],[-68.8463,-27.1537],[-68.8751,-27.2467],[-68.942,-27.4052],[-68.9994,-27.449],[-69.0422,-27.57],[-69.1185,-27.7436],[-69.1744,-27.9247],[-69.2512,-27.9736],[-69.3407,-28.0708],[-69.4096,-28.1653],[-69.4369,-28.1927],[-69.4889,-28.2009],[-69.5271,-28.2856],[-69.6569,-28.4136],[-69.6879,-28.562],[-69.7349,-28.6411],[-69.7432,-28.7839],[-69.8279,-29.1032],[-69.9003,-29.1488],[-69.9956,-29.25],[-70.0268,-29.324],[-69.9826,-29.5454],[-69.9276,-29.7691],[-69.9241,-29.874],[-69.96,-30.0783],[-69.9235,-30.1039],[-69.8634,-30.1203],[-69.8443,-30.175],[-69.888,-30.2133],[-69.9071,-30.2816],[-69.9563,-30.3582],[-70.102,-30.3883],[-70.1532,-30.3609],[-70.1696,-30.3855],[-70.1614,-30.4402],[-70.2694,-30.6772],[-70.3192,-30.834],[-70.3481,-30.9023],[-70.3364,-30.9598],[-70.3118,-30.9926],[-70.3091,-31.0227],[-70.3506,-31.0604],[-70.3884,-31.1211],[-70.4294,-31.1293],[-70.4731,-31.1128],[-70.5196,-31.1484],[-70.5291,-31.2229],[-70.5547,-31.3174],[-70.5852,-31.5694],[-70.5256,-31.6664],[-70.4501,-31.8419],[-70.3938,-31.8838],[-70.331,-31.8811],[-70.2817,-31.9166],[-70.2544,-31.9577],[-70.2909,-32.0311],[-70.3556,-32.0424],[-70.3638,-32.0835],[-70.32,-32.2667],[-70.2578,-32.31],[-70.2298,-32.4307],[-70.1696,-32.4717],[-70.177,-32.6261],[-70.1162,-32.8074],[-70.022,-32.8846],[-70.0421,-32.9637],[-70.0931,-33.0268],[-70.104,-33.1279],[-70.0849,-33.2018],[-70.0198,-33.2715],[-69.969,-33.2794],[-69.8962,-33.251],[-69.8196,-33.2838],[-69.7978,-33.3986],[-69.8388,-33.4697],[-69.8826,-33.601],[-69.8943,-33.7313],[-69.8524,-34.2243],[-69.8798,-34.2544],[-70.0028,-34.2763],[-70.0521,-34.3008],[-70.063,-34.35],[-70.1015,-34.432],[-70.2107,-34.5812],[-70.2899,-34.7328],[-70.2868,-34.7745],[-70.3381,-34.9218],[-70.3932,-35.1469],[-70.4666,-35.1937],[-70.5251,-35.2168],[-70.5552,-35.2469],[-70.5323,-35.3079],[-70.4704,-35.3262],[-70.4485,-35.3754],[-70.4567,-35.452],[-70.4157,-35.523],[-70.4197,-35.6092],[-70.3802,-35.7719],[-70.4157,-35.8785],[-70.4037,-35.9705],[-70.4048,-36.0617],[-70.4567,-36.1327],[-70.5634,-36.1464],[-70.6219,-36.2119],[-70.7219,-36.2832],[-70.7493,-36.3926],[-70.7903,-36.4117],[-70.8532,-36.4117],[-70.9051,-36.4199],[-70.9779,-36.4873],[-71.0555,-36.5237],[-71.0732,-36.578],[-71.0664,-36.644],[-71.1074,-36.6851],[-71.1594,-36.7616],[-71.1922,-36.8437],[-71.1594,-36.9202],[-71.1238,-37.0569],[-71.1184,-37.1144],[-71.2004,-37.3003],[-71.1649,-37.3933],[-71.1348,-37.4451],[-71.1867,-37.6311],[-71.1676,-37.7623],[-71.0282,-38.0412],[-71.0182,-38.1939],[-71.0005,-38.3148],[-70.968,-38.4459],[-70.8477,-38.5416],[-70.8586,-38.6045],[-70.8969,-38.6811],[-70.9516,-38.7385],[-71.0871,-38.7575],[-71.2857,-38.8454],[-71.3532,-38.8889],[-71.4016,-38.9351],[-71.4256,-38.9856],[-71.4094,-39.206],[-71.42,-39.2872],[-71.4654,-39.4023],[-71.5258,-39.5231],[-71.5395,-39.6024],[-71.587,-39.6111],[-71.6543,-39.5942],[-71.6926,-39.6052],[-71.7199,-39.6353],[-71.6968,-39.707],[-71.6721,-39.8333],[-71.6379,-39.8868],[-71.6598,-40.0208],[-71.7044,-40.0949],[-71.7637,-40.0946],[-71.802,-40.1247],[-71.8183,-40.1767],[-71.8006,-40.2443],[-71.7227,-40.2997],[-71.6953,-40.3353],[-71.709,-40.3817],[-71.7691,-40.4009],[-71.8046,-40.4392],[-71.8838,-40.6206],[-71.9321,-40.6917],[-71.9414,-40.7892],[-71.873,-40.893],[-71.8922,-41.3934],[-71.8711,-41.5605],[-71.8976,-41.6066],[-71.9113,-41.6504],[-71.8445,-41.772],[-71.77,-41.9686],[-71.75,-42.0468],[-71.7609,-42.1015],[-71.8608,-42.1479],[-71.9441,-42.1671],[-71.9933,-42.1343],[-72.0261,-42.1479],[-72.0644,-42.2054],[-72.1082,-42.2519],[-72.1246,-42.2983],[-72.0781,-42.3585],[-72.0535,-42.4732],[-72.1054,-42.5225],[-72.1437,-42.5771],[-72.1136,-42.7768],[-72.1464,-42.99],[-72.1024,-43.0656],[-72.0547,-43.102],[-71.8986,-43.1453],[-71.7815,-43.1668],[-71.7506,-43.2373],[-71.7639,-43.2946],[-71.8202,-43.3229],[-71.905,-43.3476],[-71.905,-43.4401],[-71.8324,-43.5271],[-71.7506,-43.5901],[-71.7328,-43.6468],[-71.7374,-43.7047],[-71.7947,-43.7532],[-71.716,-43.8584],[-71.6801,-43.9296],[-71.7672,-44.0667],[-71.8124,-44.1061],[-71.8121,-44.1508],[-71.8308,-44.2414],[-71.8351,-44.3302],[-71.82,-44.3831],[-71.3257,-44.4249],[-71.2126,-44.4412],[-71.1509,-44.494],[-71.1597,-44.5603],[-71.2215,-44.6308],[-71.2611,-44.7631],[-71.3582,-44.7852],[-71.4552,-44.7498],[-71.6517,-44.7704],[-71.7828,-44.7744],[-71.957,-44.7915],[-72.0637,-44.7719],[-72.0725,-44.8204],[-72.0417,-44.9042],[-71.8124,-44.9307],[-71.5963,-44.9792],[-71.5313,-45.0679],[-71.4435,-45.1683],[-71.3538,-45.2305],[-71.3493,-45.3319],[-71.4904,-45.4377],[-71.5081,-45.5127],[-71.6933,-45.5348],[-71.7462,-45.5789],[-71.7727,-45.7244],[-71.7506,-45.8391],[-71.6801,-45.8787],[-71.6315,-45.9537],[-71.6845,-46.0419],[-71.8093,-46.1027],[-71.8757,-46.1605],[-71.7776,-46.28],[-71.7621,-46.3198],[-71.6952,-46.5784],[-71.6997,-46.6514],[-71.7327,-46.7059],[-71.8564,-46.7916],[-71.9402,-46.8312],[-71.963,-47.016],[-71.9542,-47.0875],[-71.9005,-47.1443],[-71.905,-47.2017],[-71.9785,-47.2139],[-72.0417,-47.2414],[-72.1034,-47.3428],[-72.2829,-47.4463],[-72.3459,-47.4927],[-72.3415,-47.5721],[-72.4722,-47.7842],[-72.5179,-47.8764],[-72.5091,-47.9733],[-72.4079,-48.0159],[-72.3283,-48.1101],[-72.293,-48.2291],[-72.3547,-48.3658],[-72.4981,-48.4174],[-72.5829,-48.4754],[-72.6084,-48.5193],[-72.5859,-48.6625],[-72.5917,-48.7297],[-72.6144,-48.7929],[-72.6513,-48.8416],[-72.7285,-48.8963],[-72.8654,-48.9439],[-72.9817,-48.9768],[-73.0336,-49.0144],[-73.0946,-49.0969],[-73.1489,-49.188],[-73.1353,-49.3007],[-73.4616,-49.3139],[-73.4836,-49.3977],[-73.5542,-49.4639],[-73.5763,-49.5829],[-73.5045,-49.698],[-73.4704,-49.7945],[-73.5289,-49.9109],[-73.5077,-50.0303],[-73.5013,-50.1253],[-73.3866,-50.2312],[-73.3117,-50.3619],[-73.2516,-50.5585],[-73.2216,-50.6107],[-73.1745,-50.67],[-73.1529,-50.7383],[-73.0824,-50.7604],[-72.8659,-50.6531],[-72.8036,-50.6377],[-72.6204,-50.6477],[-72.5098,-50.6075],[-72.4602,-50.6117],[-72.3926,-50.6343],[-72.3402,-50.6818],[-72.3006,-50.7896],[-72.2763,-50.9103],[-72.3074,-51.0334],[-72.3592,-51.0602],[-72.3768,-51.0954],[-72.3592,-51.1704],[-72.3019,-51.2233],[-72.3032,-51.2989],[-72.3664,-51.4703],[-72.4077,-51.5408],[-72.269,-51.6911],[-72.137,-51.744],[-72.0284,-51.8187],[-71.9535,-51.8804],[-71.9711,-51.9642],[-71.9187,-51.9896],[-69.9603,-52.0082],[-69.4884,-52.1361],[-69.2062,-52.1361],[-68.9246,-52.2081],[-68.7152,-52.2555],[-68.461,-52.2904],[-68.4434,-52.3566],[-69.0072,-52.2627],[-69.1338,-52.2114],[-69.241,-52.2055],[-69.4469,-52.2694],[-69.5606,-52.4216],[-69.6203,-52.4647],[-69.7633,-52.5056],[-69.9072,-52.5136],[-70.391,-52.6608],[-70.5629,-52.6734],[-70.6803,-52.7125],[-70.7951,-52.7687],[-70.8391,-52.8896],[-70.8212,-52.9631],[-70.9521,-53.227],[-70.9843,-53.3736],[-70.9851,-53.4483],[-70.9478,-53.5704],[-70.9958,-53.7793],[-71.0828,-53.825],[-71.2978,-53.8834],[-71.4439,-53.8409],[-71.6938,-53.8031],[-71.8719,-53.7227],[-72.1009,-53.6658],[-72.1744,-53.6323],[-72.3768,-53.4712],[-72.3982,-53.4178],[-72.4129,-53.3502],[-72.3061,-53.2537],[-72.2486,-53.2467],[-72.0812,-53.2496],[-71.9417,-53.2341],[-71.8527,-53.2857],[-71.8282,-53.3983],[-71.8673,-53.4584],[-71.9028,-53.4955],[-71.8917,-53.5235],[-71.7915,-53.4846],[-71.7405,-53.2326],[-71.4003,-53.107],[-71.289,-53.0337],[-71.1802,-52.9205],[-71.1633,-52.8881],[-71.1551,-52.8456],[-71.2271,-52.8106],[-71.3877,-52.7643],[-71.898,-53.0018],[-72.1291,-53.0644],[-72.278,-53.1323],[-72.4583,-53.2545],[-72.4926,-53.2906],[-72.5308,-53.3717],[-72.5489,-53.4607],[-72.7268,-53.42],[-72.9984,-53.2907],[-73.0527,-53.2435],[-72.9982,-53.1772],[-72.9155,-53.122],[-72.9099,-52.9365],[-72.8892,-52.8716],[-72.8319,-52.8195],[-72.7277,-52.7623],[-72.676,-52.749],[-72.6321,-52.7738],[-72.6266,-52.8176],[-72.4535,-52.8145],[-72.1176,-52.65],[-71.9793,-52.6461],[-71.7971,-52.6828],[-71.5912,-52.6607],[-71.5542,-52.6439],[-71.5113,-52.6054],[-71.6647,-52.5601],[-71.8119,-52.537],[-72.2257,-52.521],[-72.3154,-52.5386],[-72.4377,-52.6258],[-72.4783,-52.604],[-72.5044,-52.5601],[-72.6448,-52.5291],[-72.7121,-52.5355],[-72.7766,-52.5774],[-72.766,-52.6426],[-72.8019,-52.7124],[-72.9319,-52.7816],[-73.0203,-52.8918],[-73.0161,-52.9774],[-73.023,-53.0221],[-73.0555,-53.0456],[-73.1225,-53.0739],[-73.3382,-53.0547],[-73.4599,-52.9648],[-73.5075,-52.9035],[-73.6452,-52.837],[-73.3459,-52.7543],[-73.2408,-52.7071],[-73.1448,-52.602],[-73.0732,-52.5351],[-73.1239,-52.488],[-73.1838,-52.4879],[-73.1782,-52.5627],[-73.2441,-52.624],[-73.3821,-52.5951],[-73.5857,-52.6857],[-73.7108,-52.6615],[-73.9147,-52.6882],[-74.0145,-52.6394],[-74.0358,-52.5772],[-73.9999,-52.5126],[-74.0374,-52.4029],[-74.0935,-52.3763],[-74.1508,-52.3825],[-74.1766,-52.3172],[-74.2385,-52.2023],[-74.266,-52.1713],[-74.2957,-52.1179],[-74.2649,-52.1049],[-74.1949,-52.1202],[-74.1335,-52.1548],[-74.0402,-52.1592],[-73.8345,-52.234],[-73.7491,-52.216],[-73.7028,-52.1988],[-73.6854,-52.1367],[-73.6843,-52.0777],[-73.649,-52.0777],[-73.5322,-52.1531],[-73.458,-52.146],[-73.3268,-52.1659],[-73.2604,-52.1578],[-73.1374,-52.1297],[-72.9437,-52.0469],[-72.8432,-51.9611],[-72.795,-51.9495],[-72.7354,-51.9605],[-72.6955,-51.9852],[-72.6948,-52.0447],[-72.6496,-52.0999],[-72.588,-52.1451],[-72.5708,-52.2001],[-72.5834,-52.2542],[-72.6936,-52.3303],[-72.714,-52.3567],[-72.6771,-52.3847],[-72.6315,-52.3716],[-72.5687,-52.334],[-72.5329,-52.2823],[-72.5233,-52.2555],[-72.5241,-52.1703],[-72.6136,-52.037],[-72.6248,-52.0069],[-72.6246,-51.9465],[-72.5229,-51.8909],[-72.4941,-51.8476],[-72.4896,-51.7637],[-72.5425,-51.7062],[-72.7612,-51.5732],[-73.1268,-51.4399],[-73.1688,-51.4539],[-73.197,-51.478],[-73.1634,-51.4956],[-73.115,-51.5045],[-72.7894,-51.6143],[-72.7046,-51.6779],[-72.6491,-51.695],[-72.5833,-51.7373],[-72.6,-51.7991],[-72.9284,-51.8599],[-73.1887,-51.9906],[-73.3833,-52.07],[-73.5182,-52.041],[-73.5823,-51.9604],[-73.6503,-51.8563],[-73.7526,-51.7955],[-73.8106,-51.8012],[-73.8576,-51.7899],[-73.8944,-51.7578],[-73.9732,-51.7845],[-74.1464,-51.7121],[-74.1967,-51.6806],[-74.0696,-51.5787],[-73.9298,-51.6179],[-73.8959,-51.3314],[-73.9395,-51.2663],[-74.1212,-51.1954],[-74.2105,-51.2046],[-74.3323,-51.195],[-74.4144,-51.1625],[-74.5079,-51.1496],[-74.5869,-51.1307],[-74.6901,-51.0865],[-74.8147,-51.0629],[-74.9831,-50.8811],[-75.0553,-50.7855],[-75.0947,-50.6812],[-74.8366,-50.6789],[-74.6857,-50.662],[-74.6489,-50.6185],[-74.7021,-50.5354],[-74.7759,-50.4699],[-74.7217,-50.4085],[-74.6445,-50.3609],[-74.5641,-50.382],[-74.3656,-50.4879],[-74.3314,-50.5596],[-74.1902,-50.778],[-74.1561,-50.7975],[-74.1394,-50.8178],[-73.8475,-50.94],[-73.8065,-50.9384],[-73.8246,-50.8358],[-73.7406,-50.6967],[-73.659,-50.6507],[-73.6182,-50.6512],[-73.614,-50.6279],[-73.6933,-50.57],[-73.6544,-50.4927],[-73.6799,-50.4902],[-73.7502,-50.5398],[-73.8915,-50.7827],[-73.978,-50.8271],[-74.0967,-50.7171],[-74.1641,-50.6379],[-74.1972,-50.6098],[-74.1856,-50.4854],[-73.9503,-50.5105],[-74.0311,-50.4698],[-74.3056,-50.398],[-74.3741,-50.363],[-74.4251,-50.3502],[-74.5164,-50.2656],[-74.6296,-50.194],[-74.4343,-50.0652],[-74.3337,-49.9746],[-74.0194,-50.0228],[-73.9586,-49.9947],[-74.0112,-49.9285],[-74.0733,-49.9485],[-74.1713,-49.9073],[-74.3239,-49.7834],[-74.3187,-49.7201],[-74.2908,-49.6041],[-74.2304,-49.5793],[-74.102,-49.5554],[-73.9555,-49.5931],[-73.8916,-49.6237],[-73.8364,-49.6094],[-73.8925,-49.5234],[-73.988,-49.4909],[-74.0944,-49.4297],[-74.0835,-49.3618],[-74.0492,-49.3057],[-74.0234,-49.2441],[-74.0056,-49.158],[-74.0154,-49.0909],[-73.9848,-49.06],[-73.9379,-49.0461],[-73.935,-49.0209],[-74.0277,-49.0262],[-74.0613,-49.111],[-74.0739,-49.1884],[-74.1398,-49.2505],[-74.1679,-49.3205],[-74.1846,-49.4044],[-74.2213,-49.5006],[-74.3015,-49.464],[-74.3485,-49.4263],[-74.3666,-49.4005],[-74.3582,-49.3514],[-74.38,-49.0479],[-74.3821,-48.7937],[-74.341,-48.5957],[-74.2277,-48.517],[-74.1762,-48.4941],[-74.1293,-48.5042],[-74.0569,-48.5036],[-74.0091,-48.475],[-74.1715,-48.4274],[-74.2701,-48.4546],[-74.343,-48.4926],[-74.4744,-48.464],[-74.4994,-48.3623],[-74.5772,-48.2744],[-74.5907,-48.1619],[-74.5847,-47.999],[-74.4005,-48.0131],[-74.2504,-48.0449],[-73.8538,-48.0422],[-73.5282,-48.1982],[-73.3845,-48.1773],[-73.3911,-48.1459],[-73.501,-48.1066],[-73.5696,-48.0193],[-73.6099,-47.9939],[-73.6289,-47.9415],[-73.6351,-47.8804],[-73.7159,-47.6555],[-73.7482,-47.6613],[-73.7792,-47.7385],[-73.8467,-47.867],[-73.9409,-47.9294],[-74.0848,-47.9547],[-74.2271,-47.9689],[-74.3506,-47.9443],[-74.3793,-47.8912],[-74.3762,-47.8297],[-74.4297,-47.7996],[-74.5692,-47.7729],[-74.6089,-47.758],[-74.6549,-47.7022],[-74.5884,-47.618],[-74.5338,-47.5677],[-74.4669,-47.5776],[-74.4036,-47.6004],[-74.3226,-47.6667],[-74.243,-47.6793],[-74.152,-47.6267],[-74.1341,-47.5908],[-74.191,-47.5684],[-74.2429,-47.5597],[-74.3237,-47.5314],[-74.4827,-47.4305],[-74.4033,-47.3275],[-74.2157,-47.2096],[-74.1584,-47.1825],[-74.2081,-47.0831],[-74.1519,-46.9744],[-74.2095,-46.8848],[-74.3136,-46.7882],[-74.4542,-46.7668],[-74.4844,-46.795],[-74.4894,-46.8346],[-74.467,-46.8644],[-74.4802,-46.8858],[-74.5123,-46.8852],[-74.6908,-46.864],[-74.8106,-46.7997],[-75.006,-46.7411],[-75.0314,-46.6953],[-75.0525,-46.628],[-74.9842,-46.5121],[-75.0187,-46.5105],[-75.1458,-46.6001],[-75.3374,-46.6471],[-75.4784,-46.6624],[-75.5403,-46.6987],[-75.5651,-46.7287],[-75.5276,-46.7464],[-75.446,-46.7508],[-75.3864,-46.8627],[-75.4012,-46.9057],[-75.4304,-46.9346],[-75.4966,-46.9401],[-75.6353,-46.8628],[-75.7081,-46.775],[-75.7064,-46.7053],[-75.6568,-46.6104],[-75.4369,-46.483],[-75.376,-46.4291],[-75.247,-46.3693],[-75.0749,-46.2346],[-74.9245,-46.1597],[-74.9977,-46.0977],[-75.0745,-46.0045],[-75.0667,-45.8749],[-74.7631,-45.8236],[-74.6307,-45.8447],[-74.4628,-45.8407],[-74.3691,-45.8097],[-74.3012,-45.803],[-74.1579,-45.7672],[-74.0962,-45.7168],[-74.0818,-45.6783],[-74.0825,-45.6447],[-74.0993,-45.6034],[-74.1227,-45.4962],[-74.0989,-45.4604],[-74.0375,-45.4177],[-73.9572,-45.4044],[-73.9203,-45.4077],[-73.825,-45.4469],[-73.8441,-45.5024],[-73.8823,-45.5693],[-73.9603,-45.8353],[-73.9995,-45.8953],[-74.061,-45.9474],[-74.0199,-46.0559],[-74.0815,-46.1318],[-74.3568,-46.2127],[-74.393,-46.2174],[-74.3725,-46.2463],[-74.2131,-46.2395],[-74.0897,-46.2224],[-73.9676,-46.1541],[-73.9292,-46.0499],[-73.8787,-45.8469],[-73.8125,-45.8182],[-73.7353,-45.8117],[-73.6949,-45.8596],[-73.7079,-45.9667],[-73.7082,-46.0703],[-73.8106,-46.3773],[-73.9348,-46.5007],[-73.9486,-46.5331],[-73.9437,-46.5716],[-73.8454,-46.566],[-73.7703,-46.4998],[-73.7162,-46.4152],[-73.6621,-46.2975],[-73.6682,-46.2121],[-73.6517,-46.1593],[-73.6294,-45.9865],[-73.5918,-45.8991],[-73.5943,-45.7769],[-73.662,-45.7308],[-73.7566,-45.7028],[-73.7804,-45.6279],[-73.7308,-45.48],[-73.5499,-45.4838],[-73.3786,-45.3828],[-73.2662,-45.3462],[-73.2023,-45.3538],[-72.9782,-45.4512],[-72.9338,-45.4523],[-72.9408,-45.4173],[-72.9755,-45.3926],[-73.0639,-45.3598],[-73.2264,-45.2552],[-73.445,-45.2382],[-73.4049,-45.1023],[-73.3625,-44.9782],[-73.2564,-44.961],[-73.0784,-44.9202],[-72.739,-44.7342],[-72.6801,-44.5939],[-72.6639,-44.4364],[-72.8275,-44.3954],[-73.001,-44.2924],[-73.141,-44.2375],[-73.2651,-44.1687],[-73.2407,-44.0657],[-73.2245,-43.8979],[-73.0688,-43.862],[-72.9966,-43.6315],[-73.101,-43.4552],[-73.076,-43.3236],[-72.94,-43.2113],[-72.9155,-43.1336],[-72.878,-43.0481],[-72.758,-43.0395],[-72.7554,-42.993],[-72.766,-42.9082],[-72.845,-42.808],[-72.848,-42.6691],[-72.7739,-42.5052],[-72.6548,-42.5166],[-72.6318,-42.5097],[-72.7163,-42.4104],[-72.7852,-42.3013],[-72.7732,-42.2577],[-72.7074,-42.2205],[-72.6311,-42.1998],[-72.5484,-42.2558],[-72.4303,-42.4339],[-72.4124,-42.3882],[-72.4601,-42.2066],[-72.4994,-41.9809],[-72.624,-42.0105],[-72.7382,-41.9946],[-72.7812,-41.9596],[-72.8241,-41.9088],[-72.7838,-41.8468],[-72.7437,-41.8006],[-72.6599,-41.7425],[-72.486,-41.7221],[-72.3604,-41.6491],[-72.3183,-41.499],[-72.3595,-41.5139],[-72.4277,-41.6459],[-72.5424,-41.6906],[-72.6008,-41.6841],[-72.6698,-41.6594],[-72.8051,-41.5443],[-72.88,-41.5176],[-72.9528,-41.5147],[-73.015,-41.5438],[-73.1741,-41.7466],[-73.2418,-41.7809],[-73.5213,-41.7971],[-73.624,-41.7736],[-73.7352,-41.7425],[-73.7219,-41.6925],[-73.6881,-41.6393],[-73.625,-41.6119],[-73.6239,-41.5813],[-73.7106,-41.5736],[-73.8107,-41.5175],[-73.855,-41.4464],[-73.8762,-41.3193],[-73.9659,-41.1183],[-73.9836,-40.9743],[-73.9203,-40.8716],[-73.784,-40.4685],[-73.7425,-40.263],[-73.6694,-40.0823],[-73.671,-39.9632],[-73.4822,-39.8543],[-73.4104,-39.7892],[-73.2499,-39.4224],[-73.2265,-39.2244],[-73.4808,-38.624],[-73.5202,-38.5094],[-73.5326,-38.3668],[-73.4719,-38.1301],[-73.4648,-38.0403],[-73.5167,-37.9105],[-73.6618,-37.6985],[-73.6646,-37.5904],[-73.6034,-37.4791],[-73.6624,-37.341],[-73.6336,-37.2555],[-73.6017,-37.1885],[-73.3746,-37.2243],[-73.2711,-37.2074],[-73.216,-37.1669],[-73.1729,-37.0535],[-73.1513,-36.8762],[-73.1181,-36.6884],[-73.0066,-36.6435],[-72.9678,-36.5378],[-72.8746,-36.3904],[-72.7784,-35.9785],[-72.6834,-35.877],[-72.5874,-35.7597],[-72.6239,-35.5857],[-72.5621,-35.5054],[-72.5052,-35.447],[-72.455,-35.3408],[-72.3867,-35.2404],[-72.2238,-35.0962],[-72.1824,-34.9202],[-72.056,-34.6158],[-72.0308,-34.4205],[-71.9915,-34.2885],[-72.0028,-34.1653],[-71.9269,-34.0156],[-71.854,-33.8896],[-71.831,-33.8195],[-71.6644,-33.6526],[-71.6363,-33.5192],[-71.6955,-33.429],[-71.6966,-33.2891],[-71.743,-33.0951],[-71.6355,-33.0226],[-71.592,-32.9695],[-71.4522,-32.6596],[-71.4614,-32.5379],[-71.4213,-32.3868],[-71.513,-32.2079],[-71.5259,-31.8059],[-71.5773,-31.4964],[-71.662,-31.1695],[-71.6539,-30.9866],[-71.7057,-30.7593],[-71.7089,-30.628],[-71.6695,-30.3304],[-71.4004,-30.143],[-71.348,-29.9332],[-71.3157,-29.6497],[-71.3267,-29.4432],[-71.3533,-29.3504],[-71.4858,-29.1982],[-71.5192,-28.9265],[-71.4936,-28.8553],[-71.3841,-28.7787],[-71.3067,-28.6725],[-71.2668,-28.5075],[-71.1864,-28.3778],[-71.1545,-28.0641],[-71.0865,-27.8145],[-71.0526,-27.7273],[-70.9458,-27.6179],[-70.9258,-27.5887],[-70.9093,-27.5052],[-70.9143,-27.3079],[-70.8979,-27.1875],[-70.8127,-26.9506],[-70.8029,-26.8409],[-70.7084,-26.597],[-70.687,-26.4218],[-70.6466,-26.3294],[-70.6623,-26.2254],[-70.6354,-25.9927],[-70.6996,-25.8611],[-70.7137,-25.7842],[-70.633,-25.5456],[-70.4895,-25.3765],[-70.4522,-25.2519],[-70.4454,-25.1727],[-70.5586,-24.7785],[-70.5741,-24.6443],[-70.5464,-24.3316],[-70.5074,-24.1297],[-70.5201,-23.9686],[-70.5074,-23.8857],[-70.4878,-23.7817],[-70.41,-23.6556],[-70.3923,-23.5659],[-70.4196,-23.5285],[-70.512,-23.4828],[-70.5881,-23.3684],[-70.5934,-23.2555],[-70.5688,-23.1733],[-70.5632,-23.057],[-70.4497,-23.0342],[-70.3892,-22.9696],[-70.3317,-22.8486],[-70.2595,-22.5561],[-70.2285,-22.1932],[-70.1854,-21.9746],[-70.1551,-21.8666],[-70.1296,-21.6408],[-70.0875,-21.4931],[-70.08,-21.3568],[-70.0884,-21.2532],[-70.197,-20.7254],[-70.1937,-20.5314],[-70.1475,-20.2298],[-70.1481,-19.8051],[-70.1574,-19.7059],[-70.1983,-19.613],[-70.2104,-19.4869],[-70.2758,-19.2676],[-70.3349,-18.8275],[-70.3361,-18.5952],[-70.3616,-18.398],[-70.4183,-18.3456],[-70.3775,-18.3336],[-70.1838,-18.3252],[-70.0591,-18.2835],[-69.9264,-18.2061],[-69.8397,-18.0935],[-69.8026,-17.9902],[-69.8024,-17.9],[-69.8415,-17.7852],[-69.8521,-17.7038],[-69.8061,-17.6649],[-69.6848,-17.6498],[-69.5109,-17.5061],[-69.495,-17.6195],[-69.358,-17.7717],[-69.3134,-17.9432],[-69.2823,-17.9648],[-69.0939,-18.0505],[-69.0904,-18.0707],[-69.1455,-18.144],[-69.0923,-18.2824],[-69.0394,-18.5501],[-69.0268,-18.6562],[-68.9789,-18.813],[-68.9683,-18.968],[-68.931,-19.0252],[-68.858,-19.0934],[-68.7591,-19.1622],[-68.6206,-19.2967],[-68.492,-19.3819],[-68.4702,-19.41],[-68.4629,-19.4328],[-68.5753,-19.5602],[-68.6983,-19.7211],[-68.6962,-19.7407],[-68.5783,-19.8565],[-68.5594,-19.9023],[-68.5607,-19.9671],[-68.6002,-20.0449],[-68.7275,-20.0696],[-68.7558,-20.0908],[-68.7593,-20.1155],[-68.73,-20.1484],[-68.7346,-20.2252],[-68.6886,-20.3101],[-68.7123,-20.339],[-68.7592,-20.378],[-68.7605,-20.4162],[-68.7452,-20.4586],[-68.4999,-20.612],[-68.4843,-20.6284],[-68.4874,-20.6407],[-68.5632,-20.7201],[-68.571,-20.7691],[-68.5689,-20.8498],[-68.5583,-20.902],[-68.5338,-20.9236],[-68.4355,-20.9482],[-68.197,-21.3003],[-68.1985,-21.4473],[-68.1864,-21.6186],[-68.1122,-21.753],[-68.1018,-21.8606],[-68.0768,-21.9828],[-67.9884,-22.0571],[-67.9539,-22.204],[-67.9449,-22.2822],[-67.9504,-22.3337],[-67.8817,-22.4934],[-67.8737,-22.6306],[-67.89,-22.7292],[-67.8892,-22.7842],[-67.8794,-22.8229],[-67.7944,-22.8795],[-67.7073,-22.8892],[-67.5799,-22.8917],[-67.1949,-22.8217]]],[[[-67.5752,-55.8896],[-67.6114,-55.8917],[-67.6995,-55.8731],[-67.8315,-55.8648],[-67.8464,-55.8572],[-67.8497,-55.8426],[-67.8341,-55.8275],[-67.7621,-55.8161],[-67.5448,-55.826],[-67.5173,-55.8328],[-67.5098,-55.8443],[-67.5453,-55.8774],[-67.5752,-55.8896]]],[[[-67.2889,-55.7769],[-67.3253,-55.7848],[-67.3522,-55.766],[-67.3934,-55.7527],[-67.56,-55.7248],[-67.5635,-55.7078],[-67.5461,-55.6837],[-67.5128,-55.662],[-67.4488,-55.6406],[-67.3974,-55.5852],[-67.3741,-55.5894],[-67.3506,-55.6121],[-67.3104,-55.6887],[-67.2625,-55.7437],[-67.2673,-55.7628],[-67.2889,-55.7769]]],[[[-66.4721,-55.2291],[-66.5517,-55.2729],[-66.6111,-55.2699],[-66.6302,-55.2541],[-66.6366,-55.2344],[-66.6248,-55.2131],[-66.5997,-55.1937],[-66.5231,-55.1655],[-66.4358,-55.1897],[-66.4721,-55.2291]]],[[[-67.0799,-55.1538],[-67.1095,-55.1921],[-67.1726,-55.2426],[-67.2574,-55.2818],[-67.3397,-55.2926],[-67.3993,-55.2723],[-67.4294,-55.2365],[-67.4433,-55.2012],[-67.4635,-55.1817],[-67.4947,-55.1774],[-67.5353,-55.1785],[-67.5852,-55.192],[-67.6915,-55.243],[-67.737,-55.2564],[-67.7678,-55.2596],[-68.07,-55.2211],[-68.0995,-55.2068],[-68.1351,-55.1727],[-68.1743,-55.0713],[-68.3014,-54.9807],[-68.1069,-54.9294],[-67.8741,-54.9297],[-67.4246,-54.9689],[-67.2453,-54.9776],[-67.1073,-55.0636],[-67.0855,-55.1152],[-67.0799,-55.1538]]],[[[-69.703,-54.919],[-68.9008,-55.0178],[-68.6535,-54.9579],[-68.458,-54.9597],[-68.3998,-55.042],[-68.5981,-55.1283],[-68.6133,-55.1556],[-68.5855,-55.1777],[-68.3817,-55.1916],[-68.3301,-55.2194],[-68.2827,-55.2552],[-68.3228,-55.3082],[-68.3266,-55.3327],[-68.3054,-55.3566],[-68.1526,-55.4369],[-68.0899,-55.4783],[-68.0583,-55.518],[-68.0456,-55.5875],[-68.0483,-55.6432],[-68.0827,-55.6506],[-68.1571,-55.6337],[-68.2296,-55.6016],[-68.2934,-55.5214],[-68.338,-55.5053],[-68.4667,-55.4891],[-68.5942,-55.45],[-68.6936,-55.4522],[-68.785,-55.4356],[-68.867,-55.4502],[-68.8961,-55.4238],[-68.9313,-55.3706],[-68.9321,-55.3474],[-68.889,-55.2633],[-68.8901,-55.2412],[-68.9126,-55.2386],[-69.0082,-55.2558],[-69.0468,-55.2443],[-69.1508,-55.1834],[-69.1926,-55.1719],[-69.2971,-55.1658],[-69.3562,-55.2739],[-69.3592,-55.3007],[-69.299,-55.3693],[-69.1809,-55.4748],[-69.2408,-55.4768],[-69.4118,-55.4442],[-69.4557,-55.424],[-69.5087,-55.3709],[-69.6103,-55.3399],[-69.6459,-55.3209],[-69.6563,-55.2984],[-69.6574,-55.229],[-69.6798,-55.2189],[-69.824,-55.2365],[-69.8537,-55.2198],[-69.8658,-55.1906],[-69.8868,-55.1741],[-69.9798,-55.1475],[-69.988,-55.1308],[-69.9465,-55.111],[-69.9208,-55.0611],[-69.8844,-54.882],[-69.703,-54.919]]],[[[-70.9916,-54.868],[-70.9451,-54.9313],[-70.9279,-54.943],[-70.8048,-54.9677],[-70.7493,-54.9527],[-70.6153,-54.9456],[-70.5348,-54.9213],[-70.4175,-54.9089],[-70.2831,-55.0659],[-70.2979,-55.1138],[-70.4042,-55.1656],[-70.4756,-55.1771],[-70.5435,-55.1613],[-70.5387,-55.135],[-70.5511,-55.1119],[-70.5975,-55.082],[-70.6409,-55.0849],[-70.711,-55.1069],[-70.7444,-55.1042],[-70.8155,-55.0799],[-70.9398,-55.0619],[-70.9645,-55.0396],[-70.9673,-55.0068],[-70.9907,-54.9904],[-71.1204,-54.9378],[-71.2033,-54.893],[-71.2736,-54.8869],[-71.2993,-54.8923],[-71.3253,-54.9138],[-71.3886,-54.9343],[-71.4066,-54.9309],[-71.4269,-54.9138],[-71.4372,-54.8893],[-71.4105,-54.8394],[-71.3743,-54.8346],[-71.1971,-54.8444],[-71.0886,-54.8675],[-70.9916,-54.868]]],[[[-71.3905,-54.0328],[-71.1688,-54.1126],[-71.0219,-54.1118],[-71.0229,-54.1617],[-71.0049,-54.2467],[-71.028,-54.2812],[-71.083,-54.3163],[-71.1175,-54.3663],[-71.1433,-54.374],[-71.3046,-54.3136],[-71.4733,-54.2312],[-71.5581,-54.2456],[-71.6706,-54.2254],[-71.7612,-54.2298],[-71.8176,-54.2765],[-71.9485,-54.3009],[-71.9724,-54.2072],[-72.0916,-54.1187],[-72.2104,-54.0478],[-72.146,-53.9389],[-72.0689,-53.9213],[-71.9965,-53.8849],[-71.7051,-53.9233],[-71.5542,-53.9561],[-71.3905,-54.0328]]],[[[-72.9232,-53.4816],[-72.8963,-53.5628],[-72.8822,-53.5783],[-72.8094,-53.5653],[-72.6855,-53.5579],[-72.4823,-53.5881],[-72.4592,-53.5988],[-72.3729,-53.6875],[-72.3067,-53.7254],[-72.2054,-53.8074],[-72.3063,-53.8621],[-72.366,-53.9408],[-72.3691,-53.9808],[-72.4085,-54.0038],[-72.4705,-54.0277],[-72.5629,-54.0737],[-72.6766,-54.0789],[-72.7886,-54.1031],[-72.8404,-54.1251],[-72.871,-54.1266],[-72.9073,-54.1146],[-72.9461,-54.0921],[-72.9586,-54.0659],[-72.8817,-54.0416],[-72.7817,-53.9548],[-72.7638,-53.8648],[-72.8717,-53.8485],[-72.9361,-53.8608],[-72.9842,-53.8605],[-73.0395,-53.8328],[-73.073,-53.8753],[-73.0855,-53.9159],[-73.0708,-53.978],[-73.0808,-53.998],[-73.12,-54.0094],[-73.2106,-53.9858],[-73.3047,-53.9439],[-73.3122,-53.9196],[-73.2929,-53.8358],[-73.2949,-53.7921],[-73.3144,-53.7292],[-73.3248,-53.7227],[-73.3601,-53.724],[-73.4709,-53.7361],[-73.5816,-53.6555],[-73.6415,-53.5703],[-73.8455,-53.5458],[-73.6865,-53.4269],[-73.4471,-53.4101],[-73.3659,-53.4702],[-73.0994,-53.5119],[-73.1153,-53.448],[-73.1109,-53.4252],[-73.0743,-53.3968],[-73.0536,-53.3944],[-73.0221,-53.4146],[-72.9709,-53.423],[-72.9473,-53.4425],[-72.9232,-53.4816]]],[[[-74.3857,-52.9224],[-74.3693,-52.9314],[-74.33,-52.9293],[-74.2746,-52.9455],[-74.066,-52.9653],[-73.8792,-53.0122],[-73.7818,-53.0561],[-73.654,-53.0698],[-73.5493,-53.1257],[-73.5045,-53.14],[-73.4506,-53.1443],[-73.3104,-53.2477],[-73.3025,-53.2595],[-73.1434,-53.3409],[-73.1352,-53.3539],[-73.2257,-53.3584],[-73.4094,-53.3205],[-73.501,-53.3185],[-73.5673,-53.3068],[-73.5828,-53.3002],[-73.5959,-53.2529],[-73.6171,-53.2297],[-73.7935,-53.1207],[-73.8669,-53.0969],[-73.994,-53.0758],[-74.1386,-53.0905],[-74.2364,-53.0765],[-74.2702,-53.0815],[-74.4144,-52.9949],[-74.5583,-52.9219],[-74.6199,-52.8348],[-74.7115,-52.7682],[-74.712,-52.7487],[-74.67,-52.7339],[-74.5715,-52.7713],[-74.4746,-52.8356],[-74.4223,-52.8601],[-74.3857,-52.9224]]],[[[-74.1422,-51.9311],[-74.1721,-51.9421],[-74.2831,-51.9188],[-74.3387,-51.8979],[-74.4236,-51.8451],[-74.4371,-51.7906],[-74.4754,-51.7257],[-74.4508,-51.7249],[-74.3621,-51.7507],[-74.3257,-51.7702],[-74.2771,-51.8116],[-74.1334,-51.8709],[-74.1154,-51.8885],[-74.1189,-51.9111],[-74.1422,-51.9311]]],[[[-74.8229,-51.6302],[-74.7801,-51.8247],[-74.7495,-51.8519],[-74.6475,-51.8662],[-74.5368,-51.9651],[-74.5318,-51.992],[-74.666,-52.1601],[-74.6945,-52.2792],[-74.8518,-52.2707],[-74.9177,-52.1522],[-75.0171,-52.0379],[-75.0507,-51.9039],[-75.1054,-51.7889],[-75.0081,-51.7237],[-74.9152,-51.7383],[-74.9097,-51.65],[-74.8229,-51.6302]]],[[[-74.5586,-51.2771],[-74.5609,-51.3608],[-74.5926,-51.3875],[-74.6204,-51.3957],[-74.6907,-51.3702],[-74.7309,-51.3674],[-74.7974,-51.4117],[-74.8533,-51.4342],[-74.9367,-51.4283],[-75.0474,-51.3983],[-75.1463,-51.5243],[-75.1924,-51.5667],[-75.2891,-51.6254],[-75.3,-51.5564],[-75.2385,-51.4535],[-75.21,-51.3833],[-75.1537,-51.2788],[-75.0403,-51.3182],[-74.8814,-51.2795],[-74.7367,-51.2076],[-74.6116,-51.2071],[-74.5705,-51.2454],[-74.5586,-51.2771]]],[[[-75.302,-50.68],[-75.3305,-50.7724],[-75.4114,-50.7644],[-75.4385,-50.7411],[-75.4526,-50.6825],[-75.4774,-50.6542],[-75.4427,-50.5955],[-75.4198,-50.5304],[-75.4276,-50.4806],[-75.3037,-50.484],[-75.1562,-50.4968],[-75.1153,-50.5104],[-75.1604,-50.5544],[-75.2034,-50.5807],[-75.2923,-50.5969],[-75.302,-50.68]]],[[[-75.0548,-50.2961],[-75.2504,-50.3763],[-75.3079,-50.3431],[-75.4491,-50.3434],[-75.4121,-50.2566],[-75.3979,-50.1927],[-75.3767,-50.168],[-75.3688,-50.1127],[-75.3267,-50.0118],[-75.2097,-50.0454],[-75.1226,-50.0553],[-75.0042,-50.0887],[-74.876,-50.11],[-74.8386,-50.1973],[-74.9634,-50.2373],[-75.0548,-50.2961]]],[[[-75.1067,-48.8365],[-75.1151,-48.916],[-75.2627,-49.0689],[-75.3899,-49.1592],[-75.5061,-49.2307],[-75.5804,-49.23],[-75.6412,-49.1954],[-75.5729,-49.1389],[-75.4876,-49.0824],[-75.5146,-49.0096],[-75.5401,-48.9885],[-75.5762,-48.9808],[-75.6378,-48.9426],[-75.6191,-48.8859],[-75.5831,-48.8589],[-75.5353,-48.8382],[-75.4905,-48.8505],[-75.2973,-48.8106],[-75.2362,-48.7786],[-75.1186,-48.7729],[-75.1067,-48.8365]]],[[[-74.4762,-49.1479],[-74.4668,-49.2945],[-74.4836,-49.4419],[-74.5221,-49.6229],[-74.5158,-49.6596],[-74.4708,-49.6686],[-74.4588,-49.6911],[-74.472,-49.7862],[-74.4961,-49.8595],[-74.5426,-49.9191],[-74.5698,-49.9907],[-74.5947,-50.0066],[-74.7034,-50.0192],[-74.763,-50.0114],[-74.8108,-49.9297],[-74.8247,-49.8795],[-74.8219,-49.8139],[-74.8804,-49.7259],[-74.8822,-49.6922],[-74.8593,-49.6342],[-74.812,-49.6053],[-74.8048,-49.516],[-74.781,-49.4893],[-74.7271,-49.4523],[-74.7188,-49.437],[-74.7238,-49.4238],[-74.7438,-49.4225],[-74.9601,-49.533],[-74.9813,-49.5642],[-74.9908,-49.6057],[-74.9935,-49.7518],[-75.0315,-49.8362],[-75.066,-49.8523],[-75.1669,-49.856],[-75.3001,-49.8475],[-75.4512,-49.7699],[-75.5498,-49.7913],[-75.5701,-49.6971],[-75.5208,-49.6217],[-75.3371,-49.6282],[-75.3059,-49.494],[-75.3642,-49.4625],[-75.4289,-49.4084],[-75.4675,-49.3589],[-75.4332,-49.3221],[-75.3267,-49.2687],[-75.2696,-49.2629],[-75.2168,-49.2928],[-75.086,-49.2702],[-75.0937,-49.1854],[-75.2102,-49.148],[-75.1842,-49.0836],[-75.0371,-49.0221],[-74.9492,-48.9602],[-74.9452,-48.8895],[-74.9808,-48.8188],[-74.9695,-48.7913],[-74.8962,-48.7332],[-74.7935,-48.7051],[-74.7467,-48.7089],[-74.6516,-48.7499],[-74.5666,-48.7548],[-74.5461,-48.7669],[-74.5307,-48.8126],[-74.4762,-49.1479]]],[[[-75.5103,-48.7635],[-75.6229,-48.7646],[-75.6509,-48.5863],[-75.5185,-48.3288],[-75.509,-48.2307],[-75.5535,-48.1567],[-75.5715,-48.0959],[-75.5607,-48.0709],[-75.3914,-48.0197],[-75.3384,-48.074],[-75.2755,-48.2185],[-75.1555,-48.4252],[-75.1585,-48.6227],[-75.2251,-48.6714],[-75.434,-48.7212],[-75.5103,-48.7635]]],[[[-74.5673,-48.592],[-74.5863,-48.6157],[-74.7096,-48.6012],[-74.923,-48.6265],[-75.0128,-48.5357],[-75.0521,-48.3914],[-75.0789,-48.3615],[-75.1319,-48.2793],[-75.1585,-48.2253],[-75.2129,-48.1417],[-75.2339,-48.0534],[-75.2473,-48.0268],[-75.1983,-47.9746],[-74.9751,-47.9229],[-74.8957,-47.8394],[-74.8274,-47.8504],[-74.8462,-48.0208],[-74.8052,-48.0782],[-74.7293,-48.1259],[-74.7152,-48.1455],[-74.7024,-48.2059],[-74.6644,-48.2993],[-74.6151,-48.3431],[-74.6001,-48.3931],[-74.6182,-48.4252],[-74.5673,-48.592]]],[[[-75.1122,-47.8377],[-75.1858,-47.8507],[-75.1943,-47.8181],[-75.261,-47.7639],[-75.2031,-47.728],[-75.0898,-47.6906],[-75.004,-47.6947],[-74.9265,-47.7231],[-74.916,-47.7566],[-75.0513,-47.8005],[-75.1122,-47.8377]]],[[[-74.3129,-45.6915],[-74.3685,-45.7358],[-74.4655,-45.7572],[-74.5616,-45.7225],[-74.6777,-45.7386],[-74.6898,-45.6626],[-74.6464,-45.6],[-74.5584,-45.5256],[-74.4947,-45.4259],[-74.5023,-45.2852],[-74.45,-45.2529],[-74.4219,-45.2032],[-74.3105,-45.1727],[-74.2854,-45.2772],[-74.3154,-45.4641],[-74.24,-45.5745],[-74.2292,-45.6113],[-74.2439,-45.6536],[-74.3129,-45.6915]]],[[[-75.0425,-44.8901],[-75.0675,-44.9065],[-75.0987,-44.9018],[-75.1242,-44.8699],[-75.1421,-44.8156],[-75.1074,-44.7951],[-75.0795,-44.7951],[-75.0484,-44.8239],[-75.0322,-44.8705],[-75.0425,-44.8901]]],[[[-73.6322,-44.8215],[-73.6648,-44.8329],[-73.6946,-44.8312],[-73.7248,-44.7969],[-73.7349,-44.7517],[-73.8001,-44.6841],[-73.8185,-44.6521],[-73.817,-44.614],[-73.7795,-44.5592],[-73.7239,-44.5442],[-73.6865,-44.5463],[-73.6412,-44.6108],[-73.6166,-44.7529],[-73.6322,-44.8215]]],[[[-72.9861,-44.7801],[-73.2285,-44.86],[-73.35,-44.8332],[-73.3971,-44.7743],[-73.4201,-44.7248],[-73.4451,-44.641],[-73.4037,-44.5961],[-73.3149,-44.5313],[-73.282,-44.4896],[-73.266,-44.4402],[-73.2716,-44.3941],[-73.26,-44.3503],[-73.2077,-44.335],[-73.0284,-44.3841],[-72.8424,-44.4577],[-72.7764,-44.5086],[-72.7641,-44.549],[-72.8453,-44.6385],[-72.8972,-44.712],[-72.9861,-44.7801]]],[[[-73.7354,-44.3945],[-73.7846,-44.4375],[-73.8623,-44.4451],[-73.9833,-44.4948],[-74.0021,-44.5909],[-73.9186,-44.6547],[-73.8774,-44.7288],[-73.8279,-44.8398],[-73.7921,-44.9458],[-73.7954,-44.9786],[-73.7865,-45.0336],[-73.7271,-45.119],[-73.7217,-45.1576],[-73.7282,-45.1959],[-73.7521,-45.2668],[-73.771,-45.2766],[-73.8299,-45.2835],[-73.8345,-45.3266],[-73.849,-45.3406],[-74.0163,-45.3449],[-74.0991,-45.3254],[-74.0893,-45.1957],[-74.1952,-45.1448],[-74.268,-45.059],[-74.3499,-44.9108],[-74.4188,-44.8652],[-74.4988,-44.7481],[-74.6178,-44.6479],[-74.4805,-44.5846],[-74.5018,-44.4735],[-74.4217,-44.4354],[-74.3012,-44.3957],[-74.2125,-44.427],[-74.1328,-44.4159],[-74.0972,-44.3894],[-74.1081,-44.2759],[-74.0828,-44.1864],[-73.9949,-44.1402],[-73.9002,-44.1349],[-73.8646,-44.1854],[-73.8178,-44.235],[-73.7032,-44.2741],[-73.7037,-44.3254],[-73.7354,-44.3945]]],[[[-73.8106,-43.8272],[-73.7896,-43.8765],[-73.8336,-43.8832],[-73.9042,-43.8754],[-73.9383,-43.9143],[-73.9557,-43.922],[-74.1178,-43.8875],[-74.143,-43.8722],[-74.1399,-43.821],[-73.9672,-43.8165],[-73.8569,-43.7838],[-73.8414,-43.789],[-73.8106,-43.8272]]],[[[-74.6688,-43.6078],[-74.8104,-43.6254],[-74.8427,-43.5955],[-74.842,-43.5703],[-74.8177,-43.5494],[-74.745,-43.5359],[-74.6975,-43.553],[-74.6727,-43.5774],[-74.6648,-43.5996],[-74.6688,-43.6078]]],[[[-73.7734,-43.3459],[-73.8486,-43.3668],[-73.9187,-43.372],[-73.9899,-43.3566],[-74.1144,-43.3579],[-74.2386,-43.3188],[-74.3549,-43.2636],[-74.3874,-43.2316],[-74.3731,-43.1857],[-74.2894,-43.0795],[-74.2095,-42.8787],[-74.1563,-42.5905],[-74.1988,-42.4813],[-74.1936,-42.436],[-74.1741,-42.3815],[-74.1644,-42.3255],[-74.1703,-42.2689],[-74.1602,-42.2164],[-74.0723,-42.1059],[-74.0594,-42.0562],[-74.0568,-42.0023],[-74.0188,-41.8909],[-74.0305,-41.854],[-74.063,-41.8228],[-74.0367,-41.7955],[-73.731,-41.8772],[-73.5278,-41.8963],[-73.5169,-41.9809],[-73.4778,-42.0472],[-73.4545,-42.1659],[-73.4229,-42.1929],[-73.4393,-42.2778],[-73.5328,-42.3145],[-73.5246,-42.3926],[-73.4708,-42.4663],[-73.5493,-42.4926],[-73.6339,-42.5082],[-73.6535,-42.5287],[-73.7147,-42.5447],[-73.7893,-42.5857],[-73.7668,-42.6219],[-73.673,-42.7044],[-73.5683,-42.7616],[-73.5107,-42.8472],[-73.4363,-42.9365],[-73.4727,-42.9933],[-73.5408,-43.0737],[-73.6496,-43.1271],[-73.7497,-43.1591],[-73.7379,-43.2914],[-73.7734,-43.3459]]],[[[-78.8042,-33.6465],[-78.9833,-33.6678],[-78.9895,-33.6617],[-78.9793,-33.6441],[-78.8883,-33.5764],[-78.8774,-33.5752],[-78.8382,-33.5851],[-78.7847,-33.6102],[-78.7689,-33.6273],[-78.7747,-33.6416],[-78.8042,-33.6465]]],[[[-109.28,-27.1404],[-109.4341,-27.1713],[-109.4292,-27.1162],[-109.3905,-27.0684],[-109.2765,-27.0959],[-109.2229,-27.1011],[-109.28,-27.1404]]]]}},{"type":"Feature","properties":{"SOVEREIGNT":"Colombia","ADMIN":"Colombia","NAME":"Colombia","NAME_LONG":"Colombia","ISO_A2":"CO","WB_A2":"CO","CONTINENT":"South America","SUBREGION":"South America"},"geometry":{"type":"MultiPolygon","coordinates":[[[[-66.876,1.223],[-67.0652,1.1784],[-67.0823,1.1854],[-67.0937,1.21],[-67.0901,1.6156],[-67.1192,1.7036],[-67.352,2.0858],[-67.4004,2.1167],[-67.4578,2.1211],[-67.4997,2.1079],[-67.5561,2.073],[-67.6092,2.0351],[-67.7119,1.9221],[-67.8151,1.7901],[-67.8755,1.7606],[-67.9362,1.7485],[-67.9897,1.7525],[-68.0329,1.788],[-68.1303,1.9558],[-68.1938,1.987],[-68.2184,1.9576],[-68.256,1.8455],[-68.1766,1.7198],[-69.3197,1.7212],[-69.3943,1.7258],[-69.4702,1.7579],[-69.5429,1.7732],[-69.5812,1.7708],[-69.65,1.7395],[-69.7396,1.7349],[-69.8,1.7052],[-69.8486,1.7087],[-69.8521,1.0595],[-69.7981,1.0784],[-69.7513,1.0766],[-69.717,1.0591],[-69.6209,1.0732],[-69.4703,1.0586],[-69.4415,1.0388],[-69.4028,1.0424],[-69.3614,1.064],[-69.3118,1.0505],[-69.2587,1.0154],[-69.2245,0.9631],[-69.1938,0.8983],[-69.1632,0.8641],[-69.166,0.7533],[-69.1768,0.7128],[-69.1533,0.6588],[-69.1561,0.6425],[-69.1741,0.6354],[-69.283,0.6272],[-69.3055,0.6524],[-69.3586,0.6516],[-69.392,0.6669],[-69.4208,0.6984],[-69.4721,0.7299],[-69.5271,0.7164],[-69.6387,0.6597],[-69.6738,0.6651],[-69.7189,0.6498],[-69.7567,0.6264],[-69.8071,0.6075],[-70.0539,0.5786],[-70.0705,-0.1389],[-70.044,-0.1962],[-69.9228,-0.3175],[-69.8279,-0.3813],[-69.7475,-0.4525],[-69.6675,-0.4824],[-69.634,-0.5093],[-69.6119,-0.5533],[-69.592,-0.6394],[-69.6009,-0.6813],[-69.6207,-0.7209],[-69.6119,-0.7628],[-69.5833,-0.7959],[-69.5744,-0.8378],[-69.5436,-0.9172],[-69.5193,-0.9458],[-69.4487,-0.9987],[-69.4443,-1.0296],[-69.4491,-1.0916],[-69.4114,-1.1522],[-69.4002,-1.1949],[-69.4179,-1.2457],[-69.4349,-1.4217],[-69.4786,-1.622],[-69.9482,-4.2006],[-69.9659,-4.2359],[-70.0172,-4.162],[-70.0948,-4.0922],[-70.1675,-4.0502],[-70.1984,-3.9951],[-70.2403,-3.8827],[-70.3395,-3.8144],[-70.3792,-3.8188],[-70.4211,-3.8496],[-70.4858,-3.8693],[-70.5297,-3.8664],[-70.7351,-3.7815],[-70.074,-2.7502],[-70.0645,-2.7308],[-70.0647,-2.7017],[-70.0958,-2.6582],[-70.1647,-2.6398],[-70.2444,-2.6065],[-70.2946,-2.5525],[-70.3642,-2.5293],[-70.4182,-2.4907],[-70.5168,-2.4531],[-70.5759,-2.4183],[-70.648,-2.4058],[-70.7054,-2.342],[-70.9146,-2.2186],[-70.9686,-2.2068],[-71.1134,-2.2454],[-71.1964,-2.3131],[-71.3001,-2.3349],[-71.397,-2.3341],[-71.4475,-2.2938],[-71.4961,-2.2792],[-71.5595,-2.2242],[-71.7525,-2.1527],[-71.8027,-2.1663],[-71.9325,-2.2887],[-71.9843,-2.3266],[-72.0538,-2.3246],[-72.1368,-2.3807],[-72.2185,-2.4005],[-72.3956,-2.4289],[-72.6253,-2.3517],[-72.6602,-2.361],[-72.7142,-2.3922],[-72.8112,-2.4055],[-72.8872,-2.4085],[-72.9411,-2.394],[-72.9896,-2.3397],[-73.1545,-2.2782],[-73.1727,-2.2084],[-73.1602,-2.1563],[-73.1265,-2.0811],[-73.197,-1.8303],[-73.224,-1.7877],[-73.2665,-1.7723],[-73.3495,-1.7839],[-73.4403,-1.7374],[-73.4963,-1.6931],[-73.5252,-1.6389],[-73.4943,-1.5366],[-73.5214,-1.4497],[-73.5755,-1.4014],[-73.6103,-1.3164],[-73.6643,-1.2488],[-73.7357,-1.2142],[-73.8072,-1.218],[-73.8632,-1.1967],[-73.927,-1.1252],[-73.9868,-1.0981],[-74.0544,-1.0286],[-74.1808,-0.9978],[-74.2464,-0.9706],[-74.2839,-0.9278],[-74.3344,-0.8509],[-74.3286,-0.8084],[-74.3531,-0.7666],[-74.4179,-0.5807],[-74.4652,-0.5177],[-74.6164,-0.37],[-74.7554,-0.2986],[-74.8018,-0.2001],[-74.8888,-0.1994],[-74.9453,-0.1882],[-75.005,-0.1559],[-75.1384,-0.0505],[-75.2246,-0.0417],[-75.2845,-0.1065],[-75.464,-0.0384],[-75.6173,0.0629],[-75.7767,0.0893],[-75.8798,0.151],[-75.9749,0.2478],[-76.0262,0.3131],[-76.0679,0.3456],[-76.2706,0.4394],[-76.311,0.4485],[-76.3882,0.405],[-76.4134,0.3789],[-76.4273,0.2612],[-76.4946,0.2354],[-76.603,0.241],[-76.6785,0.2682],[-76.729,0.2721],[-76.7393,0.2508],[-76.7677,0.2417],[-76.8293,0.2478],[-76.9201,0.2685],[-77.0024,0.2962],[-77.1141,0.3551],[-77.1657,0.3478],[-77.2927,0.3604],[-77.3963,0.3939],[-77.4228,0.4249],[-77.4677,0.6365],[-77.4814,0.6512],[-77.5261,0.6604],[-77.6013,0.6895],[-77.6486,0.7236],[-77.7029,0.8378],[-77.8295,0.8254],[-78.037,0.8987],[-78.1807,0.9686],[-78.3121,1.0461],[-78.5115,1.1988],[-78.6816,1.2834],[-78.7371,1.3587],[-78.8597,1.4554],[-78.8885,1.5241],[-79.0254,1.6237],[-78.9577,1.7522],[-78.793,1.8487],[-78.5769,1.7738],[-78.5504,1.9236],[-78.6286,2.0562],[-78.617,2.3068],[-78.5917,2.3566],[-78.5347,2.4237],[-78.4604,2.4701],[-78.4169,2.4835],[-78.3429,2.4605],[-78.2961,2.5105],[-78.12,2.4882],[-78.0667,2.5091],[-78.0302,2.5431],[-77.9872,2.569],[-77.9323,2.6292],[-77.9008,2.6988],[-77.8745,2.7259],[-77.8136,2.7164],[-77.808,2.7464],[-77.7767,2.7873],[-77.67,2.8789],[-77.6711,2.9193],[-77.701,3.0076],[-77.6937,3.0399],[-77.632,3.0512],[-77.5591,3.076],[-77.5203,3.1603],[-77.4722,3.2338],[-77.4171,3.3418],[-77.3565,3.3486],[-77.3244,3.4748],[-77.2428,3.5854],[-77.0768,3.9133],[-77.1269,3.9061],[-77.1666,3.8623],[-77.212,3.8674],[-77.2635,3.8932],[-77.2484,4.041],[-77.278,4.0585],[-77.3582,3.9447],[-77.4273,4.0604],[-77.4335,4.131],[-77.4045,4.2008],[-77.4087,4.2478],[-77.5207,4.2128],[-77.5155,4.2563],[-77.4458,4.301],[-77.4143,4.3476],[-77.3535,4.3983],[-77.3283,4.475],[-77.3137,4.5938],[-77.2863,4.7217],[-77.3065,4.7847],[-77.3395,4.8385],[-77.3667,5.0766],[-77.3592,5.2152],[-77.3733,5.324],[-77.4018,5.4162],[-77.5344,5.5371],[-77.3246,5.6756],[-77.2493,5.7802],[-77.3447,5.9954],[-77.4694,6.1768],[-77.473,6.2856],[-77.4401,6.2717],[-77.3982,6.275],[-77.3599,6.5045],[-77.3688,6.5756],[-77.4389,6.6903],[-77.526,6.6931],[-77.6021,6.8373],[-77.6458,6.8696],[-77.681,6.9604],[-77.8037,7.1373],[-77.9012,7.2293],[-77.8283,7.4428],[-77.7647,7.4837],[-77.7439,7.537],[-77.7687,7.6681],[-77.7619,7.6988],[-77.7469,7.7119],[-77.732,7.7109],[-77.7063,7.6912],[-77.6586,7.6346],[-77.6186,7.5646],[-77.5866,7.5431],[-77.5383,7.5663],[-77.3508,7.7059],[-77.3627,7.7491],[-77.3456,7.8365],[-77.283,7.9082],[-77.216,7.9325],[-77.196,7.9725],[-77.2123,8.0339],[-77.2826,8.1871],[-77.3455,8.2695],[-77.3859,8.3517],[-77.4073,8.4272],[-77.4785,8.4984],[-77.4483,8.5659],[-77.3931,8.6447],[-77.3742,8.6583],[-77.3441,8.6367],[-77.2616,8.4937],[-77.1301,8.4006],[-76.9923,8.2503],[-76.9358,8.1468],[-76.891,8.128],[-76.8519,8.0905],[-76.8691,8.0627],[-76.9122,8.0334],[-76.9247,7.9732],[-76.8966,7.9395],[-76.8669,7.918],[-76.7866,7.9316],[-76.7423,8.0021],[-76.7721,8.3105],[-76.8186,8.4647],[-76.8722,8.5127],[-76.9205,8.5737],[-76.888,8.6199],[-76.8022,8.6407],[-76.6894,8.6947],[-76.2769,8.9891],[-76.1355,9.2656],[-76.0272,9.3658],[-75.905,9.4309],[-75.7556,9.4156],[-75.6394,9.4504],[-75.6036,9.5385],[-75.6354,9.6578],[-75.68,9.7298],[-75.6371,9.8343],[-75.5927,9.9927],[-75.5959,10.1258],[-75.5386,10.2052],[-75.5584,10.2364],[-75.6422,10.1722],[-75.7083,10.1434],[-75.6709,10.1963],[-75.5537,10.3277],[-75.4928,10.5276],[-75.446,10.6109],[-75.2806,10.7272],[-75.2479,10.7833],[-75.123,10.8704],[-74.9216,11.0576],[-74.8446,11.1097],[-74.4542,10.9891],[-74.3302,10.9967],[-74.3524,10.9747],[-74.4096,10.9672],[-74.4923,10.9345],[-74.5163,10.8625],[-74.4603,10.7871],[-74.4009,10.7652],[-74.3502,10.8137],[-74.3,10.9522],[-74.2191,11.1053],[-74.2002,11.2657],[-74.1429,11.3208],[-74.0591,11.3406],[-73.9096,11.3089],[-73.7957,11.2757],[-73.6769,11.2715],[-73.3134,11.2958],[-72.7218,11.7122],[-72.4471,11.8017],[-72.275,11.8893],[-72.1652,12.0602],[-72.1357,12.1886],[-72.0551,12.2384],[-71.9701,12.2383],[-71.9313,12.2695],[-71.9191,12.3091],[-71.7146,12.42],[-71.5975,12.4344],[-71.494,12.4323],[-71.2621,12.3353],[-71.155,12.1642],[-71.1373,12.0463],[-71.2842,11.9183],[-71.3197,11.8619],[-71.3556,11.8498],[-71.4002,11.8235],[-71.5361,11.7741],[-71.9581,11.6664],[-72.0123,11.602],[-72.2485,11.1964],[-72.4461,11.1143],[-72.518,11.0539],[-72.5723,10.9771],[-72.6901,10.8358],[-72.7392,10.7272],[-72.8693,10.4913],[-72.9404,10.1958],[-73.0065,9.7892],[-73.0641,9.6682],[-73.2243,9.4436],[-73.3563,9.2269],[-73.3662,9.1941],[-73.3367,9.1679],[-73.1932,9.1941],[-73.0584,9.2596],[-73.0093,9.2399],[-72.9602,9.1352],[-72.9044,9.1221],[-72.8521,9.1352],[-72.7964,9.109],[-72.6654,8.6276],[-72.4166,8.382],[-72.3903,8.2871],[-72.3576,8.0873],[-72.446,7.9661],[-72.479,7.6132],[-72.472,7.5243],[-72.443,7.4549],[-72.3946,7.4151],[-72.2077,7.3703],[-72.0843,7.0969],[-72.0066,7.0326],[-71.8927,6.9903],[-71.6209,7.0329],[-71.4571,7.0264],[-71.2178,6.9852],[-71.1286,6.9867],[-71.0133,6.9944],[-70.8107,7.0776],[-70.7372,7.09],[-70.6551,7.0828],[-70.5355,7.0405],[-70.3875,6.9726],[-70.2661,6.9479],[-70.1292,6.9536],[-70.095,6.9379],[-69.739,6.4944],[-69.4271,6.124],[-69.3571,6.148],[-69.3108,6.1376],[-69.2682,6.0997],[-69.1945,6.1153],[-69.0899,6.1844],[-68.9372,6.1982],[-68.7365,6.1568],[-68.4718,6.1565],[-68.1431,6.1975],[-67.9389,6.2419],[-67.8592,6.2899],[-67.7271,6.285],[-67.5681,6.2418],[-67.482,6.1803],[-67.4716,6.1198],[-67.4394,6.0255],[-67.4739,5.93],[-67.5752,5.8331],[-67.6313,5.7094],[-67.6423,5.5588],[-67.6946,5.4475],[-67.7884,5.3755],[-67.8249,5.2705],[-67.8042,5.1325],[-67.8143,4.9308],[-67.8553,4.6655],[-67.8553,4.5069],[-67.8143,4.4551],[-67.7954,4.3807],[-67.7986,4.2839],[-67.7832,4.1982],[-67.7323,4.0865],[-67.6616,3.8643],[-67.6025,3.7688],[-67.4987,3.6911],[-67.3111,3.4159],[-67.3363,3.3426],[-67.3536,3.3227],[-67.5148,3.1873],[-67.8348,2.8928],[-67.8612,2.8553],[-67.8591,2.7936],[-67.7665,2.8333],[-67.6672,2.8002],[-67.6187,2.7936],[-67.5967,2.7693],[-67.568,2.6899],[-67.535,2.6768],[-67.4864,2.6437],[-67.3916,2.5599],[-67.3123,2.4717],[-67.2108,2.3901],[-67.1976,2.3328],[-67.2152,2.2755],[-67.1655,2.1426],[-67.1314,2.1013],[-67.1138,2.0506],[-67.1314,1.9999],[-67.0896,1.9403],[-66.9881,1.6802],[-66.9815,1.6008],[-66.9583,1.5642],[-66.9311,1.458],[-66.8845,1.3583],[-66.8955,1.2899],[-66.876,1.223]]],[[[-78.1137,2.5417],[-78.1408,2.5197],[-78.1925,2.5593],[-78.2101,2.6092],[-78.1784,2.6463],[-78.1376,2.6342],[-78.1191,2.6036],[-78.1137,2.5417]]]]}},{"type":"Feature","properties":{"SOVEREIGNT":"Costa Rica","ADMIN":"Costa Rica","NAME":"Costa Rica","NAME_LONG":"Costa Rica","ISO_A2":"CR","WB_A2":"CR","CONTINENT":"North America","SUBREGION":"Central America"},"geometry":{"type":"Polygon","coordinates":[[[-83.642,10.9172],[-83.5882,10.815],[-83.5753,10.7347],[-83.4482,10.4659],[-83.3468,10.3154],[-83.1246,10.0416],[-83.0285,9.9913],[-82.8663,9.7709],[-82.8103,9.7346],[-82.7784,9.6695],[-82.6102,9.616],[-82.5636,9.5767],[-82.5692,9.5582],[-82.5865,9.5388],[-82.6113,9.5192],[-82.6441,9.5059],[-82.801,9.5918],[-82.844,9.5708],[-82.8602,9.5115],[-82.889,9.481],[-82.925,9.469],[-82.9398,9.4492],[-82.9403,9.0601],[-82.8813,9.0559],[-82.7831,8.9903],[-82.7412,8.9517],[-82.7278,8.9161],[-82.74,8.8986],[-82.8119,8.8574],[-82.882,8.8053],[-82.917,8.7403],[-82.8557,8.6353],[-82.8426,8.564],[-82.8448,8.4894],[-82.8616,8.4535],[-82.9976,8.3678],[-83.0273,8.3377],[-83.0234,8.316],[-82.9484,8.2568],[-82.9129,8.1996],[-82.8833,8.1306],[-82.8793,8.0707],[-82.9473,8.1817],[-83.0415,8.2877],[-83.1233,8.3531],[-83.1296,8.5055],[-83.1624,8.5882],[-83.2858,8.6644],[-83.3914,8.7177],[-83.4697,8.7068],[-83.4218,8.6192],[-83.2978,8.5069],[-83.2896,8.4638],[-83.2915,8.406],[-83.3768,8.4149],[-83.4521,8.4385],[-83.5438,8.4458],[-83.6047,8.4803],[-83.7341,8.6145],[-83.6422,8.7289],[-83.6137,8.8041],[-83.6162,8.9598],[-83.6373,9.0354],[-83.7369,9.1503],[-83.8956,9.2764],[-84.1179,9.3794],[-84.2224,9.4625],[-84.4827,9.5262],[-84.5816,9.5684],[-84.6589,9.6467],[-84.6705,9.7029],[-84.6431,9.7894],[-84.7149,9.8994],[-85.025,10.1157],[-85.1984,10.1953],[-85.2356,10.2421],[-85.2632,10.2566],[-85.2365,10.1074],[-85.1607,10.0174],[-84.9628,9.9334],[-84.9083,9.8846],[-84.8864,9.8209],[-85.0013,9.6993],[-85.0597,9.6683],[-85.0771,9.602],[-85.1145,9.5818],[-85.154,9.6201],[-85.3146,9.8109],[-85.6249,9.9024],[-85.681,9.9586],[-85.7965,10.1329],[-85.8497,10.292],[-85.8306,10.3981],[-85.7031,10.5635],[-85.6633,10.6354],[-85.6714,10.6798],[-85.6672,10.745],[-85.7148,10.7906],[-85.8329,10.85],[-85.908,10.8976],[-85.8874,10.9213],[-85.7522,10.9853],[-85.7443,11.0621],[-85.7223,11.0663],[-85.7026,11.0815],[-85.6537,11.1531],[-85.6214,11.1845],[-85.5842,11.1895],[-85.5387,11.1663],[-84.9092,10.9453],[-84.7012,11.0522],[-84.6342,11.0456],[-84.4892,10.9917],[-84.4019,10.9745],[-84.3483,10.9799],[-84.2556,10.9007],[-84.205,10.8413],[-84.1966,10.8017],[-84.1684,10.7804],[-84.0962,10.7757],[-83.9193,10.7354],[-83.8112,10.7433],[-83.7129,10.7859],[-83.6589,10.8369],[-83.642,10.9172]]]}},{"type":"Feature","properties":{"SOVEREIGNT":"Cuba","ADMIN":"Cuba","NAME":"Cuba","NAME_LONG":"Cuba","ISO_A2":"CU","WB_A2":"CU","CONTINENT":"North America","SUBREGION":"Caribbean"},"geometry":{"type":"MultiPolygon","coordinates":[[[[-82.5618,21.5717],[-82.6548,21.5187],[-82.8532,21.4439],[-82.9596,21.4413],[-83.0673,21.4694],[-83.1415,21.5319],[-83.1838,21.5935],[-83.1802,21.623],[-83.1129,21.5737],[-83.0549,21.5494],[-83.0072,21.5656],[-82.9736,21.5923],[-83.0825,21.7914],[-83.0777,21.8335],[-82.9912,21.9427],[-82.7558,21.9095],[-82.7146,21.8903],[-82.6818,21.8211],[-82.6294,21.7669],[-82.5678,21.6218],[-82.5618,21.5717]]],[[[-77.669,21.952],[-77.7101,21.9213],[-77.755,21.9656],[-77.7836,21.9704],[-77.8232,21.9879],[-77.9,22.0372],[-77.9186,22.0881],[-77.8547,22.0919],[-77.7744,22.083],[-77.6337,22.054],[-77.646,21.9965],[-77.669,21.952]]],[[[-77.8794,22.1275],[-77.9124,22.1247],[-78.0119,22.1664],[-78.0417,22.2013],[-78.0067,22.248],[-77.9992,22.2987],[-77.9856,22.3021],[-77.9696,22.2407],[-77.8937,22.2146],[-77.8891,22.2011],[-77.8425,22.149],[-77.8794,22.1275]]],[[[-78.0271,22.2852],[-78.0475,22.2685],[-78.1017,22.3058],[-78.18,22.322],[-78.2261,22.38],[-78.27,22.4022],[-78.2735,22.4236],[-78.201,22.4376],[-78.1506,22.4315],[-78.0941,22.3872],[-78.0617,22.3059],[-78.0271,22.2852]]],[[[-78.6301,22.5522],[-78.4929,22.5311],[-78.4453,22.5437],[-78.3996,22.5475],[-78.3512,22.5386],[-78.2839,22.4555],[-78.343,22.4451],[-78.3899,22.4451],[-78.4246,22.4601],[-78.5477,22.464],[-78.629,22.4882],[-78.6736,22.5088],[-78.6955,22.534],[-78.6301,22.5522]]],[[[-79.3496,22.6639],[-79.3479,22.6377],[-79.5228,22.7111],[-79.5979,22.7876],[-79.6282,22.8052],[-79.5792,22.8067],[-79.3496,22.6639]]],[[[-81.8375,23.163],[-81.5754,23.1165],[-81.3636,23.1297],[-81.2624,23.1568],[-81.2716,23.1286],[-81.1786,23.0597],[-81.1446,23.0549],[-81.0077,23.0898],[-80.6501,23.1031],[-80.6134,23.0837],[-80.5505,23.0166],[-80.4592,22.975],[-80.3649,22.9434],[-80.2662,22.935],[-80.1676,22.9494],[-80.0752,22.9423],[-79.9599,22.8769],[-79.9235,22.8691],[-79.8203,22.887],[-79.8507,22.8272],[-79.6767,22.7431],[-79.5492,22.5778],[-79.4565,22.5099],[-79.3583,22.4489],[-79.2757,22.4076],[-79.183,22.3879],[-78.9019,22.396],[-78.8354,22.3909],[-78.776,22.3673],[-78.7192,22.3581],[-78.6865,22.3668],[-78.1431,22.1094],[-77.9705,21.972],[-77.865,21.9006],[-77.6368,21.7974],[-77.5451,21.7746],[-77.4971,21.7883],[-77.5065,21.811],[-77.5733,21.8683],[-77.5832,21.8893],[-77.4973,21.8716],[-77.3421,21.7553],[-77.2995,21.7123],[-77.2221,21.6724],[-77.1441,21.6436],[-77.1813,21.5977],[-77.2445,21.5938],[-77.3662,21.6126],[-77.2696,21.5379],[-77.2529,21.4835],[-77.2079,21.4789],[-77.141,21.5386],[-77.0986,21.589],[-76.9281,21.459],[-76.8363,21.3995],[-76.8598,21.3648],[-76.8674,21.3304],[-76.765,21.3624],[-76.7261,21.3589],[-76.6885,21.3404],[-76.6474,21.2845],[-76.5517,21.2721],[-76.4552,21.2736],[-76.2592,21.2274],[-76.0736,21.1334],[-75.899,21.1143],[-75.7229,21.111],[-75.6337,21.0613],[-75.5958,20.9947],[-75.6385,20.9475],[-75.6629,20.8981],[-75.5973,20.8376],[-75.7402,20.812],[-75.7604,20.7755],[-75.753,20.7362],[-75.7246,20.7146],[-75.6428,20.7335],[-75.5246,20.7167],[-75.3381,20.7016],[-75.2133,20.7139],[-74.9597,20.6727],[-74.8826,20.6506],[-74.7321,20.5732],[-74.6625,20.5221],[-74.5131,20.3846],[-74.3844,20.3305],[-74.2728,20.3174],[-74.2339,20.3264],[-74.1675,20.2922],[-74.1368,20.2319],[-74.1537,20.1686],[-74.2528,20.0797],[-74.4122,20.0753],[-74.6348,20.0582],[-74.85,20.0023],[-74.9551,19.9579],[-75.0032,19.9286],[-75.1164,19.9014],[-75.1241,19.9247],[-75.122,19.9539],[-75.1516,20.0083],[-75.1773,19.9594],[-75.2194,19.9236],[-75.2905,19.8931],[-75.552,19.8911],[-75.6572,19.9322],[-75.7651,19.9604],[-76.1584,19.9897],[-76.2528,19.9872],[-76.5156,19.9567],[-76.7797,19.9402],[-76.8902,19.9213],[-76.9995,19.8928],[-77.212,19.8938],[-77.4632,19.8614],[-77.7151,19.8555],[-77.5538,20.0821],[-77.2134,20.3004],[-77.1494,20.3473],[-77.1038,20.4075],[-77.093,20.4529],[-77.1079,20.4917],[-77.189,20.56],[-77.2055,20.6108],[-77.2296,20.6438],[-77.3476,20.6724],[-77.467,20.6895],[-77.5927,20.6901],[-77.8569,20.7136],[-77.9973,20.7154],[-78.1164,20.7619],[-78.3139,20.9275],[-78.4063,20.9739],[-78.4539,21.011],[-78.4908,21.0537],[-78.5373,21.2968],[-78.5766,21.4138],[-78.6365,21.5155],[-78.7277,21.5927],[-78.8229,21.6189],[-79.1892,21.5528],[-79.2744,21.5626],[-79.3574,21.5852],[-79.9103,21.7426],[-80.1383,21.8292],[-80.2313,21.8722],[-80.3107,21.9334],[-80.3929,22.0337],[-80.4854,22.1234],[-80.4848,22.0872],[-80.4991,22.0635],[-80.9619,22.0529],[-81.0356,22.0736],[-81.0831,22.0979],[-81.1167,22.1342],[-81.1414,22.2069],[-81.1855,22.268],[-81.1996,22.2029],[-81.2224,22.1429],[-81.2844,22.1094],[-81.3553,22.1041],[-81.4411,22.1838],[-81.8162,22.2002],[-81.8494,22.2137],[-81.9726,22.2909],[-82.0777,22.3877],[-81.973,22.4218],[-81.7571,22.4667],[-81.7104,22.4967],[-81.6833,22.5348],[-81.7027,22.5919],[-81.7457,22.6329],[-81.7899,22.657],[-81.8388,22.6725],[-81.9034,22.679],[-82.738,22.6893],[-82.7864,22.6583],[-82.8612,22.5951],[-83.0094,22.514],[-83.1071,22.4299],[-83.1437,22.3865],[-83.1894,22.3554],[-83.2921,22.3032],[-83.3796,22.223],[-83.4859,22.1871],[-83.544,22.2089],[-83.6015,22.2087],[-83.6431,22.189],[-83.6866,22.1799],[-83.9007,22.1701],[-83.9327,22.1497],[-83.9633,22.0921],[-83.998,21.9801],[-84.031,21.9431],[-84.1383,21.929],[-84.2407,21.8983],[-84.4488,21.7917],[-84.5026,21.7762],[-84.4909,21.8543],[-84.5014,21.9303],[-84.56,21.933],[-84.6269,21.9204],[-84.6827,21.8991],[-84.7858,21.8423],[-84.8382,21.8279],[-84.8872,21.857],[-84.8772,21.8941],[-84.5328,22.0312],[-84.4942,22.0416],[-84.4331,22.0313],[-84.3731,22.0359],[-84.3264,22.0743],[-84.383,22.2556],[-84.3613,22.3789],[-84.2813,22.4742],[-84.1218,22.6186],[-84.0449,22.666],[-83.2578,22.9676],[-83.1772,22.983],[-82.6658,23.0436],[-82.5878,23.0646],[-82.3505,23.154],[-82.1014,23.1904],[-81.8375,23.163]]]]}},{"type":"Feature","properties":{"SOVEREIGNT":"Dominica","ADMIN":"Dominica","NAME":"Dominica","NAME_LONG":"Dominica","ISO_A2":"DM","WB_A2":"DM","CONTINENT":"North America","SUBREGION":"Caribbean"},"geometry":{"type":"Polygon","coordinates":[[[-61.2817,15.249],[-61.3754,15.2273],[-61.4157,15.3999],[-61.4812,15.5251],[-61.4699,15.6035],[-61.4581,15.6331],[-61.32,15.5851],[-61.2772,15.5267],[-61.2511,15.3731],[-61.2817,15.249]]]}},{"type":"Feature","properties":{"SOVEREIGNT":"Dominican Republic","ADMIN":"Dominican Republic","NAME":"Dominican Rep.","NAME_LONG":"Dominican Republic","ISO_A2":"DO","WB_A2":"DO","CONTINENT":"North America","SUBREGION":"Caribbean"},"geometry":{"type":"Polygon","coordinates":[[[-71.7792,19.7182],[-71.7351,19.7351],[-71.7061,19.7952],[-71.6674,19.8486],[-71.616,19.8774],[-71.5578,19.8954],[-71.4417,19.894],[-71.2813,19.8474],[-71.2359,19.8481],[-71.0819,19.8905],[-70.9542,19.914],[-70.8339,19.8873],[-70.7853,19.8509],[-70.6859,19.7933],[-70.6362,19.7756],[-70.4793,19.777],[-70.4364,19.7712],[-70.3047,19.6761],[-70.1938,19.638],[-70.1294,19.6361],[-70.0141,19.6729],[-69.9568,19.6719],[-69.8912,19.5897],[-69.8783,19.4733],[-69.8234,19.3671],[-69.7394,19.2992],[-69.325,19.3277],[-69.2325,19.2718],[-69.2643,19.2257],[-69.3228,19.2011],[-69.5197,19.212],[-69.606,19.2065],[-69.6232,19.1605],[-69.6236,19.1178],[-69.5083,19.1076],[-69.3953,19.0861],[-69.2802,19.0519],[-69.163,19.0285],[-69.0313,19.0132],[-68.9014,18.9885],[-68.6848,18.9048],[-68.4454,18.7145],[-68.3814,18.6711],[-68.3392,18.6115],[-68.3593,18.5381],[-68.4448,18.4177],[-68.4932,18.379],[-68.5638,18.3555],[-68.6122,18.3062],[-68.6588,18.222],[-68.6874,18.2149],[-68.721,18.2184],[-68.7785,18.2661],[-68.8195,18.3393],[-68.935,18.408],[-69.0723,18.3992],[-69.2745,18.4398],[-69.397,18.4201],[-69.5194,18.4157],[-69.6447,18.4364],[-69.7707,18.4436],[-69.8964,18.4177],[-70.0183,18.3736],[-70.1831,18.2518],[-70.4799,18.2173],[-70.5654,18.2676],[-70.6447,18.3362],[-70.7588,18.3456],[-70.9243,18.2925],[-71.0278,18.2732],[-71.07,18.2503],[-71.0822,18.2244],[-71.0826,18.1284],[-71.106,18.07],[-71.2673,17.8496],[-71.3583,17.6941],[-71.3957,17.6461],[-71.439,17.6356],[-71.5184,17.725],[-71.569,17.7574],[-71.6317,17.7736],[-71.6583,17.8211],[-71.6572,17.8887],[-71.6737,17.9541],[-71.7125,18.0055],[-71.7683,18.0392],[-71.7638,18.204],[-71.7373,18.2708],[-71.7619,18.3413],[-71.8726,18.4162],[-72.0004,18.5979],[-71.9869,18.6104],[-71.8665,18.6142],[-71.8242,18.6455],[-71.7432,18.7329],[-71.7271,18.8032],[-71.7336,18.8564],[-71.7864,18.92],[-71.8071,18.987],[-71.657,19.1308],[-71.6453,19.1635],[-71.6472,19.1959],[-71.7465,19.2858],[-71.7532,19.3245],[-71.7069,19.422],[-71.7115,19.4866],[-71.7574,19.6882],[-71.7792,19.7182]]]}},{"type":"Feature","properties":{"SOVEREIGNT":"Ecuador","ADMIN":"Ecuador","NAME":"Ecuador","NAME_LONG":"Ecuador","ISO_A2":"EC","WB_A2":"EC","CONTINENT":"South America","SUBREGION":"South America"},"geometry":{"type":"MultiPolygon","coordinates":[[[[-78.8597,1.4554],[-78.7371,1.3587],[-78.6816,1.2834],[-78.5115,1.1988],[-78.3121,1.0461],[-78.1807,0.9686],[-78.037,0.8987],[-77.8295,0.8254],[-77.7029,0.8378],[-77.6486,0.7236],[-77.6013,0.6895],[-77.5261,0.6604],[-77.4814,0.6512],[-77.4677,0.6365],[-77.4228,0.4249],[-77.3963,0.3939],[-77.2927,0.3604],[-77.1657,0.3478],[-77.1141,0.3551],[-77.0024,0.2962],[-76.9201,0.2685],[-76.8293,0.2478],[-76.7677,0.2417],[-76.7393,0.2508],[-76.729,0.2721],[-76.6785,0.2682],[-76.603,0.241],[-76.4946,0.2354],[-76.4273,0.2612],[-76.4134,0.3789],[-76.3882,0.405],[-76.311,0.4485],[-76.2706,0.4394],[-76.0679,0.3456],[-76.0262,0.3131],[-75.9749,0.2478],[-75.8798,0.151],[-75.7767,0.0893],[-75.6173,0.0629],[-75.464,-0.0384],[-75.2845,-0.1065],[-75.3405,-0.1422],[-75.476,-0.1571],[-75.5837,-0.1229],[-75.6263,-0.1229],[-75.632,-0.1576],[-75.4911,-0.2483],[-75.466,-0.3218],[-75.4247,-0.4089],[-75.3252,-0.5065],[-75.2632,-0.5554],[-75.2594,-0.5901],[-75.2787,-0.6539],[-75.2836,-0.7071],[-75.2496,-0.9519],[-75.2724,-0.9668],[-75.3482,-0.9668],[-75.4081,-0.9243],[-75.5706,-1.5312],[-76.0898,-2.1331],[-76.6791,-2.5626],[-77.3601,-2.8097],[-77.8606,-2.9816],[-77.9385,-3.047],[-78.1833,-3.3502],[-78.1946,-3.3805],[-78.1875,-3.3998],[-78.161,-3.4321],[-78.1585,-3.4651],[-78.1949,-3.4858],[-78.2263,-3.4892],[-78.2404,-3.4726],[-78.2507,-3.4361],[-78.2842,-3.399],[-78.323,-3.3883],[-78.3454,-3.3974],[-78.3473,-3.4312],[-78.398,-3.5948],[-78.4,-3.6743],[-78.4214,-3.7058],[-78.4198,-3.7769],[-78.471,-3.8431],[-78.5091,-3.9521],[-78.5504,-3.9869],[-78.6034,-4.1573],[-78.6794,-4.3259],[-78.6852,-4.384],[-78.6612,-4.4251],[-78.6529,-4.4582],[-78.686,-4.5624],[-78.8615,-4.665],[-78.9076,-4.7145],[-78.9258,-4.7707],[-78.9142,-4.8187],[-78.9192,-4.8584],[-78.9754,-4.8732],[-79.0333,-4.9691],[-79.0763,-4.9906],[-79.1867,-4.9582],[-79.2681,-4.9576],[-79.331,-4.9278],[-79.4558,-4.7662],[-79.5019,-4.6706],[-79.5162,-4.5392],[-79.6385,-4.4549],[-79.7973,-4.4764],[-79.8451,-4.4459],[-79.9629,-4.3903],[-80.0635,-4.3275],[-80.1396,-4.2961],[-80.1975,-4.311],[-80.2934,-4.4168],[-80.3835,-4.4637],[-80.4242,-4.4614],[-80.4786,-4.4301],[-80.4885,-4.3937],[-80.3529,-4.2085],[-80.4538,-4.2052],[-80.4885,-4.1655],[-80.4935,-4.1191],[-80.51,-4.0695],[-80.4901,-4.0101],[-80.4372,-3.9786],[-80.3579,-4.0034],[-80.3033,-4.0051],[-80.2669,-3.9488],[-80.1941,-3.9059],[-80.1792,-3.8777],[-80.2176,-3.7877],[-80.2289,-3.7389],[-80.2173,-3.7107],[-80.2206,-3.6132],[-80.2438,-3.5768],[-80.2454,-3.5222],[-80.2652,-3.4925],[-80.2735,-3.4246],[-80.3247,-3.3879],[-80.1599,-3.3243],[-80.1003,-3.274],[-80.0267,-3.2281],[-79.9633,-3.1577],[-79.9216,-3.0901],[-79.8227,-2.777],[-79.7299,-2.5791],[-79.7455,-2.4847],[-79.8224,-2.3565],[-79.8397,-2.1679],[-79.8326,-2.1105],[-79.8421,-2.0674],[-79.8934,-2.1457],[-79.8803,-2.4236],[-79.9256,-2.5485],[-79.989,-2.5787],[-80.0302,-2.5567],[-80.0066,-2.3538],[-80.0531,-2.3907],[-80.1271,-2.5284],[-80.2486,-2.6306],[-80.2553,-2.6646],[-80.2847,-2.7067],[-80.3786,-2.668],[-80.4501,-2.626],[-80.6849,-2.3969],[-80.8391,-2.349],[-80.9322,-2.2691],[-80.9516,-2.2354],[-80.9628,-2.1893],[-80.8676,-2.1412],[-80.7704,-2.0767],[-80.7606,-1.9346],[-80.7631,-1.8229],[-80.835,-1.6324],[-80.8014,-1.3834],[-80.82,-1.2858],[-80.9024,-1.0789],[-80.8414,-0.9747],[-80.6237,-0.8987],[-80.5539,-0.8479],[-80.5051,-0.6838],[-80.4555,-0.5854],[-80.3584,-0.6251],[-80.2824,-0.6205],[-80.3848,-0.584],[-80.4683,-0.436],[-80.4823,-0.3683],[-80.3213,-0.1658],[-80.237,-0.1131],[-80.1334,-0.0061],[-80.0461,0.1554],[-80.025,0.4102],[-80.061,0.5923],[-80.0883,0.7848],[-80.0359,0.8346],[-79.9035,0.8602],[-79.7958,0.9223],[-79.7412,0.9798],[-79.6132,0.9711],[-79.4654,1.0601],[-79.2291,1.1046],[-78.8997,1.2063],[-78.8271,1.2959],[-78.8597,1.4554]]],[[[-80.1316,-2.9731],[-80.1507,-3.0117],[-80.2457,-3.0083],[-80.2729,-2.9959],[-80.2722,-2.9518],[-80.2498,-2.8119],[-80.2237,-2.7531],[-80.1457,-2.6963],[-80.0808,-2.6688],[-79.9973,-2.6738],[-79.909,-2.7256],[-80.0132,-2.8195],[-80.0712,-2.8338],[-80.0934,-2.8459],[-80.1316,-2.9731]]],[[[-90.4239,-1.3399],[-90.4644,-1.342],[-90.5195,-1.2991],[-90.4772,-1.221],[-90.3987,-1.2623],[-90.3792,-1.2923],[-90.4239,-1.3399]]],[[[-89.4189,-0.911],[-89.5366,-0.9523],[-89.5773,-0.9338],[-89.6026,-0.9135],[-89.6086,-0.8886],[-89.5435,-0.8269],[-89.4799,-0.7934],[-89.4231,-0.7223],[-89.3184,-0.6801],[-89.2878,-0.6898],[-89.2674,-0.7046],[-89.2594,-0.7284],[-89.2949,-0.7859],[-89.3583,-0.8261],[-89.4189,-0.911]]],[[[-90.3349,-0.7716],[-90.3871,-0.7733],[-90.5421,-0.6765],[-90.5317,-0.5814],[-90.4697,-0.5174],[-90.2694,-0.4847],[-90.1853,-0.5448],[-90.1927,-0.6588],[-90.2611,-0.742],[-90.3154,-0.7572],[-90.3349,-0.7716]]],[[[-91.426,-0.4608],[-91.5264,-0.4782],[-91.6107,-0.4439],[-91.6466,-0.3908],[-91.6542,-0.3109],[-91.6467,-0.2845],[-91.4602,-0.2557],[-91.3994,-0.3225],[-91.4,-0.4209],[-91.426,-0.4608]]],[[[-90.5739,-0.334],[-90.6205,-0.3643],[-90.809,-0.3294],[-90.8678,-0.2714],[-90.8204,-0.1922],[-90.7804,-0.1604],[-90.6675,-0.1898],[-90.5533,-0.2784],[-90.5739,-0.334]]],[[[-91.2722,0.0251],[-91.2101,-0.0393],[-91.1762,-0.223],[-90.9755,-0.4169],[-90.9506,-0.5252],[-90.9685,-0.5756],[-90.9589,-0.5953],[-90.8625,-0.6718],[-90.7997,-0.7521],[-90.9055,-0.9405],[-91.1311,-1.0196],[-91.3715,-1.017],[-91.419,-0.9967],[-91.4835,-0.9246],[-91.4954,-0.8609],[-91.4583,-0.7995],[-91.3341,-0.7063],[-91.1447,-0.6229],[-91.1209,-0.5591],[-91.197,-0.497],[-91.2495,-0.3736],[-91.3692,-0.2872],[-91.4289,-0.0234],[-91.4687,-0.0103],[-91.55,-0.0467],[-91.5901,-0.0148],[-91.5968,0.0021],[-91.5092,0.0623],[-91.491,0.1052],[-91.3614,0.1258],[-91.3058,0.0914],[-91.2722,0.0251]]],[[[-78.9092,1.2528],[-78.9656,1.2454],[-78.9917,1.2932],[-78.9232,1.3489],[-78.8998,1.3598],[-78.9092,1.2528]]]]}},{"type":"Feature","properties":{"SOVEREIGNT":"Grenada","ADMIN":"Grenada","NAME":"Grenada","NAME_LONG":"Grenada","ISO_A2":"GD","WB_A2":"GD","CONTINENT":"North America","SUBREGION":"Caribbean"},"geometry":{"type":"Polygon","coordinates":[[[-61.7155,12.0126],[-61.7822,12.0084],[-61.7558,12.0455],[-61.7499,12.1084],[-61.715,12.1852],[-61.6604,12.237],[-61.607,12.2233],[-61.6271,12.054],[-61.7155,12.0126]]]}},{"type":"Feature","properties":{"SOVEREIGNT":"Guatemala","ADMIN":"Guatemala","NAME":"Guatemala","NAME_LONG":"Guatemala","ISO_A2":"GT","WB_A2":"GT","CONTINENT":"North America","SUBREGION":"Central America"},"geometry":{"type":"Polygon","coordinates":[[[-89.1615,17.8148],[-89.2375,15.8944],[-89.2328,15.8887],[-89.1136,15.9007],[-88.894,15.8906],[-88.84,15.869],[-88.7983,15.8625],[-88.7086,15.8065],[-88.6034,15.7642],[-88.5362,15.8496],[-88.598,15.9273],[-88.5939,15.9503],[-88.2283,15.729],[-88.6845,15.3605],[-88.961,15.1524],[-89.1426,15.0723],[-89.1703,15.0399],[-89.2061,14.9006],[-89.2224,14.8661],[-89.1922,14.7887],[-89.1622,14.6692],[-89.1718,14.6069],[-89.2867,14.53],[-89.3394,14.4607],[-89.3626,14.416],[-89.3833,14.4276],[-89.4188,14.4311],[-89.5405,14.4099],[-89.5736,14.3901],[-89.577,14.3471],[-89.5472,14.2413],[-89.5703,14.2247],[-89.6713,14.1827],[-89.7111,14.1413],[-89.7494,14.077],[-89.7937,14.0501],[-89.8399,14.0551],[-89.8727,14.0456],[-89.9427,13.9974],[-90.0481,13.9041],[-90.1047,13.8348],[-90.1059,13.783],[-90.0952,13.7365],[-90.4791,13.9009],[-90.6069,13.929],[-91.146,13.9256],[-91.3773,13.9902],[-91.6409,14.1149],[-91.8191,14.2282],[-92.2352,14.5454],[-92.209,14.571],[-92.1599,14.691],[-92.1864,14.8184],[-92.1557,14.9013],[-92.1585,14.9636],[-92.1442,15.002],[-92.0987,15.0268],[-92.0748,15.0742],[-92.2043,15.2377],[-92.2042,15.275],[-92.1872,15.3209],[-91.7366,16.0702],[-90.4472,16.0727],[-90.4599,16.1624],[-90.4501,16.2614],[-90.417,16.3513],[-90.417,16.391],[-90.4711,16.4396],[-90.5758,16.4678],[-90.6341,16.5107],[-90.6344,16.5651],[-90.66,16.6309],[-90.7107,16.7081],[-90.816,16.7871],[-90.9758,16.8678],[-91.1119,16.9762],[-91.2242,17.1123],[-91.3192,17.1998],[-91.3923,17.2364],[-91.4096,17.2559],[-90.993,17.2524],[-90.9892,17.8164],[-89.1615,17.8148]]]}},{"type":"Feature","properties":{"SOVEREIGNT":"United States","ADMIN":"Guam","NAME":"Guam","NAME_LONG":"Guam","ISO_A2":"GU","WB_A2":"GU","CONTINENT":"Oceania","SUBREGION":"Micronesia"},"geometry":{"type":"Polygon","coordinates":[[[144.7418,13.2593],[144.6995,13.2575],[144.6628,13.2911],[144.65,13.3135],[144.6493,13.4287],[144.7903,13.5269],[144.8367,13.6224],[144.8754,13.6146],[144.9097,13.599],[144.9408,13.5703],[144.7799,13.4111],[144.7418,13.2593]]]}},{"type":"Feature","properties":{"SOVEREIGNT":"Guyana","ADMIN":"Guyana","NAME":"Guyana","NAME_LONG":"Guyana","ISO_A2":"GY","WB_A2":"GY","CONTINENT":"South America","SUBREGION":"South America"},"geometry":{"type":"Polygon","coordinates":[[[-56.4828,1.9421],[-56.5636,1.9072],[-56.6165,1.9227],[-56.6898,1.9143],[-56.7663,1.8922],[-56.8367,1.8813],[-57.0101,1.9212],[-57.0376,1.9365],[-57.0927,2.0058],[-57.1189,2.014],[-57.1896,1.9816],[-57.2756,1.9592],[-57.3175,1.9635],[-57.4127,1.9089],[-57.5004,1.7738],[-57.5458,1.7261],[-57.5944,1.7041],[-57.7957,1.7],[-57.8734,1.6673],[-57.9828,1.6484],[-57.9951,1.5743],[-58.0118,1.5399],[-58.0347,1.5203],[-58.1422,1.517],[-58.1731,1.5479],[-58.2812,1.5743],[-58.3142,1.5919],[-58.3407,1.5875],[-58.3804,1.5302],[-58.3958,1.4817],[-58.4729,1.4663],[-58.5061,1.4387],[-58.4869,1.3478],[-58.4957,1.3123],[-58.5119,1.2847],[-58.6846,1.2811],[-58.7872,1.2085],[-58.8218,1.2012],[-58.8625,1.2036],[-58.9166,1.2489],[-58.9685,1.3046],[-59.2312,1.376],[-59.317,1.4646],[-59.3373,1.5082],[-59.3777,1.5273],[-59.5357,1.7],[-59.6666,1.7463],[-59.6685,1.8423],[-59.6985,1.8615],[-59.7407,1.8742],[-59.7562,1.9006],[-59.7435,2.1216],[-59.7552,2.2741],[-59.8491,2.3271],[-59.8896,2.3629],[-59.9943,2.69],[-59.9959,2.7654],[-59.9723,2.9905],[-59.9457,3.0878],[-59.873,3.2831],[-59.8312,3.3492],[-59.8331,3.4622],[-59.8544,3.5875],[-59.679,3.6998],[-59.6702,3.7527],[-59.6044,3.8197],[-59.5511,3.9335],[-59.5578,3.96],[-59.5864,3.9754],[-59.6202,4.0231],[-59.6912,4.1604],[-59.7169,4.1882],[-59.7386,4.2268],[-59.7275,4.2876],[-59.6997,4.3535],[-59.7033,4.3811],[-59.8333,4.4759],[-59.9061,4.4803],[-59.9624,4.5017],[-60.1111,4.5112],[-60.1486,4.5333],[-60.1409,4.5696],[-60.0689,4.6667],[-60.0318,4.7405],[-59.9907,5.0829],[-60.0781,5.144],[-60.106,5.1942],[-60.142,5.2388],[-60.1817,5.2388],[-60.2417,5.258],[-60.3352,5.1993],[-60.4088,5.2102],[-60.4595,5.1881],[-60.5764,5.1925],[-60.6514,5.2211],[-60.7421,5.2021],[-61.3768,5.907],[-61.3908,5.9388],[-61.3031,6.0495],[-61.225,6.1292],[-61.1595,6.1744],[-61.1287,6.2143],[-61.1523,6.3851],[-61.151,6.4465],[-61.1816,6.5134],[-61.2036,6.5884],[-61.1772,6.6509],[-61.1456,6.6945],[-61.1048,6.7114],[-60.938,6.7328],[-60.8733,6.7869],[-60.8208,6.7885],[-60.7179,6.7683],[-60.671,6.806],[-60.5861,6.8571],[-60.395,6.9454],[-60.3521,7.0029],[-60.3221,7.092],[-60.3255,7.134],[-60.3451,7.15],[-60.3924,7.1646],[-60.4649,7.1666],[-60.5232,7.1437],[-60.5832,7.1562],[-60.6333,7.2111],[-60.6362,7.2566],[-60.6065,7.3208],[-60.6237,7.3633],[-60.7192,7.4987],[-60.7187,7.5359],[-60.6495,7.5966],[-60.6101,7.6483],[-60.5563,7.772],[-60.5136,7.8132],[-60.3806,7.8276],[-60.2789,7.9194],[-60.1782,7.994],[-60.0324,8.0536],[-59.9907,8.162],[-59.9648,8.1916],[-59.8491,8.2487],[-59.8289,8.2792],[-59.8316,8.306],[-60.0175,8.5493],[-59.9806,8.5326],[-59.8365,8.3738],[-59.7567,8.3395],[-59.7399,8.3387],[-59.7393,8.38],[-59.6661,8.3626],[-59.4769,8.254],[-59.2002,8.0746],[-58.8116,7.7356],[-58.7011,7.6066],[-58.6266,7.5459],[-58.5111,7.398],[-58.4773,7.3258],[-58.4806,7.0381],[-58.5829,6.8437],[-58.6079,6.6973],[-58.6135,6.5025],[-58.6729,6.3908],[-58.594,6.4515],[-58.5695,6.6272],[-58.5023,6.734],[-58.415,6.8512],[-58.2984,6.8793],[-58.1729,6.8294],[-58.0718,6.8206],[-57.9826,6.7859],[-57.7929,6.5985],[-57.6076,6.4504],[-57.5401,6.3315],[-57.3437,6.2721],[-57.2275,6.1784],[-57.1902,6.0973],[-57.1672,5.885],[-57.2053,5.5646],[-57.1948,5.5484],[-57.2479,5.4853],[-57.2575,5.4452],[-57.2919,5.374],[-57.3186,5.3354],[-57.2796,5.2468],[-57.2353,5.2429],[-57.2185,5.2315],[-57.2073,5.2142],[-57.2098,5.1954],[-57.2269,5.1785],[-57.2693,5.157],[-57.3096,5.1059],[-57.3058,5.0496],[-57.331,5.0202],[-57.4122,5.0046],[-57.5709,5.0045],[-57.7111,4.9911],[-57.752,4.9545],[-57.8041,4.9291],[-57.8449,4.923],[-57.8811,4.8806],[-57.917,4.8204],[-57.9049,4.7793],[-57.8679,4.7243],[-57.846,4.6682],[-57.9247,4.4531],[-57.9498,4.35],[-58.0107,4.2365],[-58.0545,4.1719],[-58.0543,4.1017],[-58.0322,4.002],[-57.9077,3.8567],[-57.8666,3.7873],[-57.8327,3.676],[-57.7204,3.5883],[-57.6495,3.5174],[-57.6561,3.4237],[-57.6467,3.3945],[-57.5496,3.3528],[-57.4379,3.3623],[-57.4256,3.3754],[-57.3037,3.3771],[-57.2899,3.3536],[-57.2779,3.1643],[-57.249,3.1423],[-57.2316,3.1089],[-57.225,3.0031],[-57.2069,2.9634],[-57.2098,2.8828],[-57.1974,2.8533],[-57.1636,2.8333],[-57.1211,2.7755],[-57.1051,2.7683],[-57.0604,2.6657],[-57.0419,2.6411],[-57.029,2.6375],[-56.9971,2.5322],[-56.9452,2.4568],[-56.9315,2.3954],[-56.8864,2.326],[-56.8405,2.2771],[-56.7611,2.1149],[-56.7043,2.0365],[-56.5627,2.0051],[-56.4828,1.9421]]]}},{"type":"Feature","properties":{"SOVEREIGNT":"Honduras","ADMIN":"Honduras","NAME":"Honduras","NAME_LONG":"Honduras","ISO_A2":"HN","WB_A2":"HN","CONTINENT":"North America","SUBREGION":"Central America"},"geometry":{"type":"MultiPolygon","coordinates":[[[[-89.3626,14.416],[-89.3394,14.4607],[-89.2867,14.53],[-89.1718,14.6069],[-89.1622,14.6692],[-89.1922,14.7887],[-89.2224,14.8661],[-89.2061,14.9006],[-89.1703,15.0399],[-89.1426,15.0723],[-88.961,15.1524],[-88.6845,15.3605],[-88.2283,15.729],[-88.1311,15.701],[-88.0546,15.7648],[-88.0104,15.7862],[-87.875,15.8793],[-87.7019,15.9106],[-87.6182,15.9099],[-87.545,15.8324],[-87.4869,15.7902],[-87.3775,15.8265],[-87.2859,15.8344],[-86.9072,15.7624],[-86.757,15.7942],[-86.4808,15.8011],[-86.3566,15.7832],[-86.1812,15.8852],[-86.0686,15.9057],[-85.9363,15.9534],[-85.9539,16.0022],[-85.9856,16.0242],[-85.784,16.0028],[-85.4837,15.8995],[-85.1637,15.9182],[-85.0482,15.974],[-84.9737,15.9899],[-84.6461,15.8836],[-84.5597,15.802],[-84.4923,15.7939],[-84.44,15.8126],[-84.426,15.8295],[-84.4904,15.8473],[-84.5196,15.8728],[-84.2614,15.8226],[-83.7755,15.4369],[-83.7653,15.4055],[-83.9728,15.5196],[-84.0828,15.5109],[-84.1113,15.4924],[-84.1052,15.4301],[-84.0951,15.4009],[-84.0479,15.3976],[-84.0132,15.4144],[-83.9274,15.394],[-83.8707,15.3527],[-83.8017,15.2893],[-83.7604,15.2204],[-83.7159,15.2192],[-83.6722,15.2607],[-83.5896,15.2658],[-83.5359,15.2194],[-83.4979,15.2221],[-83.5511,15.294],[-83.6761,15.3654],[-83.6464,15.3684],[-83.3692,15.24],[-83.2909,15.0789],[-83.2256,15.0423],[-83.1575,14.9931],[-83.415,15.0081],[-83.5365,14.977],[-83.5897,14.9076],[-83.6355,14.8764],[-83.6736,14.8835],[-83.7509,14.8562],[-83.8673,14.7945],[-83.9723,14.7711],[-84.0658,14.7861],[-84.093,14.7709],[-84.1144,14.731],[-84.1508,14.7204],[-84.1924,14.726],[-84.2392,14.7479],[-84.264,14.7385],[-84.2667,14.6981],[-84.2919,14.6874],[-84.3398,14.7063],[-84.3937,14.6917],[-84.4536,14.6437],[-84.5376,14.6334],[-84.6459,14.6611],[-84.7298,14.7134],[-84.7892,14.7904],[-84.8604,14.8098],[-84.9852,14.7524],[-85.0374,14.6855],[-85.0486,14.6447],[-85.0365,14.6077],[-85.0594,14.583],[-85.1173,14.5706],[-85.1613,14.5251],[-85.1915,14.4466],[-85.1976,14.386],[-85.1795,14.3433],[-85.2083,14.3118],[-85.2842,14.2917],[-85.3738,14.2239],[-85.4771,14.1087],[-85.5798,14.0282],[-85.6819,13.9826],[-85.7312,13.9318],[-85.7277,13.8761],[-85.7339,13.8587],[-85.7867,13.8444],[-85.9838,13.9657],[-86.0404,14.0501],[-86.0893,14.0372],[-86.1512,13.9946],[-86.2382,13.8995],[-86.3317,13.7701],[-86.377,13.7557],[-86.6103,13.7749],[-86.7336,13.7635],[-86.759,13.7461],[-86.7706,13.6987],[-86.7107,13.3134],[-86.7293,13.2844],[-86.8735,13.2665],[-86.9182,13.2236],[-86.9332,13.1175],[-86.9589,13.0537],[-87.0093,13.0078],[-87.0592,12.9915],[-87.3373,12.9792],[-87.3325,13.0847],[-87.4128,13.1274],[-87.4584,13.2154],[-87.4984,13.2749],[-87.4852,13.3106],[-87.4891,13.3529],[-87.6022,13.3856],[-87.7083,13.3601],[-87.7694,13.3767],[-87.8142,13.3992],[-87.737,13.4514],[-87.7316,13.4831],[-87.7819,13.5214],[-87.7585,13.65],[-87.7153,13.8127],[-87.7314,13.8411],[-87.8022,13.89],[-87.892,13.895],[-87.991,13.8796],[-88.0387,13.9046],[-88.0805,13.9606],[-88.151,13.9874],[-88.2762,13.9427],[-88.4491,13.851],[-88.4827,13.8542],[-88.4977,13.9045],[-88.5043,13.9642],[-88.5125,13.979],[-88.6656,14.0155],[-88.7076,14.0321],[-88.7474,14.0723],[-88.8459,14.1248],[-88.8683,14.1637],[-89.0002,14.2527],[-89.0269,14.297],[-89.0571,14.3292],[-89.1205,14.3702],[-89.1701,14.3603],[-89.3626,14.416]]],[[[-86.4199,16.3784],[-86.5803,16.3002],[-86.6304,16.3018],[-86.5569,16.3621],[-86.4383,16.4139],[-86.3378,16.4392],[-86.2555,16.4282],[-86.4199,16.3784]]],[[[-85.8709,16.4615],[-85.9472,16.4036],[-85.961,16.4297],[-85.9242,16.4833],[-85.8782,16.514],[-85.8338,16.5109],[-85.8444,16.4877],[-85.8709,16.4615]]]]}},{"type":"Feature","properties":{"SOVEREIGNT":"Haiti","ADMIN":"Haiti","NAME":"Haiti","NAME_LONG":"Haiti","ISO_A2":"HT","WB_A2":"HT","CONTINENT":"North America","SUBREGION":"Caribbean"},"geometry":{"type":"MultiPolygon","coordinates":[[[[-71.7792,19.7182],[-71.7574,19.6882],[-71.7115,19.4866],[-71.7069,19.422],[-71.7532,19.3245],[-71.7465,19.2858],[-71.6472,19.1959],[-71.6453,19.1635],[-71.657,19.1308],[-71.8071,18.987],[-71.7864,18.92],[-71.7336,18.8564],[-71.7271,18.8032],[-71.7432,18.7329],[-71.8242,18.6455],[-71.8665,18.6142],[-71.9869,18.6104],[-72.0004,18.5979],[-71.8726,18.4162],[-71.7619,18.3413],[-71.7373,18.2708],[-71.7638,18.204],[-71.7683,18.0392],[-71.8529,18.1191],[-71.9461,18.1861],[-72.0021,18.212],[-72.0599,18.2286],[-72.5036,18.2199],[-72.5532,18.2084],[-72.5919,18.1869],[-72.6333,18.1762],[-72.7553,18.1562],[-72.8767,18.1518],[-73.1601,18.2056],[-73.2723,18.2335],[-73.3852,18.2512],[-73.5148,18.2454],[-73.644,18.2291],[-73.7473,18.1902],[-73.8247,18.1218],[-73.8392,18.0582],[-73.885,18.0419],[-73.9895,18.1432],[-74.0854,18.2151],[-74.1946,18.2692],[-74.419,18.3462],[-74.46,18.3931],[-74.4781,18.45],[-74.3875,18.6247],[-74.2845,18.6567],[-74.2277,18.6627],[-74.1003,18.6411],[-73.976,18.6014],[-73.8625,18.5754],[-73.687,18.5653],[-73.5916,18.5224],[-72.9173,18.4557],[-72.7894,18.4348],[-72.7395,18.4421],[-72.696,18.4682],[-72.6598,18.5153],[-72.6181,18.5508],[-72.4181,18.5587],[-72.3761,18.5745],[-72.3467,18.6237],[-72.3477,18.675],[-72.4652,18.7436],[-72.6491,18.8941],[-72.8111,19.0716],[-72.7412,19.1313],[-72.768,19.2406],[-72.7418,19.3418],[-72.7032,19.4411],[-72.8634,19.5261],[-73.0527,19.6107],[-73.3155,19.6373],[-73.3963,19.6587],[-73.4384,19.7221],[-73.4005,19.8074],[-73.3153,19.8546],[-73.2178,19.8837],[-73.1178,19.9038],[-72.8765,19.9281],[-72.637,19.9009],[-72.4299,19.8133],[-72.2198,19.7446],[-71.9543,19.7217],[-71.8347,19.6967],[-71.7792,19.7182]]],[[[-72.8046,18.7777],[-72.8222,18.7071],[-73.078,18.7909],[-73.2853,18.8967],[-73.2764,18.9541],[-73.1706,18.9673],[-73.0691,18.932],[-72.9192,18.8615],[-72.8046,18.7777]]],[[[-72.6641,20.0375],[-72.6235,20.0142],[-72.6389,19.9858],[-72.7398,20.0034],[-72.8442,20.0354],[-72.8784,20.0274],[-72.8993,20.0314],[-72.9604,20.0623],[-72.9067,20.0858],[-72.8515,20.0937],[-72.791,20.0919],[-72.6641,20.0375]]]]}},{"type":"Feature","properties":{"SOVEREIGNT":"Jamaica","ADMIN":"Jamaica","NAME":"Jamaica","NAME_LONG":"Jamaica","ISO_A2":"JM","WB_A2":"JM","CONTINENT":"North America","SUBREGION":"Caribbean"},"geometry":{"type":"Polygon","coordinates":[[[-77.2615,18.4574],[-77.1396,18.4215],[-77.0138,18.4029],[-76.9594,18.4019],[-76.9082,18.3904],[-76.7933,18.3043],[-76.7007,18.2572],[-76.3499,18.1519],[-76.2328,17.9703],[-76.2108,17.9135],[-76.3015,17.8798],[-76.4155,17.8682],[-76.5246,17.8662],[-76.6254,17.901],[-76.6694,17.9276],[-76.7743,17.9404],[-76.7483,17.9649],[-76.7948,17.9763],[-76.8532,17.9737],[-76.8962,17.9041],[-76.9441,17.8488],[-77.0359,17.8541],[-77.0713,17.9013],[-77.1195,17.8801],[-77.1584,17.8451],[-77.205,17.7149],[-77.2799,17.7795],[-77.3614,17.8337],[-77.4639,17.8561],[-77.6708,17.8597],[-77.7682,17.8774],[-77.8494,17.9875],[-77.8813,18.019],[-77.963,18.0476],[-78.0445,18.1738],[-78.0736,18.1912],[-78.2941,18.2181],[-78.3395,18.2872],[-78.326,18.3498],[-78.2524,18.4263],[-78.2167,18.4481],[-78.0945,18.4448],[-77.9782,18.4678],[-77.9269,18.5007],[-77.8734,18.5222],[-77.4516,18.467],[-77.3542,18.4665],[-77.2615,18.4574]]]}},{"type":"Feature","properties":{"SOVEREIGNT":"Saint Kitts and Nevis","ADMIN":"Saint Kitts and Nevis","NAME":"St. Kitts and Nevis","NAME_LONG":"Saint Kitts and Nevis","ISO_A2":"KN","WB_A2":"KN","CONTINENT":"North America","SUBREGION":"Caribbean"},"geometry":{"type":"MultiPolygon","coordinates":[[[[-62.5322,17.1219],[-62.5824,17.1006],[-62.6249,17.1296],[-62.6153,17.1991],[-62.5747,17.201],[-62.5342,17.1701],[-62.5322,17.1219]]],[[[-62.6307,17.24],[-62.6565,17.2244],[-62.702,17.286],[-62.7755,17.3028],[-62.8389,17.3393],[-62.8394,17.3653],[-62.8271,17.3864],[-62.7946,17.4026],[-62.7137,17.3533],[-62.6758,17.2909],[-62.6405,17.2623],[-62.6307,17.24]]]]}},{"type":"Feature","properties":{"SOVEREIGNT":"Saint Lucia","ADMIN":"Saint Lucia","NAME":"Saint Lucia","NAME_LONG":"Saint Lucia","ISO_A2":"LC","WB_A2":"LC","CONTINENT":"North America","SUBREGION":"Caribbean"},"geometry":{"type":"Polygon","coordinates":[[[-60.8952,13.822],[-60.9514,13.7176],[-61.0606,13.7831],[-61.0731,13.8656],[-61.0636,13.9156],[-60.9967,14.0109],[-60.9446,14.0729],[-60.9081,14.0934],[-60.8868,14.0111],[-60.8952,13.822]]]}},{"type":"Feature","properties":{"SOVEREIGNT":"Mexico","ADMIN":"Mexico","NAME":"Mexico","NAME_LONG":"Mexico","ISO_A2":"MX","WB_A2":"MX","CONTINENT":"North America","SUBREGION":"Central America"},"geometry":{"type":"MultiPolygon","coordinates":[[[[-88.2957,18.4724],[-88.3724,18.4823],[-88.4613,18.4768],[-88.523,18.4459],[-88.5862,18.2905],[-88.7436,18.0716],[-88.8063,17.9655],[-88.8574,17.9288],[-88.8978,17.9146],[-89.0504,17.9997],[-89.1335,17.9708],[-89.1624,17.902],[-89.1615,17.8148],[-90.9892,17.8164],[-90.993,17.2524],[-91.4096,17.2559],[-91.3923,17.2364],[-91.3192,17.1998],[-91.2242,17.1123],[-91.1119,16.9762],[-90.9758,16.8678],[-90.816,16.7871],[-90.7107,16.7081],[-90.66,16.6309],[-90.6344,16.5651],[-90.6341,16.5107],[-90.5758,16.4678],[-90.4711,16.4396],[-90.417,16.391],[-90.417,16.3513],[-90.4501,16.2614],[-90.4599,16.1624],[-90.4472,16.0727],[-91.7366,16.0702],[-92.1872,15.3209],[-92.2042,15.275],[-92.2043,15.2377],[-92.0748,15.0742],[-92.0987,15.0268],[-92.1442,15.002],[-92.1585,14.9636],[-92.1557,14.9013],[-92.1864,14.8184],[-92.1599,14.691],[-92.209,14.571],[-92.2352,14.5454],[-92.2646,14.5678],[-92.531,14.8396],[-92.8089,15.1386],[-92.9184,15.2361],[-93.0244,15.3103],[-93.1669,15.448],[-93.5412,15.7504],[-93.7344,15.8885],[-93.9161,16.0536],[-94.079,16.1453],[-94.2399,16.2051],[-94.3113,16.2394],[-94.3742,16.2848],[-94.409,16.2874],[-94.4264,16.2263],[-94.3702,16.1954],[-94.3028,16.1693],[-94.2495,16.1675],[-94.1934,16.1456],[-94.0283,16.0621],[-94.0013,16.0189],[-94.4708,16.1866],[-94.6615,16.2019],[-94.6823,16.2282],[-94.5871,16.3158],[-94.6168,16.3476],[-94.6508,16.3518],[-94.7528,16.2912],[-94.7908,16.2872],[-94.7975,16.3271],[-94.7929,16.3646],[-94.8587,16.4197],[-94.9004,16.4175],[-94.9347,16.3791],[-95.0235,16.3062],[-95.0208,16.2776],[-94.846,16.2466],[-94.7858,16.2291],[-94.7994,16.2097],[-94.9493,16.21],[-95.1344,16.177],[-95.4644,15.9747],[-95.7718,15.8878],[-96.2136,15.6931],[-96.4086,15.6831],[-96.5108,15.6519],[-96.808,15.7264],[-97.1847,15.9093],[-97.7548,15.9668],[-98.139,16.2063],[-98.5203,16.3048],[-98.7622,16.5348],[-98.908,16.5446],[-99.0017,16.5814],[-99.348,16.6647],[-99.6907,16.7196],[-100.0245,16.9205],[-100.243,16.9842],[-100.4319,17.0641],[-100.8478,17.2005],[-101.002,17.2761],[-101.1479,17.3931],[-101.3855,17.5142],[-101.4871,17.6153],[-101.6003,17.6516],[-101.7624,17.842],[-101.8471,17.9223],[-101.9187,17.9598],[-101.9955,17.9727],[-102.2166,17.9574],[-102.547,18.0414],[-102.6996,18.0628],[-103.0185,18.1869],[-103.4416,18.3254],[-103.5803,18.4844],[-103.6989,18.633],[-103.9125,18.8285],[-104.0457,18.9118],[-104.277,19.011],[-104.4052,19.0912],[-104.603,19.1529],[-104.9385,19.3094],[-105.0452,19.4433],[-105.1077,19.5622],[-105.2864,19.7065],[-105.4821,19.9761],[-105.5324,20.0754],[-105.5704,20.2278],[-105.6159,20.3163],[-105.6694,20.3856],[-105.6421,20.436],[-105.5426,20.4979],[-105.3771,20.5119],[-105.2602,20.5791],[-105.2447,20.6342],[-105.2523,20.6685],[-105.3271,20.753],[-105.4201,20.7754],[-105.4924,20.7766],[-105.5108,20.8087],[-105.4563,20.8438],[-105.394,20.9261],[-105.302,21.0266],[-105.2371,21.1192],[-105.225,21.2497],[-105.2333,21.3804],[-105.2087,21.4908],[-105.4314,21.6183],[-105.5274,21.8185],[-105.6491,21.9881],[-105.6455,22.3269],[-105.7918,22.6275],[-105.9434,22.777],[-106.0217,22.8291],[-106.2346,23.0609],[-106.4022,23.1956],[-106.5665,23.4495],[-106.7288,23.6107],[-106.9355,23.8813],[-107.0849,24.0161],[-107.7649,24.4719],[-107.7266,24.4719],[-107.5272,24.3601],[-107.4937,24.3694],[-107.4889,24.424],[-107.5119,24.4892],[-107.5489,24.5048],[-107.602,24.4901],[-107.6737,24.5036],[-107.7095,24.525],[-107.8167,24.539],[-107.9512,24.6149],[-108.0088,24.6936],[-108.0151,24.7834],[-108.2077,24.9748],[-108.2808,25.0815],[-108.2433,25.0737],[-108.192,25.0307],[-108.1401,25.0184],[-108.0796,25.0181],[-108.0357,25.0354],[-108.0515,25.067],[-108.0928,25.0935],[-108.3737,25.1943],[-108.4663,25.2651],[-108.6964,25.3829],[-108.751,25.4242],[-108.7873,25.538],[-108.8436,25.5433],[-108.8932,25.5116],[-109.0288,25.4805],[-109.0635,25.5167],[-109.0685,25.5516],[-108.9728,25.5885],[-108.8849,25.696],[-108.8866,25.7334],[-108.9352,25.6903],[-109.0083,25.642],[-109.0841,25.615],[-109.1965,25.5925],[-109.254,25.6088],[-109.3043,25.6332],[-109.385,25.7271],[-109.4256,26.0326],[-109.3542,26.1385],[-109.2707,26.2431],[-109.1997,26.3052],[-109.1588,26.2583],[-109.1167,26.2527],[-109.1463,26.3057],[-109.216,26.3553],[-109.2406,26.4047],[-109.2433,26.45],[-109.2763,26.5339],[-109.4829,26.7104],[-109.6761,26.6968],[-109.7548,26.7029],[-109.8284,26.7701],[-109.8909,26.8834],[-109.9217,26.9782],[-109.9256,27.0287],[-109.944,27.0793],[-110.2771,27.1622],[-110.3773,27.2333],[-110.4778,27.3227],[-110.5194,27.3956],[-110.5606,27.4501],[-110.5927,27.5443],[-110.6155,27.6539],[-110.5783,27.7957],[-110.5299,27.8642],[-110.759,27.9152],[-110.8486,27.9176],[-110.9208,27.8889],[-110.9861,27.926],[-111.1214,27.967],[-111.2824,28.1152],[-111.4717,28.384],[-111.6801,28.4706],[-111.7472,28.564],[-111.8324,28.6481],[-111.907,28.7525],[-111.9186,28.7979],[-111.9408,28.8232],[-112.0449,28.8959],[-112.1618,29.0189],[-112.192,29.118],[-112.2235,29.2695],[-112.3014,29.3229],[-112.3782,29.3477],[-112.3932,29.4197],[-112.3887,29.4601],[-112.4146,29.5364],[-112.5729,29.7195],[-112.6531,29.8701],[-112.6972,29.9168],[-112.7384,29.9854],[-112.7592,30.1257],[-112.8248,30.3001],[-112.9518,30.51],[-113.0577,30.651],[-113.1104,30.7933],[-113.087,30.9381],[-113.105,31.0272],[-113.1186,31.0481],[-113.108,31.0773],[-113.0728,31.0609],[-113.0429,31.087],[-113.0467,31.1792],[-113.0836,31.2072],[-113.1862,31.236],[-113.2314,31.256],[-113.4808,31.2936],[-113.6235,31.3459],[-113.633,31.4676],[-113.7,31.5233],[-113.7594,31.5578],[-113.9478,31.6293],[-113.9775,31.5927],[-114.0027,31.5251],[-114.0809,31.5104],[-114.1493,31.5074],[-114.2641,31.5544],[-114.5487,31.7335],[-114.6088,31.7623],[-114.6976,31.7774],[-114.7413,31.8065],[-114.9336,31.9007],[-114.8951,31.8506],[-114.8395,31.7985],[-114.7899,31.6471],[-114.8481,31.5379],[-114.8819,31.1564],[-114.8447,31.0805],[-114.761,30.9587],[-114.7034,30.7652],[-114.6854,30.6212],[-114.6333,30.5069],[-114.6498,30.2381],[-114.6299,30.1563],[-114.5505,30.0223],[-114.4034,29.8965],[-114.3726,29.8302],[-114.1792,29.7343],[-114.0619,29.6095],[-113.829,29.4395],[-113.7555,29.3675],[-113.5453,29.1022],[-113.5385,29.0234],[-113.4997,28.9267],[-113.3818,28.9467],[-113.3289,28.873],[-113.335,28.8391],[-113.3207,28.8131],[-113.2589,28.8188],[-113.2056,28.7988],[-113.0937,28.5118],[-113.0336,28.4726],[-112.9566,28.4559],[-112.8708,28.4242],[-112.8685,28.292],[-112.7957,28.2071],[-112.8081,28.0922],[-112.7493,27.9949],[-112.7582,27.9006],[-112.734,27.826],[-112.5526,27.6575],[-112.3292,27.5234],[-112.2826,27.3475],[-112.1915,27.1867],[-112.0981,27.1459],[-112.004,27.0791],[-112.0156,27.0097],[-112.0091,26.9671],[-111.8832,26.8402],[-111.8626,26.6785],[-111.754,26.5727],[-111.7234,26.5644],[-111.6994,26.581],[-111.7785,26.6873],[-111.8168,26.7563],[-111.8218,26.8651],[-111.7953,26.8797],[-111.5697,26.7076],[-111.5459,26.5792],[-111.4702,26.5066],[-111.4645,26.4084],[-111.4185,26.35],[-111.4046,26.265],[-111.3321,26.1254],[-111.3304,25.9313],[-111.2916,25.7898],[-111.1496,25.5726],[-111.0344,25.527],[-111.0136,25.4203],[-110.8939,25.1442],[-110.7557,24.9946],[-110.6868,24.8677],[-110.6772,24.7885],[-110.729,24.6715],[-110.7345,24.5898],[-110.6593,24.3415],[-110.547,24.2142],[-110.4215,24.1834],[-110.3997,24.1651],[-110.4096,24.131],[-110.3674,24.1005],[-110.32,24.1395],[-110.2968,24.1949],[-110.3209,24.2592],[-110.3251,24.306],[-110.3038,24.3395],[-110.2629,24.3445],[-110.0228,24.1746],[-109.9825,24.1094],[-109.8932,24.033],[-109.8113,23.939],[-109.776,23.8649],[-109.7105,23.8038],[-109.6766,23.6616],[-109.5096,23.5979],[-109.4208,23.4801],[-109.415,23.4056],[-109.4581,23.2147],[-109.4957,23.1598],[-109.6305,23.0787],[-109.7284,22.9818],[-109.823,22.9222],[-109.9234,22.8859],[-110.0062,22.894],[-110.086,23.0055],[-110.1806,23.3415],[-110.2441,23.4123],[-110.2888,23.5177],[-110.3627,23.6049],[-110.63,23.7373],[-110.7649,23.877],[-110.8956,23.9703],[-111.0362,24.1053],[-111.4193,24.329],[-111.5782,24.443],[-111.6829,24.5558],[-111.7504,24.5542],[-111.8025,24.5425],[-111.8223,24.5734],[-111.8252,24.6318],[-111.8482,24.6701],[-112.0726,24.84],[-112.119,24.934],[-112.1285,25.0431],[-112.078,25.324],[-112.0558,25.4882],[-112.0699,25.5729],[-112.0934,25.5844],[-112.1146,25.6304],[-112.1198,25.7655],[-112.1738,25.9126],[-112.3772,26.2139],[-112.5261,26.2735],[-112.6584,26.3167],[-113.0208,26.5833],[-113.1192,26.7165],[-113.1432,26.7922],[-113.1558,26.9462],[-113.2058,26.857],[-113.2723,26.791],[-113.4259,26.7958],[-113.5985,26.7213],[-113.7013,26.7914],[-113.7566,26.8708],[-113.841,26.9665],[-113.9359,26.9853],[-113.9965,26.9877],[-114.1101,27.106],[-114.2019,27.1435],[-114.3334,27.158],[-114.4453,27.2182],[-114.4797,27.2836],[-114.4983,27.3762],[-114.5399,27.4311],[-114.7156,27.5396],[-114.8587,27.6592],[-114.9935,27.736],[-115.0332,27.7989],[-115.0365,27.8418],[-114.8235,27.8299],[-114.57,27.7839],[-114.4485,27.7969],[-114.3727,27.8412],[-114.3006,27.873],[-114.2891,27.8386],[-114.3022,27.7757],[-114.2327,27.7181],[-114.1372,27.6714],[-114.0693,27.6757],[-114.1351,27.7266],[-114.1754,27.8306],[-114.1573,27.868],[-114.1584,27.9197],[-114.2526,27.908],[-114.2659,27.9345],[-114.1853,28.0133],[-114.0927,28.2213],[-114.0485,28.4262],[-114.1455,28.6054],[-114.3092,28.7299],[-114.664,29.0946],[-114.8759,29.2819],[-114.9373,29.3516],[-114.9935,29.3844],[-115.1664,29.4272],[-115.3112,29.5319],[-115.5653,29.68],[-115.6738,29.7564],[-115.7487,29.9357],[-115.8083,29.9602],[-115.7896,30.0842],[-115.8156,30.3036],[-115.8582,30.3598],[-115.9958,30.4145],[-116.0286,30.5636],[-116.0354,30.7055],[-116.0622,30.8042],[-116.2963,30.9705],[-116.3096,31.051],[-116.3097,31.1273],[-116.3334,31.2028],[-116.4585,31.361],[-116.6096,31.4991],[-116.6622,31.5649],[-116.6685,31.6986],[-116.7221,31.7346],[-116.7017,31.7437],[-116.6521,31.7403],[-116.6239,31.758],[-116.6208,31.8511],[-116.848,31.9974],[-116.9137,32.1985],[-117.0348,32.305],[-117.0631,32.3436],[-117.1283,32.5333],[-114.7248,32.7153],[-114.788,32.5648],[-114.8359,32.5083],[-111.042,31.3242],[-108.2145,31.3294],[-108.2118,31.7793],[-106.4454,31.7684],[-106.347,31.679],[-106.2557,31.5447],[-106.148,31.4509],[-106.0241,31.3978],[-105.8127,31.241],[-105.514,30.9808],[-105.2758,30.8073],[-105.0981,30.7206],[-104.9788,30.6459],[-104.9179,30.5833],[-104.8359,30.4477],[-104.6813,30.1344],[-104.6813,29.9905],[-104.6222,29.8543],[-104.504,29.6777],[-104.4006,29.5737],[-104.3122,29.5424],[-104.2155,29.4799],[-104.1106,29.3861],[-103.9897,29.3231],[-103.8529,29.2911],[-103.664,29.2069],[-103.4229,29.0707],[-103.2577,29.0011],[-103.1683,28.9982],[-103.09,29.0419],[-103.0229,29.1322],[-102.9568,29.1904],[-102.892,29.2164],[-102.8657,29.258],[-102.8778,29.3153],[-102.834,29.4439],[-102.7342,29.6439],[-102.6149,29.7523],[-102.4763,29.7691],[-102.3856,29.8066],[-102.3431,29.865],[-102.2689,29.8712],[-102.1631,29.8252],[-101.9909,29.7957],[-101.7523,29.7825],[-101.6116,29.787],[-101.5687,29.8092],[-101.5464,29.8081],[-101.5446,29.7835],[-101.5093,29.7731],[-101.4404,29.7769],[-101.3804,29.7426],[-101.3035,29.6341],[-101.0386,29.4603],[-101.0163,29.4007],[-100.9241,29.3147],[-100.7546,29.1825],[-100.6586,29.0686],[-100.6363,28.9728],[-100.5497,28.8213],[-100.3989,28.6142],[-100.3317,28.5025],[-100.3481,28.4864],[-100.3363,28.4281],[-100.296,28.3277],[-100.2213,28.2426],[-100.112,28.1729],[-100.0014,28.0479],[-99.8896,27.8673],[-99.7542,27.7299],[-99.5953,27.6359],[-99.5053,27.5483],[-99.4843,27.4674],[-99.4858,27.398],[-99.5101,27.3403],[-99.4998,27.2855],[-99.4551,27.2337],[-99.4402,27.1701],[-99.4577,27.0817],[-99.4565,27.0566],[-99.3024,26.8847],[-99.2299,26.7619],[-99.1721,26.5642],[-99.1078,26.4469],[-99.0153,26.399],[-98.8732,26.3813],[-98.7652,26.3404],[-98.6914,26.2765],[-98.5983,26.2378],[-98.4859,26.2246],[-98.3781,26.1824],[-98.275,26.1112],[-98.0828,26.0645],[-97.8014,26.042],[-97.5873,25.9842],[-97.4403,25.8908],[-97.3756,25.8718],[-97.3582,25.8705],[-97.3387,25.9112],[-97.2818,25.9416],[-97.1462,25.9615],[-97.1645,25.7549],[-97.2249,25.5854],[-97.4241,25.2331],[-97.5071,25.0146],[-97.6677,24.39],[-97.717,23.9806],[-97.7286,23.7879],[-97.7427,23.7606],[-97.7274,23.7322],[-97.7659,23.3062],[-97.7452,22.9424],[-97.7583,22.886],[-97.8167,22.7763],[-97.8578,22.6245],[-97.8416,22.5571],[-97.8425,22.5103],[-97.7824,22.2793],[-97.7633,22.1059],[-97.5848,21.8085],[-97.4845,21.7048],[-97.3602,21.6149],[-97.3145,21.5642],[-97.3369,21.4379],[-97.3875,21.3739],[-97.4092,21.2726],[-97.4341,21.3565],[-97.4244,21.4653],[-97.3848,21.5238],[-97.3834,21.5667],[-97.4566,21.6124],[-97.5904,21.762],[-97.7538,22.0267],[-97.6375,21.6037],[-97.5976,21.5359],[-97.5666,21.5077],[-97.5146,21.478],[-97.5011,21.432],[-97.5006,21.398],[-97.3571,21.104],[-97.195,20.8001],[-97.1863,20.717],[-97.1214,20.615],[-96.7087,20.1883],[-96.4561,19.8698],[-96.3684,19.5672],[-96.3153,19.4729],[-96.2896,19.3438],[-96.124,19.1991],[-96.0734,19.1057],[-95.9847,19.0538],[-95.913,18.8972],[-95.7781,18.8055],[-95.8104,18.8039],[-95.9282,18.8501],[-95.9204,18.8196],[-95.8211,18.7546],[-95.6268,18.6906],[-95.5783,18.6904],[-95.6549,18.7237],[-95.7198,18.7684],[-95.6971,18.7749],[-95.5614,18.7191],[-95.1818,18.7007],[-95.0147,18.5706],[-94.7981,18.5146],[-94.6816,18.3485],[-94.5462,18.1749],[-94.4598,18.1667],[-94.3923,18.166],[-94.189,18.1953],[-93.8731,18.3044],[-93.7644,18.3579],[-93.5523,18.4305],[-93.2279,18.4438],[-93.1273,18.4234],[-92.8848,18.4687],[-92.7691,18.5241],[-92.729,18.5745],[-92.7101,18.6117],[-92.441,18.6753],[-92.2132,18.6849],[-92.1032,18.7044],[-91.9738,18.7159],[-91.8804,18.6378],[-91.8805,18.5997],[-91.9427,18.5634],[-91.9136,18.5285],[-91.803,18.4706],[-91.5997,18.4472],[-91.534,18.4565],[-91.4405,18.5418],[-91.2752,18.6245],[-91.2788,18.7207],[-91.3083,18.7733],[-91.3563,18.7766],[-91.3678,18.8061],[-91.3342,18.8768],[-91.3431,18.9006],[-91.4456,18.8328],[-91.4692,18.833],[-91.4579,18.8646],[-91.4367,18.8898],[-91.1359,19.0375],[-91.0589,19.0982],[-90.955,19.1517],[-90.7393,19.3522],[-90.6932,19.7299],[-90.6501,19.7959],[-90.5071,19.9119],[-90.4917,19.9468],[-90.4824,20.0257],[-90.4864,20.224],[-90.4783,20.38],[-90.4841,20.5563],[-90.4584,20.7137],[-90.4352,20.7575],[-90.3531,21.0094],[-90.1829,21.1209],[-89.8876,21.2526],[-89.8198,21.2746],[-88.8787,21.4141],[-88.7467,21.4481],[-88.5849,21.5387],[-88.4667,21.5694],[-88.251,21.5669],[-88.1848,21.579],[-88.1717,21.5915],[-88.1714,21.6035],[-88.1316,21.6159],[-88.0068,21.6041],[-87.7737,21.5495],[-87.6888,21.5358],[-87.4805,21.4725],[-87.2509,21.447],[-87.2179,21.458],[-87.1876,21.4773],[-87.1643,21.5142],[-87.1883,21.5464],[-87.2106,21.5439],[-87.2495,21.5266],[-87.2958,21.525],[-87.3867,21.5515],[-87.3685,21.5737],[-87.2757,21.5716],[-87.2165,21.5824],[-87.1285,21.6215],[-87.0348,21.5922],[-86.9117,21.4628],[-86.8241,21.4217],[-86.8171,21.2342],[-86.8039,21.2],[-86.7718,21.1505],[-86.8155,21.0052],[-86.8647,20.8851],[-86.9262,20.7865],[-87.0596,20.6313],[-87.2212,20.5073],[-87.4214,20.2314],[-87.4672,20.1021],[-87.4658,19.9985],[-87.4319,19.8985],[-87.4417,19.8615],[-87.4662,19.8242],[-87.5069,19.8275],[-87.5858,19.7795],[-87.6877,19.6371],[-87.6901,19.5937],[-87.6453,19.5539],[-87.5873,19.573],[-87.5117,19.5747],[-87.4694,19.5865],[-87.4248,19.5833],[-87.4347,19.5017],[-87.4827,19.4438],[-87.5129,19.4256],[-87.567,19.4157],[-87.6275,19.3827],[-87.6587,19.3523],[-87.6558,19.2579],[-87.6221,19.2505],[-87.5508,19.3209],[-87.5095,19.3175],[-87.5011,19.2878],[-87.5936,19.0464],[-87.653,18.7985],[-87.7335,18.655],[-87.7618,18.4461],[-87.8532,18.269],[-87.882,18.2739],[-87.9597,18.4409],[-88.0391,18.4839],[-88.0564,18.5245],[-88.0111,18.7269],[-88.0317,18.8389],[-88.0738,18.8345],[-88.1268,18.773],[-88.1968,18.7197],[-88.1953,18.6426],[-88.2957,18.4724]]],[[[-91.6837,18.6773],[-91.7961,18.6542],[-91.8161,18.6759],[-91.5891,18.778],[-91.5503,18.7737],[-91.5367,18.76],[-91.6542,18.7115],[-91.6837,18.6773]]],[[[-110.9145,18.7415],[-110.9748,18.7204],[-111.0637,18.7816],[-111.0399,18.8301],[-110.9894,18.8631],[-110.9421,18.8017],[-110.9145,18.7415]]],[[[-86.9396,20.3033],[-86.9914,20.2722],[-87.0194,20.3823],[-86.978,20.4898],[-86.9278,20.5515],[-86.8286,20.5588],[-86.7633,20.5791],[-86.755,20.5518],[-86.8088,20.4685],[-86.9396,20.3033]]],[[[-86.714,21.2393],[-86.6963,21.191],[-86.7136,21.1968],[-86.7364,21.2333],[-86.7529,21.2788],[-86.7391,21.28],[-86.714,21.2393]]],[[[-106.5022,21.6108],[-106.5313,21.5285],[-106.607,21.5615],[-106.6342,21.6131],[-106.6394,21.6979],[-106.5974,21.7122],[-106.5364,21.6764],[-106.5022,21.6108]]],[[[-109.8051,24.1511],[-109.8268,24.1476],[-109.8779,24.2006],[-109.9005,24.3309],[-109.8903,24.3448],[-109.7938,24.1834],[-109.7956,24.1636],[-109.8051,24.1511]]],[[[-111.6989,24.3936],[-111.7123,24.3464],[-112.0133,24.5334],[-111.9409,24.5511],[-111.8568,24.538],[-111.6989,24.3936]]],[[[-110.5674,25.0035],[-110.5389,24.8916],[-110.5902,24.9081],[-110.6574,24.9688],[-110.7034,25.0466],[-110.6993,25.0814],[-110.6902,25.0878],[-110.5952,25.0421],[-110.5674,25.0035]]],[[[-112.0573,24.5457],[-112.0773,24.5346],[-112.1629,24.6503],[-112.1755,24.7296],[-112.2105,24.7631],[-112.2968,24.7896],[-112.2223,24.9511],[-112.1594,25.2856],[-112.1317,25.2244],[-112.1984,24.8854],[-112.195,24.8411],[-112.1638,24.7997],[-112.1302,24.7296],[-112.1263,24.654],[-112.0675,24.5836],[-112.0573,24.5457]]],[[[-111.1003,26.0206],[-111.0877,25.9845],[-111.0944,25.9741],[-111.1353,25.9992],[-111.2045,25.8497],[-111.2247,25.8359],[-111.1829,26.0406],[-111.1393,26.0698],[-111.0909,26.0757],[-111.1003,26.0206]]],[[[-115.1706,28.0694],[-115.1843,28.0373],[-115.3529,28.104],[-115.2604,28.2206],[-115.274,28.3428],[-115.2335,28.3684],[-115.197,28.3279],[-115.1485,28.1721],[-115.1706,28.0694]]],[[[-118.2428,28.9419],[-118.2855,28.9038],[-118.4001,29.1123],[-118.4014,29.1627],[-118.3678,29.1876],[-118.3123,29.1829],[-118.3121,29.1305],[-118.2655,29.0864],[-118.2474,29.0434],[-118.2428,28.9419]]],[[[-112.2031,29.0053],[-112.2784,28.7693],[-112.3553,28.7731],[-112.5141,28.8476],[-112.531,28.894],[-112.4698,29.1677],[-112.4235,29.2037],[-112.2851,29.2404],[-112.2634,29.2068],[-112.2487,29.126],[-112.2031,29.0053]]],[[[-113.1556,29.0522],[-113.1628,29.0348],[-113.2647,29.0967],[-113.4963,29.3076],[-113.5806,29.4132],[-113.5944,29.4627],[-113.5872,29.573],[-113.508,29.5599],[-113.4159,29.4859],[-113.3758,29.4175],[-113.3738,29.3389],[-113.2021,29.3019],[-113.1779,29.1319],[-113.1556,29.0522]]],[[[-114.6941,31.7056],[-114.7272,31.7014],[-114.7892,31.7474],[-114.7846,31.7898],[-114.7711,31.7941],[-114.7091,31.7569],[-114.6879,31.7242],[-114.6941,31.7056]]]]}},{"type":"Feature","properties":{"SOVEREIGNT":"United States","ADMIN":"Northern Mariana Islands","NAME":"N. Mariana Is.","NAME_LONG":"Northern Mariana Islands","ISO_A2":"MP","WB_A2":"MP","CONTINENT":"Oceania","SUBREGION":"Micronesia"},"geometry":{"type":"MultiPolygon","coordinates":[[[[145.2648,14.1581],[145.2153,14.1113],[145.1796,14.121],[145.1574,14.1369],[145.1521,14.1636],[145.2324,14.1895],[145.2654,14.1802],[145.2648,14.1581]]],[[[145.6623,14.9705],[145.621,14.9195],[145.5916,14.9988],[145.5867,15.0308],[145.6248,15.0602],[145.6474,15.0595],[145.6623,14.9705]]],[[[145.752,15.1332],[145.7492,15.1072],[145.6982,15.1135],[145.6843,15.1251],[145.7132,15.2153],[145.7863,15.2569],[145.8219,15.2654],[145.7886,15.2227],[145.7823,15.1746],[145.752,15.1332]]],[[[145.7121,16.3391],[145.6902,16.3321],[145.6583,16.3358],[145.636,16.3515],[145.6311,16.378],[145.6955,16.3796],[145.7195,16.3598],[145.7121,16.3391]]],[[[145.7775,18.079],[145.7291,18.0569],[145.7893,18.1554],[145.8074,18.1727],[145.8354,18.1368],[145.7775,18.079]]],[[[145.7084,18.7625],[145.6781,18.7252],[145.6525,18.7526],[145.6455,18.8068],[145.6901,18.8016],[145.7066,18.7905],[145.7084,18.7625]]]]}},{"type":"Feature","properties":{"SOVEREIGNT":"Nicaragua","ADMIN":"Nicaragua","NAME":"Nicaragua","NAME_LONG":"Nicaragua","ISO_A2":"NI","WB_A2":"NI","CONTINENT":"North America","SUBREGION":"Central America"},"geometry":{"type":"Polygon","coordinates":[[[-83.642,10.9172],[-83.6589,10.8369],[-83.7129,10.7859],[-83.8112,10.7433],[-83.9193,10.7354],[-84.0962,10.7757],[-84.1684,10.7804],[-84.1966,10.8017],[-84.205,10.8413],[-84.2556,10.9007],[-84.3483,10.9799],[-84.4019,10.9745],[-84.4892,10.9917],[-84.6342,11.0456],[-84.7012,11.0522],[-84.9092,10.9453],[-85.5387,11.1663],[-85.5842,11.1895],[-85.6214,11.1845],[-85.6537,11.1531],[-85.7026,11.0815],[-85.7223,11.0663],[-85.7443,11.0621],[-85.7452,11.0886],[-85.8285,11.1987],[-85.9611,11.3313],[-86.4689,11.7383],[-86.6555,11.9815],[-86.7556,12.1566],[-86.851,12.2478],[-87.1252,12.4341],[-87.1884,12.5083],[-87.4602,12.7576],[-87.6675,12.9036],[-87.6702,12.9657],[-87.5851,13.0433],[-87.5433,13.0397],[-87.4979,12.9842],[-87.4244,12.9211],[-87.3896,12.9207],[-87.3386,12.95],[-87.3373,12.9792],[-87.0592,12.9915],[-87.0093,13.0078],[-86.9589,13.0537],[-86.9332,13.1175],[-86.9182,13.2236],[-86.8735,13.2665],[-86.7293,13.2844],[-86.7107,13.3134],[-86.7706,13.6987],[-86.759,13.7461],[-86.7336,13.7635],[-86.6103,13.7749],[-86.377,13.7557],[-86.3317,13.7701],[-86.2382,13.8995],[-86.1512,13.9946],[-86.0893,14.0372],[-86.0404,14.0501],[-85.9838,13.9657],[-85.7867,13.8444],[-85.7339,13.8587],[-85.7277,13.8761],[-85.7312,13.9318],[-85.6819,13.9826],[-85.5798,14.0282],[-85.4771,14.1087],[-85.3738,14.2239],[-85.2842,14.2917],[-85.2083,14.3118],[-85.1795,14.3433],[-85.1976,14.386],[-85.1915,14.4466],[-85.1613,14.5251],[-85.1173,14.5706],[-85.0594,14.583],[-85.0365,14.6077],[-85.0486,14.6447],[-85.0374,14.6855],[-84.9852,14.7524],[-84.8604,14.8098],[-84.7892,14.7904],[-84.7298,14.7134],[-84.6459,14.6611],[-84.5376,14.6334],[-84.4536,14.6437],[-84.3937,14.6917],[-84.3398,14.7063],[-84.2919,14.6874],[-84.2667,14.6981],[-84.264,14.7385],[-84.2392,14.7479],[-84.1924,14.726],[-84.1508,14.7204],[-84.1144,14.731],[-84.093,14.7709],[-84.0658,14.7861],[-83.9723,14.7711],[-83.8673,14.7945],[-83.7509,14.8562],[-83.6736,14.8835],[-83.6355,14.8764],[-83.5897,14.9076],[-83.5365,14.977],[-83.415,15.0081],[-83.1575,14.9931],[-83.1854,14.9564],[-83.2159,14.9324],[-83.2799,14.8128],[-83.302,14.8021],[-83.3063,14.8905],[-83.3444,14.9021],[-83.389,14.8707],[-83.4137,14.8253],[-83.3749,14.7661],[-83.3407,14.7653],[-83.2992,14.749],[-83.1877,14.3401],[-83.2117,14.2671],[-83.2808,14.1536],[-83.3466,14.057],[-83.4123,13.9965],[-83.4938,13.7388],[-83.5673,13.3203],[-83.5145,12.9439],[-83.5412,12.5963],[-83.518,12.5141],[-83.5109,12.4118],[-83.5652,12.3934],[-83.5959,12.3965],[-83.6272,12.4593],[-83.6237,12.5146],[-83.5912,12.5793],[-83.5781,12.6671],[-83.5934,12.7131],[-83.6253,12.6129],[-83.6816,12.5681],[-83.7184,12.5526],[-83.7542,12.502],[-83.7162,12.4067],[-83.6673,12.3371],[-83.6513,12.2871],[-83.6692,12.2275],[-83.6804,12.0243],[-83.6977,12.03],[-83.7156,12.0574],[-83.7672,12.0593],[-83.7733,11.9774],[-83.7693,11.9316],[-83.8132,11.8964],[-83.8289,11.861],[-83.793,11.8362],[-83.7534,11.8213],[-83.7046,11.8246],[-83.6643,11.7239],[-83.6518,11.642],[-83.745,11.5665],[-83.7766,11.504],[-83.8294,11.4282],[-83.8591,11.3537],[-83.8679,11.3],[-83.8318,11.1305],[-83.7679,11.0103],[-83.7141,10.9338],[-83.642,10.9172]]]}},{"type":"Feature","properties":{"SOVEREIGNT":"Panama","ADMIN":"Panama","NAME":"Panama","NAME_LONG":"Panama","ISO_A2":"PA","WB_A2":"PA","CONTINENT":"North America","SUBREGION":"Central America"},"geometry":{"type":"MultiPolygon","coordinates":[[[[-77.3742,8.6583],[-77.3931,8.6447],[-77.4483,8.5659],[-77.4785,8.4984],[-77.4073,8.4272],[-77.3859,8.3517],[-77.3455,8.2695],[-77.2826,8.1871],[-77.2123,8.0339],[-77.196,7.9725],[-77.216,7.9325],[-77.283,7.9082],[-77.3456,7.8365],[-77.3627,7.7491],[-77.3508,7.7059],[-77.5383,7.5663],[-77.5866,7.5431],[-77.6186,7.5646],[-77.6586,7.6346],[-77.7063,7.6912],[-77.732,7.7109],[-77.7469,7.7119],[-77.7619,7.6988],[-77.7687,7.6681],[-77.7439,7.537],[-77.7647,7.4837],[-77.8283,7.4428],[-77.9012,7.2293],[-78.1701,7.5438],[-78.3782,7.8999],[-78.4216,8.061],[-78.3676,8.0706],[-78.3154,8.0669],[-78.2874,8.0918],[-78.2549,8.1386],[-78.2812,8.2476],[-78.18,8.3303],[-78.1419,8.3861],[-78.1139,8.3796],[-78.0478,8.2848],[-77.9517,8.2303],[-77.8336,8.1512],[-77.7605,8.1333],[-77.8529,8.2162],[-78.0125,8.3254],[-78.0572,8.3971],[-78.0995,8.497],[-78.1618,8.4537],[-78.1908,8.4173],[-78.223,8.3966],[-78.2511,8.4214],[-78.2561,8.4537],[-78.3501,8.46],[-78.3743,8.4893],[-78.3992,8.5057],[-78.3879,8.4434],[-78.3694,8.4049],[-78.3793,8.3586],[-78.4099,8.3553],[-78.4694,8.4467],[-78.5141,8.6282],[-78.6209,8.7137],[-78.6698,8.7422],[-78.7102,8.7529],[-78.7697,8.8111],[-78.8482,8.8422],[-78.9552,8.9325],[-79.0864,8.9972],[-79.2467,9.0201],[-79.4415,9.006],[-79.5071,8.9701],[-79.5724,8.9033],[-79.6875,8.851],[-79.7311,8.7753],[-79.7585,8.7116],[-79.8159,8.6392],[-79.7504,8.5955],[-80.1258,8.3497],[-80.2001,8.314],[-80.3687,8.2888],[-80.4076,8.2625],[-80.459,8.2139],[-80.4659,8.1399],[-80.4581,8.0771],[-80.4091,8.0286],[-80.3656,7.998],[-80.2609,7.8517],[-80.0752,7.667],[-80.04,7.5998],[-80.0112,7.5],[-80.0673,7.4532],[-80.1106,7.4334],[-80.2873,7.4256],[-80.3482,7.3857],[-80.3729,7.3247],[-80.4389,7.275],[-80.6667,7.2257],[-80.8456,7.2201],[-80.9012,7.2771],[-80.9146,7.4375],[-81.0351,7.7111],[-81.0639,7.8998],[-81.0939,7.8763],[-81.1578,7.8544],[-81.1794,7.8075],[-81.1955,7.6684],[-81.219,7.6209],[-81.2684,7.6255],[-81.3696,7.6753],[-81.5042,7.7212],[-81.6757,8.0159],[-81.6943,8.0714],[-81.7276,8.1375],[-81.8603,8.1654],[-81.9733,8.2151],[-82.0967,8.2228],[-82.1599,8.1948],[-82.2243,8.2304],[-82.2354,8.311],[-82.3648,8.2749],[-82.531,8.2874],[-82.6795,8.322],[-82.7812,8.3035],[-82.8661,8.2463],[-82.8543,8.0995],[-82.8793,8.0707],[-82.8833,8.1306],[-82.9129,8.1996],[-82.9484,8.2568],[-83.0234,8.316],[-83.0273,8.3377],[-82.9976,8.3678],[-82.8616,8.4535],[-82.8448,8.4894],[-82.8426,8.564],[-82.8557,8.6353],[-82.917,8.7403],[-82.882,8.8053],[-82.8119,8.8574],[-82.74,8.8986],[-82.7278,8.9161],[-82.7412,8.9517],[-82.7831,8.9903],[-82.8813,9.0559],[-82.9403,9.0601],[-82.9398,9.4492],[-82.925,9.469],[-82.889,9.481],[-82.8602,9.5115],[-82.844,9.5708],[-82.801,9.5918],[-82.6441,9.5059],[-82.6113,9.5192],[-82.5865,9.5388],[-82.5692,9.5582],[-82.5636,9.5767],[-82.3708,9.4286],[-82.3632,9.3819],[-82.3754,9.3373],[-82.3397,9.2092],[-82.2725,9.1906],[-82.2049,9.2154],[-82.1881,9.1917],[-82.2007,9.1681],[-82.2354,9.1417],[-82.2442,9.0315],[-82.1333,8.9801],[-82.0779,8.9349],[-81.8941,8.9561],[-81.8264,8.9441],[-81.7802,8.9572],[-81.8315,9.0456],[-81.9001,9.111],[-81.8945,9.1404],[-81.8424,9.1187],[-81.8026,9.0741],[-81.7122,9.0189],[-81.5456,8.827],[-81.3548,8.7806],[-81.2038,8.7867],[-81.0631,8.8126],[-80.8387,8.8872],[-80.6765,9.0219],[-80.5469,9.0819],[-80.1271,9.2099],[-79.978,9.3437],[-79.8551,9.3781],[-79.7231,9.4793],[-79.6522,9.5582],[-79.5773,9.5979],[-79.3555,9.5692],[-79.2116,9.5319],[-79.1123,9.5368],[-79.0167,9.5104],[-78.975,9.453],[-78.9316,9.4285],[-78.6969,9.4348],[-78.5043,9.4063],[-78.0828,9.2363],[-77.8308,9.0681],[-77.6972,8.8895],[-77.3742,8.6583]]],[[[-81.6033,7.3328],[-81.6581,7.3275],[-81.7701,7.3704],[-81.8521,7.4533],[-81.8569,7.5077],[-81.8122,7.5924],[-81.7523,7.6216],[-81.7288,7.6212],[-81.6714,7.5234],[-81.7104,7.4855],[-81.6947,7.425],[-81.6134,7.3802],[-81.6033,7.3328]]],[[[-79.0654,8.2542],[-79.1104,8.2098],[-79.1275,8.2519],[-79.0963,8.2954],[-79.0853,8.2958],[-79.0654,8.2542]]],[[[-78.8983,8.2743],[-78.9181,8.2319],[-78.9649,8.3263],[-78.9574,8.3506],[-78.9606,8.4358],[-78.916,8.4583],[-78.8833,8.4603],[-78.8562,8.4482],[-78.8392,8.3479],[-78.8532,8.3024],[-78.8983,8.2743]]],[[[-82.2335,9.3807],[-82.2444,9.3341],[-82.3217,9.4181],[-82.2758,9.4319],[-82.2594,9.4303],[-82.2335,9.3807]]]]}},{"type":"Feature","properties":{"SOVEREIGNT":"Peru","ADMIN":"Peru","NAME":"Peru","NAME_LONG":"Peru","ISO_A2":"PE","WB_A2":"PE","CONTINENT":"South America","SUBREGION":"South America"},"geometry":{"type":"Polygon","coordinates":[[[-69.5786,-10.9518],[-68.6853,-12.502],[-68.7629,-12.6077],[-68.7591,-12.6872],[-68.8118,-12.7296],[-68.8677,-12.7552],[-68.9337,-12.8221],[-68.9786,-12.8801],[-68.9723,-13.3823],[-68.9834,-13.4964],[-69.0175,-13.5944],[-69.0741,-13.6828],[-69.023,-13.7803],[-68.9743,-13.976],[-68.9375,-14.0146],[-68.8917,-14.0943],[-68.8709,-14.1697],[-68.8803,-14.1988],[-68.9718,-14.2344],[-69.0045,-14.265],[-69.0131,-14.3772],[-69.1197,-14.4703],[-69.1993,-14.5726],[-69.2349,-14.5971],[-69.276,-14.7459],[-69.3595,-14.7953],[-69.3737,-14.8875],[-69.3747,-14.963],[-69.3307,-15.039],[-69.1871,-15.1987],[-69.1725,-15.2366],[-69.3019,-15.3994],[-69.4185,-15.6034],[-69.4209,-15.6406],[-69.3919,-15.7369],[-69.2176,-16.1491],[-69.188,-16.1828],[-69.1342,-16.222],[-69.0462,-16.2177],[-68.9135,-16.2619],[-68.8488,-16.3128],[-68.8428,-16.3379],[-68.8578,-16.3548],[-69.0062,-16.4337],[-69.0329,-16.476],[-69.0384,-16.5427],[-69.0207,-16.6422],[-69.0545,-16.6743],[-69.1325,-16.7131],[-69.1998,-16.7685],[-69.3815,-17.0014],[-69.4211,-17.04],[-69.4383,-17.0884],[-69.5033,-17.1048],[-69.6249,-17.2002],[-69.6457,-17.2485],[-69.6259,-17.2944],[-69.5638,-17.3329],[-69.5219,-17.389],[-69.5109,-17.5061],[-69.6848,-17.6498],[-69.8061,-17.6649],[-69.8521,-17.7038],[-69.8415,-17.7852],[-69.8024,-17.9],[-69.8026,-17.9902],[-69.8397,-18.0935],[-69.9264,-18.2061],[-70.0591,-18.2835],[-70.1838,-18.3252],[-70.3775,-18.3336],[-70.4183,-18.3456],[-70.4916,-18.2777],[-70.8175,-18.0525],[-70.9417,-17.932],[-71.0566,-17.8757],[-71.337,-17.6825],[-71.3649,-17.6205],[-71.3994,-17.422],[-71.4359,-17.366],[-71.5322,-17.2943],[-71.7745,-17.1988],[-71.8684,-17.1511],[-71.9669,-17.0641],[-72.1113,-17.0025],[-72.2686,-16.8762],[-72.3625,-16.775],[-72.4677,-16.7081],[-72.7939,-16.6146],[-72.9577,-16.5209],[-73.2638,-16.3886],[-73.4,-16.3043],[-73.7277,-16.2017],[-73.825,-16.1528],[-74.1471,-15.9125],[-74.3729,-15.834],[-74.5549,-15.699],[-75.1042,-15.4119],[-75.1905,-15.3201],[-75.2746,-15.1781],[-75.3966,-15.0936],[-75.5336,-14.8992],[-75.7377,-14.785],[-75.9339,-14.6336],[-76.0063,-14.4958],[-76.1365,-14.3203],[-76.1751,-14.2267],[-76.289,-14.1331],[-76.297,-13.9484],[-76.3765,-13.8631],[-76.3195,-13.8215],[-76.2592,-13.8028],[-76.1839,-13.5152],[-76.2236,-13.3712],[-76.4273,-13.11],[-76.5021,-12.9844],[-76.5552,-12.8234],[-76.6371,-12.728],[-76.758,-12.5271],[-76.8321,-12.3487],[-76.9941,-12.2192],[-77.0381,-12.1728],[-77.0627,-12.1068],[-77.1527,-12.0604],[-77.1576,-11.9234],[-77.2203,-11.6634],[-77.3099,-11.5324],[-77.6332,-11.2878],[-77.6386,-11.1936],[-77.6643,-11.0221],[-77.7361,-10.8367],[-78.0955,-10.2606],[-78.1856,-10.0891],[-78.2756,-9.8104],[-78.3565,-9.6521],[-78.4457,-9.3706],[-78.5801,-9.1566],[-78.6646,-8.9711],[-78.7546,-8.7404],[-78.7623,-8.617],[-78.9254,-8.4046],[-79.0123,-8.2102],[-79.1644,-8.0472],[-79.3128,-7.9232],[-79.3772,-7.8355],[-79.5889,-7.4189],[-79.6177,-7.2956],[-79.762,-7.0665],[-79.9047,-6.9017],[-79.995,-6.7689],[-80.1103,-6.6496],[-80.8116,-6.2822],[-81.0584,-6.1294],[-81.142,-6.0567],[-81.1805,-5.9424],[-81.1643,-5.8753],[-81.0918,-5.8124],[-80.9917,-5.8609],[-80.9307,-5.8408],[-80.8827,-5.759],[-80.8819,-5.6351],[-80.9431,-5.4754],[-81.1677,-5.1671],[-81.1507,-5.1019],[-81.1085,-5.0278],[-81.1951,-4.8795],[-81.2894,-4.7607],[-81.3366,-4.6695],[-81.2832,-4.3223],[-81.232,-4.2343],[-80.8919,-3.8816],[-80.7986,-3.7311],[-80.6527,-3.6382],[-80.5037,-3.4961],[-80.3247,-3.3879],[-80.2735,-3.4246],[-80.2652,-3.4925],[-80.2454,-3.5222],[-80.2438,-3.5768],[-80.2206,-3.6132],[-80.2173,-3.7107],[-80.2289,-3.7389],[-80.2176,-3.7877],[-80.1792,-3.8777],[-80.1941,-3.9059],[-80.2669,-3.9488],[-80.3033,-4.0051],[-80.3579,-4.0034],[-80.4372,-3.9786],[-80.4901,-4.0101],[-80.51,-4.0695],[-80.4935,-4.1191],[-80.4885,-4.1655],[-80.4538,-4.2052],[-80.3529,-4.2085],[-80.4885,-4.3937],[-80.4786,-4.4301],[-80.4242,-4.4614],[-80.3835,-4.4637],[-80.2934,-4.4168],[-80.1975,-4.311],[-80.1396,-4.2961],[-80.0635,-4.3275],[-79.9629,-4.3903],[-79.8451,-4.4459],[-79.7973,-4.4764],[-79.6385,-4.4549],[-79.5162,-4.5392],[-79.5019,-4.6706],[-79.4558,-4.7662],[-79.331,-4.9278],[-79.2681,-4.9576],[-79.1867,-4.9582],[-79.0763,-4.9906],[-79.0333,-4.9691],[-78.9754,-4.8732],[-78.9192,-4.8584],[-78.9142,-4.8187],[-78.9258,-4.7707],[-78.9076,-4.7145],[-78.8615,-4.665],[-78.686,-4.5624],[-78.6529,-4.4582],[-78.6612,-4.4251],[-78.6852,-4.384],[-78.6794,-4.3259],[-78.6034,-4.1573],[-78.5504,-3.9869],[-78.5091,-3.9521],[-78.471,-3.8431],[-78.4198,-3.7769],[-78.4214,-3.7058],[-78.4,-3.6743],[-78.398,-3.5948],[-78.3473,-3.4312],[-78.3454,-3.3974],[-78.323,-3.3883],[-78.2842,-3.399],[-78.2507,-3.4361],[-78.2404,-3.4726],[-78.2263,-3.4892],[-78.1949,-3.4858],[-78.1585,-3.4651],[-78.161,-3.4321],[-78.1875,-3.3998],[-78.1946,-3.3805],[-78.1833,-3.3502],[-77.9385,-3.047],[-77.8606,-2.9816],[-77.3601,-2.8097],[-76.6791,-2.5626],[-76.0898,-2.1331],[-75.5706,-1.5312],[-75.4081,-0.9243],[-75.3482,-0.9668],[-75.2724,-0.9668],[-75.2496,-0.9519],[-75.2836,-0.7071],[-75.2787,-0.6539],[-75.2594,-0.5901],[-75.2632,-0.5554],[-75.3252,-0.5065],[-75.4247,-0.4089],[-75.466,-0.3218],[-75.4911,-0.2483],[-75.632,-0.1576],[-75.6263,-0.1229],[-75.5837,-0.1229],[-75.476,-0.1571],[-75.3405,-0.1422],[-75.2845,-0.1065],[-75.2246,-0.0417],[-75.1384,-0.0505],[-75.005,-0.1559],[-74.9453,-0.1882],[-74.8888,-0.1994],[-74.8018,-0.2001],[-74.7554,-0.2986],[-74.6164,-0.37],[-74.4652,-0.5177],[-74.4179,-0.5807],[-74.3531,-0.7666],[-74.3286,-0.8084],[-74.3344,-0.8509],[-74.2839,-0.9278],[-74.2464,-0.9706],[-74.1808,-0.9978],[-74.0544,-1.0286],[-73.9868,-1.0981],[-73.927,-1.1252],[-73.8632,-1.1967],[-73.8072,-1.218],[-73.7357,-1.2142],[-73.6643,-1.2488],[-73.6103,-1.3164],[-73.5755,-1.4014],[-73.5214,-1.4497],[-73.4943,-1.5366],[-73.5252,-1.6389],[-73.4963,-1.6931],[-73.4403,-1.7374],[-73.3495,-1.7839],[-73.2665,-1.7723],[-73.224,-1.7877],[-73.197,-1.8303],[-73.1265,-2.0811],[-73.1602,-2.1563],[-73.1727,-2.2084],[-73.1545,-2.2782],[-72.9896,-2.3397],[-72.9411,-2.394],[-72.8872,-2.4085],[-72.8112,-2.4055],[-72.7142,-2.3922],[-72.6602,-2.361],[-72.6253,-2.3517],[-72.3956,-2.4289],[-72.2185,-2.4005],[-72.1368,-2.3807],[-72.0538,-2.3246],[-71.9843,-2.3266],[-71.9325,-2.2887],[-71.8027,-2.1663],[-71.7525,-2.1527],[-71.5595,-2.2242],[-71.4961,-2.2792],[-71.4475,-2.2938],[-71.397,-2.3341],[-71.3001,-2.3349],[-71.1964,-2.3131],[-71.1134,-2.2454],[-70.9686,-2.2068],[-70.9146,-2.2186],[-70.7054,-2.342],[-70.648,-2.4058],[-70.5759,-2.4183],[-70.5168,-2.4531],[-70.4182,-2.4907],[-70.3642,-2.5293],[-70.2946,-2.5525],[-70.2444,-2.6065],[-70.1647,-2.6398],[-70.0958,-2.6582],[-70.0647,-2.7017],[-70.0645,-2.7308],[-70.074,-2.7502],[-70.7351,-3.7815],[-70.5297,-3.8664],[-70.4858,-3.8693],[-70.4211,-3.8496],[-70.3792,-3.8188],[-70.3395,-3.8144],[-70.2403,-3.8827],[-70.1984,-3.9951],[-70.1675,-4.0502],[-70.0948,-4.0922],[-70.0172,-4.162],[-69.9659,-4.2359],[-69.972,-4.3012],[-70.004,-4.3272],[-70.0533,-4.3331],[-70.1288,-4.2866],[-70.2392,-4.3012],[-70.3169,-4.247],[-70.3437,-4.1937],[-70.4046,-4.1501],[-70.5307,-4.1676],[-70.6346,-4.1687],[-70.7216,-4.1589],[-70.7995,-4.1733],[-70.866,-4.2296],[-70.9156,-4.2953],[-70.9737,-4.3505],[-71.1442,-4.3872],[-71.235,-4.3882],[-71.3168,-4.4243],[-71.4383,-4.4376],[-71.5213,-4.4697],[-71.8447,-4.5044],[-71.9824,-4.5746],[-72.2568,-4.7489],[-72.3528,-4.786],[-72.469,-4.9013],[-72.6083,-5.0096],[-72.6987,-5.0672],[-72.8319,-5.0938],[-72.8871,-5.1228],[-72.9075,-5.1577],[-72.8958,-5.1982],[-72.9589,-5.4952],[-72.9799,-5.6349],[-73.0681,-5.7896],[-73.1629,-5.9334],[-73.2355,-6.0984],[-73.2065,-6.1564],[-73.1354,-6.3443],[-73.1263,-6.4009],[-73.1374,-6.4658],[-73.1774,-6.5252],[-73.2403,-6.5641],[-73.3255,-6.5747],[-73.4999,-6.6795],[-73.6945,-6.8338],[-73.7581,-6.9058],[-73.8046,-7.0799],[-73.793,-7.1351],[-73.7582,-7.1728],[-73.7233,-7.2628],[-73.7204,-7.3093],[-73.7495,-7.3354],[-73.854,-7.3499],[-73.8917,-7.3731],[-73.9294,-7.3673],[-73.9643,-7.3789],[-73.9643,-7.4167],[-73.9527,-7.4603],[-73.9585,-7.5066],[-74.0021,-7.5561],[-73.9817,-7.5851],[-73.8946,-7.6548],[-73.8221,-7.739],[-73.7669,-7.7535],[-73.7204,-7.7825],[-73.7146,-7.829],[-73.732,-7.8754],[-73.7727,-7.8957],[-73.7756,-7.9364],[-73.6827,-8.0206],[-73.6449,-8.0729],[-73.6101,-8.1454],[-73.6101,-8.1919],[-73.5491,-8.2993],[-73.5491,-8.3458],[-73.3981,-8.459],[-73.3604,-8.4793],[-73.3517,-8.5142],[-73.3567,-8.567],[-73.3024,-8.654],[-73.2031,-8.7193],[-72.974,-8.9932],[-72.9704,-9.1201],[-73.2094,-9.4114],[-72.8143,-9.4104],[-72.6055,-9.4521],[-72.3791,-9.5102],[-72.3181,-9.5566],[-72.2658,-9.6885],[-72.26,-9.7743],[-72.1729,-9.844],[-72.1816,-10.0037],[-72.143,-10.0052],[-71.608,-10.0061],[-71.3394,-9.9886],[-71.2379,-9.966],[-71.1153,-9.8524],[-71.0417,-9.8187],[-70.9708,-9.7657],[-70.8845,-9.669],[-70.8163,-9.6253],[-70.7585,-9.5717],[-70.6725,-9.518],[-70.6369,-9.4782],[-70.5411,-9.4375],[-70.5922,-9.5435],[-70.5992,-9.6205],[-70.5672,-9.7046],[-70.5938,-9.7675],[-70.6369,-9.8237],[-70.6423,-11.0103],[-70.5965,-10.9769],[-70.5333,-10.9469],[-70.4509,-11.0248],[-70.3923,-11.0586],[-70.342,-11.0667],[-70.2904,-11.0643],[-70.2201,-11.0477],[-69.9604,-10.9299],[-69.8398,-10.9334],[-69.674,-10.9541],[-69.5786,-10.9518]]]}},{"type":"Feature","properties":{"SOVEREIGNT":"United States","ADMIN":"Puerto Rico","NAME":"Puerto Rico","NAME_LONG":"Puerto Rico","ISO_A2":"PR","WB_A2":"PR","CONTINENT":"North America","SUBREGION":"Caribbean"},"geometry":{"type":"MultiPolygon","coordinates":[[[[-67.8725,18.0599],[-67.8912,18.0599],[-67.9304,18.0869],[-67.9371,18.1006],[-67.9306,18.1151],[-67.9189,18.1209],[-67.8611,18.1226],[-67.8437,18.111],[-67.8725,18.0599]]],[[[-65.4256,18.1056],[-65.504,18.0995],[-65.5551,18.1077],[-65.5722,18.1373],[-65.4771,18.165],[-65.3662,18.1611],[-65.3027,18.1444],[-65.2949,18.1333],[-65.4256,18.1056]]],[[[-66.1294,18.4449],[-66.0985,18.4252],[-66.0684,18.428],[-66.0927,18.469],[-66.0704,18.469],[-65.8788,18.4438],[-65.7556,18.4016],[-65.6288,18.3814],[-65.6208,18.2423],[-65.7184,18.1867],[-65.7822,18.1286],[-65.8341,18.0573],[-65.9708,17.9744],[-66.1355,17.9495],[-66.245,17.9473],[-66.2859,17.95],[-66.3258,17.9642],[-66.4085,17.9506],[-66.5108,17.987],[-66.5984,17.9779],[-66.7724,17.9866],[-66.8376,17.9551],[-66.9,17.9479],[-66.9612,17.9538],[-67.0133,17.9679],[-67.1424,17.9667],[-67.1969,17.9942],[-67.1743,18.1525],[-67.1725,18.2242],[-67.2042,18.2834],[-67.239,18.3207],[-67.2641,18.3646],[-67.2134,18.3936],[-67.1718,18.4358],[-67.1586,18.4992],[-67.113,18.5148],[-67.0596,18.5222],[-66.8129,18.4925],[-66.1886,18.4758],[-66.1531,18.4707],[-66.1294,18.4449]]]]}},{"type":"Feature","properties":{"SOVEREIGNT":"Paraguay","ADMIN":"Paraguay","NAME":"Paraguay","NAME_LONG":"Paraguay","ISO_A2":"PY","WB_A2":"PY","CONTINENT":"South America","SUBREGION":"South America"},"geometry":{"type":"Polygon","coordinates":[[[-54.6159,-25.5761],[-54.6319,-26.0058],[-54.6777,-26.3088],[-54.7551,-26.5329],[-54.8255,-26.6522],[-54.8889,-26.6668],[-54.9345,-26.7025],[-54.9622,-26.7594],[-55.0136,-26.8066],[-55.0889,-26.8445],[-55.1296,-26.886],[-55.1359,-26.9312],[-55.208,-26.9602],[-55.3458,-26.9731],[-55.4267,-27.0093],[-55.4506,-27.0684],[-55.4967,-27.1153],[-55.5649,-27.15],[-55.5973,-27.2076],[-55.5938,-27.2881],[-55.6329,-27.3571],[-55.7146,-27.4148],[-55.79,-27.4164],[-55.859,-27.3619],[-55.9515,-27.3257],[-56.0673,-27.3077],[-56.1641,-27.3215],[-56.2417,-27.3668],[-56.3105,-27.4388],[-56.3705,-27.5374],[-56.4372,-27.5538],[-56.5105,-27.4879],[-56.6034,-27.4679],[-56.7157,-27.4937],[-56.8052,-27.4847],[-56.8717,-27.4406],[-56.974,-27.4357],[-57.1118,-27.4701],[-57.3913,-27.4305],[-57.8122,-27.3166],[-58.1683,-27.2734],[-58.6048,-27.3144],[-58.6417,-27.1961],[-58.6186,-27.1321],[-58.5477,-27.084],[-58.5032,-27.0295],[-58.4853,-26.9685],[-58.4363,-26.922],[-58.3564,-26.89],[-58.3226,-26.8576],[-58.3347,-26.8249],[-58.3177,-26.7959],[-58.2717,-26.7707],[-58.2456,-26.7311],[-58.2394,-26.6769],[-58.2221,-26.65],[-58.1913,-26.63],[-58.1879,-26.5926],[-58.2052,-26.4766],[-58.203,-26.3814],[-58.1815,-26.3074],[-58.1547,-26.2626],[-58.1356,-26.2515],[-58.1181,-26.2249],[-58.1111,-26.1802],[-58.0824,-26.1386],[-57.9431,-26.0529],[-57.8906,-26.0065],[-57.8862,-25.9643],[-57.8652,-25.9069],[-57.7825,-25.7837],[-57.7571,-25.726],[-57.7548,-25.6971],[-57.7255,-25.6672],[-57.6258,-25.5987],[-57.5717,-25.5342],[-57.5631,-25.4737],[-57.5872,-25.4051],[-57.6439,-25.3284],[-57.8217,-25.1364],[-57.9598,-25.0492],[-58.1365,-24.9771],[-58.2528,-24.9538],[-58.3087,-24.9791],[-58.3654,-24.9593],[-58.4228,-24.8941],[-58.5196,-24.8429],[-58.724,-24.7866],[-59.1873,-24.5623],[-59.3729,-24.4539],[-59.4354,-24.387],[-59.6086,-24.2668],[-59.8925,-24.0936],[-60.1103,-24.0092],[-60.2622,-24.014],[-60.5054,-23.9636],[-60.8398,-23.8581],[-61.0329,-23.7557],[-61.0847,-23.6564],[-61.2084,-23.557],[-61.404,-23.4575],[-61.5055,-23.392],[-61.513,-23.3604],[-61.571,-23.3194],[-61.6795,-23.2688],[-61.7985,-23.182],[-61.928,-23.0593],[-62.0666,-22.8694],[-62.2142,-22.6124],[-62.3725,-22.4392],[-62.5416,-22.3496],[-62.626,-22.2904],[-62.6257,-22.2615],[-62.651,-22.2337],[-62.6285,-22.184],[-62.2767,-21.066],[-62.2763,-20.5625],[-62.0118,-20.199],[-61.9169,-20.0554],[-61.7568,-19.6453],[-61.5118,-19.6064],[-60.0074,-19.2976],[-59.0905,-19.2862],[-58.1802,-19.8179],[-58.1601,-19.8549],[-58.1399,-19.9988],[-58.1598,-20.1646],[-58.1246,-20.2935],[-58.0584,-20.3861],[-58.0254,-20.4158],[-58.0022,-20.4654],[-58.0088,-20.5217],[-57.9791,-20.6573],[-57.9625,-20.6738],[-57.9151,-20.6903],[-57.8914,-20.7475],[-57.9085,-20.7764],[-57.9019,-20.8094],[-57.8848,-20.8417],[-57.9005,-20.873],[-57.8922,-20.8971],[-57.86,-20.9186],[-57.8302,-20.9979],[-57.827,-21.1336],[-57.8865,-21.2658],[-57.8931,-21.3022],[-57.8732,-21.3551],[-57.946,-21.494],[-57.9162,-21.6991],[-57.9427,-21.7983],[-57.9493,-21.8512],[-57.9328,-21.9107],[-57.9791,-22.0066],[-57.9857,-22.0464],[-57.9559,-22.1092],[-57.8798,-22.1356],[-57.8203,-22.1423],[-57.7641,-22.1092],[-57.7211,-22.0992],[-57.6417,-22.129],[-57.5689,-22.1819],[-57.3937,-22.1984],[-57.3309,-22.215],[-57.2382,-22.1952],[-57.1423,-22.215],[-56.9373,-22.2713],[-56.7752,-22.2613],[-56.7024,-22.2315],[-56.633,-22.2349],[-56.5801,-22.1819],[-56.5238,-22.1025],[-56.4478,-22.0762],[-56.3949,-22.0927],[-56.3519,-22.1786],[-56.2758,-22.2282],[-56.246,-22.2646],[-56.1898,-22.2812],[-55.9914,-22.2812],[-55.9054,-22.3076],[-55.8492,-22.3076],[-55.7996,-22.3539],[-55.7533,-22.4102],[-55.7466,-22.5127],[-55.7037,-22.5921],[-55.6474,-22.6219],[-55.6177,-22.6715],[-55.6276,-22.7409],[-55.6541,-22.8104],[-55.6507,-22.8864],[-55.621,-22.9559],[-55.621,-23.0253],[-55.6011,-23.0947],[-55.5614,-23.1543],[-55.5482,-23.2502],[-55.5548,-23.3196],[-55.5284,-23.3594],[-55.5185,-23.4156],[-55.535,-23.4619],[-55.5416,-23.5247],[-55.5383,-23.581],[-55.5185,-23.6272],[-55.4589,-23.6867],[-55.4424,-23.7926],[-55.4424,-23.8653],[-55.4159,-23.9514],[-55.3663,-23.991],[-55.1943,-24.0175],[-54.9827,-23.9745],[-54.9265,-23.9514],[-54.8173,-23.8885],[-54.6255,-23.8125],[-54.5296,-23.8521],[-54.4402,-23.9018],[-54.3708,-23.9712],[-54.2418,-24.0473],[-54.2669,-24.0658],[-54.3183,-24.1281],[-54.3173,-24.2013],[-54.281,-24.3061],[-54.3129,-24.5281],[-54.413,-24.8675],[-54.4541,-25.0652],[-54.4362,-25.1213],[-54.4731,-25.2202],[-54.6105,-25.4327],[-54.6159,-25.5761]]]}},{"type":"Feature","properties":{"SOVEREIGNT":"El Salvador","ADMIN":"El Salvador","NAME":"El Salvador","NAME_LONG":"El Salvador","ISO_A2":"SV","WB_A2":"SV","CONTINENT":"North America","SUBREGION":"Central America"},"geometry":{"type":"Polygon","coordinates":[[[-90.0952,13.7365],[-90.1059,13.783],[-90.1047,13.8348],[-90.0481,13.9041],[-89.9427,13.9974],[-89.8727,14.0456],[-89.8399,14.0551],[-89.7937,14.0501],[-89.7494,14.077],[-89.7111,14.1413],[-89.6713,14.1827],[-89.5703,14.2247],[-89.5472,14.2413],[-89.577,14.3471],[-89.5736,14.3901],[-89.5405,14.4099],[-89.4188,14.4311],[-89.3833,14.4276],[-89.3626,14.416],[-89.1701,14.3603],[-89.1205,14.3702],[-89.0571,14.3292],[-89.0269,14.297],[-89.0002,14.2527],[-88.8683,14.1637],[-88.8459,14.1248],[-88.7474,14.0723],[-88.7076,14.0321],[-88.6656,14.0155],[-88.5125,13.979],[-88.5043,13.9642],[-88.4977,13.9045],[-88.4827,13.8542],[-88.4491,13.851],[-88.2762,13.9427],[-88.151,13.9874],[-88.0805,13.9606],[-88.0387,13.9046],[-87.991,13.8796],[-87.892,13.895],[-87.8022,13.89],[-87.7314,13.8411],[-87.7153,13.8127],[-87.7585,13.65],[-87.7819,13.5214],[-87.7316,13.4831],[-87.737,13.4514],[-87.8142,13.3992],[-87.8384,13.3858],[-87.8207,13.2852],[-87.8781,13.2244],[-87.9309,13.1807],[-88.0234,13.1687],[-88.1807,13.164],[-88.4171,13.2135],[-88.5916,13.2811],[-88.6856,13.2815],[-88.6559,13.2592],[-88.5815,13.245],[-88.4839,13.1972],[-88.512,13.1839],[-88.867,13.2833],[-89.2776,13.4781],[-89.5232,13.5091],[-89.8042,13.5601],[-89.9705,13.6832],[-90.0952,13.7365]]]}},{"type":"Feature","properties":{"SOVEREIGNT":"Suriname","ADMIN":"Suriname","NAME":"Suriname","NAME_LONG":"Suriname","ISO_A2":"SR","WB_A2":"SR","CONTINENT":"South America","SUBREGION":"South America"},"geometry":{"type":"Polygon","coordinates":[[[-54.6163,2.3268],[-54.6619,2.3275],[-54.6974,2.3598],[-54.7029,2.3979],[-54.7222,2.4417],[-54.7668,2.4547],[-54.8517,2.4396],[-54.8761,2.4504],[-54.9266,2.4974],[-54.9684,2.5483],[-54.9787,2.5977],[-55.0058,2.593],[-55.0703,2.5483],[-55.1141,2.5392],[-55.1488,2.5508],[-55.1877,2.5475],[-55.286,2.4997],[-55.344,2.4888],[-55.3854,2.4406],[-55.6589,2.4188],[-55.7306,2.4062],[-55.9359,2.5166],[-55.9575,2.5205],[-55.9756,2.516],[-55.9935,2.4975],[-56.0204,2.3928],[-56.0451,2.3644],[-56.0878,2.3413],[-56.1294,2.2995],[-56.1377,2.259],[-56.0736,2.2368],[-56.0201,2.1582],[-55.9153,2.0396],[-55.9296,1.8875],[-55.9633,1.8571],[-56.0199,1.8422],[-56.4828,1.9421],[-56.5627,2.0051],[-56.7043,2.0365],[-56.7611,2.1149],[-56.8405,2.2771],[-56.8864,2.326],[-56.9315,2.3954],[-56.9452,2.4568],[-56.9971,2.5322],[-57.029,2.6375],[-57.0419,2.6411],[-57.0604,2.6657],[-57.1051,2.7683],[-57.1211,2.7755],[-57.1636,2.8333],[-57.1974,2.8533],[-57.2098,2.8828],[-57.2069,2.9634],[-57.225,3.0031],[-57.2316,3.1089],[-57.249,3.1423],[-57.2779,3.1643],[-57.2899,3.3536],[-57.3037,3.3771],[-57.4256,3.3754],[-57.4379,3.3623],[-57.5496,3.3528],[-57.6467,3.3945],[-57.6561,3.4237],[-57.6495,3.5174],[-57.7204,3.5883],[-57.8327,3.676],[-57.8666,3.7873],[-57.9077,3.8567],[-58.0322,4.002],[-58.0543,4.1017],[-58.0545,4.1719],[-58.0107,4.2365],[-57.9498,4.35],[-57.9247,4.4531],[-57.846,4.6682],[-57.8679,4.7243],[-57.9049,4.7793],[-57.917,4.8204],[-57.8811,4.8806],[-57.8449,4.923],[-57.8041,4.9291],[-57.752,4.9545],[-57.7111,4.9911],[-57.5709,5.0045],[-57.4122,5.0046],[-57.331,5.0202],[-57.3058,5.0496],[-57.3096,5.1059],[-57.2693,5.157],[-57.2269,5.1785],[-57.2098,5.1954],[-57.2073,5.2142],[-57.2185,5.2315],[-57.2353,5.2429],[-57.2796,5.2468],[-57.3186,5.3354],[-57.2919,5.374],[-57.2575,5.4452],[-57.2479,5.4853],[-57.1948,5.5484],[-57.1821,5.5289],[-57.1408,5.6438],[-57.136,5.7372],[-57.1046,5.8294],[-57.0566,5.9387],[-56.9698,5.9929],[-56.466,5.9377],[-56.2356,5.8854],[-55.9396,5.7955],[-55.8976,5.6993],[-55.8955,5.7955],[-55.9099,5.8926],[-55.8282,5.9617],[-55.6483,5.9859],[-55.3793,5.9526],[-55.1483,5.9935],[-54.8337,5.9883],[-54.3562,5.9099],[-54.1423,5.8563],[-54.0542,5.8079],[-54.0374,5.7205],[-54.0459,5.6089],[-54.0805,5.5022],[-54.156,5.359],[-54.2402,5.2882],[-54.3316,5.1874],[-54.4522,5.0135],[-54.4469,4.9588],[-54.4733,4.9147],[-54.4797,4.8365],[-54.4711,4.7493],[-54.4402,4.692],[-54.4261,4.583],[-54.4496,4.485],[-54.4407,4.428],[-54.3962,4.2414],[-54.3984,4.2025],[-54.3421,4.14],[-54.3507,4.0541],[-54.2555,3.9011],[-54.1975,3.8344],[-54.1128,3.7694],[-54.0342,3.6294],[-54.0059,3.6204],[-53.9905,3.5896],[-54.006,3.5305],[-54.0096,3.4485],[-54.0632,3.3533],[-54.188,3.1788],[-54.2031,3.1382],[-54.1707,2.9936],[-54.1955,2.8179],[-54.402,2.4615],[-54.4855,2.4161],[-54.5359,2.3433],[-54.6047,2.3358],[-54.6163,2.3268]]]}},{"type":"Feature","properties":{"SOVEREIGNT":"Trinidad and Tobago","ADMIN":"Trinidad and Tobago","NAME":"Trinidad and Tobago","NAME_LONG":"Trinidad and Tobago","ISO_A2":"TT","WB_A2":"TT","CONTINENT":"North America","SUBREGION":"Caribbean"},"geometry":{"type":"MultiPolygon","coordinates":[[[[-61.0121,10.1343],[-61.1743,10.078],[-61.5967,10.0646],[-61.7717,10.0851],[-61.9061,10.0691],[-61.6615,10.1917],[-61.6327,10.2434],[-61.5289,10.2531],[-61.4993,10.2686],[-61.4647,10.539],[-61.4783,10.6034],[-61.4988,10.6389],[-61.5409,10.6645],[-61.6353,10.6994],[-61.6512,10.7181],[-61.5918,10.7479],[-61.4648,10.7645],[-61.37,10.7968],[-61.1737,10.8033],[-61.0785,10.8319],[-60.9176,10.8402],[-60.9967,10.7162],[-61.0337,10.6699],[-61.0193,10.5581],[-61.0375,10.4823],[-61.0164,10.3864],[-60.9685,10.3234],[-60.9996,10.2615],[-61.0041,10.1678],[-61.0121,10.1343]]],[[[-60.7563,11.1785],[-60.8106,11.1686],[-60.8043,11.2084],[-60.7089,11.2772],[-60.5628,11.3235],[-60.5255,11.3254],[-60.5465,11.2637],[-60.7563,11.1785]]]]}},{"type":"Feature","properties":{"SOVEREIGNT":"Uruguay","ADMIN":"Uruguay","NAME":"Uruguay","NAME_LONG":"Uruguay","ISO_A2":"UY","WB_A2":"UY","CONTINENT":"South America","SUBREGION":"South America"},"geometry":{"type":"Polygon","coordinates":[[[-58.2012,-32.4717],[-58.123,-32.3219],[-58.1197,-32.2489],[-58.1648,-32.1849],[-58.177,-32.119],[-58.1563,-32.0516],[-58.1604,-31.9865],[-58.189,-31.9242],[-58.1675,-31.8727],[-58.0958,-31.8318],[-58.0423,-31.7692],[-58.007,-31.685],[-57.9889,-31.6206],[-57.988,-31.5762],[-58.0097,-31.5344],[-58.0539,-31.4949],[-58.0334,-31.4166],[-57.9483,-31.2994],[-57.8934,-31.1953],[-57.8684,-31.1044],[-57.8701,-31.0311],[-57.8983,-30.9752],[-57.8863,-30.9374],[-57.8341,-30.9175],[-57.8106,-30.8586],[-57.8186,-30.712],[-57.8725,-30.591],[-57.8312,-30.4952],[-57.7127,-30.3845],[-57.6509,-30.295],[-57.6458,-30.227],[-57.6089,-30.1878],[-57.5523,-30.2612],[-57.3838,-30.2807],[-57.2145,-30.2834],[-57.1869,-30.2648],[-57.1205,-30.1444],[-57.0327,-30.11],[-56.9373,-30.1011],[-56.8327,-30.1072],[-56.7217,-30.1869],[-56.4072,-30.4475],[-56.1762,-30.6284],[-56.0448,-30.7776],[-55.999,-30.8372],[-56.0185,-30.9919],[-56.0155,-31.0597],[-56.0047,-31.0792],[-55.952,-31.0809],[-55.8737,-31.0696],[-55.8078,-31.0367],[-55.706,-30.9466],[-55.6652,-30.9249],[-55.6271,-30.8581],[-55.603,-30.8508],[-55.5573,-30.876],[-55.4496,-30.9645],[-55.3661,-31.0462],[-55.3455,-31.093],[-55.2546,-31.2256],[-55.1735,-31.2796],[-55.0912,-31.314],[-55.036,-31.279],[-54.896,-31.3912],[-54.5876,-31.4852],[-54.5309,-31.542],[-54.4777,-31.6228],[-54.3699,-31.745],[-54.2206,-31.8552],[-54.1004,-31.9016],[-53.9852,-31.9281],[-53.9206,-31.9523],[-53.8765,-31.9945],[-53.8061,-32.0399],[-53.7617,-32.0568],[-53.6017,-32.403],[-53.4894,-32.5032],[-53.3627,-32.5812],[-53.2313,-32.6254],[-53.1573,-32.6801],[-53.1256,-32.7367],[-53.3952,-33.0104],[-53.4829,-33.0686],[-53.5119,-33.1087],[-53.5313,-33.1709],[-53.5304,-33.5003],[-53.5376,-33.6229],[-53.5313,-33.6555],[-53.5188,-33.6772],[-53.4636,-33.7099],[-53.3976,-33.7373],[-53.3706,-33.7422],[-53.4196,-33.7792],[-53.4725,-33.8493],[-53.5345,-34.0175],[-53.7429,-34.2495],[-53.7853,-34.3804],[-54.0103,-34.517],[-54.1686,-34.6707],[-54.2721,-34.6669],[-54.3653,-34.7327],[-54.9023,-34.9328],[-55.0951,-34.8951],[-55.2379,-34.8958],[-55.3706,-34.8076],[-55.6731,-34.7757],[-55.8629,-34.8109],[-56.1179,-34.9079],[-56.25,-34.9013],[-56.3878,-34.861],[-56.4631,-34.7754],[-56.8552,-34.6767],[-57.1707,-34.4523],[-57.5435,-34.448],[-57.8291,-34.4773],[-57.8732,-34.4477],[-57.9021,-34.3901],[-57.9612,-34.3069],[-58.207,-34.1091],[-58.4002,-33.9124],[-58.4381,-33.7191],[-58.4113,-33.5089],[-58.3534,-33.2601],[-58.3635,-33.1823],[-58.2922,-33.138],[-58.2216,-33.1291],[-58.1536,-33.0646],[-58.0927,-32.9674],[-58.0823,-32.8937],[-58.1296,-32.7572],[-58.1622,-32.5665],[-58.2012,-32.4717]]]}},{"type":"Feature","properties":{"SOVEREIGNT":"United States","ADMIN":"United States","NAME":"United States","NAME_LONG":"United States","ISO_A2":"US","WB_A2":"US","CONTINENT":"North America","SUBREGION":"Northern America"},"geometry":{"type":"MultiPolygon","coordinates":[[[[-74.7089,45.0039],[-71.5175,45.0076],[-71.419,45.2003],[-71.3273,45.2901],[-71.2016,45.2604],[-71.1347,45.2628],[-71.0603,45.3091],[-70.9999,45.3373],[-70.9602,45.3331],[-70.898,45.2625],[-70.865,45.2707],[-70.8368,45.3107],[-70.8378,45.3662],[-70.7992,45.4048],[-70.7533,45.4107],[-70.7109,45.4095],[-70.6898,45.4283],[-70.7074,45.4989],[-70.7022,45.5514],[-70.5964,45.644],[-70.4666,45.7068],[-70.4211,45.7382],[-70.4079,45.8019],[-70.2962,45.9061],[-70.2872,45.9392],[-70.3064,45.9798],[-70.3045,46.0574],[-70.2483,46.2509],[-70.1797,46.3418],[-70.0672,46.4411],[-70.0077,46.7089],[-69.2429,47.463],[-69.0502,47.4266],[-69.0643,47.3381],[-69.0486,47.2736],[-69.0031,47.2364],[-68.9372,47.2112],[-68.8874,47.2028],[-68.8287,47.2033],[-68.6686,47.2535],[-68.4804,47.2858],[-68.3769,47.3162],[-68.358,47.3445],[-68.3109,47.3545],[-68.2355,47.3459],[-68.0968,47.2749],[-67.8068,47.0828],[-67.7847,45.9528],[-67.767,45.927],[-67.7823,45.8742],[-67.7753,45.8179],[-67.7917,45.7956],[-67.7999,45.7698],[-67.8022,45.7275],[-67.7847,45.7017],[-67.7553,45.6865],[-67.7307,45.6865],[-67.6579,45.6442],[-67.5958,45.6208],[-67.5312,45.6125],[-67.4866,45.6184],[-67.4327,45.6031],[-67.4139,45.5656],[-67.4244,45.5304],[-67.4878,45.501],[-67.4937,45.4741],[-67.4279,45.3779],[-67.4385,45.3404],[-67.462,45.3087],[-67.4726,45.2759],[-67.4526,45.2477],[-67.3998,45.2102],[-67.3669,45.1738],[-67.3153,45.1538],[-67.2496,45.2008],[-67.1249,45.1694],[-67.1304,45.139],[-67.1022,45.0877],[-67.0805,44.9892],[-67.1139,44.9444],[-67.1067,44.8851],[-67.014,44.8678],[-66.9915,44.8496],[-66.987,44.8277],[-67.1913,44.6756],[-67.3641,44.6969],[-67.4578,44.6565],[-67.556,44.6448],[-67.5991,44.5768],[-67.653,44.5624],[-67.7268,44.5665],[-67.7905,44.5857],[-67.8391,44.5763],[-67.907,44.4536],[-67.9627,44.4643],[-67.9849,44.4202],[-68.014,44.4009],[-68.0566,44.3843],[-68.0937,44.4388],[-68.1173,44.4906],[-68.1521,44.502],[-68.1982,44.5152],[-68.2458,44.5148],[-68.2774,44.5074],[-68.3167,44.4739],[-68.3737,44.4451],[-68.4168,44.4691],[-68.4506,44.5076],[-68.4794,44.4457],[-68.5214,44.3802],[-68.5145,44.3039],[-68.5325,44.2586],[-68.5724,44.2708],[-68.612,44.3105],[-68.7233,44.3423],[-68.8119,44.3394],[-68.7939,44.3817],[-68.7101,44.4426],[-68.7359,44.4545],[-68.777,44.446],[-68.7949,44.4545],[-68.7655,44.5098],[-68.7627,44.5708],[-68.8002,44.5494],[-68.8474,44.4851],[-68.9615,44.4338],[-68.9562,44.3481],[-69.0636,44.1724],[-69.0684,44.0976],[-69.1373,44.0378],[-69.2261,43.9865],[-69.3445,44.0009],[-69.435,43.9563],[-69.4809,43.9051],[-69.5208,43.8974],[-69.5416,43.9626],[-69.5567,43.9828],[-69.59,43.8866],[-69.6239,43.8806],[-69.6529,43.9939],[-69.6991,43.955],[-69.7298,43.852],[-69.762,43.8607],[-69.7723,43.899],[-69.7953,43.9106],[-69.8032,43.8668],[-69.7916,43.8052],[-69.8083,43.7723],[-69.8403,43.7899],[-69.8725,43.8195],[-69.9256,43.797],[-69.9743,43.7879],[-69.9652,43.8551],[-70.0624,43.8346],[-70.1788,43.7664],[-70.2692,43.6719],[-70.2379,43.6562],[-70.2026,43.6261],[-70.3597,43.4802],[-70.5207,43.3488],[-70.6423,43.1344],[-70.6912,43.1093],[-70.7331,43.07],[-70.7776,42.9406],[-70.8291,42.8253],[-70.8003,42.774],[-70.7813,42.7212],[-70.7357,42.6693],[-70.6969,42.6646],[-70.6548,42.674],[-70.624,42.6718],[-70.6042,42.6497],[-70.6129,42.6232],[-70.6614,42.6167],[-70.7519,42.5704],[-70.8312,42.5526],[-70.8709,42.4966],[-70.9305,42.432],[-71.0462,42.3311],[-70.9967,42.3],[-70.818,42.2649],[-70.7383,42.2289],[-70.6177,42.0404],[-70.6452,42.0216],[-70.6562,41.9871],[-70.5489,41.9386],[-70.5147,41.8033],[-70.4267,41.7573],[-70.2955,41.729],[-70.135,41.7699],[-70.0014,41.8262],[-70.0061,41.8723],[-70.09,41.9797],[-70.1103,42.0301],[-70.1726,42.0628],[-70.1962,42.0351],[-70.2365,42.071],[-70.2411,42.0912],[-70.2035,42.101],[-70.1599,42.0971],[-70.1089,42.0783],[-69.9779,41.9613],[-69.9416,41.8079],[-69.9338,41.7104],[-69.9486,41.6771],[-69.9868,41.684],[-70.0595,41.6773],[-70.4047,41.6269],[-70.4813,41.5825],[-70.6571,41.5342],[-70.6681,41.5583],[-70.6554,41.6081],[-70.6665,41.7101],[-70.7011,41.7148],[-70.9742,41.5485],[-71.0798,41.5381],[-71.1686,41.4894],[-71.1884,41.5164],[-71.2043,41.6411],[-71.1487,41.7457],[-71.1783,41.744],[-71.2711,41.6812],[-71.3107,41.7199],[-71.3306,41.7623],[-71.3592,41.7862],[-71.3901,41.7953],[-71.3637,41.7027],[-71.4266,41.6333],[-71.4438,41.4537],[-71.5229,41.379],[-71.7693,41.3309],[-71.9299,41.3411],[-72.0739,41.3261],[-72.2653,41.2917],[-72.371,41.3122],[-72.4794,41.2758],[-72.8472,41.2659],[-72.9247,41.2852],[-73.0237,41.2165],[-73.1823,41.1758],[-73.583,41.0219],[-73.6714,40.9659],[-73.779,40.8784],[-73.8513,40.8314],[-73.9107,40.8161],[-73.9472,40.777],[-73.9871,40.7514],[-73.9486,40.8388],[-73.9067,40.9125],[-73.872,41.0552],[-73.8822,41.1706],[-73.9253,41.2181],[-73.9699,41.2497],[-73.9177,41.1358],[-73.9092,40.9961],[-73.9272,40.9143],[-74.0255,40.7564],[-74.0673,40.7196],[-74.1163,40.6873],[-74.1531,40.6732],[-74.1872,40.648],[-74.2267,40.608],[-74.2642,40.5286],[-74.2415,40.4562],[-74.0499,40.4298],[-73.9984,40.4521],[-73.9723,40.4003],[-73.9576,40.3284],[-73.972,40.2505],[-74.004,40.1713],[-74.0283,40.073],[-74.0489,39.923],[-74.0799,39.7881],[-74.084,39.8291],[-74.0646,39.9931],[-74.096,39.976],[-74.1176,39.9381],[-74.1761,39.7266],[-74.2565,39.6139],[-74.3306,39.5359],[-74.407,39.5488],[-74.3898,39.4868],[-74.4108,39.4545],[-74.4288,39.3872],[-74.4744,39.3426],[-74.5172,39.3469],[-74.5787,39.3161],[-74.603,39.2926],[-74.6048,39.2475],[-74.6459,39.2079],[-74.7945,39.0019],[-74.9234,38.9411],[-74.9543,38.95],[-74.9203,39.0472],[-74.897,39.1455],[-74.9753,39.1882],[-75.0502,39.2108],[-75.1361,39.2079],[-75.2311,39.2843],[-75.3534,39.3398],[-75.5242,39.4902],[-75.5192,39.5319],[-75.5235,39.6019],[-75.4716,39.7124],[-75.4219,39.7897],[-75.3532,39.8297],[-75.1538,39.8705],[-75.1038,39.9318],[-75.0742,39.9835],[-75.1729,39.8948],[-75.3209,39.8647],[-75.4006,39.8316],[-75.4644,39.781],[-75.5021,39.7174],[-75.5876,39.6408],[-75.5816,39.5895],[-75.5673,39.553],[-75.5739,39.477],[-75.5198,39.4028],[-75.4126,39.2814],[-75.3922,39.0928],[-75.3104,38.9666],[-75.1851,38.8194],[-75.0887,38.7775],[-75.084,38.7228],[-75.1285,38.6324],[-75.1871,38.5911],[-75.1108,38.5994],[-75.0729,38.5787],[-75.0359,38.5033],[-75.0388,38.4264],[-75.0513,38.383],[-75.0744,38.3657],[-75.0734,38.41],[-75.0897,38.4254],[-75.1167,38.4062],[-75.1342,38.3843],[-75.1415,38.2981],[-75.16,38.2551],[-75.2254,38.2423],[-75.2918,38.1292],[-75.3535,38.065],[-75.5964,37.6312],[-75.5871,37.5587],[-75.6315,37.5354],[-75.6988,37.5164],[-75.7669,37.473],[-75.8121,37.4252],[-75.854,37.2966],[-75.9344,37.1519],[-75.9845,37.2122],[-75.9974,37.2638],[-75.975,37.3984],[-75.8881,37.6191],[-75.7924,37.7563],[-75.7193,37.8214],[-75.6593,37.954],[-75.7352,37.9737],[-75.8508,37.9716],[-75.8291,38.0328],[-75.7953,38.0867],[-75.8556,38.1404],[-75.8913,38.1472],[-75.9281,38.1692],[-75.885,38.214],[-75.8639,38.2612],[-75.8768,38.3188],[-75.8587,38.3621],[-75.8888,38.3555],[-75.9373,38.3097],[-75.9674,38.2914],[-75.9857,38.3319],[-76.0067,38.3228],[-76.0203,38.2949],[-76.0512,38.2795],[-76.1165,38.3177],[-76.2117,38.3613],[-76.2646,38.4364],[-76.2949,38.4946],[-76.2642,38.6],[-76.1984,38.6187],[-76.1129,38.6016],[-76.0009,38.6017],[-76.0169,38.6251],[-76.0569,38.6212],[-76.175,38.7067],[-76.213,38.7583],[-76.2783,38.7725],[-76.3081,38.7229],[-76.3412,38.7097],[-76.3003,38.8182],[-76.247,38.8227],[-76.1682,38.8527],[-76.1911,38.9156],[-76.2408,38.9431],[-76.3307,38.9086],[-76.3296,38.9528],[-76.3127,39.0094],[-76.245,39.0092],[-76.1857,38.9907],[-76.1352,39.0821],[-76.133,39.1229],[-76.2168,39.0636],[-76.2357,39.1916],[-76.1531,39.315],[-76.0744,39.3688],[-75.976,39.3673],[-75.876,39.376],[-75.9387,39.3986],[-76.0031,39.4108],[-75.9547,39.4596],[-75.9135,39.4684],[-75.8729,39.5109],[-75.9704,39.5046],[-75.9589,39.5851],[-76.0063,39.5687],[-76.063,39.5611],[-76.0851,39.527],[-76.0807,39.4703],[-76.0973,39.4331],[-76.1414,39.4032],[-76.2158,39.3799],[-76.223,39.4203],[-76.2477,39.4386],[-76.2568,39.3521],[-76.2764,39.3228],[-76.3308,39.4039],[-76.3472,39.3875],[-76.3451,39.3645],[-76.359,39.3247],[-76.4057,39.3039],[-76.4028,39.2528],[-76.4209,39.225],[-76.5704,39.2693],[-76.5739,39.2543],[-76.4894,39.1587],[-76.4276,39.126],[-76.4201,39.0739],[-76.4731,39.0306],[-76.5462,39.068],[-76.5585,39.0652],[-76.5188,39.0012],[-76.4938,38.9452],[-76.5195,38.8983],[-76.5155,38.8406],[-76.5211,38.7883],[-76.5369,38.7426],[-76.5013,38.5322],[-76.4164,38.4202],[-76.3941,38.369],[-76.4388,38.3615],[-76.5724,38.4358],[-76.6469,38.5385],[-76.6773,38.612],[-76.6686,38.5375],[-76.642,38.4543],[-76.4088,38.2683],[-76.3329,38.1408],[-76.3412,38.087],[-76.402,38.125],[-76.4544,38.1735],[-76.5936,38.2283],[-76.7691,38.2629],[-76.8681,38.3903],[-76.8678,38.3372],[-76.8897,38.2921],[-76.9502,38.347],[-76.9884,38.3939],[-77.0012,38.4453],[-77.0767,38.4417],[-77.1559,38.3971],[-77.2325,38.4077],[-77.2416,38.4948],[-77.2209,38.541],[-77.1349,38.6501],[-77.0539,38.7058],[-77.0182,38.7777],[-77.0304,38.8893],[-77.0456,38.7758],[-77.0919,38.7195],[-77.1646,38.6766],[-77.2604,38.6],[-77.2838,38.5292],[-77.3137,38.3966],[-77.2732,38.3518],[-77.2319,38.34],[-77.1099,38.3701],[-77.0468,38.3567],[-76.9063,38.1971],[-76.6449,38.1339],[-76.5495,38.0945],[-76.4718,38.0112],[-76.3549,37.9632],[-76.2643,37.8936],[-76.2618,37.8481],[-76.2932,37.7943],[-76.3056,37.7216],[-76.3441,37.6757],[-76.4366,37.6704],[-76.4925,37.6822],[-76.7928,37.938],[-76.8286,37.9615],[-76.94,38.0955],[-77.0707,38.1672],[-77.1111,38.1657],[-76.9251,38.033],[-76.8492,37.9402],[-76.7154,37.8102],[-76.6198,37.7551],[-76.5495,37.6691],[-76.4841,37.6289],[-76.3056,37.5715],[-76.3676,37.5303],[-76.2686,37.4952],[-76.2544,37.4306],[-76.2635,37.357],[-76.401,37.3861],[-76.4055,37.3319],[-76.3932,37.3],[-76.4539,37.2735],[-76.5384,37.3094],[-76.7577,37.5054],[-76.7559,37.4792],[-76.7381,37.4488],[-76.6109,37.3226],[-76.4974,37.2469],[-76.4011,37.2127],[-76.327,37.1493],[-76.3008,37.1109],[-76.2833,37.0527],[-76.3383,37.0131],[-76.4009,36.9913],[-76.462,37.0308],[-76.5068,37.0723],[-76.6023,37.1429],[-76.6309,37.2217],[-76.7035,37.2177],[-77.007,37.3177],[-77.2509,37.3292],[-77.2271,37.3091],[-77.1962,37.2957],[-77.002,37.271],[-76.9252,37.225],[-76.7654,37.1841],[-76.6719,37.1729],[-76.6339,37.0474],[-76.5046,36.961],[-76.4878,36.897],[-76.3996,36.8898],[-76.2442,36.9526],[-76.144,36.9306],[-75.9994,36.9126],[-75.9664,36.862],[-75.9416,36.7655],[-75.8904,36.657],[-75.7579,36.2292],[-75.5587,35.8793],[-75.5342,35.8191],[-75.5805,35.872],[-75.7282,36.1037],[-75.8098,36.271],[-75.9179,36.6327],[-75.9465,36.6591],[-75.9653,36.6376],[-75.9734,36.6],[-75.9598,36.571],[-75.9928,36.4738],[-75.9785,36.4292],[-75.9249,36.383],[-75.8666,36.2679],[-75.8201,36.1128],[-75.883,36.1757],[-75.9502,36.209],[-76.0547,36.2345],[-76.1479,36.2793],[-76.1411,36.2151],[-76.15,36.1458],[-76.2218,36.1669],[-76.2706,36.1899],[-76.2274,36.116],[-76.3212,36.1382],[-76.3837,36.1335],[-76.4243,36.068],[-76.4788,36.0282],[-76.5594,36.0153],[-76.6789,36.0753],[-76.7176,36.1481],[-76.7336,36.2292],[-76.74,36.1333],[-76.7188,36.0335],[-76.7262,35.9576],[-76.6111,35.9437],[-76.5035,35.9561],[-76.3583,35.9529],[-76.2636,35.9671],[-76.2065,35.9912],[-76.0698,35.9703],[-76.0601,35.8787],[-76.0836,35.6905],[-76.0457,35.6912],[-76.0012,35.7222],[-75.9789,35.8959],[-75.8539,35.9602],[-75.812,35.9558],[-75.7722,35.8999],[-75.7588,35.8433],[-75.7447,35.7655],[-75.7739,35.647],[-75.966,35.5084],[-76.1035,35.3803],[-76.1738,35.3542],[-76.2752,35.369],[-76.3902,35.4013],[-76.4466,35.4078],[-76.4895,35.397],[-76.5156,35.4365],[-76.5325,35.5084],[-76.5772,35.5323],[-76.611,35.5297],[-76.6341,35.4532],[-76.7414,35.4315],[-76.8873,35.4631],[-77.04,35.5274],[-76.9745,35.4584],[-76.5955,35.3297],[-76.5528,35.3056],[-76.5129,35.2704],[-76.566,35.2152],[-76.6075,35.153],[-76.6134,35.1042],[-76.628,35.0733],[-76.7792,34.9903],[-76.861,35.005],[-77.0703,35.1546],[-76.975,35.0252],[-76.8986,34.9703],[-76.745,34.941],[-76.4567,34.9894],[-76.3622,34.9365],[-76.4398,34.8429],[-76.5169,34.7772],[-76.618,34.7699],[-76.7071,34.7521],[-76.7332,34.707],[-77.0495,34.6974],[-77.1339,34.7079],[-77.2518,34.6156],[-77.2962,34.6029],[-77.3584,34.6203],[-77.3845,34.6944],[-77.4123,34.7308],[-77.4129,34.5921],[-77.4021,34.5548],[-77.3798,34.5266],[-77.5177,34.4514],[-77.6497,34.3575],[-77.697,34.332],[-77.7507,34.285],[-77.8608,34.1492],[-77.9278,33.9397],[-77.9329,33.9895],[-77.926,34.0731],[-77.9533,34.169],[-77.9706,33.9934],[-78.0133,33.9118],[-78.4059,33.9176],[-78.5777,33.8732],[-78.8415,33.7241],[-78.9203,33.6587],[-79.1382,33.4059],[-79.1938,33.2441],[-79.2384,33.3122],[-79.2273,33.3632],[-79.2265,33.4049],[-79.2813,33.3154],[-79.2292,33.1852],[-79.276,33.1354],[-79.4199,33.0425],[-79.4987,33.0273],[-79.5871,33.0009],[-79.6149,32.9093],[-79.735,32.8248],[-79.805,32.7874],[-79.9331,32.8101],[-79.8937,32.7287],[-79.9407,32.6671],[-80.0218,32.6199],[-80.1226,32.5891],[-80.1803,32.5929],[-80.2297,32.5765],[-80.2684,32.5374],[-80.3628,32.5007],[-80.461,32.5213],[-80.5722,32.5337],[-80.6342,32.5117],[-80.53,32.4754],[-80.4743,32.4228],[-80.4857,32.3518],[-80.5136,32.3244],[-80.5793,32.2873],[-80.6082,32.2928],[-80.6258,32.3263],[-80.6472,32.3959],[-80.6778,32.3811],[-80.6831,32.3486],[-80.7093,32.3371],[-80.8025,32.448],[-80.7979,32.3634],[-80.7653,32.2983],[-80.7338,32.2653],[-80.7021,32.2459],[-80.6942,32.2157],[-80.758,32.1422],[-80.7908,32.1258],[-80.8492,32.1139],[-80.8821,32.0686],[-80.8724,32.0296],[-80.9234,31.9449],[-81.0456,31.892],[-81.0829,31.8941],[-81.1133,31.8786],[-81.0955,31.8409],[-81.065,31.8135],[-81.0661,31.788],[-81.0984,31.7534],[-81.1621,31.7437],[-81.1979,31.7042],[-81.1866,31.6669],[-81.1655,31.6461],[-81.1699,31.6103],[-81.2424,31.5743],[-81.2594,31.5389],[-81.2234,31.5285],[-81.1957,31.5389],[-81.1754,31.5313],[-81.2189,31.4721],[-81.2579,31.436],[-81.295,31.3712],[-81.381,31.3533],[-81.3777,31.3323],[-81.3292,31.3138],[-81.2885,31.2639],[-81.3649,31.1719],[-81.4126,31.1794],[-81.4417,31.1997],[-81.4604,31.1271],[-81.4532,31.0883],[-81.4714,31.009],[-81.5006,30.9138],[-81.5204,30.8747],[-81.5162,30.8018],[-81.504,30.7314],[-81.4572,30.6408],[-81.3857,30.27],[-81.3371,30.1412],[-81.2495,29.7938],[-81.1045,29.457],[-80.9,29.0499],[-80.5643,28.5564],[-80.5241,28.4861],[-80.5678,28.4265],[-80.5812,28.3647],[-80.585,28.2716],[-80.5729,28.1809],[-80.5332,28.0701],[-80.4569,27.9007],[-80.4996,27.9345],[-80.61,28.1776],[-80.6229,28.3204],[-80.6069,28.5229],[-80.6329,28.518],[-80.6539,28.4522],[-80.6655,28.3749],[-80.6935,28.345],[-80.7317,28.4629],[-80.7291,28.5162],[-80.6885,28.5785],[-80.7002,28.6009],[-80.7659,28.6328],[-80.7799,28.683],[-80.771,28.7325],[-80.8087,28.7589],[-80.8382,28.7577],[-80.8184,28.6356],[-80.7872,28.5606],[-80.7486,28.381],[-80.6864,28.2722],[-80.2261,27.207],[-80.1258,27.083],[-80.0887,26.9939],[-80.05,26.8077],[-80.0413,26.5686],[-80.1106,26.1316],[-80.1264,25.8335],[-80.1363,25.8426],[-80.1429,25.874],[-80.1589,25.8783],[-80.2191,25.7417],[-80.3008,25.6186],[-80.3277,25.4271],[-80.3669,25.3313],[-80.4847,25.2298],[-80.5576,25.2324],[-80.7365,25.1563],[-80.8622,25.1762],[-81.012,25.1333],[-81.1105,25.138],[-81.1674,25.2285],[-81.1587,25.269],[-81.136,25.3097],[-81.0977,25.3191],[-80.9654,25.2243],[-80.9404,25.2642],[-80.9804,25.3117],[-81.0568,25.3381],[-81.1133,25.3672],[-81.2271,25.5834],[-81.3451,25.7318],[-81.3649,25.8311],[-81.5683,25.8916],[-81.7155,25.9832],[-81.8115,26.1461],[-81.8666,26.435],[-81.9315,26.4675],[-81.9589,26.4899],[-81.8955,26.5972],[-81.8287,26.6871],[-81.8815,26.6647],[-81.9206,26.6314],[-81.9702,26.5521],[-82.0064,26.5398],[-82.0396,26.5521],[-82.0779,26.7043],[-82.0669,26.8916],[-82.0133,26.9616],[-82.0957,26.9634],[-82.1811,26.9368],[-82.1686,26.8744],[-82.1807,26.8401],[-82.2429,26.8489],[-82.29,26.8708],[-82.3541,26.9357],[-82.4414,27.0597],[-82.6205,27.4011],[-82.6554,27.4492],[-82.7146,27.4996],[-82.6867,27.5153],[-82.6358,27.5246],[-82.5208,27.6783],[-82.4305,27.7711],[-82.4005,27.8354],[-82.4058,27.8629],[-82.4457,27.9028],[-82.4981,27.8679],[-82.5206,27.8779],[-82.5796,27.9584],[-82.6359,27.9812],[-82.6752,27.9638],[-82.6338,27.8978],[-82.5966,27.8732],[-82.611,27.7772],[-82.626,27.746],[-82.6609,27.7184],[-82.7153,27.7331],[-82.7429,27.7094],[-82.7753,27.7344],[-82.8076,27.7766],[-82.8435,27.846],[-82.7485,28.2368],[-82.6606,28.4858],[-82.644,28.812],[-82.6515,28.8875],[-82.7693,29.0516],[-83.2905,29.4519],[-83.6944,29.926],[-84.0442,30.1038],[-84.3097,30.0647],[-84.3556,30.029],[-84.3753,29.9823],[-84.3587,29.9294],[-84.3828,29.9074],[-84.4541,29.9102],[-84.55,29.8979],[-84.8005,29.773],[-84.8889,29.7776],[-85.0293,29.7211],[-85.186,29.7079],[-85.3189,29.6802],[-85.3764,29.6952],[-85.4138,29.7676],[-85.4138,29.8425],[-85.3834,29.7851],[-85.3364,29.7401],[-85.3149,29.7581],[-85.3068,29.7979],[-85.3536,29.8757],[-85.5043,29.9758],[-85.6758,30.1219],[-85.6235,30.1171],[-85.6103,30.1484],[-85.6634,30.1895],[-85.641,30.2369],[-85.6035,30.2868],[-85.6759,30.2793],[-85.7408,30.2444],[-85.743,30.2013],[-85.7558,30.167],[-85.7908,30.172],[-85.8557,30.2144],[-86.1751,30.3325],[-86.4544,30.3991],[-86.2401,30.4291],[-86.1238,30.4058],[-86.1377,30.4416],[-86.1657,30.4643],[-86.2574,30.493],[-86.3742,30.4821],[-86.4479,30.4956],[-86.5234,30.4671],[-86.6061,30.4247],[-86.6796,30.4029],[-86.9676,30.3724],[-87.2012,30.3393],[-87.1637,30.3742],[-87.1238,30.3967],[-86.9858,30.4309],[-86.9651,30.5019],[-86.9976,30.5703],[-87.0339,30.5539],[-87.072,30.5004],[-87.1188,30.539],[-87.1706,30.5388],[-87.1847,30.4537],[-87.2511,30.3967],[-87.2811,30.3393],[-87.4758,30.2943],[-87.5007,30.3093],[-87.4437,30.3638],[-87.4483,30.3941],[-87.5133,30.3681],[-87.6223,30.2647],[-88.006,30.2309],[-87.985,30.2544],[-87.904,30.2591],[-87.7903,30.2918],[-87.8133,30.3469],[-87.8571,30.4074],[-87.8976,30.4142],[-87.9243,30.4497],[-87.923,30.5615],[-87.9489,30.6269],[-88.0113,30.6942],[-88.0324,30.6812],[-88.0784,30.5662],[-88.1166,30.4153],[-88.1354,30.3666],[-88.2492,30.3632],[-88.3499,30.3735],[-88.6921,30.3554],[-88.8199,30.4065],[-88.8729,30.4163],[-88.9052,30.4151],[-89.0541,30.3683],[-89.2236,30.3324],[-89.2636,30.3437],[-89.3206,30.3453],[-89.4435,30.2231],[-89.5885,30.166],[-89.9542,30.2688],[-90.0452,30.3514],[-90.126,30.3691],[-90.2253,30.3793],[-90.332,30.2776],[-90.413,30.1403],[-90.285,30.0651],[-90.1753,30.0291],[-89.9942,30.0593],[-89.894,30.1259],[-89.8123,30.1237],[-89.7731,30.1372],[-89.7375,30.172],[-89.6675,30.1445],[-89.665,30.117],[-89.7147,30.0783],[-89.7772,30.0457],[-89.8152,30.0073],[-89.7438,29.9298],[-89.6317,29.9038],[-89.5895,29.915],[-89.5634,30.0021],[-89.4944,30.0582],[-89.4007,30.046],[-89.4141,30.0109],[-89.4009,29.9777],[-89.3579,29.921],[-89.3628,29.8398],[-89.3544,29.8202],[-89.4554,29.7844],[-89.5307,29.7722],[-89.5909,29.7253],[-89.5593,29.698],[-89.6207,29.6741],[-89.6621,29.6837],[-89.683,29.6749],[-89.6892,29.646],[-89.7209,29.6193],[-89.6748,29.5387],[-89.5803,29.486],[-89.5137,29.4201],[-89.2457,29.3332],[-89.1808,29.3357],[-89.1168,29.2482],[-89.0653,29.2182],[-89.0157,29.2029],[-89.0214,29.1427],[-89.1095,29.0987],[-89.1333,29.0461],[-89.1555,29.0166],[-89.1953,29.054],[-89.2361,29.0811],[-89.3306,28.9987],[-89.3761,28.9813],[-89.3535,29.0702],[-89.3892,29.105],[-89.4432,29.1941],[-89.5218,29.2493],[-89.5771,29.2675],[-89.6203,29.3024],[-89.6725,29.3165],[-89.717,29.3129],[-89.7924,29.3332],[-89.7974,29.3806],[-89.8183,29.4161],[-89.8772,29.458],[-90.1591,29.5372],[-90.1608,29.5044],[-90.1413,29.4797],[-90.1008,29.4633],[-90.0523,29.4314],[-90.0528,29.3368],[-90.0737,29.2968],[-90.0827,29.2397],[-90.1014,29.1818],[-90.1358,29.1361],[-90.2128,29.1049],[-90.2467,29.131],[-90.3016,29.2558],[-90.3792,29.2951],[-90.5025,29.2998],[-90.5862,29.2715],[-90.6775,29.1506],[-90.751,29.1309],[-91.0027,29.1935],[-91.2901,29.289],[-91.2827,29.3208],[-91.2375,29.331],[-91.1508,29.3179],[-91.1554,29.3507],[-91.244,29.4573],[-91.2603,29.5055],[-91.2488,29.5642],[-91.2777,29.5629],[-91.331,29.5136],[-91.5142,29.5554],[-91.5648,29.6053],[-91.6725,29.7461],[-91.8244,29.7507],[-91.8932,29.836],[-92.0173,29.8003],[-92.0802,29.7607],[-92.1355,29.6995],[-92.114,29.6677],[-92.0589,29.6172],[-92.084,29.5928],[-92.2608,29.5568],[-92.6713,29.5971],[-92.7913,29.6347],[-92.9524,29.7142],[-93.1757,29.779],[-93.2832,29.7894],[-93.3885,29.7766],[-93.6948,29.7699],[-93.7659,29.7527],[-93.8265,29.7251],[-93.8657,29.7556],[-93.8839,29.81],[-93.8483,29.8188],[-93.8088,29.8508],[-93.7731,29.9141],[-93.769,29.9523],[-93.794,29.9772],[-93.8415,29.9797],[-93.9463,29.815],[-93.8864,29.7227],[-93.8905,29.6894],[-94.0997,29.6704],[-94.5745,29.4845],[-94.7596,29.3843],[-94.7501,29.418],[-94.5263,29.5479],[-94.6053,29.5678],[-94.7326,29.5354],[-94.7783,29.5479],[-94.7244,29.6553],[-94.7419,29.75],[-94.8323,29.7526],[-94.8899,29.677],[-94.9299,29.6802],[-94.9823,29.7126],[-95.0229,29.7023],[-94.9928,29.531],[-94.9359,29.4604],[-94.8883,29.3706],[-95.0183,29.2595],[-95.1391,29.1678],[-95.1521,29.0792],[-95.2735,28.9639],[-95.6559,28.7446],[-95.7324,28.7117],[-95.8534,28.6403],[-96.0204,28.5868],[-96.1805,28.5019],[-96.2345,28.489],[-96.1323,28.5609],[-96.011,28.6319],[-96.115,28.6222],[-96.2753,28.6551],[-96.3734,28.657],[-96.3741,28.6311],[-96.4487,28.5945],[-96.526,28.6483],[-96.5597,28.6845],[-96.5757,28.7157],[-96.6085,28.7233],[-96.64,28.7088],[-96.5247,28.4887],[-96.4755,28.4792],[-96.4211,28.4573],[-96.4888,28.4061],[-96.5617,28.3671],[-96.6764,28.3413],[-96.7735,28.4216],[-96.8069,28.2202],[-96.8395,28.1944],[-96.8916,28.1576],[-96.9199,28.1854],[-96.9333,28.2243],[-96.9667,28.1896],[-97.0155,28.1635],[-97.096,28.1583],[-97.1565,28.1443],[-97.1551,28.1026],[-97.1413,28.0607],[-97.0343,28.0938],[-97.0731,27.9861],[-97.1714,27.8796],[-97.2516,27.8544],[-97.3741,27.87],[-97.4044,27.8593],[-97.4315,27.8372],[-97.2887,27.6706],[-97.3805,27.4193],[-97.4391,27.3283],[-97.4798,27.3166],[-97.5239,27.314],[-97.6821,27.3949],[-97.7685,27.4575],[-97.6924,27.2872],[-97.4851,27.2374],[-97.4745,27.1729],[-97.4757,27.1179],[-97.5165,27.0532],[-97.5547,26.9673],[-97.5265,26.9075],[-97.4938,26.7596],[-97.4658,26.6917],[-97.4351,26.4858],[-97.4023,26.3965],[-97.2139,26.0679],[-97.1504,26.0653],[-97.1402,26.0297],[-97.1462,25.9615],[-97.2818,25.9416],[-97.3387,25.9112],[-97.3582,25.8705],[-97.3756,25.8718],[-97.4403,25.8908],[-97.5873,25.9842],[-97.8014,26.042],[-98.0828,26.0645],[-98.275,26.1112],[-98.3781,26.1824],[-98.4859,26.2246],[-98.5983,26.2378],[-98.6914,26.2765],[-98.7652,26.3404],[-98.8732,26.3813],[-99.0153,26.399],[-99.1078,26.4469],[-99.1721,26.5642],[-99.2299,26.7619],[-99.3024,26.8847],[-99.4565,27.0566],[-99.4577,27.0817],[-99.4402,27.1701],[-99.4551,27.2337],[-99.4998,27.2855],[-99.5101,27.3403],[-99.4858,27.398],[-99.4843,27.4674],[-99.5053,27.5483],[-99.5953,27.6359],[-99.7542,27.7299],[-99.8896,27.8673],[-100.0014,28.0479],[-100.112,28.1729],[-100.2213,28.2426],[-100.296,28.3277],[-100.3363,28.4281],[-100.3481,28.4864],[-100.3317,28.5025],[-100.3989,28.6142],[-100.5497,28.8213],[-100.6363,28.9728],[-100.6586,29.0686],[-100.7546,29.1825],[-100.9241,29.3147],[-101.0163,29.4007],[-101.0386,29.4603],[-101.3035,29.6341],[-101.3804,29.7426],[-101.4404,29.7769],[-101.5093,29.7731],[-101.5446,29.7835],[-101.5464,29.8081],[-101.5687,29.8092],[-101.6116,29.787],[-101.7523,29.7825],[-101.9909,29.7957],[-102.1631,29.8252],[-102.2689,29.8712],[-102.3431,29.865],[-102.3856,29.8066],[-102.4763,29.7691],[-102.6149,29.7523],[-102.7342,29.6439],[-102.834,29.4439],[-102.8778,29.3153],[-102.8657,29.258],[-102.892,29.2164],[-102.9568,29.1904],[-103.0229,29.1322],[-103.09,29.0419],[-103.1683,28.9982],[-103.2577,29.0011],[-103.4229,29.0707],[-103.664,29.2069],[-103.8529,29.2911],[-103.9897,29.3231],[-104.1106,29.3861],[-104.2155,29.4799],[-104.3122,29.5424],[-104.4006,29.5737],[-104.504,29.6777],[-104.6222,29.8543],[-104.6813,29.9905],[-104.6813,30.1344],[-104.8359,30.4477],[-104.9179,30.5833],[-104.9788,30.6459],[-105.0981,30.7206],[-105.2758,30.8073],[-105.514,30.9808],[-105.8127,31.241],[-106.0241,31.3978],[-106.148,31.4509],[-106.2557,31.5447],[-106.347,31.679],[-106.4454,31.7684],[-108.2118,31.7793],[-108.2145,31.3294],[-111.042,31.3242],[-114.8359,32.5083],[-114.788,32.5648],[-114.7248,32.7153],[-117.1283,32.5333],[-117.1374,32.6492],[-117.1837,32.6879],[-117.2435,32.664],[-117.2707,32.8062],[-117.2558,32.8734],[-117.263,32.9389],[-117.3188,33.1],[-117.4674,33.2955],[-117.7885,33.5385],[-117.9521,33.6196],[-118.0805,33.7222],[-118.1619,33.7507],[-118.2644,33.7586],[-118.2942,33.7123],[-118.4104,33.7439],[-118.393,33.8583],[-118.5062,34.0174],[-118.5988,34.035],[-118.832,34.0245],[-119.1437,34.112],[-119.2358,34.1641],[-119.2677,34.2574],[-119.4137,34.3386],[-119.6061,34.418],[-119.7132,34.3997],[-119.8533,34.412],[-120.053,34.4693],[-120.1695,34.4765],[-120.3965,34.4596],[-120.4812,34.4716],[-120.5598,34.5439],[-120.6447,34.58],[-120.6267,34.6689],[-120.6376,34.7494],[-120.6249,34.812],[-120.663,34.9493],[-120.6336,35.0765],[-120.6591,35.1224],[-120.707,35.1577],[-120.8574,35.2097],[-120.8849,35.275],[-120.8603,35.3654],[-120.8996,35.4251],[-121.0229,35.4808],[-121.1379,35.6071],[-121.2838,35.6763],[-121.3438,35.7922],[-121.4337,35.8639],[-121.465,35.9274],[-121.6644,36.1541],[-121.8774,36.3311],[-121.9102,36.4329],[-121.9187,36.5724],[-121.8352,36.6575],[-121.79,36.7323],[-121.7945,36.801],[-121.8074,36.8512],[-121.8807,36.9389],[-122.1642,36.991],[-122.3949,37.2075],[-122.4084,37.3731],[-122.4992,37.5426],[-122.5004,37.6528],[-122.5142,37.772],[-122.4456,37.798],[-122.3841,37.7885],[-122.3903,37.7411],[-122.3697,37.6559],[-122.2976,37.5918],[-122.2287,37.5639],[-122.166,37.5017],[-122.119,37.4828],[-122.0705,37.4783],[-122.0965,37.5182],[-122.1241,37.5438],[-122.1581,37.6265],[-122.2222,37.732],[-122.296,37.7903],[-122.3334,37.8966],[-122.3655,37.9212],[-122.3854,37.9606],[-122.3143,38.0073],[-122.217,38.0406],[-122.0867,38.0496],[-121.7168,38.0341],[-121.6381,38.0613],[-121.573,38.0524],[-121.5253,38.0559],[-121.6257,38.0839],[-121.6822,38.0748],[-121.7486,38.0805],[-121.8808,38.075],[-121.9342,38.0868],[-121.9931,38.1201],[-122.0315,38.1235],[-122.1538,38.0655],[-122.2083,38.0726],[-122.3371,38.1359],[-122.3934,38.1448],[-122.4839,38.1088],[-122.4949,37.9536],[-122.4669,37.8382],[-122.5213,37.8264],[-122.5842,37.8741],[-122.6807,37.9023],[-122.7604,37.9457],[-122.8729,38.0261],[-122.932,38.0555],[-122.9988,37.9886],[-123.0015,38.0193],[-122.9682,38.097],[-122.9776,38.2273],[-122.8768,38.1233],[-122.9082,38.1966],[-122.9865,38.2771],[-123.0462,38.3051],[-123.1211,38.4493],[-123.2897,38.5358],[-123.4248,38.6756],[-123.7011,38.9073],[-123.7195,39.111],[-123.8203,39.3684],[-123.7778,39.5149],[-123.7835,39.6187],[-123.8329,39.7755],[-123.8845,39.8608],[-124.1085,40.0945],[-124.324,40.252],[-124.3565,40.3711],[-124.3717,40.4912],[-124.2837,40.7105],[-124.2539,40.7403],[-124.2423,40.7279],[-124.2506,40.7039],[-124.22,40.6965],[-124.2084,40.7461],[-124.1902,40.7717],[-124.2225,40.775],[-124.1331,40.9698],[-124.14,41.1559],[-124.0685,41.3842],[-124.0719,41.4595],[-124.1177,41.6217],[-124.1632,41.719],[-124.2446,41.7879],[-124.2087,41.8886],[-124.2117,41.9846],[-124.3553,42.1229],[-124.41,42.3043],[-124.4205,42.381],[-124.4062,42.5837],[-124.4438,42.6702],[-124.5396,42.8129],[-124.4986,42.9369],[-124.4544,43.0124],[-124.3466,43.3417],[-124.3206,43.3682],[-124.2755,43.3674],[-124.1969,43.4233],[-124.2332,43.4364],[-124.288,43.4097],[-124.2392,43.54],[-124.1844,43.6516],[-124.1487,43.6917],[-124.1307,44.0557],[-124.0992,44.3338],[-124.0475,44.4255],[-124.0654,44.5201],[-124.0445,44.6482],[-124.0592,44.7777],[-123.9486,45.4008],[-123.9631,45.4761],[-123.9293,45.577],[-123.9612,45.843],[-123.9471,46.1406],[-123.9752,46.1783],[-123.9893,46.2194],[-123.9629,46.2254],[-123.9117,46.1822],[-123.6736,46.1826],[-123.5216,46.2227],[-123.4664,46.2094],[-123.4023,46.155],[-123.3216,46.144],[-123.2206,46.1536],[-123.2513,46.1673],[-123.2987,46.1708],[-123.4047,46.221],[-123.4648,46.2711],[-123.6503,46.2677],[-123.6884,46.2999],[-123.8957,46.2678],[-123.9598,46.3007],[-124.0728,46.2794],[-124.0451,46.3729],[-124.0502,46.4905],[-124.0443,46.6051],[-124.0164,46.5214],[-123.9461,46.4326],[-123.9124,46.5333],[-123.8892,46.66],[-123.9577,46.7087],[-124.0717,46.7448],[-124.1125,46.8627],[-123.8429,46.9632],[-123.986,46.9845],[-124.0422,47.0297],[-124.1117,47.0352],[-124.1168,47.0003],[-124.1393,46.9547],[-124.1636,47.0153],[-124.1705,47.0867],[-124.1988,47.2085],[-124.3093,47.4046],[-124.376,47.6586],[-124.4601,47.7842],[-124.6211,47.9042],[-124.6631,47.9741],[-124.7017,48.1517],[-124.68,48.2859],[-124.71,48.3804],[-124.6326,48.375],[-124.4291,48.3008],[-124.1755,48.2424],[-124.0988,48.2],[-123.9758,48.1685],[-123.2944,48.1195],[-123.2499,48.1242],[-123.1619,48.1545],[-123.1244,48.1509],[-123.0242,48.0816],[-122.9739,48.0733],[-122.9089,48.0769],[-122.8609,48.09],[-122.7786,48.1376],[-122.7675,48.12],[-122.7691,48.076],[-122.7397,48.0132],[-122.6795,47.9318],[-122.6566,47.8812],[-122.7784,47.7384],[-122.8018,47.7354],[-122.8054,47.7836],[-122.8214,47.7932],[-123.0506,47.552],[-123.1311,47.4377],[-123.1391,47.3861],[-123.1363,47.3558],[-123.1042,47.3484],[-123.0309,47.3602],[-122.9222,47.4077],[-122.9169,47.418],[-123.0182,47.4011],[-123.0668,47.3997],[-123.0602,47.4537],[-123.0486,47.4793],[-122.9825,47.5594],[-122.9129,47.6074],[-122.8141,47.6585],[-122.7571,47.7005],[-122.7179,47.7621],[-122.6082,47.8355],[-122.5879,47.856],[-122.5927,47.9164],[-122.5857,47.9279],[-122.5328,47.9197],[-122.5108,47.8157],[-122.5239,47.7693],[-122.6184,47.7128],[-122.6302,47.6928],[-122.6136,47.6156],[-122.6283,47.6082],[-122.6643,47.6172],[-122.6755,47.6124],[-122.5858,47.5284],[-122.5574,47.4632],[-122.5536,47.4049],[-122.5779,47.2932],[-122.6039,47.2746],[-122.6486,47.2814],[-122.7077,47.3164],[-122.7209,47.3051],[-122.7678,47.2184],[-122.7833,47.226],[-122.8125,47.329],[-122.8285,47.3366],[-122.9195,47.2896],[-122.9562,47.2446],[-122.9876,47.1726],[-123.0276,47.1389],[-122.9142,47.1315],[-122.812,47.146],[-122.7299,47.1118],[-122.702,47.1109],[-122.6271,47.1442],[-122.6042,47.167],[-122.5422,47.2756],[-122.5111,47.295],[-122.4648,47.2958],[-122.4201,47.3121],[-122.3538,47.3716],[-122.3511,47.3952],[-122.3752,47.5284],[-122.3684,47.6039],[-122.3808,47.6278],[-122.4105,47.6526],[-122.4068,47.6768],[-122.3836,47.7165],[-122.382,47.7523],[-122.4018,47.7843],[-122.3929,47.8206],[-122.3303,47.8986],[-122.3185,47.9331],[-122.242,48.0107],[-122.2613,48.042],[-122.3175,48.0802],[-122.353,48.1138],[-122.3887,48.1664],[-122.4158,48.1839],[-122.4247,48.1759],[-122.3866,48.0899],[-122.3948,48.0841],[-122.494,48.1305],[-122.517,48.1597],[-122.5292,48.1993],[-122.5203,48.2291],[-122.467,48.2585],[-122.4034,48.2692],[-122.4085,48.2939],[-122.4884,48.3743],[-122.5417,48.4109],[-122.5826,48.4287],[-122.6378,48.4333],[-122.6625,48.4464],[-122.669,48.4652],[-122.6573,48.49],[-122.628,48.4979],[-122.5427,48.488],[-122.4968,48.5056],[-122.5011,48.5375],[-122.5148,48.5552],[-122.5127,48.6694],[-122.5451,48.7623],[-122.562,48.778],[-122.5802,48.7796],[-122.5994,48.7671],[-122.653,48.7639],[-122.6859,48.7943],[-122.7225,48.853],[-122.7888,48.993],[-95.1621,48.9917],[-95.1553,49.3697],[-94.9394,49.3494],[-94.8543,49.3046],[-94.8604,49.2586],[-94.8426,49.1192],[-94.8035,49.0029],[-94.7125,48.863],[-94.7051,48.8085],[-94.6753,48.7744],[-94.6209,48.7426],[-94.4142,48.7041],[-94.0552,48.659],[-93.8516,48.6073],[-93.8036,48.5489],[-93.7077,48.5254],[-93.5643,48.5369],[-93.4636,48.5613],[-93.3779,48.6166],[-93.258,48.6289],[-93.0517,48.6199],[-92.9962,48.6118],[-92.8367,48.5678],[-92.7327,48.5318],[-92.5833,48.4651],[-92.5006,48.4354],[-92.4146,48.2766],[-92.3484,48.2766],[-92.2987,48.3289],[-92.1718,48.3384],[-92.0052,48.3019],[-91.8584,48.1976],[-91.6473,48.1046],[-91.5183,48.0583],[-91.3872,48.0585],[-91.2207,48.1046],[-91.0435,48.1937],[-90.9161,48.2091],[-90.8403,48.2005],[-90.7973,48.1311],[-90.7444,48.1046],[-90.6071,48.1126],[-90.3201,48.0992],[-90.0918,48.1181],[-90.0399,48.0782],[-89.9937,48.0153],[-89.901,47.9955],[-89.7754,48.0153],[-89.4557,47.9962],[-89.2732,48.02],[-89.1856,48.0474],[-88.6118,48.264],[-88.3782,48.3031],[-88.1606,48.2254],[-86.4286,47.5401],[-84.876,46.8999],[-84.7794,46.6373],[-84.5618,46.4574],[-84.5016,46.4619],[-84.4017,46.5156],[-84.3367,46.5185],[-84.1922,46.5496],[-84.1495,46.5428],[-84.1252,46.5272],[-84.1281,46.4836],[-84.1505,46.4448],[-84.1152,46.3708],[-84.1078,46.2886],[-84.0884,46.2265],[-83.9778,46.0849],[-83.913,46.0729],[-83.7632,46.1091],[-83.6693,46.1228],[-83.616,46.1168],[-83.4801,46.0237],[-83.4695,45.9947],[-83.5927,45.8171],[-82.7604,45.4477],[-82.5511,45.3474],[-82.1378,43.5709],[-82.4082,43.0727],[-82.4883,42.7395],[-82.5453,42.6247],[-82.7442,42.4935],[-82.8678,42.3852],[-83.0731,42.3003],[-83.1095,42.2507],[-83.1497,42.1419],[-83.1419,41.9759],[-83.03,41.833],[-82.8662,41.753],[-82.69,41.6752],[-82.4391,41.6749],[-81.2776,42.2092],[-80.2476,42.366],[-79.1737,42.7485],[-79.0367,42.8023],[-78.9393,42.8637],[-78.9151,42.9091],[-78.9208,42.9352],[-78.946,42.9613],[-79.0117,42.997],[-79.0262,43.0173],[-79.0291,43.0618],[-79.0661,43.1061],[-79.0592,43.2781],[-79.0831,43.3314],[-79.1719,43.4666],[-78.7204,43.625],[-78.4583,43.6315],[-76.82,43.6288],[-76.5861,43.9243],[-76.4646,44.0576],[-76.2485,44.2141],[-76.1858,44.2422],[-76.1512,44.304],[-76.0202,44.3626],[-75.8759,44.417],[-75.7919,44.4971],[-75.4013,44.7723],[-75.1794,44.8994],[-74.9961,44.9701],[-74.8566,45.0039],[-74.7625,44.9991],[-74.7089,45.0039]]],[[[-130.2141,55.0259],[-130.3125,54.9459],[-130.4933,54.8342],[-130.5753,54.7697],[-130.6158,54.7909],[-130.8496,54.8076],[-130.9346,54.9504],[-130.9797,55.0612],[-131.0479,55.1577],[-131.0459,55.1796],[-130.9839,55.2439],[-130.7504,55.297],[-130.7482,55.318],[-130.8351,55.3321],[-130.856,55.3551],[-130.8798,55.4595],[-130.8734,55.5511],[-130.8796,55.6118],[-130.9186,55.736],[-130.977,55.812],[-131.1277,55.9602],[-131.1404,55.9975],[-131.074,56.0444],[-131.0328,56.0881],[-131.2876,56.0121],[-131.6353,55.9322],[-131.7842,55.8766],[-131.8155,55.8542],[-131.8262,55.8354],[-131.7991,55.7828],[-131.8033,55.766],[-131.8336,55.7349],[-131.8694,55.6472],[-131.945,55.5542],[-131.9834,55.535],[-132.119,55.5698],[-132.1554,55.5996],[-132.2234,55.721],[-132.2075,55.7534],[-132.158,55.7807],[-132.0907,55.8396],[-132.0057,55.9301],[-131.8438,56.1601],[-131.738,56.1612],[-131.5514,56.2068],[-131.8442,56.2296],[-131.8879,56.2417],[-131.9273,56.273],[-131.9623,56.3237],[-132.0219,56.3801],[-132.1333,56.3999],[-132.182,56.4207],[-132.2556,56.4891],[-132.305,56.5199],[-132.332,56.5579],[-132.3367,56.6031],[-132.3577,56.6259],[-132.4344,56.6341],[-132.4759,56.6497],[-132.4871,56.7664],[-132.6395,56.7964],[-132.702,56.8223],[-132.8022,56.8952],[-132.8299,56.9306],[-132.8388,56.9602],[-132.8143,57.0407],[-132.8246,57.0558],[-132.9134,57.0475],[-133.4659,57.1722],[-133.4367,57.3369],[-133.539,57.5542],[-133.6487,57.6423],[-133.627,57.6765],[-133.6034,57.6947],[-133.5542,57.6951],[-133.3423,57.6311],[-133.1428,57.5551],[-133.117,57.5662],[-133.4357,57.7271],[-133.5155,57.7751],[-133.5352,57.833],[-133.5364,57.8639],[-133.5111,57.8801],[-133.2121,57.8657],[-133.1943,57.8777],[-133.4974,57.9247],[-133.5594,57.9245],[-133.6257,57.857],[-133.6573,57.841],[-133.7223,57.8442],[-133.7441,57.8546],[-133.8214,57.9364],[-133.8945,57.9933],[-134.0311,58.0722],[-134.0567,58.1284],[-134.0633,58.2111],[-134.0453,58.2893],[-133.9336,58.4679],[-133.8885,58.4987],[-133.8768,58.5182],[-133.9111,58.5152],[-133.9438,58.4983],[-134.0361,58.4153],[-134.1312,58.2793],[-134.2088,58.233],[-134.2576,58.2442],[-134.3314,58.2996],[-134.4854,58.3672],[-134.6636,58.3847],[-134.7761,58.4539],[-134.9425,58.6463],[-134.9648,58.7422],[-134.9861,58.7656],[-135.0765,58.7968],[-135.1318,58.8429],[-135.2174,59.0766],[-135.3303,59.2391],[-135.3584,59.3249],[-135.3489,59.4101],[-135.3637,59.4194],[-135.4025,59.3531],[-135.4127,59.3185],[-135.4841,59.3087],[-135.4169,59.2415],[-135.4001,59.2079],[-135.4337,59.2107],[-135.5023,59.2023],[-135.3861,59.0875],[-135.3341,58.9096],[-135.257,58.7777],[-135.2071,58.6709],[-135.1846,58.5897],[-135.1519,58.5122],[-135.062,58.3409],[-135.0497,58.3068],[-135.0605,58.2789],[-135.0902,58.2458],[-135.1416,58.2334],[-135.3025,58.2559],[-135.3631,58.2983],[-135.45,58.3761],[-135.5718,58.4121],[-135.8734,58.3942],[-135.8976,58.4002],[-135.8963,58.4638],[-135.8617,58.5771],[-135.8896,58.6227],[-136.0455,58.7891],[-136.0431,58.8216],[-135.8264,58.8979],[-135.9317,58.9038],[-136.0166,58.874],[-136.0494,58.8932],[-136.1006,58.9999],[-136.1337,59.0396],[-136.15,59.0481],[-136.1595,58.9468],[-136.1235,58.8935],[-136.1184,58.8626],[-136.1242,58.8196],[-136.1468,58.7888],[-136.1863,58.7702],[-136.2258,58.7655],[-136.299,58.7869],[-136.3803,58.8273],[-136.4512,58.8463],[-136.4776,58.8625],[-136.5112,58.9071],[-136.5662,58.9409],[-136.831,58.9838],[-136.989,59.0345],[-137.0021,59.0211],[-136.9528,58.9669],[-136.948,58.9349],[-136.9879,58.9251],[-137.059,58.8737],[-137.0384,58.8667],[-136.963,58.8835],[-136.8791,58.8815],[-136.7401,58.8502],[-136.6139,58.8093],[-136.5682,58.7863],[-136.5493,58.7524],[-136.5335,58.7402],[-136.4101,58.7006],[-136.4042,58.6798],[-136.4837,58.6177],[-136.3199,58.6245],[-136.2246,58.6022],[-136.1029,58.5063],[-136.0615,58.4527],[-136.056,58.3842],[-136.0813,58.3642],[-136.1296,58.3504],[-136.4624,58.328],[-136.5826,58.2452],[-136.6074,58.244],[-136.6989,58.2665],[-136.865,58.3324],[-137.0719,58.3952],[-137.544,58.5812],[-137.5569,58.5899],[-137.5646,58.6259],[-137.5971,58.6442],[-137.6611,58.6599],[-137.75,58.7071],[-137.8637,58.7855],[-137.934,58.8469],[-137.9609,58.891],[-138.0269,58.9415],[-138.2407,59.0468],[-138.3525,59.0873],[-138.4513,59.1101],[-138.5372,59.1151],[-138.5603,59.1292],[-138.5207,59.1522],[-138.5149,59.1659],[-138.7042,59.1875],[-138.8843,59.2369],[-139.341,59.3756],[-139.5768,59.4625],[-139.7145,59.504],[-139.7733,59.5273],[-139.7991,59.5462],[-139.7661,59.5661],[-139.6741,59.5868],[-139.6116,59.6103],[-139.513,59.6981],[-139.5056,59.7263],[-139.5585,59.7902],[-139.5822,59.8483],[-139.5812,59.8805],[-139.5691,59.9124],[-139.5541,59.9333],[-139.5123,59.9536],[-139.483,59.9638],[-139.4469,59.9568],[-139.331,59.877],[-139.3146,59.8479],[-139.32,59.7387],[-139.2867,59.6109],[-139.2763,59.6204],[-139.2656,59.6626],[-139.2587,59.7433],[-139.2457,59.7821],[-139.2208,59.8199],[-139.1789,59.8398],[-139.0483,59.8282],[-138.9881,59.835],[-139.2425,59.8928],[-139.4025,60.001],[-139.4314,60.0123],[-139.5189,60.0171],[-139.6117,59.9734],[-139.8502,59.8307],[-139.9169,59.8057],[-140.2167,59.7267],[-140.4198,59.7107],[-140.6484,59.7232],[-140.8432,59.7489],[-141.3319,59.8738],[-141.4083,59.9028],[-141.2946,59.98],[-141.2899,60.0042],[-141.3295,60.0828],[-141.3622,60.1053],[-141.4087,60.1177],[-141.4217,60.1088],[-141.4222,60.0855],[-141.4097,60.0423],[-141.4471,60.0194],[-141.5302,59.9948],[-141.6702,59.9699],[-142.1041,60.0334],[-142.5486,60.086],[-142.9457,60.097],[-143.5061,60.055],[-143.8051,60.0129],[-143.9795,60.0088],[-144.1472,60.0164],[-144.1609,60.0458],[-144.0843,60.063],[-144.0885,60.0843],[-144.1855,60.1507],[-144.3326,60.191],[-144.53,60.2052],[-144.643,60.2247],[-144.6716,60.2492],[-144.7414,60.2727],[-144.8524,60.2951],[-144.9013,60.3352],[-144.8625,60.4592],[-144.8244,60.5336],[-144.7866,60.5846],[-144.6911,60.6691],[-144.7244,60.6628],[-144.8631,60.6009],[-144.984,60.5369],[-145.096,60.4537],[-145.1627,60.4154],[-145.2483,60.3801],[-145.3818,60.3886],[-145.5631,60.4407],[-145.7185,60.4676],[-145.8478,60.4692],[-145.8989,60.4782],[-145.8106,60.5247],[-145.7598,60.562],[-145.6902,60.622],[-145.6749,60.6511],[-146.149,60.6607],[-146.1664,60.6923],[-146.1671,60.7155],[-146.1823,60.7348],[-146.251,60.7491],[-146.3472,60.7381],[-146.503,60.7008],[-146.5705,60.7292],[-146.5464,60.7451],[-146.4955,60.7568],[-146.392,60.8108],[-146.5319,60.8389],[-146.6036,60.8709],[-146.6384,60.8973],[-146.636,60.9925],[-146.5991,61.0535],[-146.2849,61.1126],[-146.3844,61.1358],[-146.5827,61.1278],[-146.7159,61.0775],[-146.874,61.0049],[-146.9802,60.9778],[-147.0343,60.9962],[-147.106,61.0025],[-147.195,60.9968],[-147.2549,60.9783],[-147.2856,60.9468],[-147.3211,60.9255],[-147.3614,60.9145],[-147.3906,60.918],[-147.4334,60.9503],[-147.5233,60.9703],[-147.5673,60.9949],[-147.5926,60.9794],[-147.6233,60.933],[-147.6557,60.9095],[-147.8076,60.8854],[-147.8911,60.8899],[-147.9908,60.9483],[-148.0051,60.9686],[-147.9712,61.019],[-147.7519,61.2189],[-147.7738,61.2178],[-147.8448,61.1864],[-147.9864,61.1065],[-148.0494,61.0827],[-148.1579,61.0797],[-148.2087,61.0883],[-148.27,61.0818],[-148.3419,61.0604],[-148.3888,61.037],[-148.4107,61.0115],[-148.3958,61.0071],[-148.2874,61.0362],[-148.2259,61.044],[-148.2087,61.0299],[-148.2932,60.9397],[-148.3444,60.8536],[-148.3933,60.8319],[-148.471,60.8355],[-148.5562,60.827],[-148.5574,60.8029],[-148.3987,60.734],[-148.3413,60.7243],[-148.2679,60.6997],[-148.2567,60.6753],[-148.2842,60.6093],[-148.305,60.5833],[-148.3384,60.5698],[-148.4678,60.5721],[-148.5096,60.5652],[-148.5966,60.5238],[-148.6401,60.4895],[-148.6243,60.4864],[-148.5491,60.5148],[-148.4398,60.53],[-148.2964,60.5321],[-148.1895,60.5471],[-148.1192,60.5751],[-148.0507,60.5672],[-147.984,60.5233],[-147.9641,60.4849],[-147.991,60.4519],[-148.046,60.4283],[-148.1292,60.4142],[-148.1817,60.3931],[-148.2036,60.3649],[-148.2159,60.3231],[-148.2187,60.2677],[-148.1976,60.1678],[-148.2138,60.1542],[-148.245,60.1468],[-148.2914,60.1455],[-148.3331,60.122],[-148.4307,59.9891],[-148.4651,59.9747],[-148.5061,59.989],[-148.5424,59.9874],[-148.5741,59.9701],[-148.6436,59.9568],[-148.7509,59.9478],[-148.8427,59.9512],[-149.0042,59.98],[-149.0701,60.0002],[-149.1216,60.0335],[-149.2666,59.9983],[-149.3049,60.0137],[-149.3953,60.1058],[-149.4148,60.1002],[-149.4322,60.001],[-149.4597,59.9663],[-149.5492,59.8943],[-149.598,59.7705],[-149.6129,59.7668],[-149.6296,59.7847],[-149.6847,59.8953],[-149.7139,59.9196],[-149.7948,59.8558],[-149.8037,59.8327],[-149.7825,59.7503],[-149.8013,59.7379],[-149.965,59.7823],[-150.0053,59.7844],[-150.016,59.777],[-149.9602,59.713],[-149.9665,59.69],[-150.198,59.5666],[-150.2585,59.5709],[-150.2965,59.5833],[-150.3381,59.5813],[-150.4854,59.5353],[-150.526,59.5373],[-150.5815,59.5646],[-150.6074,59.5634],[-150.6211,59.5351],[-150.6229,59.4796],[-150.6774,59.427],[-150.8528,59.3418],[-150.8993,59.3027],[-150.9345,59.2491],[-150.9607,59.244],[-151.0636,59.2784],[-151.1828,59.3008],[-151.1992,59.2896],[-151.163,59.2569],[-151.1707,59.2369],[-151.2223,59.2294],[-151.2875,59.2323],[-151.3664,59.2456],[-151.477,59.2306],[-151.6194,59.1873],[-151.7382,59.1885],[-151.9039,59.2598],[-151.9495,59.2651],[-151.9641,59.2851],[-151.9317,59.3427],[-151.8846,59.3863],[-151.85,59.4063],[-151.6926,59.4622],[-151.5127,59.4827],[-151.3996,59.5163],[-151.2621,59.5856],[-151.1894,59.6377],[-151.0465,59.7718],[-151.0573,59.7822],[-151.0895,59.7894],[-151.4037,59.6623],[-151.4501,59.6504],[-151.5126,59.6513],[-151.7638,59.7],[-151.8169,59.7209],[-151.8532,59.7821],[-151.7834,59.9211],[-151.7345,59.9883],[-151.6119,60.092],[-151.4515,60.2026],[-151.396,60.2745],[-151.3127,60.4665],[-151.3175,60.5536],[-151.355,60.6599],[-151.3564,60.7229],[-151.3218,60.7429],[-150.9538,60.8412],[-150.7795,60.9148],[-150.4413,61.0236],[-150.3491,61.0227],[-150.2815,60.9852],[-150.2028,60.9552],[-150.113,60.9328],[-149.9976,60.9352],[-149.8562,60.9623],[-149.6325,60.952],[-149.1729,60.8804],[-149.0751,60.8764],[-149.0713,60.8855],[-149.1422,60.9357],[-149.4591,60.9647],[-149.5925,60.9938],[-149.9677,61.1217],[-150.0533,61.1711],[-150.0186,61.1942],[-149.9268,61.2133],[-149.8953,61.2317],[-149.882,61.2637],[-149.8292,61.3075],[-149.7369,61.3633],[-149.596,61.4173],[-149.3291,61.4974],[-149.4335,61.5008],[-149.6254,61.486],[-149.6953,61.4707],[-149.8237,61.4134],[-149.8737,61.373],[-149.9452,61.2942],[-149.9757,61.2793],[-150.1089,61.2679],[-150.4718,61.26],[-150.5332,61.3002],[-150.5672,61.3068],[-150.6123,61.3011],[-150.9455,61.1982],[-151.065,61.1457],[-151.1501,61.0858],[-151.2819,61.0419],[-151.4601,61.0141],[-151.5935,60.9796],[-151.734,60.9107],[-151.7816,60.858],[-151.7844,60.8332],[-151.7505,60.7549],[-151.7851,60.7402],[-151.8662,60.7341],[-151.9962,60.6822],[-152.2707,60.5281],[-152.3066,60.4722],[-152.3051,60.453],[-152.2603,60.4094],[-152.2915,60.3811],[-152.3688,60.3363],[-152.5409,60.2654],[-152.654,60.2384],[-152.7273,60.2371],[-152.7979,60.2472],[-152.9234,60.2929],[-153.025,60.2957],[-153.0312,60.2893],[-152.8929,60.2404],[-152.7524,60.1775],[-152.6647,60.1253],[-152.6301,60.0838],[-152.6286,60.0411],[-152.6601,59.9972],[-152.7595,59.9209],[-152.8569,59.8981],[-153.1061,59.875],[-153.1864,59.8569],[-153.2112,59.8427],[-153.0401,59.8105],[-153.0246,59.794],[-153.0481,59.73],[-153.0936,59.7091],[-153.2362,59.6709],[-153.364,59.6599],[-153.3835,59.6672],[-153.3596,59.7175],[-153.3665,59.7298],[-153.4144,59.7401],[-153.4826,59.7209],[-153.6525,59.647],[-153.6707,59.6348],[-153.6094,59.615],[-153.6223,59.5985],[-153.7144,59.5453],[-153.7526,59.5099],[-153.8142,59.4737],[-154.0883,59.3633],[-154.0675,59.3364],[-154.1388,59.2401],[-154.1783,59.1556],[-154.1298,59.1199],[-153.8996,59.078],[-153.7879,59.0679],[-153.6564,59.0387],[-153.4183,58.96],[-153.339,58.9085],[-153.3271,58.8843],[-153.3344,58.8579],[-153.3629,58.8222],[-153.4376,58.7548],[-153.6173,58.6547],[-153.6986,58.6264],[-153.8215,58.6041],[-153.862,58.5878],[-154.0199,58.493],[-154.0625,58.4417],[-154.0557,58.3972],[-154.0859,58.3658],[-154.289,58.3043],[-154.2818,58.2935],[-154.2081,58.2888],[-154.2351,58.2346],[-154.247,58.1594],[-154.2823,58.1468],[-154.4092,58.1473],[-154.5706,58.1181],[-154.5819,58.1098],[-154.5849,58.0557],[-155.0069,58.0161],[-155.0993,57.9133],[-155.1474,57.8818],[-155.3127,57.8071],[-155.414,57.7771],[-155.5296,57.7589],[-155.5902,57.7336],[-155.5958,57.7011],[-155.6287,57.673],[-155.729,57.6266],[-155.778,57.5682],[-155.8137,57.559],[-156.0002,57.545],[-156.0374,57.5265],[-156.0554,57.4476],[-156.0899,57.4451],[-156.156,57.4634],[-156.2422,57.4492],[-156.4359,57.36],[-156.4784,57.3279],[-156.4737,57.3107],[-156.4436,57.2937],[-156.3977,57.2406],[-156.4005,57.2048],[-156.4751,57.1052],[-156.5013,57.0898],[-156.592,57.0651],[-156.629,57.01],[-156.7126,57.0161],[-156.7799,57.0056],[-156.8239,56.9688],[-156.8717,56.9477],[-156.9234,56.9421],[-156.9884,56.9129],[-157.0667,56.8602],[-157.1392,56.8266],[-157.2058,56.8121],[-157.2706,56.8085],[-157.3336,56.8159],[-157.3902,56.8098],[-157.4406,56.7903],[-157.4896,56.7598],[-157.5287,56.6732],[-157.5784,56.6345],[-157.6098,56.6277],[-157.6739,56.6334],[-157.7707,56.6517],[-157.8691,56.6452],[-158.0279,56.5921],[-158.0783,56.5521],[-157.9783,56.5432],[-157.9287,56.5317],[-157.93,56.5205],[-157.9822,56.5096],[-158.0709,56.5104],[-158.1244,56.501],[-158.1894,56.4782],[-158.3525,56.4535],[-158.4144,56.4358],[-158.5374,56.3354],[-158.5521,56.3127],[-158.5364,56.3077],[-158.4673,56.3183],[-158.3861,56.3016],[-158.344,56.2803],[-158.317,56.2542],[-158.2914,56.2037],[-158.2756,56.1962],[-158.4318,56.1115],[-158.4761,56.0755],[-158.5047,56.0621],[-158.5233,56.0725],[-158.5427,56.1668],[-158.5544,56.1829],[-158.5912,56.1845],[-158.6268,56.1547],[-158.7049,56.0431],[-158.7898,55.9869],[-159.4294,55.8427],[-159.5232,55.81],[-159.5413,55.7485],[-159.5676,55.6952],[-159.6101,55.6528],[-159.6597,55.6259],[-159.6703,55.645],[-159.6653,55.7949],[-159.6785,55.8247],[-159.743,55.8438],[-159.7714,55.8411],[-159.8104,55.8327],[-159.8744,55.8003],[-159.9135,55.7922],[-159.9623,55.7949],[-160.0457,55.7629],[-160.2438,55.6605],[-160.3732,55.6351],[-160.4074,55.6138],[-160.4627,55.5578],[-160.4993,55.5373],[-160.5535,55.5355],[-160.6252,55.5524],[-160.6829,55.5404],[-160.7265,55.4997],[-160.7708,55.4835],[-160.8967,55.5136],[-160.9522,55.4931],[-161.0242,55.4404],[-161.0995,55.4057],[-161.178,55.3889],[-161.3819,55.3713],[-161.4639,55.3825],[-161.4805,55.3978],[-161.4767,55.4649],[-161.4438,55.5133],[-161.4133,55.5361],[-161.3727,55.5563],[-161.3133,55.5586],[-161.2021,55.5436],[-161.2147,55.5598],[-161.2551,55.579],[-161.3575,55.6122],[-161.4588,55.6292],[-161.5169,55.6184],[-161.5988,55.5928],[-161.6543,55.5634],[-161.6835,55.5299],[-161.7204,55.4207],[-161.7416,55.3912],[-161.9803,55.1986],[-162.074,55.1393],[-162.1666,55.1437],[-162.2115,55.1213],[-162.2747,55.0732],[-162.3329,55.0502],[-162.3864,55.0523],[-162.4279,55.0615],[-162.4575,55.0777],[-162.4524,55.0928],[-162.4125,55.1069],[-162.4268,55.1454],[-162.4953,55.2084],[-162.5419,55.2427],[-162.6304,55.2467],[-162.6441,55.218],[-162.6143,55.0715],[-162.6189,55.0384],[-162.6744,54.9966],[-162.8196,54.95],[-162.865,54.9545],[-162.9959,55.0465],[-163.1196,55.0647],[-163.1278,55.0348],[-163.1002,54.9736],[-163.1311,54.9166],[-163.2206,54.8634],[-163.2886,54.8376],[-163.3353,54.8392],[-163.3379,54.8764],[-163.2963,54.9493],[-163.2857,55.01],[-163.306,55.0585],[-163.3037,55.0958],[-163.2788,55.1218],[-163.1145,55.1939],[-163.0454,55.2047],[-163.0083,55.1869],[-162.962,55.1838],[-162.9066,55.1956],[-162.8716,55.2186],[-162.8571,55.253],[-162.7862,55.2971],[-162.659,55.3508],[-162.5134,55.45],[-162.3494,55.5947],[-162.1571,55.7194],[-161.9366,55.8242],[-161.6973,55.9072],[-161.2156,56.0214],[-161.1786,56.0145],[-161.2226,55.9774],[-161.1925,55.9543],[-161.1452,55.9513],[-160.9687,55.9696],[-160.8986,55.9937],[-160.8778,55.9705],[-160.9024,55.9413],[-161.0084,55.9117],[-161.0054,55.8872],[-160.8513,55.7719],[-160.8028,55.7544],[-160.7626,55.7566],[-160.7455,55.7715],[-160.7584,55.8546],[-160.7063,55.8705],[-160.5997,55.8743],[-160.5302,55.8635],[-160.4979,55.8379],[-160.4369,55.8167],[-160.3473,55.7999],[-160.2917,55.8051],[-160.2701,55.8322],[-160.3085,55.8645],[-160.4799,55.9354],[-160.5274,55.965],[-160.5391,56.0063],[-160.5147,56.0591],[-160.4608,56.1375],[-160.3775,56.2415],[-160.3021,56.3141],[-160.1493,56.3963],[-160.0462,56.437],[-159.7851,56.5616],[-159.2831,56.6886],[-159.159,56.7701],[-158.9904,56.8601],[-158.918,56.8822],[-158.918,56.8474],[-158.8949,56.8164],[-158.7821,56.7958],[-158.7088,56.7886],[-158.6751,56.7949],[-158.6659,56.8279],[-158.6811,56.8877],[-158.6848,56.9442],[-158.6772,56.9974],[-158.6608,57.0394],[-158.5856,57.1141],[-158.4737,57.1991],[-158.3209,57.2979],[-158.2245,57.3427],[-158.1335,57.3664],[-158.0457,57.4095],[-157.8943,57.5114],[-157.8458,57.5281],[-157.7372,57.5481],[-157.6974,57.5393],[-157.674,57.5137],[-157.6456,57.4978],[-157.5353,57.4834],[-157.4619,57.5062],[-157.4739,57.5182],[-157.5335,57.5259],[-157.5716,57.5407],[-157.6076,57.6015],[-157.6807,57.6381],[-157.6972,57.6794],[-157.684,57.7439],[-157.6212,57.8952],[-157.6109,58.0508],[-157.555,58.1399],[-157.4427,58.1722],[-157.1937,58.1942],[-157.3394,58.2345],[-157.3936,58.2348],[-157.4884,58.2537],[-157.5244,58.3507],[-157.5236,58.4213],[-157.4609,58.503],[-157.2289,58.6409],[-156.9747,58.7363],[-157.009,58.7442],[-157.0405,58.7726],[-156.9232,58.9637],[-156.8089,59.1343],[-156.9634,58.9889],[-157.142,58.8776],[-157.6657,58.7485],[-158.0219,58.6402],[-158.1909,58.6143],[-158.3026,58.6418],[-158.3896,58.7457],[-158.4393,58.7826],[-158.5032,58.8503],[-158.4763,58.9384],[-158.4256,58.9993],[-158.3145,59.0093],[-158.1892,58.9799],[-158.0805,58.9774],[-158.2206,59.0375],[-158.4228,59.0898],[-158.5144,59.0729],[-158.5845,58.9878],[-158.6783,58.9294],[-158.7606,58.9501],[-158.8095,58.9739],[-158.7755,58.9025],[-158.8377,58.7939],[-158.8614,58.7188],[-158.7721,58.5203],[-158.7886,58.441],[-158.9507,58.4045],[-159.0827,58.4698],[-159.3582,58.7213],[-159.4542,58.7929],[-159.6703,58.9111],[-159.7415,58.8943],[-159.8322,58.836],[-159.9202,58.8199],[-160.1526,58.9059],[-160.2608,58.9715],[-160.3631,59.0512],[-160.5199,59.0073],[-160.6566,58.9551],[-160.8171,58.8717],[-160.9243,58.8724],[-161.2159,58.801],[-161.2468,58.7995],[-161.2879,58.7609],[-161.3281,58.7437],[-161.3613,58.6695],[-161.7555,58.612],[-162.1449,58.6442],[-162.0087,58.685],[-161.8565,58.7171],[-161.7244,58.7943],[-161.7805,58.8974],[-161.7903,58.95],[-161.7887,59.0164],[-161.6444,59.1097],[-161.7945,59.1095],[-161.8908,59.0761],[-161.9811,59.1461],[-162.0233,59.284],[-161.9201,59.3655],[-161.8722,59.4283],[-161.8317,59.5145],[-161.8287,59.5886],[-161.9086,59.7141],[-162.1381,59.98],[-162.2425,60.1783],[-162.4213,60.284],[-162.2878,60.4569],[-162.1389,60.6144],[-161.9466,60.6848],[-161.962,60.6954],[-162.0683,60.6949],[-162.138,60.6855],[-162.1999,60.6343],[-162.265,60.5952],[-162.4687,60.3947],[-162.5997,60.297],[-162.685,60.2689],[-162.5477,60.2311],[-162.527,60.1991],[-162.5005,60.1266],[-162.5356,60.0384],[-162.5708,59.9897],[-162.7326,59.9937],[-162.8778,59.9228],[-163.2194,59.8456],[-163.6804,59.8015],[-163.9069,59.8068],[-164.1428,59.8968],[-164.1315,59.9942],[-164.4705,60.1493],[-164.6623,60.3038],[-164.8,60.3072],[-164.9197,60.3484],[-165.0611,60.4125],[-165.0487,60.4643],[-165.0265,60.5006],[-165.1133,60.5261],[-165.2245,60.5236],[-165.3538,60.5412],[-165.016,60.74],[-164.8998,60.8731],[-164.8052,60.892],[-164.6824,60.8715],[-164.5129,60.819],[-164.3701,60.7959],[-164.3185,60.7713],[-164.2657,60.7247],[-164.3214,60.6466],[-164.3724,60.5918],[-164.3097,60.6067],[-164.1318,60.6915],[-163.9996,60.7661],[-163.9361,60.7583],[-163.8949,60.7452],[-163.8214,60.6683],[-163.73,60.59],[-163.5287,60.6646],[-163.4209,60.7574],[-163.5119,60.7981],[-163.623,60.8222],[-163.9065,60.8538],[-163.8373,60.8804],[-163.6554,60.8775],[-163.5869,60.903],[-163.6589,60.9382],[-163.749,60.9697],[-163.9946,60.8647],[-164.4416,60.87],[-164.754,60.9313],[-165.0656,60.9207],[-165.1148,60.9328],[-165.1755,60.9657],[-164.9999,61.0437],[-164.8756,61.0868],[-164.869,61.1118],[-164.9412,61.1149],[-165.0771,61.0942],[-165.1377,61.1301],[-165.1278,61.1924],[-165.15,61.1869],[-165.2038,61.1528],[-165.2798,61.1696],[-165.3449,61.1977],[-165.3108,61.2276],[-165.2439,61.2687],[-165.2736,61.2749],[-165.3337,61.2661],[-165.392,61.2123],[-165.3793,61.1688],[-165.3808,61.1063],[-165.4805,61.0949],[-165.5659,61.1023],[-165.6276,61.1652],[-165.6914,61.2999],[-165.864,61.3357],[-165.9063,61.4038],[-165.7971,61.4912],[-165.8453,61.5362],[-165.9613,61.5509],[-166.094,61.5067],[-166.1527,61.5459],[-166.1681,61.6508],[-166.1312,61.6573],[-166.1005,61.6451],[-165.8346,61.6794],[-165.8089,61.6961],[-166.0199,61.7483],[-166.0788,61.8031],[-165.9914,61.8342],[-165.8338,61.8368],[-165.6128,61.8693],[-165.7058,61.9274],[-165.7252,61.9594],[-165.7439,62.0117],[-165.7073,62.1004],[-165.4477,62.3039],[-165.1945,62.4735],[-165.1156,62.5127],[-164.9997,62.5338],[-164.8918,62.5176],[-164.7792,62.4812],[-164.7579,62.4967],[-164.7961,62.5116],[-164.8444,62.5811],[-164.688,62.6083],[-164.5963,62.6867],[-164.5895,62.7094],[-164.689,62.6768],[-164.7927,62.6232],[-164.8187,62.6771],[-164.8454,62.801],[-164.7997,62.9181],[-164.7641,62.9706],[-164.6774,63.0205],[-164.4281,63.0404],[-164.3842,63.0305],[-164.3751,63.054],[-164.5252,63.1276],[-164.4633,63.1852],[-164.409,63.215],[-164.1076,63.2617],[-163.9429,63.2472],[-163.7362,63.1928],[-163.6163,63.1251],[-163.6337,63.0904],[-163.6636,63.0703],[-163.7257,63.0478],[-163.749,63.0303],[-163.7378,63.0164],[-163.6494,63.0568],[-163.5043,63.1059],[-163.4232,63.0845],[-163.3588,63.0458],[-163.2878,63.0464],[-163.0623,63.0797],[-162.9477,63.115],[-162.8078,63.2066],[-162.6215,63.2658],[-162.3598,63.4526],[-162.2828,63.5292],[-162.1933,63.541],[-162.1125,63.5342],[-162.0563,63.4713],[-161.974,63.4529],[-161.5054,63.4682],[-161.266,63.497],[-161.0997,63.5579],[-160.9267,63.6605],[-160.8265,63.7293],[-160.7786,63.8189],[-160.8405,63.9349],[-160.904,64.0312],[-160.9875,64.2513],[-161.2201,64.3966],[-161.3857,64.4399],[-161.4907,64.4338],[-161.4146,64.5264],[-161.1931,64.5164],[-161.0488,64.5345],[-160.9319,64.5791],[-160.8937,64.6129],[-160.836,64.6819],[-160.8559,64.7556],[-160.887,64.7956],[-160.9675,64.8396],[-161.0632,64.904],[-161.1302,64.9254],[-161.1869,64.924],[-161.4664,64.7949],[-161.634,64.7925],[-161.7594,64.8163],[-161.8683,64.7427],[-162.1723,64.6781],[-162.3346,64.6128],[-162.6357,64.4508],[-162.7111,64.3775],[-162.807,64.3742],[-162.8764,64.5164],[-163.2039,64.652],[-163.3028,64.6059],[-163.2483,64.5633],[-163.1741,64.533],[-163.0518,64.5197],[-163.1045,64.4786],[-163.1443,64.4238],[-163.267,64.4752],[-163.4862,64.5498],[-163.7131,64.5882],[-164.304,64.5839],[-164.6918,64.5074],[-164.7275,64.5233],[-164.7649,64.5296],[-164.8295,64.5114],[-164.8573,64.4803],[-164.8995,64.4606],[-164.9788,64.4537],[-165.1381,64.4652],[-165.4462,64.5128],[-166.1428,64.5828],[-166.3251,64.6257],[-166.4814,64.7281],[-166.4781,64.7976],[-166.4087,64.827],[-166.4152,64.9265],[-166.5509,64.953],[-166.827,65.0961],[-166.9284,65.1571],[-166.9064,65.1638],[-166.8568,65.1473],[-166.7625,65.1349],[-166.531,65.1547],[-166.4517,65.2473],[-166.2797,65.2738],[-166.1215,65.2607],[-166.157,65.2858],[-166.1974,65.3056],[-166.6094,65.3527],[-166.6654,65.3383],[-167.404,65.4221],[-167.9873,65.5678],[-168.035,65.5956],[-168.0884,65.6578],[-168.0097,65.7191],[-167.9306,65.7481],[-167.927,65.7144],[-167.9144,65.6812],[-167.58,65.7583],[-167.4053,65.8593],[-167.0742,65.8771],[-166.9972,65.9049],[-166.8944,65.9592],[-166.7477,66.0519],[-166.5401,66.1006],[-166.3987,66.1444],[-166.2146,66.1703],[-166.0574,66.1272],[-166.0089,66.1213],[-165.7237,66.1125],[-165.6299,66.1312],[-165.59,66.1451],[-165.5602,66.1671],[-165.8402,66.2451],[-165.8119,66.2885],[-165.7762,66.319],[-165.4494,66.4099],[-165.1983,66.4399],[-165.064,66.4378],[-164.6741,66.555],[-164.4605,66.5884],[-164.0583,66.6107],[-163.7277,66.6165],[-163.6382,66.5747],[-163.8157,66.5835],[-163.8939,66.5759],[-163.8382,66.5616],[-163.7755,66.5311],[-163.7937,66.4926],[-163.9029,66.3784],[-163.8939,66.2869],[-163.965,66.2573],[-164.0337,66.2155],[-163.6954,66.0838],[-163.1714,66.0754],[-162.8865,66.0992],[-162.7218,66.0598],[-162.5869,66.0508],[-162.2143,66.071],[-161.9337,66.0429],[-161.8163,66.0537],[-161.5568,66.2505],[-161.4554,66.2814],[-161.3451,66.2472],[-161.2011,66.2194],[-161.1092,66.2395],[-161.0343,66.1888],[-161.0695,66.2946],[-161.1203,66.3343],[-161.5444,66.407],[-161.8282,66.3708],[-161.9169,66.4118],[-161.8876,66.4931],[-162.1912,66.6931],[-162.3177,66.7337],[-162.4674,66.7356],[-162.5437,66.8051],[-162.6074,66.8944],[-162.4783,66.9308],[-162.3616,66.9473],[-162.2536,66.9187],[-162.1314,66.8014],[-162.0176,66.7841],[-162.0507,66.6673],[-161.9096,66.5596],[-161.591,66.4595],[-161.3359,66.4963],[-161.1558,66.4953],[-161.0481,66.4742],[-160.7845,66.3844],[-160.6505,66.3731],[-160.2317,66.4203],[-160.2273,66.5085],[-160.2625,66.5725],[-160.3609,66.6125],[-160.6438,66.605],[-160.864,66.6708],[-161.0515,66.6528],[-161.398,66.5519],[-161.5717,66.5916],[-161.6809,66.6455],[-161.8567,66.7003],[-161.8788,66.804],[-161.7313,66.9228],[-161.6222,66.9793],[-161.7199,67.0206],[-161.9654,67.0496],[-162.3916,67.0199],[-162.4116,67.0603],[-162.4094,67.104],[-162.5831,67.0185],[-162.7614,67.0364],[-163.0017,67.0273],[-163.5318,67.1026],[-163.7206,67.1956],[-163.7998,67.271],[-163.9427,67.4776],[-164.1252,67.6067],[-165.386,68.0456],[-165.9596,68.1559],[-166.2359,68.2779],[-166.4091,68.308],[-166.5745,68.3203],[-166.7863,68.3596],[-166.6439,68.408],[-166.5459,68.4244],[-166.6479,68.3738],[-166.5704,68.3611],[-166.447,68.3902],[-166.3805,68.4251],[-166.283,68.5732],[-166.182,68.7972],[-166.2091,68.8854],[-165.5095,68.8676],[-165.0439,68.8825],[-164.8897,68.9024],[-164.3023,68.9365],[-164.1502,68.9612],[-163.8679,69.0367],[-163.5357,69.1701],[-163.2505,69.3454],[-163.2052,69.3925],[-163.1871,69.3805],[-163.1615,69.3879],[-163.131,69.4543],[-163.0936,69.6107],[-162.9521,69.7581],[-162.3504,70.0941],[-162.0711,70.2272],[-161.978,70.2876],[-161.881,70.3317],[-161.8126,70.2898],[-161.7799,70.2773],[-161.7611,70.2577],[-161.8184,70.2484],[-161.912,70.2055],[-162.0424,70.1767],[-162.0739,70.162],[-161.9974,70.1652],[-161.7682,70.1965],[-161.639,70.2345],[-160.9963,70.3046],[-160.6477,70.4206],[-160.6341,70.4464],[-160.1171,70.5912],[-160.0456,70.5856],[-159.9631,70.5682],[-160.1064,70.4726],[-160.0056,70.4476],[-160.0951,70.3333],[-159.9076,70.3314],[-159.8657,70.2789],[-159.8552,70.3242],[-159.8575,70.3893],[-159.8426,70.453],[-159.815,70.4971],[-159.6833,70.4771],[-159.3868,70.5245],[-159.7462,70.5305],[-159.9618,70.6341],[-160.0816,70.6349],[-159.6809,70.7868],[-159.3145,70.8785],[-159.2317,70.8768],[-159.1917,70.8597],[-159.1832,70.8319],[-159.2622,70.8139],[-159.3398,70.7812],[-159.3042,70.7525],[-159.2512,70.7484],[-159.075,70.7721],[-158.9963,70.8016],[-158.6209,70.799],[-158.5108,70.8201],[-158.4844,70.8411],[-157.9985,70.8453],[-157.9094,70.8601],[-157.6056,70.9413],[-157.3248,71.0396],[-157.1953,71.0933],[-156.9733,71.23],[-156.7833,71.3189],[-156.4702,71.4077],[-156.3953,71.3967],[-156.4967,71.3791],[-156.5672,71.3416],[-156.47,71.2916],[-155.8111,71.1884],[-155.6456,71.1828],[-155.5794,71.1211],[-155.6346,71.0616],[-155.8043,70.9954],[-156.1466,70.9278],[-156.0419,70.9022],[-155.9735,70.842],[-155.8722,70.8347],[-155.7081,70.8573],[-155.5794,70.8943],[-155.3134,71.015],[-155.2297,71.0822],[-155.1668,71.0992],[-154.9438,71.0831],[-154.8175,71.0485],[-154.6737,70.9871],[-154.7263,70.9278],[-154.7852,70.8943],[-154.5986,70.848],[-154.3922,70.8383],[-154.1952,70.8011],[-153.9182,70.8773],[-153.7014,70.8936],[-153.4977,70.8911],[-153.2329,70.9326],[-152.7849,70.876],[-152.6708,70.8907],[-152.4912,70.881],[-152.3004,70.8468],[-152.2329,70.8104],[-152.4373,70.7333],[-152.4706,70.6536],[-152.3992,70.6205],[-152.2697,70.6147],[-152.2534,70.5683],[-152.1729,70.5566],[-151.769,70.5602],[-151.7999,70.538],[-151.8196,70.5113],[-151.9447,70.4521],[-151.2248,70.4188],[-151.128,70.4516],[-150.9791,70.4647],[-150.6626,70.5099],[-150.5435,70.4901],[-150.4032,70.4439],[-150.2736,70.4343],[-150.1525,70.4437],[-149.8701,70.5097],[-149.544,70.5129],[-149.4106,70.4914],[-149.2694,70.5008],[-148.8448,70.4252],[-148.6884,70.4163],[-148.4792,70.3179],[-148.3711,70.315],[-148.2488,70.3567],[-148.1427,70.3555],[-148.0391,70.3155],[-147.8695,70.3033],[-147.7906,70.2401],[-147.7054,70.2172],[-147.0629,70.1704],[-146.7449,70.1917],[-146.2812,70.1861],[-146.0577,70.1562],[-145.8231,70.1601],[-145.4401,70.0509],[-145.2368,70.0339],[-145.1974,70.0087],[-144.6192,69.9821],[-144.4169,70.039],[-144.0641,70.0541],[-143.7464,70.102],[-143.5664,70.1015],[-143.357,70.0896],[-143.2765,70.0953],[-143.2183,70.1163],[-142.7079,70.0338],[-142.4221,69.9395],[-142.297,69.8699],[-141.6992,69.7704],[-141.5264,69.7147],[-141.4079,69.6534],[-141.3386,69.6468],[-141.2896,69.6647],[-141.0808,69.6594],[-141.0021,69.6508],[-141.0021,60.3002],[-140.5254,60.2184],[-140.4528,60.2997],[-139.9733,60.1832],[-139.6763,60.3283],[-139.0792,60.3437],[-139.0792,60.2794],[-139.1852,60.0836],[-139.0435,59.9933],[-138.7055,59.9013],[-138.6323,59.7783],[-137.5933,59.2263],[-137.4842,58.9912],[-137.5209,58.9154],[-137.4386,58.9031],[-137.2775,58.9882],[-136.8133,59.15],[-136.5788,59.1522],[-136.4667,59.2799],[-136.4664,59.4591],[-136.3479,59.4561],[-136.278,59.4803],[-136.2471,59.5329],[-136.3218,59.6048],[-135.9347,59.6626],[-135.4759,59.7933],[-135.2608,59.695],[-135.051,59.5787],[-135.0367,59.5507],[-135.0713,59.4415],[-134.9437,59.2883],[-134.9072,59.2712],[-134.8024,59.25],[-134.6772,59.1993],[-134.622,59.1553],[-134.4408,59.0854],[-134.4102,59.0562],[-134.3931,59.0092],[-134.3635,58.9688],[-134.3296,58.9397],[-134.297,58.8985],[-134.2185,58.8499],[-133.8208,58.705],[-133.5464,58.5035],[-133.4011,58.4109],[-133.4226,58.3371],[-133.2753,58.2229],[-133.1204,58.0777],[-133.0014,57.949],[-132.9168,57.877],[-132.5505,57.4999],[-132.3017,57.2763],[-132.2322,57.1985],[-132.338,57.0794],[-132.0315,57.0266],[-132.1043,56.8568],[-131.8662,56.7928],[-131.886,56.7421],[-131.8331,56.6848],[-131.8243,56.59],[-131.5751,56.5988],[-131.3358,56.5012],[-131.0829,56.4048],[-130.7417,56.3408],[-130.6491,56.2637],[-130.4771,56.2306],[-130.4131,56.1225],[-130.2147,56.0828],[-130.0979,56.1093],[-130.056,56.0652],[-130.0229,56.0145],[-130.0141,55.9505],[-130.0251,55.8882],[-130.0747,55.836],[-130.112,55.7798],[-130.1371,55.7194],[-130.1465,55.6545],[-130.1404,55.585],[-130.1204,55.5244],[-130.0595,55.4123],[-130.0393,55.3436],[-130.0366,55.2979],[-130.1718,55.137],[-130.2185,55.0603],[-130.2141,55.0259]]],[[[-155.5813,19.012],[-155.6256,18.9639],[-155.6808,18.9677],[-155.8813,19.0705],[-155.9056,19.1258],[-155.8907,19.3825],[-155.9658,19.5908],[-156.0487,19.75],[-155.9884,19.8316],[-155.9089,19.8947],[-155.8203,20.0142],[-155.8928,20.1674],[-155.8743,20.2598],[-155.8316,20.2758],[-155.6221,20.1634],[-155.1988,19.9944],[-155.0861,19.8756],[-155.0659,19.7482],[-154.989,19.732],[-154.9526,19.6446],[-154.8414,19.5682],[-154.8042,19.5245],[-154.8503,19.4541],[-155.0535,19.3192],[-155.3096,19.2602],[-155.5353,19.1091],[-155.5813,19.012]]],[[[-156.8496,20.7727],[-156.9089,20.7445],[-156.9734,20.7575],[-156.9884,20.8257],[-157.0506,20.9125],[-156.9418,20.93],[-156.8806,20.9048],[-156.8483,20.8778],[-156.8094,20.8312],[-156.8496,20.7727]]],[[[-156.4868,20.9326],[-156.4608,20.9147],[-156.3544,20.9415],[-156.2775,20.9513],[-156.1483,20.8855],[-156.1035,20.8403],[-156.0187,20.7921],[-155.9898,20.7571],[-156.0136,20.7148],[-156.1071,20.6448],[-156.2348,20.6286],[-156.31,20.5988],[-156.4088,20.6052],[-156.4382,20.6179],[-156.4489,20.7063],[-156.4801,20.8012],[-156.5438,20.79],[-156.6154,20.8218],[-156.6897,20.9014],[-156.6978,20.9491],[-156.6569,21.0245],[-156.5854,21.0343],[-156.5323,20.9927],[-156.4868,20.9326]]],[[[-157.2136,21.2154],[-157.0023,21.1879],[-156.9523,21.1997],[-156.9172,21.1773],[-156.7422,21.1635],[-156.7122,21.1551],[-156.7479,21.1036],[-156.8599,21.0563],[-157.0209,21.0978],[-157.2903,21.1126],[-157.2795,21.1523],[-157.2538,21.1806],[-157.25,21.2298],[-157.2136,21.2154]]],[[[-157.7994,21.4566],[-157.765,21.4509],[-157.7209,21.4577],[-157.7055,21.3781],[-157.6542,21.3339],[-157.6354,21.3076],[-157.6909,21.2797],[-157.7988,21.2686],[-157.8493,21.2908],[-157.9018,21.3406],[-157.9584,21.3269],[-157.9683,21.3669],[-157.9784,21.3785],[-158.0173,21.3677],[-157.981,21.3161],[-158.0792,21.3123],[-158.1104,21.3186],[-158.1378,21.3771],[-158.2391,21.4894],[-158.2387,21.5331],[-158.2731,21.5853],[-158.1231,21.6002],[-158.0204,21.6918],[-157.9625,21.7014],[-157.8515,21.5534],[-157.8543,21.5119],[-157.8296,21.4714],[-157.7994,21.4566]]],[[[-160.18,21.8411],[-160.2002,21.7969],[-160.2347,21.8037],[-160.2435,21.8431],[-160.2209,21.8973],[-160.1639,21.944],[-160.1006,22.0152],[-160.0487,22.0046],[-160.0767,21.9581],[-160.08,21.9074],[-160.1534,21.8788],[-160.18,21.8411]]],[[[-159.3728,21.9324],[-159.4607,21.8761],[-159.5119,21.9004],[-159.6088,21.9095],[-159.6464,21.9518],[-159.748,21.9898],[-159.7892,22.0418],[-159.7266,22.1402],[-159.5792,22.2231],[-159.3521,22.2196],[-159.3048,22.1541],[-159.3007,22.1053],[-159.3302,22.0507],[-159.3438,21.9736],[-159.3728,21.9324]]],[[[-81.7838,24.5446],[-81.8092,24.5423],[-81.8114,24.5578],[-81.7677,24.5767],[-81.7387,24.5754],[-81.7397,24.5545],[-81.7838,24.5446]]],[[[-81.5667,24.5999],[-81.6315,24.59],[-81.5792,24.6294],[-81.5623,24.6892],[-81.5316,24.6425],[-81.5322,24.6142],[-81.5667,24.5999]]],[[[-81.3348,24.6505],[-81.3648,24.6299],[-81.3791,24.6363],[-81.3791,24.6663],[-81.4217,24.7326],[-81.4201,24.75],[-81.3223,24.6851],[-81.3198,24.6676],[-81.3348,24.6505]]],[[[-81.0442,24.7168],[-81.09,24.6931],[-81.1374,24.7105],[-81.0853,24.7342],[-80.9305,24.7595],[-80.9889,24.7279],[-81.0442,24.7168]]],[[[-80.8294,24.8037],[-80.8483,24.8037],[-80.8389,24.8179],[-80.7994,24.8463],[-80.7852,24.8353],[-80.7868,24.821],[-80.8294,24.8037]]],[[[-80.6383,24.9032],[-80.6651,24.8984],[-80.6257,24.9411],[-80.6146,24.9379],[-80.6383,24.9032]]],[[[-80.3818,25.1423],[-80.5806,24.9542],[-80.5585,25.0013],[-80.4811,25.102],[-80.456,25.1493],[-80.4037,25.1793],[-80.3549,25.2336],[-80.3513,25.297],[-80.2805,25.3413],[-80.2571,25.3476],[-80.3818,25.1423]]],[[[-82.0372,26.4536],[-82.0729,26.4275],[-82.145,26.4467],[-82.1844,26.481],[-82.2014,26.548],[-82.1386,26.477],[-82.1161,26.4609],[-82.0372,26.4536]]],[[[-82.0838,26.5523],[-82.0852,26.4936],[-82.1356,26.592],[-82.1691,26.7007],[-82.1211,26.6655],[-82.0838,26.5523]]],[[[-97.1707,26.1594],[-97.1845,26.1129],[-97.2673,26.3298],[-97.4021,26.8205],[-97.4072,27.1002],[-97.386,27.1965],[-97.3512,26.8015],[-97.2022,26.2998],[-97.1707,26.1594]]],[[[-97.3536,27.3],[-97.3848,27.2425],[-97.3762,27.3283],[-97.295,27.5231],[-97.13,27.7792],[-97.0605,27.822],[-97.2509,27.5412],[-97.3536,27.3]]],[[[-80.1868,27.2784],[-80.1705,27.2048],[-80.2625,27.3756],[-80.3761,27.6434],[-80.4369,27.8505],[-80.3958,27.7945],[-80.3555,27.6786],[-80.1868,27.2784]]],[[[-97.0144,27.9016],[-97.036,27.8992],[-96.9876,27.9811],[-96.9787,28.0139],[-96.8993,28.1175],[-96.8574,28.1329],[-96.8397,28.0888],[-96.9213,28.016],[-97.0144,27.9016]]],[[[-96.7644,28.1526],[-96.8011,28.1484],[-96.7556,28.2024],[-96.6816,28.2297],[-96.5193,28.3334],[-96.4531,28.3406],[-96.4187,28.3763],[-96.4036,28.3816],[-96.4133,28.3378],[-96.5439,28.2756],[-96.7644,28.1526]]],[[[-95.0397,29.1459],[-95.0896,29.1363],[-94.8717,29.2901],[-94.826,29.3413],[-94.7676,29.3391],[-94.8649,29.2529],[-95.0397,29.1459]]],[[[-91.7937,29.5007],[-91.8309,29.4865],[-91.9962,29.5731],[-92.0066,29.6103],[-91.925,29.6439],[-91.8752,29.641],[-91.7677,29.5847],[-91.7543,29.5669],[-91.7619,29.539],[-91.7937,29.5007]]],[[[-84.9079,29.6426],[-85.0083,29.6066],[-85.1167,29.6328],[-85.0493,29.6378],[-85.0005,29.6272],[-84.877,29.6787],[-84.8122,29.7176],[-84.7372,29.7324],[-84.9079,29.6426]]],[[[-88.8893,29.7126],[-88.9436,29.6603],[-88.9411,29.6802],[-88.9012,29.7326],[-88.8727,29.753],[-88.8893,29.7126]]],[[[-88.8274,29.8077],[-88.8557,29.7759],[-88.828,29.9284],[-88.8669,30.0567],[-88.8259,30.0004],[-88.8126,29.9333],[-88.8274,29.8077]]],[[[-89.224,30.0841],[-89.2205,30.0376],[-89.2694,30.0607],[-89.342,30.0628],[-89.3101,30.0787],[-89.2876,30.0942],[-89.2765,30.1108],[-89.1847,30.1687],[-89.2107,30.1262],[-89.224,30.0841]]],[[[-88.5581,30.2159],[-88.5707,30.2048],[-88.6592,30.2256],[-88.7131,30.2449],[-88.7229,30.2643],[-88.574,30.2292],[-88.5581,30.2159]]],[[[-88.0713,30.2523],[-88.1593,30.2309],[-88.2897,30.2329],[-88.3163,30.2404],[-88.2639,30.2547],[-88.1094,30.2737],[-88.0713,30.2523]]],[[[-81.419,30.9714],[-81.4635,30.7278],[-81.4827,30.8141],[-81.4846,30.8979],[-81.4509,30.9474],[-81.419,30.9714]]],[[[-118.3504,32.8276],[-118.4086,32.8185],[-118.4732,32.8389],[-118.5289,32.9356],[-118.5902,33.0112],[-118.5571,33.0327],[-118.5075,32.9599],[-118.3832,32.8495],[-118.3504,32.8276]]],[[[-119.438,33.2172],[-119.4825,33.2153],[-119.5437,33.2246],[-119.5752,33.2783],[-119.5251,33.282],[-119.4788,33.2746],[-119.442,33.2324],[-119.438,33.2172]]],[[[-118.3479,33.3857],[-118.2975,33.3121],[-118.3702,33.3212],[-118.4463,33.3171],[-118.492,33.4128],[-118.5073,33.427],[-118.5594,33.432],[-118.5694,33.4642],[-118.5548,33.4771],[-118.3917,33.4151],[-118.3479,33.3857]]],[[[-120.0436,33.9188],[-120.1139,33.9049],[-120.1671,33.9181],[-120.2519,34.0139],[-120.0718,34.0265],[-119.9944,33.9849],[-119.9839,33.9733],[-120.0436,33.9188]]],[[[-120.3066,34.0249],[-120.3597,34.0223],[-120.4416,34.0329],[-120.4129,34.0563],[-120.3677,34.0733],[-120.3066,34.0249]]],[[[-119.8824,34.0797],[-119.6789,34.0285],[-119.5691,34.053],[-119.5493,34.0282],[-119.5622,34.0066],[-119.8096,33.9678],[-119.8855,33.9949],[-119.8924,34.0322],[-119.9181,34.0678],[-119.8824,34.0797]]],[[[-76.5462,34.6549],[-76.5685,34.6525],[-76.6078,34.6636],[-76.662,34.6847],[-76.6739,34.7001],[-76.6223,34.6945],[-76.5462,34.6549]]],[[[-76.5037,34.643],[-76.5286,34.6315],[-76.437,34.7563],[-76.2562,34.9147],[-76.2074,34.9389],[-76.3577,34.8037],[-76.5037,34.643]]],[[[-75.7819,35.1902],[-75.9637,35.1188],[-75.9842,35.1231],[-75.8649,35.1741],[-75.7819,35.1902]]],[[[-75.5441,35.2401],[-75.6783,35.2128],[-75.6901,35.2216],[-75.5364,35.2786],[-75.4879,35.4795],[-75.4813,35.5721],[-75.5043,35.7354],[-75.5035,35.7691],[-75.4785,35.7165],[-75.4564,35.5642],[-75.4647,35.4486],[-75.5093,35.2803],[-75.5441,35.2401]]],[[[-75.6357,35.8559],[-75.6508,35.8356],[-75.7172,35.9461],[-75.6489,35.9104],[-75.6367,35.8807],[-75.6357,35.8559]]],[[[-75.3331,37.8883],[-75.3785,37.8721],[-75.226,38.0723],[-75.1374,38.2401],[-75.0979,38.2981],[-75.1362,38.1805],[-75.2032,38.0724],[-75.3331,37.8883]]],[[[-74.1332,39.6808],[-74.2505,39.5294],[-74.2532,39.5585],[-74.1067,39.7464],[-74.1332,39.6808]]],[[[-74.1881,40.5229],[-74.2359,40.5187],[-74.1882,40.6146],[-74.1005,40.6584],[-74.0687,40.6493],[-74.0674,40.6154],[-74.0797,40.5865],[-74.1385,40.5418],[-74.1881,40.5229]]],[[[-72.5098,40.986],[-72.5809,40.9213],[-72.5166,40.9148],[-72.4613,40.9338],[-72.409,40.9722],[-72.2875,41.0241],[-72.1839,41.0468],[-72.1513,41.0515],[-72.1019,41.015],[-72.004,41.0443],[-71.9032,41.0607],[-72.339,40.8941],[-72.4281,40.8754],[-72.5556,40.8258],[-72.6761,40.7906],[-72.7628,40.7778],[-73.1943,40.6542],[-73.2285,40.6515],[-73.2655,40.6636],[-73.6209,40.5999],[-73.7667,40.5927],[-73.8996,40.5705],[-73.8013,40.6218],[-73.7992,40.641],[-73.8227,40.656],[-73.8752,40.6516],[-73.929,40.5988],[-74.0149,40.5812],[-74.032,40.6387],[-74.0034,40.6832],[-73.9646,40.7253],[-73.8792,40.7917],[-73.7572,40.8337],[-73.6952,40.87],[-73.6522,40.838],[-73.6428,40.8813],[-73.6098,40.9062],[-73.5738,40.9196],[-73.4874,40.92],[-73.4409,40.9268],[-73.4072,40.9411],[-73.3727,40.9438],[-73.2782,40.9242],[-73.1858,40.9298],[-73.1113,40.9569],[-73.0338,40.966],[-72.8288,40.9721],[-72.6251,40.9918],[-72.5437,41.027],[-72.3726,41.1255],[-72.2741,41.153],[-72.4274,41.0385],[-72.5098,40.986]]],[[[-69.9779,41.2656],[-70.0551,41.2495],[-70.2331,41.2863],[-70.0866,41.3176],[-70.0627,41.3285],[-70.0436,41.3744],[-70.0412,41.3975],[-69.9856,41.2986],[-69.9779,41.2656]]],[[[-70.5099,41.3763],[-70.7853,41.3274],[-70.8292,41.359],[-70.7605,41.3736],[-70.6737,41.4485],[-70.616,41.4572],[-70.5253,41.4148],[-70.5099,41.3763]]],[[[-71.3653,41.4853],[-71.3931,41.4667],[-71.4034,41.515],[-71.384,41.5706],[-71.3643,41.5718],[-71.3545,41.5423],[-71.3653,41.4853]]],[[[-71.2414,41.4919],[-71.2909,41.4646],[-71.3462,41.4694],[-71.3182,41.5063],[-71.3075,41.5605],[-71.2802,41.62],[-71.2645,41.6382],[-71.232,41.6543],[-71.2414,41.4919]]],[[[-68.6232,44.196],[-68.6612,44.1763],[-68.7017,44.1827],[-68.703,44.232],[-68.6908,44.2487],[-68.6768,44.2562],[-68.656,44.2423],[-68.6232,44.196]]],[[[-68.1873,44.3325],[-68.2455,44.313],[-68.3093,44.3215],[-68.308,44.2687],[-68.3151,44.2497],[-68.3858,44.2769],[-68.4117,44.2943],[-68.4095,44.3643],[-68.347,44.4304],[-68.2994,44.4565],[-68.238,44.4384],[-68.1909,44.3644],[-68.1873,44.3325]]],[[[-122.8531,47.2047],[-122.8626,47.1851],[-122.8768,47.1861],[-122.908,47.2261],[-122.9119,47.2543],[-122.8851,47.2747],[-122.8492,47.2163],[-122.8531,47.2047]]],[[[-122.3941,47.3953],[-122.3987,47.3725],[-122.4371,47.3548],[-122.457,47.3593],[-122.4582,47.3861],[-122.4686,47.3902],[-122.5099,47.358],[-122.5068,47.4217],[-122.4865,47.4888],[-122.4686,47.49],[-122.4421,47.4461],[-122.3941,47.3953]]],[[[-122.4973,47.5946],[-122.5026,47.5754],[-122.5578,47.5983],[-122.5759,47.6195],[-122.5737,47.6668],[-122.5601,47.6978],[-122.5498,47.704],[-122.5079,47.6827],[-122.4973,47.5946]]],[[[-122.5728,48.1566],[-122.5238,48.0254],[-122.5028,48.0801],[-122.3667,47.9854],[-122.3666,47.9388],[-122.3832,47.9232],[-122.4114,47.9177],[-122.4376,47.9313],[-122.4616,47.964],[-122.4923,47.9813],[-122.5575,47.9925],[-122.5914,48.0296],[-122.6032,48.055],[-122.6063,48.1286],[-122.6227,48.1514],[-122.6573,48.1565],[-122.6904,48.1739],[-122.7415,48.2253],[-122.7487,48.239],[-122.7245,48.2809],[-122.669,48.351],[-122.6286,48.3842],[-122.6035,48.3806],[-122.5725,48.3596],[-122.5355,48.3212],[-122.5424,48.294],[-122.6921,48.2411],[-122.697,48.2287],[-122.6244,48.2138],[-122.5976,48.2004],[-122.5728,48.1566]]],[[[-122.8209,48.4313],[-122.8366,48.4215],[-122.89,48.4347],[-122.9216,48.4569],[-122.9323,48.4848],[-122.9122,48.538],[-122.8855,48.5516],[-122.8689,48.5486],[-122.8619,48.5019],[-122.8146,48.4523],[-122.8209,48.4313]]],[[[-123.0131,48.5009],[-122.9868,48.468],[-123.0944,48.4891],[-123.1399,48.508],[-123.1534,48.5263],[-123.1696,48.5867],[-123.1622,48.6064],[-123.1142,48.6133],[-123.0242,48.5385],[-123.0131,48.5009]]],[[[-122.7821,48.6727],[-122.7688,48.651],[-122.809,48.6298],[-122.8376,48.6266],[-122.8831,48.6606],[-122.903,48.6647],[-122.887,48.6123],[-122.8925,48.5945],[-122.9856,48.6267],[-123.0028,48.6522],[-122.9767,48.6792],[-122.918,48.707],[-122.8977,48.7104],[-122.7821,48.6727]]],[[[179.4516,51.3726],[179.2781,51.3722],[178.9259,51.5351],[178.7471,51.5867],[178.6479,51.6439],[178.6922,51.656],[178.908,51.6156],[179.0843,51.5277],[179.1817,51.4699],[179.2943,51.4208],[179.4155,51.4009],[179.4516,51.3726]]],[[[-176.2867,51.792],[-176.3497,51.7333],[-176.3961,51.7599],[-176.4137,51.8406],[-176.3786,51.8611],[-176.2802,51.8028],[-176.2867,51.792]]],[[[-176.009,51.8124],[-176.0934,51.7905],[-176.2044,51.8348],[-176.1937,51.8863],[-176.0716,51.8433],[-176.009,51.8124]]],[[[-177.8791,51.6497],[-177.9013,51.6164],[-177.9253,51.6174],[-178.0589,51.6726],[-178.0785,51.6913],[-178,51.7175],[-177.9772,51.7378],[-177.9864,51.7643],[-178.0451,51.8011],[-178.1535,51.8482],[-178.1945,51.8822],[-178.1683,51.903],[-178.1166,51.9159],[-177.9538,51.9185],[-177.8659,51.8604],[-177.7996,51.84],[-177.6445,51.8263],[-177.725,51.8017],[-177.7707,51.7779],[-177.827,51.6859],[-177.8791,51.6497]]],[[[-177.1482,51.7167],[-177.177,51.7037],[-177.2299,51.6936],[-177.3824,51.7048],[-177.4747,51.7013],[-177.5776,51.6942],[-177.6549,51.6766],[-177.6702,51.7011],[-177.6676,51.7212],[-177.3347,51.7762],[-177.2573,51.8049],[-177.2098,51.8413],[-177.1664,51.9094],[-177.1315,51.9298],[-177.1101,51.9288],[-177.063,51.9019],[-177.0795,51.8666],[-177.1214,51.8358],[-177.1351,51.8069],[-177.1482,51.7167]]],[[[-176.5933,51.8667],[-176.5879,51.8332],[-176.4734,51.8374],[-176.4375,51.8201],[-176.4374,51.7543],[-176.4523,51.7357],[-176.4698,51.7312],[-176.511,51.7456],[-176.5575,51.7121],[-176.7709,51.6299],[-176.8371,51.6759],[-176.9616,51.6037],[-176.8744,51.7905],[-176.7736,51.8188],[-176.7364,51.8399],[-176.7451,51.8947],[-176.6983,51.986],[-176.5968,51.9818],[-176.5499,51.944],[-176.5516,51.9196],[-176.5933,51.8667]]],[[[178.5755,51.9163],[178.5118,51.8991],[178.4777,51.9425],[178.475,51.9677],[178.5094,51.9947],[178.5706,51.9775],[178.6073,51.953],[178.5755,51.9163]]],[[[179.7277,51.9054],[179.6452,51.8802],[179.5496,51.894],[179.4977,51.9328],[179.5039,51.9796],[179.6271,52.0304],[179.78,51.9668],[179.7277,51.9054]]],[[[-176.0215,52.0024],[-176.0451,51.973],[-176.1429,52.0043],[-176.1775,52.0298],[-176.1845,52.0561],[-176.1557,52.0994],[-176.0774,52.1],[-176.0312,52.0823],[-175.9881,52.0495],[-175.9753,52.029],[-176.0215,52.0024]]],[[[177.4154,51.8828],[177.3285,51.8411],[177.2606,51.8837],[177.2503,51.9029],[177.3807,51.9758],[177.4784,51.9916],[177.5205,52.0182],[177.5638,52.1105],[177.6365,52.1138],[177.6696,52.103],[177.653,52.0598],[177.596,51.9938],[177.5941,51.9476],[177.4154,51.8828]]],[[[-173.5533,52.1363],[-173.3572,52.0957],[-173.1133,52.1004],[-173.0243,52.0905],[-173.0229,52.0792],[-173.1789,52.0625],[-173.2322,52.068],[-173.3684,52.0456],[-173.461,52.0416],[-173.6726,52.0626],[-173.8358,52.0482],[-173.879,52.0537],[-173.9302,52.0722],[-173.9896,52.1036],[-173.9925,52.1233],[-173.9389,52.1313],[-173.7941,52.1043],[-173.779,52.1184],[-173.6568,52.1437],[-173.5533,52.1363]]],[[[-172.4648,52.2723],[-172.5391,52.2575],[-172.6198,52.2729],[-172.5822,52.3256],[-172.5437,52.3538],[-172.4704,52.388],[-172.3831,52.3729],[-172.3136,52.3296],[-172.4648,52.2723]]],[[[-174.6774,52.035],[-175.2139,51.9939],[-175.2956,52.0222],[-175.2142,52.0382],[-175.1177,52.0471],[-174.9159,52.0942],[-174.6678,52.135],[-174.4743,52.184],[-174.3062,52.2162],[-174.2588,52.269],[-174.4065,52.296],[-174.4355,52.3172],[-174.3654,52.3419],[-174.3069,52.3779],[-174.1689,52.4202],[-174.0456,52.3672],[-174.0184,52.3318],[-174.0301,52.2898],[-174.0549,52.246],[-174.1632,52.2234],[-174.1794,52.2003],[-174.1207,52.1352],[-174.3436,52.0778],[-174.6774,52.035]]],[[[173.7228,52.3596],[173.6578,52.3566],[173.6162,52.3913],[173.4023,52.4048],[173.4245,52.4376],[173.5165,52.4514],[173.6576,52.5041],[173.7761,52.4951],[173.7447,52.4466],[173.7228,52.3596]]],[[[-170.7334,52.5815],[-170.7974,52.5498],[-170.8161,52.5615],[-170.8271,52.6007],[-170.7912,52.6313],[-170.6821,52.6976],[-170.6081,52.6851],[-170.5846,52.6676],[-170.5866,52.6424],[-170.614,52.6096],[-170.6493,52.5931],[-170.6923,52.593],[-170.7334,52.5815]]],[[[-169.6919,52.8474],[-169.7081,52.8071],[-169.7228,52.7923],[-169.8773,52.8138],[-169.9806,52.806],[-169.9918,52.8298],[-169.9826,52.851],[-169.8207,52.8834],[-169.7549,52.8836],[-169.711,52.8667],[-169.6919,52.8474]]],[[[172.8118,53.013],[172.984,52.9803],[173.1021,52.9956],[173.2517,52.9427],[173.436,52.8521],[173.3947,52.8348],[173.3482,52.8249],[173.3025,52.8259],[173.1587,52.8108],[173.0803,52.8145],[172.9352,52.7521],[172.7756,52.7969],[172.7218,52.8855],[172.5951,52.9074],[172.4948,52.9379],[172.6779,53.0076],[172.8118,53.013]]],[[[-167.9644,53.3451],[-168.2707,53.238],[-168.3701,53.1598],[-168.446,53.0844],[-168.5056,53.0432],[-168.549,53.0361],[-168.5974,53.0161],[-168.6985,52.9634],[-168.741,52.9569],[-169.0659,52.8339],[-169.0889,52.832],[-169.0731,52.8642],[-168.9739,52.9097],[-168.9092,52.9512],[-168.8361,53.0197],[-168.7958,53.0449],[-168.783,53.0793],[-168.7778,53.1488],[-168.7596,53.175],[-168.6898,53.2272],[-168.639,53.2558],[-168.5722,53.2656],[-168.4366,53.2569],[-168.3804,53.2834],[-168.363,53.3036],[-168.3973,53.3219],[-168.4053,53.3538],[-168.3964,53.4088],[-168.3572,53.4576],[-168.2877,53.5001],[-168.1931,53.5333],[-168.0733,53.557],[-167.9857,53.5582],[-167.8281,53.508],[-167.8047,53.485],[-167.8431,53.4346],[-167.8651,53.3873],[-167.9644,53.3451]]],[[[-166.2098,53.7233],[-166.2238,53.7204],[-166.2494,53.7452],[-166.2507,53.7678],[-166.1877,53.8225],[-166.1545,53.8361],[-166.1137,53.8431],[-166.1027,53.8328],[-166.1386,53.7874],[-166.1837,53.7569],[-166.2098,53.7233]]],[[[-166.6153,53.9009],[-166.5722,53.8535],[-166.4975,53.8835],[-166.4428,53.9248],[-166.4,53.9781],[-166.3723,53.999],[-166.3356,53.9709],[-166.2309,53.9326],[-166.319,53.8738],[-166.4888,53.7855],[-166.5456,53.7265],[-166.5492,53.701],[-166.3847,53.7205],[-166.3388,53.7177],[-166.3095,53.6975],[-166.3545,53.6735],[-166.4442,53.6518],[-166.522,53.6097],[-166.7022,53.5367],[-166.7704,53.476],[-166.851,53.4529],[-166.9607,53.4474],[-167.1537,53.4079],[-167.2708,53.3706],[-167.3004,53.3505],[-167.3373,53.341],[-167.3813,53.342],[-167.4288,53.3257],[-167.4798,53.292],[-167.5225,53.2762],[-167.5922,53.2727],[-167.6286,53.2594],[-167.6694,53.26],[-167.7809,53.3002],[-167.8088,53.3238],[-167.7101,53.3709],[-167.6387,53.3866],[-167.5302,53.3937],[-167.4235,53.4373],[-167.2041,53.495],[-167.1361,53.5265],[-167.0923,53.6359],[-167.0424,53.6546],[-167.0157,53.6984],[-166.8941,53.6971],[-166.8383,53.648],[-166.8187,53.6414],[-166.809,53.6461],[-166.8037,53.6854],[-166.7413,53.7129],[-166.7772,53.7332],[-166.8896,53.7586],[-166.9729,53.7706],[-167.0272,53.7691],[-167.0715,53.7834],[-167.1056,53.8134],[-167.1211,53.8431],[-167.1182,53.8726],[-167.0905,53.9057],[-167.0381,53.9422],[-166.9781,53.9629],[-166.8487,53.9779],[-166.734,54.0022],[-166.6733,54.006],[-166.6274,53.9957],[-166.6153,53.9009]]],[[[-165.8416,54.0707],[-165.8794,54.053],[-165.9099,54.0492],[-165.9329,54.0592],[-166.0364,54.0472],[-166.0566,54.0543],[-166.1028,54.114],[-166.1058,54.1448],[-166.0877,54.1691],[-166.0413,54.1913],[-165.9664,54.211],[-165.8929,54.207],[-165.7645,54.1521],[-165.7042,54.1199],[-165.6929,54.0999],[-165.7379,54.0811],[-165.8416,54.0707]]],[[[-165.5611,54.1367],[-165.6048,54.1292],[-165.6154,54.1396],[-165.6205,54.1835],[-165.6542,54.2533],[-165.5903,54.2787],[-165.5506,54.2845],[-165.5338,54.2739],[-165.4877,54.2219],[-165.4079,54.1968],[-165.4676,54.1809],[-165.5611,54.1367]]],[[[-162.5544,54.4014],[-162.6411,54.3795],[-162.7331,54.4023],[-162.8117,54.4444],[-162.8206,54.4945],[-162.6454,54.4621],[-162.608,54.4466],[-162.5544,54.4014]]],[[[-162.2981,54.847],[-162.3219,54.8424],[-162.3908,54.873],[-162.4158,54.8959],[-162.4339,54.9315],[-162.2937,54.9829],[-162.2646,54.9835],[-162.2384,54.9547],[-162.2337,54.932],[-162.2726,54.8672],[-162.2981,54.847]]],[[[-163.476,54.9807],[-163.379,54.8155],[-163.3369,54.7832],[-163.2745,54.7656],[-163.1871,54.7478],[-163.1351,54.7233],[-163.0893,54.6861],[-163.0833,54.669],[-163.3581,54.7357],[-163.5309,54.6383],[-163.583,54.6257],[-164.0733,54.621],[-164.1713,54.603],[-164.2346,54.5713],[-164.3467,54.4824],[-164.4035,54.4479],[-164.4635,54.4273],[-164.5908,54.4043],[-164.7438,54.4075],[-164.8234,54.4191],[-164.8662,54.4614],[-164.904,54.5448],[-164.9037,54.568],[-164.8876,54.6078],[-164.7515,54.6629],[-164.7062,54.692],[-164.5298,54.8809],[-164.4786,54.9068],[-164.4243,54.9132],[-164.2737,54.9],[-164.1451,54.9551],[-163.868,55.0391],[-163.8071,55.0491],[-163.6075,55.0508],[-163.553,55.0378],[-163.5109,55.0143],[-163.476,54.9807]]],[[[-159.362,54.9724],[-159.3945,54.9673],[-159.4213,54.9781],[-159.4585,55.035],[-159.4619,55.0588],[-159.3904,55.0409],[-159.3632,54.9995],[-159.362,54.9724]]],[[[-159.5151,55.1519],[-159.5204,55.0722],[-159.535,55.0596],[-159.5615,55.0809],[-159.6177,55.0573],[-159.6485,55.0746],[-159.6354,55.1023],[-159.6396,55.124],[-159.5979,55.1257],[-159.588,55.1653],[-159.5953,55.182],[-159.5748,55.2177],[-159.5451,55.226],[-159.5151,55.1519]]],[[[-131.3397,55.0798],[-131.2375,54.9495],[-131.232,54.9038],[-131.3295,54.8877],[-131.4062,54.8943],[-131.4457,54.9093],[-131.4561,54.9306],[-131.4313,54.9965],[-131.4817,55.0353],[-131.54,55.0485],[-131.5922,55.0257],[-131.5951,55.0907],[-131.556,55.1374],[-131.5778,55.2008],[-131.5785,55.2488],[-131.5654,55.2641],[-131.5126,55.2627],[-131.4046,55.2133],[-131.3397,55.0798]]],[[[-159.873,55.1288],[-159.9339,55.1068],[-159.9531,55.079],[-159.9994,55.0672],[-160.0384,55.0445],[-160.1696,54.9417],[-160.2271,54.9227],[-160.1636,55.0104],[-160.1536,55.0383],[-160.1524,55.0569],[-160.1721,55.123],[-160.1337,55.1202],[-160.1022,55.1339],[-160.0388,55.1925],[-159.9816,55.1978],[-159.9205,55.2675],[-159.8874,55.273],[-159.871,55.2636],[-159.8982,55.2213],[-159.8394,55.1824],[-159.8541,55.1447],[-159.873,55.1288]]],[[[-132.8623,54.8944],[-132.8377,54.881],[-132.8129,54.8904],[-132.7723,54.9261],[-132.7006,54.919],[-132.6489,54.9071],[-132.6172,54.8924],[-132.634,54.8405],[-132.647,54.7562],[-132.6767,54.7262],[-132.7058,54.6842],[-132.8073,54.7091],[-132.8896,54.7626],[-133.0089,54.8548],[-133.0754,54.9213],[-133.0806,54.9494],[-133.1227,54.9698],[-133.2046,55.0845],[-133.2512,55.1751],[-133.3249,55.1855],[-133.418,55.2107],[-133.4538,55.2604],[-133.4291,55.3038],[-133.2966,55.3257],[-133.0974,55.2137],[-133.0671,55.1662],[-132.9958,55.1106],[-132.9822,55.033],[-132.946,55.0026],[-132.8623,54.8944]]],[[[-160.3293,55.3377],[-160.3433,55.2588],[-160.4808,55.309],[-160.5175,55.3338],[-160.4929,55.3523],[-160.3623,55.357],[-160.3293,55.3377]]],[[[-160.6849,55.3148],[-160.6697,55.3143],[-160.6388,55.3219],[-160.574,55.3783],[-160.5528,55.3808],[-160.5525,55.3634],[-160.5832,55.3076],[-160.5312,55.2332],[-160.4827,55.1974],[-160.4875,55.1849],[-160.6091,55.159],[-160.7018,55.1776],[-160.7506,55.1712],[-160.7951,55.1452],[-160.8255,55.174],[-160.8465,55.3113],[-160.8396,55.3354],[-160.7892,55.3831],[-160.7239,55.4046],[-160.6957,55.3983],[-160.6722,55.3794],[-160.6664,55.3594],[-160.6849,55.3148]]],[[[-133.3051,55.5438],[-133.2832,55.5156],[-133.2817,55.4979],[-133.4265,55.4314],[-133.4291,55.4177],[-133.4631,55.3767],[-133.4935,55.3617],[-133.5474,55.3172],[-133.6502,55.2693],[-133.635,55.4133],[-133.7371,55.4969],[-133.6342,55.5393],[-133.5667,55.5272],[-133.4548,55.5223],[-133.3456,55.5591],[-133.3051,55.5438]]],[[[-155.566,55.8212],[-155.6049,55.7896],[-155.6806,55.7918],[-155.7232,55.8022],[-155.7374,55.8298],[-155.6206,55.9131],[-155.5939,55.9243],[-155.5732,55.9211],[-155.5639,55.8867],[-155.566,55.8212]]],[[[-130.9792,55.4892],[-131.0139,55.3793],[-131.0828,55.2668],[-131.1879,55.2063],[-131.2619,55.2198],[-131.3163,55.2685],[-131.3668,55.2658],[-131.4207,55.2759],[-131.4509,55.3163],[-131.4224,55.3684],[-131.4476,55.4088],[-131.4745,55.3735],[-131.5218,55.3411],[-131.6413,55.2989],[-131.7237,55.2184],[-131.7625,55.1658],[-131.811,55.2231],[-131.842,55.3587],[-131.8461,55.4163],[-131.7595,55.5031],[-131.6476,55.5855],[-131.625,55.8317],[-131.2692,55.9554],[-131.2362,55.949],[-131.1207,55.8566],[-130.9978,55.7276],[-130.966,55.6695],[-130.965,55.568],[-130.9792,55.4892]]],[[[-133.5661,56.3392],[-133.3766,56.3178],[-133.203,56.3198],[-133.1437,56.2786],[-133.1045,56.2351],[-133.0817,56.1942],[-133.0754,56.1559],[-133.0801,56.1287],[-133.1012,56.0998],[-133.0966,56.09],[-132.7576,55.995],[-132.5976,55.895],[-132.5338,55.8425],[-132.497,55.7981],[-132.4302,55.687],[-132.2889,55.5581],[-132.2147,55.5188],[-132.1727,55.4806],[-132.1963,55.4792],[-132.2959,55.5075],[-132.5113,55.5939],[-132.5289,55.5905],[-132.5483,55.5437],[-132.5817,55.5026],[-132.6313,55.4732],[-132.5916,55.4644],[-132.4179,55.4829],[-132.272,55.3986],[-132.2153,55.3835],[-132.1603,55.323],[-132.1584,55.2998],[-132.1904,55.255],[-132.2149,55.2368],[-132.2067,55.2244],[-132.166,55.218],[-132.0051,55.2306],[-131.9764,55.2086],[-132.0004,55.0338],[-131.9776,54.9695],[-131.9779,54.9402],[-131.9966,54.9014],[-131.9972,54.8686],[-131.9827,54.8349],[-131.9809,54.8048],[-132.0217,54.7263],[-132.0647,54.7131],[-132.1343,54.7125],[-132.1893,54.7349],[-132.2663,54.8023],[-132.3413,54.9072],[-132.3702,54.9222],[-132.4687,54.9379],[-132.4865,54.9504],[-132.5494,54.9526],[-132.5938,54.9958],[-132.5885,55.0523],[-132.627,55.1101],[-132.6222,55.1359],[-132.6653,55.1468],[-132.7018,55.1305],[-132.6829,55.0739],[-132.7042,55.0301],[-132.7823,55.0485],[-132.9126,55.1885],[-133.0606,55.3009],[-133.1186,55.3276],[-133.103,55.3603],[-133.03,55.3775],[-132.9708,55.3762],[-132.9589,55.3956],[-133.0825,55.5041],[-133.0784,55.5349],[-133.0334,55.5897],[-133.0896,55.6126],[-133.2438,55.5954],[-133.2982,55.6069],[-133.3428,55.6508],[-133.369,55.689],[-133.5027,55.6959],[-133.5533,55.6912],[-133.6405,55.7488],[-133.6802,55.7852],[-133.6644,55.8038],[-133.5841,55.8365],[-133.5372,55.8319],[-133.447,55.797],[-133.4117,55.7983],[-133.3221,55.8446],[-133.3085,55.8865],[-133.2415,55.9208],[-133.2521,55.9571],[-133.2892,56.0187],[-133.3712,56.0359],[-133.5386,55.9993],[-133.6842,55.9428],[-133.7425,55.9648],[-133.7552,55.9995],[-133.5992,56.0937],[-133.5309,56.1457],[-133.5441,56.1765],[-133.5944,56.2164],[-133.5986,56.3163],[-133.5661,56.3392]]],[[[-132.7799,56.2473],[-132.831,56.2441],[-132.8915,56.2594],[-133.035,56.3409],[-133.0376,56.3648],[-133.0171,56.392],[-132.9355,56.4418],[-132.9021,56.4538],[-132.7061,56.4485],[-132.6434,56.4352],[-132.6291,56.4119],[-132.6323,56.3883],[-132.6528,56.3644],[-132.6576,56.3393],[-132.6466,56.3132],[-132.6694,56.2873],[-132.7799,56.2473]]],[[[-132.1124,56.1094],[-132.133,55.9433],[-132.1726,55.9526],[-132.2103,55.953],[-132.2873,55.9294],[-132.3686,55.9397],[-132.4066,55.9582],[-132.4206,55.9795],[-132.4061,56.0289],[-132.4512,56.0563],[-132.603,56.0664],[-132.6599,56.0782],[-132.6914,56.1301],[-132.699,56.1982],[-132.6752,56.2236],[-132.5987,56.2417],[-132.539,56.3242],[-132.506,56.3353],[-132.3798,56.4988],[-132.3165,56.4875],[-132.2056,56.3879],[-132.0669,56.2442],[-132.1124,56.1094]]],[[[-154.6828,56.4358],[-154.7512,56.4122],[-154.7739,56.4203],[-154.7771,56.4399],[-154.7609,56.4711],[-154.7293,56.5021],[-154.6237,56.5613],[-154.5175,56.6005],[-154.4634,56.5982],[-154.4449,56.5732],[-154.5112,56.5214],[-154.6828,56.4358]]],[[[-154.2086,56.5149],[-154.2578,56.5127],[-154.3321,56.539],[-154.3222,56.5706],[-154.2167,56.6087],[-154.1104,56.6029],[-154.1022,56.5816],[-154.116,56.5439],[-154.1498,56.5296],[-154.2086,56.5149]]],[[[-169.7552,56.6351],[-169.6239,56.6151],[-169.5505,56.6281],[-169.4857,56.6177],[-169.4743,56.594],[-169.5869,56.5424],[-169.6326,56.5457],[-169.7662,56.608],[-169.7552,56.6351]]],[[[-132.7469,56.5257],[-132.7576,56.511],[-132.8847,56.5125],[-132.9308,56.5245],[-132.948,56.5672],[-132.9362,56.6068],[-132.9065,56.6374],[-132.8707,56.6964],[-132.8425,56.7948],[-132.6559,56.6847],[-132.5987,56.6357],[-132.568,56.5758],[-132.6342,56.5535],[-132.7145,56.5425],[-132.7469,56.5257]]],[[[-133.9896,56.845],[-133.9248,56.7757],[-133.8309,56.7813],[-133.7781,56.7289],[-133.7384,56.6504],[-133.7673,56.6001],[-133.809,56.6113],[-133.8553,56.5822],[-133.8836,56.4855],[-133.8705,56.3887],[-133.8846,56.2921],[-133.9385,56.1937],[-133.9497,56.1277],[-133.9708,56.1079],[-133.994,56.1011],[-134.024,56.119],[-134.0675,56.133],[-134.1224,56.0774],[-134.1896,56.077],[-134.2451,56.2033],[-134.1955,56.4135],[-134.0844,56.4563],[-134.1505,56.5135],[-134.2902,56.58],[-134.2784,56.6171],[-134.3844,56.724],[-134.3906,56.7495],[-134.3737,56.8387],[-134.2744,56.9182],[-134.1433,56.9323],[-134.0518,56.8983],[-134.0006,56.8692],[-133.9896,56.845]]],[[[-133.3662,57.0035],[-133.2997,56.9722],[-133.2635,57.005],[-133.196,57.0035],[-133.0708,56.9743],[-132.9962,56.9304],[-132.9542,56.8803],[-132.9506,56.8504],[-132.9633,56.7826],[-132.954,56.7131],[-132.9592,56.6771],[-132.9759,56.6473],[-133.0041,56.6237],[-133.0349,56.6208],[-133.1324,56.6833],[-133.244,56.7958],[-133.329,56.8301],[-133.3324,56.8185],[-133.3091,56.7862],[-133.2397,56.7257],[-133.2272,56.6893],[-133.1785,56.6448],[-133.1566,56.6111],[-133.1442,56.5669],[-133.1447,56.5282],[-133.1582,56.4952],[-133.1808,56.474],[-133.2126,56.4646],[-133.3828,56.4739],[-133.4842,56.4518],[-133.6028,56.4641],[-133.6313,56.484],[-133.6493,56.5168],[-133.6583,56.5963],[-133.6882,56.71],[-133.681,56.7975],[-133.7575,56.8767],[-133.823,56.9244],[-133.9173,56.9671],[-133.9794,57.0096],[-133.9624,57.0435],[-133.866,57.0687],[-133.7077,57.0628],[-133.3662,57.0035]]],[[[-153.0071,57.1249],[-153.1342,57.0926],[-153.1568,57.0939],[-153.2354,57.0286],[-153.2954,57.0004],[-153.3746,57.0519],[-153.3543,57.1319],[-153.2852,57.1851],[-152.9354,57.1673],[-152.9084,57.1524],[-152.9078,57.1397],[-152.9334,57.1292],[-153.0071,57.1249]]],[[[-170.1605,57.1839],[-170.264,57.1368],[-170.358,57.1542],[-170.3859,57.1886],[-170.3866,57.203],[-170.1162,57.2418],[-170.1605,57.1839]]],[[[-134.9698,57.3514],[-134.8232,57.1565],[-134.7685,57.0542],[-134.6769,56.8423],[-134.6341,56.7621],[-134.6207,56.7183],[-134.6105,56.6034],[-134.6243,56.5787],[-134.6517,56.5561],[-134.6571,56.5232],[-134.6317,56.4356],[-134.63,56.3024],[-134.654,56.2275],[-134.6819,56.2162],[-134.7503,56.2408],[-134.8064,56.2812],[-134.848,56.3235],[-134.9501,56.4568],[-134.9806,56.5189],[-134.9824,56.5636],[-134.9667,56.5961],[-134.9332,56.6164],[-134.8751,56.6705],[-134.8834,56.6791],[-134.9276,56.667],[-135.0178,56.6602],[-135.0972,56.7028],[-135.159,56.7254],[-135.1466,56.8023],[-135.1631,56.8241],[-135.2848,56.8003],[-135.3306,56.8219],[-135.3406,56.8508],[-135.3384,56.894],[-135.3151,56.9318],[-135.1996,57.0273],[-135.2112,57.0449],[-135.2674,57.0489],[-135.3414,57.0816],[-135.3753,57.1884],[-135.4549,57.2494],[-135.502,57.2438],[-135.6089,57.0714],[-135.6619,57.0337],[-135.8123,57.0095],[-135.7816,57.0575],[-135.7677,57.1004],[-135.8211,57.2304],[-135.8228,57.2804],[-135.7871,57.3173],[-135.6809,57.3326],[-135.6245,57.3544],[-135.5806,57.39],[-135.5696,57.4247],[-135.4873,57.5165],[-135.4487,57.5344],[-135.3463,57.5331],[-135.1307,57.4316],[-135.0652,57.4167],[-134.9698,57.3514]]],[[[-153.2406,57.8501],[-153.2686,57.8224],[-153.295,57.8295],[-153.3508,57.862],[-153.465,57.9094],[-153.5171,57.9419],[-153.5201,57.9558],[-153.4811,57.971],[-153.347,57.9328],[-153.29,57.8979],[-153.2406,57.8501]]],[[[-152.898,57.8239],[-152.8908,57.769],[-152.8501,57.7757],[-152.6962,57.8323],[-152.616,57.8489],[-152.5116,57.8515],[-152.4288,57.8257],[-152.4119,57.8059],[-152.4191,57.7823],[-152.4854,57.7344],[-152.4826,57.7033],[-152.4115,57.6461],[-152.2365,57.6149],[-152.2153,57.5977],[-152.2162,57.577],[-152.3367,57.4822],[-152.3809,57.4601],[-152.4122,57.4548],[-152.631,57.4718],[-152.8312,57.5029],[-152.9122,57.5082],[-152.9408,57.4981],[-152.9975,57.4689],[-152.9568,57.4604],[-152.7813,57.4534],[-152.7195,57.4108],[-152.6925,57.3796],[-152.6791,57.3451],[-152.7141,57.331],[-152.7891,57.3207],[-152.8791,57.3208],[-152.9903,57.282],[-153.0516,57.2376],[-153.2744,57.2264],[-153.4437,57.1672],[-153.5036,57.138],[-153.5244,57.1031],[-153.5883,57.0777],[-153.7326,57.0523],[-153.6465,57.0296],[-153.6331,57.0104],[-153.6314,56.9837],[-153.6433,56.9607],[-153.7572,56.8583],[-153.9727,56.7742],[-154.0273,56.778],[-154.0508,56.7885],[-154.07,56.8045],[-154.0708,56.8207],[-153.7932,56.9895],[-153.8042,56.9978],[-153.8797,57.0035],[-153.9994,57.05],[-154.0838,57.0201],[-154.103,57.0212],[-154.0805,57.061],[-154.0254,57.1085],[-154.0351,57.1218],[-154.0653,57.1337],[-154.1349,57.1408],[-154.2438,57.143],[-154.3244,57.1318],[-154.3768,57.107],[-154.3811,57.0965],[-154.2695,57.0995],[-154.2392,57.0869],[-154.2091,57.0633],[-154.1908,57.0361],[-154.1843,57.0053],[-154.2077,56.9638],[-154.2609,56.9118],[-154.339,56.9209],[-154.4988,57.0366],[-154.5693,57.2059],[-154.706,57.3354],[-154.7122,57.3663],[-154.6732,57.4461],[-154.5353,57.5594],[-154.3871,57.5905],[-154.2814,57.6381],[-154.1793,57.6524],[-154.1162,57.6512],[-154.0298,57.6307],[-153.995,57.5873],[-154.0159,57.5669],[-154.0079,57.5562],[-153.9474,57.5301],[-153.8819,57.439],[-153.8054,57.3582],[-153.7546,57.3253],[-153.6877,57.3051],[-153.7569,57.3668],[-153.7978,57.4433],[-153.8184,57.5956],[-153.8381,57.6358],[-153.7995,57.6467],[-153.6901,57.6407],[-153.6932,57.6634],[-153.8085,57.7147],[-153.8794,57.7572],[-153.9061,57.7908],[-153.9044,57.8199],[-153.8416,57.8628],[-153.8058,57.8751],[-153.769,57.8804],[-153.6956,57.8712],[-153.6626,57.8578],[-153.5686,57.7611],[-153.5245,57.731],[-153.4879,57.731],[-153.4541,57.747],[-153.4227,57.7792],[-153.3904,57.7984],[-153.3571,57.8047],[-153.2524,57.7905],[-153.2175,57.7958],[-153.2003,57.82],[-153.201,57.8633],[-153.1752,57.8789],[-153.1688,57.9106],[-153.2259,57.9576],[-153.1604,57.972],[-152.9433,57.936],[-152.8504,57.8968],[-152.898,57.8239]]],[[[-135.7304,58.2442],[-135.5875,58.1468],[-135.5863,58.1244],[-135.6154,58.0575],[-135.6931,58.0385],[-135.6711,58.0119],[-135.6132,57.9918],[-135.572,58.0085],[-135.4212,58.1024],[-135.3747,58.1221],[-135.3466,58.1241],[-135.1628,58.0958],[-135.0021,58.0511],[-134.9547,58.0153],[-134.928,57.9528],[-134.9707,57.8172],[-135.1026,57.7937],[-135.1647,57.7961],[-135.2312,57.8158],[-135.3385,57.7687],[-135.2496,57.7326],[-134.9789,57.7244],[-134.8966,57.648],[-134.8731,57.5892],[-134.9315,57.4812],[-135.0849,57.511],[-135.2202,57.5736],[-135.4979,57.6623],[-135.5642,57.6664],[-135.6085,57.6507],[-135.6207,57.597],[-135.6178,57.4804],[-135.6919,57.4199],[-135.9108,57.4466],[-135.9967,57.5349],[-136.0766,57.6746],[-136.3782,57.84],[-136.4599,57.8731],[-136.5686,57.9722],[-136.5251,58.0506],[-136.5123,58.096],[-136.4544,58.108],[-136.3695,58.1431],[-136.322,58.2189],[-136.2457,58.1575],[-136.1438,58.0985],[-136.1423,58.1539],[-136.0944,58.1981],[-135.9944,58.1965],[-135.9474,58.2058],[-135.8817,58.2472],[-135.7871,58.2685],[-135.7304,58.2442]]],[[[-134.3127,58.2289],[-134.3199,58.2041],[-134.4563,58.2065],[-134.594,58.2431],[-134.6616,58.2909],[-134.648,58.3124],[-134.52,58.3325],[-134.3989,58.2872],[-134.3127,58.2289]]],[[[-134.6803,58.1617],[-134.4261,58.1388],[-134.2401,58.144],[-134.0702,57.9945],[-133.9655,57.8738],[-133.9041,57.7892],[-133.8693,57.7075],[-133.8228,57.6287],[-133.8269,57.6176],[-133.925,57.6708],[-133.9956,57.7785],[-134.0316,57.8206],[-134.0672,57.8396],[-134.1047,57.8793],[-134.1775,57.9822],[-134.1803,58.0111],[-134.2126,58.0379],[-134.25,58.0492],[-134.2923,58.0447],[-134.3069,58.0344],[-134.3004,57.9634],[-134.2671,57.8845],[-134.0837,57.7123],[-133.9611,57.6142],[-133.937,57.5816],[-133.9208,57.492],[-133.9737,57.4514],[-133.9088,57.3687],[-133.9111,57.3525],[-133.9253,57.3368],[-134.1,57.3001],[-134.2602,57.1468],[-134.4353,57.057],[-134.516,57.0426],[-134.5548,57.0576],[-134.5915,57.092],[-134.6131,57.1379],[-134.6195,57.1955],[-134.5759,57.2317],[-134.4892,57.4202],[-134.4868,57.482],[-134.5948,57.5678],[-134.6599,57.6381],[-134.6951,57.736],[-134.7541,57.995],[-134.7815,58.0778],[-134.8201,58.1469],[-134.87,58.2021],[-134.9077,58.2628],[-134.9331,58.329],[-134.9235,58.3546],[-134.837,58.3202],[-134.7332,58.225],[-134.6803,58.1617]]],[[[-152.4169,58.3602],[-152.3808,58.3521],[-152.343,58.4116],[-152.3163,58.4135],[-152.1979,58.3631],[-152.1252,58.3743],[-152.0785,58.3124],[-152.0366,58.3067],[-151.9978,58.3142],[-151.9744,58.3099],[-151.9825,58.2443],[-152.0689,58.1779],[-152.1091,58.1611],[-152.1865,58.1847],[-152.2236,58.214],[-152.2517,58.2511],[-152.2684,58.2517],[-152.3344,58.2081],[-152.3327,58.1865],[-152.3052,58.1541],[-152.3092,58.1339],[-152.3812,58.1243],[-152.4516,58.1292],[-152.5376,58.101],[-152.5582,58.1186],[-152.5713,58.1682],[-152.5982,58.1626],[-152.6388,58.1018],[-152.6831,58.0633],[-152.7639,58.0314],[-152.7815,58.0159],[-152.8407,58.0138],[-152.9284,57.9937],[-152.9826,57.9971],[-153.3055,58.0631],[-153.3813,58.0872],[-153.1158,58.2385],[-152.9761,58.297],[-152.8954,58.2938],[-152.8146,58.2756],[-152.7719,58.2786],[-152.7687,58.3456],[-152.8439,58.3956],[-152.8411,58.4164],[-152.6747,58.4506],[-152.6123,58.4457],[-152.5436,58.4282],[-152.4785,58.3997],[-152.4169,58.3602]]],[[[-152.4861,58.485],[-152.5155,58.4786],[-152.5886,58.5092],[-152.6366,58.5417],[-152.6049,58.5664],[-152.4632,58.6185],[-152.3955,58.6194],[-152.3679,58.6111],[-152.3568,58.595],[-152.3623,58.5708],[-152.3928,58.5409],[-152.4861,58.485]]],[[[-160.919,58.5771],[-160.9924,58.561],[-161.0703,58.5691],[-161.1315,58.6682],[-161.0846,58.6713],[-160.9862,58.7364],[-160.7686,58.7892],[-160.7151,58.7952],[-160.919,58.5771]]],[[[-144.5656,59.8184],[-144.6136,59.8126],[-144.5416,59.8782],[-144.4449,59.9507],[-144.354,59.9962],[-144.2357,60.0152],[-144.249,59.9821],[-144.4032,59.9211],[-144.5656,59.8184]]],[[[-148.0218,60.0653],[-148.0742,60.0347],[-148.2719,60.0533],[-148.2307,60.1135],[-148.0796,60.1517],[-147.9142,60.0923],[-148.0218,60.0653]]],[[[-147.7359,59.8132],[-147.8463,59.7988],[-147.8725,59.8284],[-147.8144,59.902],[-147.7681,59.9438],[-147.7336,59.9536],[-147.6067,60.0366],[-147.4658,60.097],[-147.3365,60.1854],[-147.2052,60.3113],[-147.1809,60.3583],[-147.12,60.3631],[-147.0199,60.3322],[-146.9579,60.2889],[-146.9867,60.2543],[-147.3185,60.0753],[-147.3463,60.052],[-147.3765,59.9912],[-147.4038,59.97],[-147.4476,59.9603],[-147.4794,59.9337],[-147.4993,59.8902],[-147.5402,59.8675],[-147.6021,59.8656],[-147.6449,59.8536],[-147.6687,59.8315],[-147.7359,59.8132]]],[[[-166.1354,60.3835],[-166.0437,60.3339],[-165.9949,60.3312],[-165.8409,60.3462],[-165.7845,60.3356],[-165.7297,60.3142],[-165.6958,60.2815],[-165.6894,60.2241],[-165.7144,60.1729],[-165.7069,60.1006],[-165.7124,60.0693],[-165.6306,60.0284],[-165.605,59.9728],[-165.5918,59.9131],[-165.7693,59.8932],[-165.9467,59.89],[-166.0999,59.8496],[-166.1312,59.8198],[-166.1067,59.7754],[-166.1487,59.7641],[-166.1875,59.7738],[-166.2616,59.8149],[-166.343,59.8344],[-166.6276,59.8646],[-166.9851,59.9839],[-167.1389,60.0085],[-167.2951,60.0957],[-167.4364,60.2066],[-167.3443,60.2245],[-167.2517,60.2335],[-166.8363,60.217],[-166.7844,60.2964],[-166.731,60.3163],[-166.599,60.3388],[-166.4757,60.3828],[-166.4204,60.3817],[-166.3639,60.3647],[-166.247,60.3912],[-166.185,60.3968],[-166.1354,60.3835]]],[[[-145.1185,60.3371],[-145.1505,60.3126],[-145.2376,60.3213],[-145.2843,60.3368],[-145.1281,60.4011],[-145.1024,60.3882],[-145.1185,60.3371]]],[[[-146.3939,60.4497],[-146.3717,60.4222],[-146.1795,60.4288],[-146.1243,60.4239],[-146.1022,60.4112],[-146.1283,60.3925],[-146.2024,60.368],[-146.4192,60.325],[-146.5953,60.2685],[-146.6183,60.2737],[-146.6504,60.3356],[-146.683,60.3607],[-146.7029,60.3956],[-146.7025,60.4085],[-146.6703,60.4326],[-146.6059,60.4678],[-146.5603,60.4806],[-146.3939,60.4497]]],[[[-147.6583,60.4505],[-147.6587,60.4241],[-147.69,60.3989],[-147.66,60.3525],[-147.712,60.2728],[-147.7321,60.2221],[-147.7599,60.1902],[-147.7878,60.1779],[-147.8158,60.1852],[-147.8217,60.2027],[-147.8053,60.2307],[-147.8713,60.2298],[-147.8915,60.2994],[-147.8549,60.3214],[-147.7945,60.4599],[-147.7792,60.4661],[-147.7742,60.445],[-147.7602,60.4388],[-147.7373,60.4474],[-147.703,60.4868],[-147.6886,60.4914],[-147.6583,60.4505]]],[[[-152.0208,60.3617],[-152.069,60.3581],[-152.0045,60.4074],[-151.9597,60.5038],[-151.8994,60.4904],[-151.8873,60.4727],[-151.9869,60.374],[-152.0208,60.3617]]],[[[-172.7422,60.4574],[-172.5261,60.3917],[-172.3875,60.3985],[-172.2775,60.3437],[-172.2321,60.2991],[-172.3972,60.3311],[-172.6357,60.3289],[-172.9584,60.4628],[-173.074,60.4932],[-173.0477,60.5683],[-172.9239,60.6068],[-172.8602,60.5057],[-172.7422,60.4574]]],[[[-147.9307,60.8262],[-148.0574,60.8179],[-148.1154,60.8306],[-148.1238,60.8443],[-148.0997,60.8948],[-148.1017,60.9161],[-148.0377,60.9241],[-147.9644,60.9001],[-147.9431,60.8754],[-147.9307,60.8262]]],[[[-171.463,63.64],[-171.4479,63.6157],[-171.3434,63.6196],[-171.1969,63.6091],[-171.0349,63.5855],[-170.8746,63.594],[-170.6725,63.6688],[-170.5519,63.6885],[-170.4304,63.6988],[-170.2994,63.6806],[-170.1713,63.6409],[-170.1218,63.6175],[-170.0824,63.5767],[-170.0563,63.5272],[-170.0174,63.4917],[-169.7774,63.448],[-169.6241,63.4306],[-169.5872,63.4066],[-169.5545,63.3735],[-169.4276,63.3483],[-169.2951,63.3575],[-169.2211,63.3486],[-168.996,63.3473],[-168.716,63.3106],[-168.7613,63.2138],[-168.8524,63.1712],[-169.109,63.1849],[-169.3647,63.1711],[-169.4708,63.1213],[-169.5593,63.0582],[-169.5713,62.9968],[-169.6229,62.9686],[-169.6764,62.9561],[-169.7198,62.9901],[-169.7778,63.0938],[-169.8186,63.1224],[-169.8634,63.1404],[-169.9885,63.1731],[-170.1154,63.1938],[-170.1896,63.1963],[-170.2431,63.2323],[-170.2727,63.2843],[-170.3235,63.3111],[-170.4242,63.3493],[-170.5271,63.3793],[-170.8484,63.4444],[-170.9541,63.4529],[-171.0612,63.4459],[-171.176,63.4162],[-171.2873,63.3722],[-171.4012,63.3393],[-171.5191,63.332],[-171.6318,63.3512],[-171.7378,63.3942],[-171.791,63.4247],[-171.8194,63.4772],[-171.8179,63.5298],[-171.8035,63.5805],[-171.7464,63.7031],[-171.6465,63.727],[-171.463,63.64]]],[[[-166.1099,66.2274],[-166.1486,66.2218],[-166.1465,66.2372],[-166.0325,66.2777],[-165.8222,66.3281],[-165.8299,66.3171],[-165.9423,66.2782],[-166.1099,66.2274]]]]}},{"type":"Feature","properties":{"SOVEREIGNT":"Saint Vincent and the Grenadines","ADMIN":"Saint Vincent and the Grenadines","NAME":"St. Vin. and Gren.","NAME_LONG":"Saint Vincent and the Grenadines","ISO_A2":"VC","WB_A2":"VC","CONTINENT":"North America","SUBREGION":"Caribbean"},"geometry":{"type":"MultiPolygon","coordinates":[[[[-61.3344,12.6952],[-61.3535,12.6981],[-61.3344,12.7102],[-61.3358,12.7288],[-61.3199,12.7354],[-61.3148,12.7226],[-61.3344,12.6952]]],[[[-61.2262,12.9946],[-61.2422,12.9837],[-61.2347,12.9837],[-61.2422,12.9763],[-61.2552,12.9882],[-61.277,12.9899],[-61.277,12.9974],[-61.2621,12.9928],[-61.2394,12.9973],[-61.249,13.0178],[-61.2012,13.0525],[-61.1938,13.0383],[-61.2262,12.9946]]],[[[-61.1745,13.1581],[-61.2039,13.1423],[-61.2773,13.2096],[-61.2685,13.2877],[-61.2241,13.3307],[-61.1821,13.356],[-61.139,13.3587],[-61.124,13.294],[-61.1345,13.2029],[-61.1745,13.1581]]]]}},{"type":"Feature","properties":{"SOVEREIGNT":"Venezuela","ADMIN":"Venezuela","NAME":"Venezuela","NAME_LONG":"Venezuela","ISO_A2":"VE","WB_A2":"VE","CONTINENT":"South America","SUBREGION":"South America"},"geometry":{"type":"MultiPolygon","coordinates":[[[[-60.7421,5.2021],[-60.712,5.1916],[-60.672,5.1644],[-60.6045,4.9946],[-60.6039,4.9494],[-60.6276,4.8925],[-60.6792,4.8271],[-60.7417,4.7741],[-60.9062,4.6868],[-60.9664,4.5747],[-61.0028,4.5353],[-61.0363,4.5193],[-61.1024,4.5047],[-61.2801,4.5169],[-61.3675,4.433],[-61.4794,4.4022],[-61.5542,4.2878],[-61.8208,4.197],[-62.0816,4.1263],[-62.1531,4.0984],[-62.4106,4.1567],[-62.4726,4.1385],[-62.6098,4.0423],[-62.6653,4.0396],[-62.7121,4.0179],[-62.7399,3.9403],[-62.7646,3.6729],[-62.857,3.5935],[-62.9687,3.5939],[-63.0453,3.6865],[-63.1362,3.7564],[-63.2947,3.9223],[-63.3387,3.9439],[-63.3798,3.9429],[-63.5268,3.8937],[-63.6529,3.9408],[-63.747,3.9326],[-64.0215,3.9291],[-64.0734,3.9744],[-64.1217,4.067],[-64.1925,4.1269],[-64.2557,4.1403],[-64.5764,4.1399],[-64.6137,4.1577],[-64.6655,4.2371],[-64.7223,4.2744],[-64.7887,4.276],[-64.8179,4.2323],[-64.7026,4.0893],[-64.669,4.0118],[-64.5679,3.8998],[-64.2753,3.6627],[-64.2211,3.5874],[-64.2288,3.344],[-64.2188,3.2047],[-64.1436,3.0049],[-64.0378,2.8015],[-64.009,2.6719],[-64.0287,2.5761],[-64.0488,2.5251],[-64.0466,2.5024],[-64.0249,2.4819],[-63.9242,2.4524],[-63.7125,2.434],[-63.5846,2.4339],[-63.3893,2.4119],[-63.3749,2.3404],[-63.3939,2.2225],[-63.4325,2.1556],[-63.4639,2.136],[-63.5703,2.1205],[-63.6821,2.0481],[-63.8445,1.9767],[-63.9372,1.967],[-63.9758,1.953],[-64.0085,1.9316],[-64.0354,1.9044],[-64.067,1.7705],[-64.1148,1.6193],[-64.205,1.5295],[-64.3042,1.4553],[-64.4051,1.4469],[-64.486,1.4528],[-64.5263,1.431],[-64.6674,1.2938],[-64.7315,1.2533],[-64.818,1.2571],[-64.9101,1.2197],[-65.0266,1.1584],[-65.1038,1.1081],[-65.1696,1.0222],[-65.264,0.9319],[-65.3608,0.8687],[-65.4734,0.6913],[-65.5561,0.688],[-65.5627,0.7475],[-65.523,0.8434],[-65.566,0.9261],[-65.6447,0.9704],[-65.6814,0.9834],[-65.7181,0.978],[-65.8113,0.9373],[-65.9963,0.8098],[-66.0601,0.7854],[-66.3017,0.752],[-66.3471,0.7672],[-66.4292,0.8217],[-66.876,1.223],[-66.8955,1.2899],[-66.8845,1.3583],[-66.9311,1.458],[-66.9583,1.5642],[-66.9815,1.6008],[-66.9881,1.6802],[-67.0896,1.9403],[-67.1314,1.9999],[-67.1138,2.0506],[-67.1314,2.1013],[-67.1655,2.1426],[-67.2152,2.2755],[-67.1976,2.3328],[-67.2108,2.3901],[-67.3123,2.4717],[-67.3916,2.5599],[-67.4864,2.6437],[-67.535,2.6768],[-67.568,2.6899],[-67.5967,2.7693],[-67.6187,2.7936],[-67.6672,2.8002],[-67.7665,2.8333],[-67.8591,2.7936],[-67.8612,2.8553],[-67.8348,2.8928],[-67.5148,3.1873],[-67.3536,3.3227],[-67.3363,3.3426],[-67.3111,3.4159],[-67.4987,3.6911],[-67.6025,3.7688],[-67.6616,3.8643],[-67.7323,4.0865],[-67.7832,4.1982],[-67.7986,4.2839],[-67.7954,4.3807],[-67.8143,4.4551],[-67.8553,4.5069],[-67.8553,4.6655],[-67.8143,4.9308],[-67.8042,5.1325],[-67.8249,5.2705],[-67.7884,5.3755],[-67.6946,5.4475],[-67.6423,5.5588],[-67.6313,5.7094],[-67.5752,5.8331],[-67.4739,5.93],[-67.4394,6.0255],[-67.4716,6.1198],[-67.482,6.1803],[-67.5681,6.2418],[-67.7271,6.285],[-67.8592,6.2899],[-67.9389,6.2419],[-68.1431,6.1975],[-68.4718,6.1565],[-68.7365,6.1568],[-68.9372,6.1982],[-69.0899,6.1844],[-69.1945,6.1153],[-69.2682,6.0997],[-69.3108,6.1376],[-69.3571,6.148],[-69.4271,6.124],[-69.739,6.4944],[-70.095,6.9379],[-70.1292,6.9536],[-70.2661,6.9479],[-70.3875,6.9726],[-70.5355,7.0405],[-70.6551,7.0828],[-70.7372,7.09],[-70.8107,7.0776],[-71.0133,6.9944],[-71.1286,6.9867],[-71.2178,6.9852],[-71.4571,7.0264],[-71.6209,7.0329],[-71.8927,6.9903],[-72.0066,7.0326],[-72.0843,7.0969],[-72.2077,7.3703],[-72.3946,7.4151],[-72.443,7.4549],[-72.472,7.5243],[-72.479,7.6132],[-72.446,7.9661],[-72.3576,8.0873],[-72.3903,8.2871],[-72.4166,8.382],[-72.6654,8.6276],[-72.7964,9.109],[-72.8521,9.1352],[-72.9044,9.1221],[-72.9602,9.1352],[-73.0093,9.2399],[-73.0584,9.2596],[-73.1932,9.1941],[-73.3367,9.1679],[-73.3662,9.1941],[-73.3563,9.2269],[-73.2243,9.4436],[-73.0641,9.6682],[-73.0065,9.7892],[-72.9404,10.1958],[-72.8693,10.4913],[-72.7392,10.7272],[-72.6901,10.8358],[-72.5723,10.9771],[-72.518,11.0539],[-72.4461,11.1143],[-72.2485,11.1964],[-72.0123,11.602],[-71.9581,11.6664],[-71.5361,11.7741],[-71.4002,11.8235],[-71.3556,11.8498],[-71.3197,11.8619],[-71.3494,11.8149],[-71.4146,11.7552],[-71.4884,11.7188],[-71.8687,11.6273],[-71.9075,11.608],[-71.9569,11.5699],[-71.9572,11.4828],[-71.947,11.4145],[-71.8351,11.1903],[-71.7915,11.1351],[-71.6416,11.0135],[-71.6757,10.9967],[-71.7309,10.9947],[-71.6904,10.8355],[-71.5984,10.7262],[-71.5943,10.6574],[-71.6648,10.4437],[-71.7935,10.316],[-71.8848,10.1672],[-71.9557,10.1081],[-72.1128,9.8156],[-71.9933,9.6415],[-71.9763,9.5532],[-71.873,9.4276],[-71.8057,9.3864],[-71.7607,9.3357],[-71.7813,9.25],[-71.7401,9.1339],[-71.6867,9.0725],[-71.6195,9.0479],[-71.5366,9.0483],[-71.2979,9.1256],[-71.2414,9.1604],[-71.2054,9.2225],[-71.0858,9.3482],[-71.0784,9.5108],[-71.0527,9.7058],[-71.0817,9.8332],[-71.2072,10.0146],[-71.2622,10.1436],[-71.3866,10.2638],[-71.4628,10.4692],[-71.4942,10.5332],[-71.5179,10.6218],[-71.5446,10.7787],[-71.4611,10.8356],[-71.4695,10.9642],[-71.2644,10.9995],[-70.8205,11.2084],[-70.5456,11.2614],[-70.2325,11.373],[-70.16,11.4281],[-70.0971,11.5198],[-70.0485,11.5303],[-69.8854,11.4443],[-69.8048,11.4742],[-69.7729,11.5413],[-69.8173,11.6721],[-69.9109,11.6721],[-70.1926,11.6246],[-70.2201,11.6809],[-70.22,11.7301],[-70.2865,11.886],[-70.2451,12.0035],[-70.2028,12.0984],[-70.122,12.1366],[-70.004,12.1779],[-69.9144,12.1146],[-69.8601,12.0542],[-69.8306,11.9956],[-69.8105,11.8369],[-69.7624,11.676],[-69.7119,11.5642],[-69.6316,11.4799],[-69.5698,11.4854],[-69.5257,11.4995],[-69.2326,11.5185],[-69.0546,11.461],[-68.828,11.4317],[-68.6162,11.3094],[-68.3986,11.161],[-68.3432,11.0528],[-68.3248,10.9493],[-68.2721,10.88],[-68.3247,10.8087],[-68.2963,10.6894],[-68.2341,10.5691],[-68.1399,10.4927],[-67.8716,10.4721],[-67.5813,10.5237],[-67.1333,10.5704],[-66.9891,10.6106],[-66.2472,10.6322],[-66.1059,10.5746],[-66.0921,10.5171],[-66.0905,10.4729],[-65.8518,10.2578],[-65.6559,10.2285],[-65.4894,10.1594],[-65.3174,10.1224],[-65.1291,10.0701],[-65.0233,10.0767],[-64.944,10.095],[-64.8505,10.0981],[-64.1883,10.4578],[-63.8337,10.4485],[-63.7791,10.4719],[-63.7319,10.5034],[-63.8627,10.5582],[-64.1579,10.5792],[-64.2475,10.5426],[-64.2982,10.6352],[-64.202,10.6327],[-63.8734,10.6638],[-63.4968,10.6433],[-63.1899,10.7092],[-63.0355,10.7201],[-62.9467,10.7071],[-62.7023,10.7498],[-62.2423,10.6996],[-61.8795,10.741],[-61.9214,10.6814],[-62.0404,10.6454],[-62.2329,10.634],[-62.38,10.5469],[-62.6936,10.563],[-62.9136,10.5315],[-62.843,10.5072],[-62.843,10.4179],[-62.8129,10.3999],[-62.7812,10.3992],[-62.7063,10.3331],[-62.6858,10.2898],[-62.6616,10.1986],[-62.6947,10.1001],[-62.7406,10.0562],[-62.6512,10.0707],[-62.6005,10.1169],[-62.6079,10.1634],[-62.6005,10.2173],[-62.5503,10.2004],[-62.5151,10.1761],[-62.4009,9.9184],[-62.3204,9.7831],[-62.2807,9.793],[-62.2567,9.8189],[-62.2211,9.8826],[-62.1904,9.8422],[-62.172,9.8267],[-62.1534,9.8218],[-62.1703,9.8795],[-62.1475,9.9534],[-62.1553,9.9792],[-62.1196,9.9849],[-62.0771,9.975],[-62.0165,9.9547],[-61.9086,9.8699],[-61.8373,9.7821],[-61.8312,9.7331],[-61.8054,9.7055],[-61.7587,9.6765],[-61.7359,9.6312],[-61.7317,9.7025],[-61.7592,9.7544],[-61.7659,9.8138],[-61.6254,9.8165],[-61.5889,9.8945],[-61.5123,9.8475],[-61.3094,9.6331],[-61.2344,9.5976],[-61.0134,9.5564],[-60.8741,9.4533],[-60.7925,9.3607],[-60.841,9.2637],[-60.971,9.2152],[-61.0231,9.1546],[-61.0531,9.0951],[-61.0536,9.0353],[-61.093,8.9658],[-61.1224,8.8434],[-61.1759,8.7254],[-61.2473,8.6003],[-61.6187,8.5975],[-61.5269,8.5461],[-61.4426,8.5087],[-61.304,8.4104],[-61.1938,8.4876],[-61.036,8.4931],[-60.8652,8.5788],[-60.801,8.5921],[-60.4815,8.5473],[-60.4045,8.6103],[-60.3402,8.6288],[-60.1675,8.617],[-60.0175,8.5493],[-59.8316,8.306],[-59.8289,8.2792],[-59.8491,8.2487],[-59.9648,8.1916],[-59.9907,8.162],[-60.0324,8.0536],[-60.1782,7.994],[-60.2789,7.9194],[-60.3806,7.8276],[-60.5136,7.8132],[-60.5563,7.772],[-60.6101,7.6483],[-60.6495,7.5966],[-60.7187,7.5359],[-60.7192,7.4987],[-60.6237,7.3633],[-60.6065,7.3208],[-60.6362,7.2566],[-60.6333,7.2111],[-60.5832,7.1562],[-60.5232,7.1437],[-60.4649,7.1666],[-60.3924,7.1646],[-60.3451,7.15],[-60.3255,7.134],[-60.3221,7.092],[-60.3521,7.0029],[-60.395,6.9454],[-60.5861,6.8571],[-60.671,6.806],[-60.7179,6.7683],[-60.8208,6.7885],[-60.8733,6.7869],[-60.938,6.7328],[-61.1048,6.7114],[-61.1456,6.6945],[-61.1772,6.6509],[-61.2036,6.5884],[-61.1816,6.5134],[-61.151,6.4465],[-61.1523,6.3851],[-61.1287,6.2143],[-61.1595,6.1744],[-61.225,6.1292],[-61.3031,6.0495],[-61.3908,5.9388],[-61.3768,5.907],[-60.7421,5.2021]]],[[[-60.9979,8.8673],[-61.06,8.847],[-61.0692,8.9473],[-61.0505,8.9744],[-60.9158,9.0703],[-60.8946,9.0534],[-60.8999,9.0319],[-60.8492,8.9957],[-60.8614,8.9496],[-60.9164,8.8993],[-60.9979,8.8673]]],[[[-60.8212,9.1384],[-60.9414,9.1056],[-60.9395,9.1323],[-60.9073,9.1787],[-60.8449,9.1918],[-60.8214,9.2077],[-60.7816,9.2184],[-60.7589,9.2165],[-60.7358,9.2033],[-60.7904,9.1772],[-60.8212,9.1384]]],[[[-65.2125,10.9064],[-65.2664,10.884],[-65.3652,10.9064],[-65.4146,10.9379],[-65.3832,10.9738],[-65.3023,10.9738],[-65.2266,10.9302],[-65.2125,10.9064]]],[[[-63.8494,11.131],[-63.8173,11.0003],[-63.8271,10.9758],[-63.9176,10.8875],[-63.9936,10.8812],[-64.0547,10.8843],[-64.1012,10.9014],[-64.1609,10.9588],[-64.2189,10.9416],[-64.3625,10.9615],[-64.4023,10.9816],[-64.3486,11.0519],[-64.2137,11.0861],[-64.1848,11.043],[-64.1128,11.0057],[-64.0283,11.0019],[-64.0073,11.0685],[-63.8931,11.1672],[-63.8494,11.131]]]]}},{"type":"Feature","properties":{"SOVEREIGNT":"United States","ADMIN":"United States Virgin Islands","NAME":"U.S. Virgin Is.","NAME_LONG":"United States Virgin Islands","ISO_A2":"VI","WB_A2":"VI","CONTINENT":"North America","SUBREGION":"Caribbean"},"geometry":{"type":"MultiPolygon","coordinates":[[[[-64.7656,17.7943],[-64.6818,17.7502],[-64.5805,17.7502],[-64.6863,17.7061],[-64.8891,17.7017],[-64.8847,17.7723],[-64.7656,17.7943]]],[[[-64.6598,18.3543],[-64.726,18.3279],[-64.7706,18.3316],[-64.7877,18.3411],[-64.7524,18.372],[-64.6598,18.3543]]],[[[-64.845,18.3301],[-64.92,18.3213],[-65.0236,18.3676],[-64.942,18.3852],[-64.8891,18.3742],[-64.845,18.3301]]]]}}]}
