{"type": "FeatureCollection", "features": [{"type": "Feature", "properties": {"scalerank": 1, "featurecla": "Admin-0 country", "LABELRANK": 6.0, "SOVEREIGNT": "Albania", "SOV_A3": "ALB", "ADM0_DIF": 0.0, "LEVEL": 2.0, "TYPE": "Sovereign country", "ADMIN": "Albania", "ADM0_A3": "ALB", "GEOU_DIF": 0.0, "GEOUNIT": "Albania", "GU_A3": "ALB", "SU_DIF": 0.0, "SUBUNIT": "Albania", "SU_A3": "ALB", "BRK_DIFF": 0.0, "NAME": "Albania", "NAME_LONG": "Albania", "BRK_A3": "ALB", "BRK_NAME": "Albania", "BRK_GROUP": null, "ABBREV": "Alb.", "POSTAL": "AL", "FORMAL_EN": "Republic of Albania", "FORMAL_FR": null, "NAME_CIAWF": "Albania", "NOTE_ADM0": null, "NOTE_BRK": null, "NAME_SORT": "Albania", "NAME_ALT": null, "MAPCOLOR7": 1.0, "MAPCOLOR8": 4.0, "MAPCOLOR9": 1.0, "MAPCOLOR13": 6.0, "POP_EST": 3047987.0, "POP_RANK": 12.0, "GDP_MD_EST": 33900.0, "POP_YEAR": 2017.0, "LASTCENSUS": 2001.0, "GDP_YEAR": 2016.0, "ECONOMY": "6. Developing region", "INCOME_GRP": "4. Lower middle income", "WIKIPEDIA": -99.0, "FIPS_10_": "AL", "ISO_A2": "AL", "ISO_A3": "ALB", "ISO_A3_EH": "ALB", "ISO_N3": "008", "UN_A3": "008", "WB_A2": "AL", "WB_A3": "ALB", "WOE_ID": 23424742.0, "WOE_ID_EH": 23424742.0, "WOE_NOTE": "Exact WOE match as country", "ADM0_A3_IS": "ALB", "ADM0_A3_US": "ALB", "ADM0_A3_UN": -99.0, "ADM0_A3_WB": -99.0, "CONTINENT": "Europe", "REGION_UN": "Europe", "SUBREGION": "Southern Europe", "REGION_WB": "Europe & Central Asia", "NAME_LEN": 7.0, "LONG_LEN": 7.0, "ABBREV_LEN": 4.0, "TINY": -99.0, "HOMEPART": 1.0, "MIN_ZOOM": 0.0, "MIN_LABEL": 5.0, "MAX_LABEL": 10.0}, "geometry": {"type": "Polygon", "coordinates": [[[20.06396484375, 42.54726562499999], [20.103515625, 42.524658203125], [20.18574218750001, 42.42587890625], [20.240527343750017, 42.33896484375], [20.348242187500006, 42.3087890625], [20.408300781250006, 42.274951171874996], [20.485449218750006, 42.223388671875], [20.522851562500023, 42.171484375], [20.57539062500001, 42.013085937499994], [20.581445312500023, 41.917431640625], [20.566210937500017, 41.873681640624994], [20.553125, 41.862353515624996], [20.505175781250017, 41.706494140625], [20.5166015625, 41.62705078125], [20.516210937500006, 41.574755859374996], [20.4755859375, 41.554101562499994], [20.448632812500023, 41.521289062499996], [20.49238281250001, 41.39140625], [20.48701171875001, 41.336083984374994], [20.48896484375001, 41.272607421874994], [20.56787109375, 41.127832031249994], [20.61445312500001, 41.083056640624996], [20.656054687500017, 41.061669921874994], [20.709277343750017, 40.928369140624994], [20.740820312500006, 40.9052734375], [20.870214843750006, 40.917919921875], [20.933496093750023, 40.903125], [20.95859375, 40.871533203125], [20.964257812499994, 40.84990234375002], [20.95576171875001, 40.775292968749994], [20.987890625, 40.7177734375], [21.031054687500017, 40.658642578125], [21.030859374999977, 40.62246093750005], [21.001953125, 40.563378906249994], [20.95019531249997, 40.49438476562497], [20.881640625000017, 40.467919921874994], [20.806054687500023, 40.44545898437505], [20.77001953125, 40.391894531249996], [20.75166015625001, 40.334912109375], [20.717871093750006, 40.29267578125], [20.69697265625001, 40.24638671874999], [20.664941406250023, 40.151757812499994], [20.65742187500001, 40.11738281250001], [20.60625, 40.082666015624994], [20.52705078125001, 40.068505859374994], [20.4560546875, 40.065576171874994], [20.408007812500017, 40.04946289062502], [20.383691406250023, 40.0171875], [20.338476562500006, 39.991064453125], [20.311132812500006, 39.979443359374955], [20.311328125000017, 39.95078125], [20.34423828125, 39.890625], [20.381640625000017, 39.841796875], [20.382421875, 39.802636718749994], [20.364062500000017, 39.791748046875], [20.30615234375, 39.796679687499996], [20.293847656250023, 39.78222656250003], [20.28759765625, 39.73857421875002], [20.272070312500006, 39.701171875], [20.24824218750001, 39.678369140624994], [20.206835937500017, 39.653515625], [20.131054687499983, 39.66162109375006], [20.05976562500001, 39.699121093749994], [20.022558593750006, 39.71069335937503], [20.001269531250017, 39.70942382812501], [19.99560546875, 39.801025390625], [19.96484375, 39.872265625], [19.851855468750017, 40.0435546875], [19.48457031250001, 40.2099609375], [19.39814453125001, 40.28486328125], [19.360156250000017, 40.347705078124996], [19.322265625, 40.407080078125], [19.35859375000001, 40.408740234374996], [19.39453125, 40.393701171874994], [19.440527343750006, 40.37568359375], [19.45917968750001, 40.40537109375], [19.439257812500017, 40.470263671874996], [19.344628906250023, 40.6220703125], [19.3375, 40.663818359375], [19.383886718750006, 40.79072265625], [19.461230468750017, 40.93330078125], [19.4560546875, 41.1060546875], [19.480078125, 41.236376953124996], [19.453417968750017, 41.32099609375], [19.440625, 41.424755859375], [19.497363281250017, 41.5626953125], [19.545800781250023, 41.596826171874994], [19.57568359375, 41.640429687499996], [19.577539062500023, 41.7875], [19.46826171875, 41.85615234375], [19.342382812500006, 41.869091796875], [19.345507812500017, 41.918847656249994], [19.361132812500017, 41.99775390625], [19.352148437500006, 42.0240234375], [19.361425781250006, 42.069091796875], [19.330859375000017, 42.12929687499999], [19.280664062500023, 42.17255859375], [19.329003906250023, 42.249267578125], [19.39960937500001, 42.34189453125], [19.465136718750017, 42.415380859375], [19.54453125, 42.491943359375], [19.597460937500017, 42.5654296875], [19.65449218750001, 42.628564453124994], [19.703417968750017, 42.64794921875], [19.727832031250017, 42.634521484375], [19.74072265625, 42.60693359375], [19.73779296875, 42.525146484375], [19.754492187500006, 42.496923828125], [19.78828125000001, 42.476171875], [19.859765625000023, 42.486328125], [19.9390625, 42.506689453125], [20.045703125000017, 42.54990234375], [20.06396484375, 42.54726562499999]]]}}, {"type": "Feature", "properties": {"scalerank": 3, "featurecla": "Admin-0 country", "LABELRANK": 6.0, "SOVEREIGNT": "Finland", "SOV_A3": "FI1", "ADM0_DIF": 1.0, "LEVEL": 2.0, "TYPE": "Country", "ADMIN": "Aland", "ADM0_A3": "ALD", "GEOU_DIF": 0.0, "GEOUNIT": "Aland", "GU_A3": "ALD", "SU_DIF": 0.0, "SUBUNIT": "Aland", "SU_A3": "ALD", "BRK_DIFF": 0.0, "NAME": "\u00c5land", "NAME_LONG": "\u00c5land Islands", "BRK_A3": "ALD", "BRK_NAME": "\u00c5land", "BRK_GROUP": null, "ABBREV": "\u00c5land", "POSTAL": "AI", "FORMAL_EN": "\u00c5land Islands", "FORMAL_FR": null, "NAME_CIAWF": null, "NOTE_ADM0": "Fin.", "NOTE_BRK": null, "NAME_SORT": "Aland", "NAME_ALT": null, "MAPCOLOR7": 4.0, "MAPCOLOR8": 1.0, "MAPCOLOR9": 4.0, "MAPCOLOR13": 6.0, "POP_EST": 27153.0, "POP_RANK": 7.0, "GDP_MD_EST": 1563.0, "POP_YEAR": 2017.0, "LASTCENSUS": -99.0, "GDP_YEAR": 2016.0, "ECONOMY": "2. Developed region: nonG7", "INCOME_GRP": "1. High income: OECD", "WIKIPEDIA": -99.0, "FIPS_10_": "-99", "ISO_A2": "AX", "ISO_A3": "ALA", "ISO_A3_EH": "ALA", "ISO_N3": "248", "UN_A3": "248", "WB_A2": "-99", "WB_A3": "-99", "WOE_ID": 12577865.0, "WOE_ID_EH": 12577865.0, "WOE_NOTE": "Exact WOE match as country", "ADM0_A3_IS": "ALA", "ADM0_A3_US": "ALD", "ADM0_A3_UN": -99.0, "ADM0_A3_WB": -99.0, "CONTINENT": "Europe", "REGION_UN": "Europe", "SUBREGION": "Northern Europe", "REGION_WB": "Europe & Central Asia", "NAME_LEN": 5.0, "LONG_LEN": 13.0, "ABBREV_LEN": 5.0, "TINY": 5.0, "HOMEPART": -99.0, "MIN_ZOOM": 0.0, "MIN_LABEL": 5.0, "MAX_LABEL": 10.0}, "geometry": {"type": "MultiPolygon", "coordinates": [[[[20.611328125000057, 60.04067382812502], [20.603417968750023, 60.01694335937498], [20.521777343750017, 60.01166992187498], [20.4875, 60.03276367187502], [20.411230468750063, 60.030126953125006], [20.39794921875, 60.04067382812502], [20.42958984375005, 60.061718749999955], [20.49013671875005, 60.07490234374998], [20.569140625000074, 60.069628906250074], [20.611328125000057, 60.04067382812502]]], [[[19.662304687500068, 60.18715820312502], [19.667480468750057, 60.16474609374998], [19.629199218750074, 60.17036132812498], [19.59980468750004, 60.162695312500006], [19.579882812500045, 60.135058593750074], [19.536523437500023, 60.144970703124955], [19.51904296875, 60.18457031250003], [19.551367187500034, 60.24384765625004], [19.62880859375008, 60.24609375000006], [19.662304687500068, 60.18715820312502]]], [[[19.989550781250017, 60.351171875000034], [20.020214843750068, 60.35087890624999], [20.03388671875001, 60.35932617187501], [20.08740234374997, 60.353417968749966], [20.167871093750023, 60.314697265625], [20.184082031250057, 60.29375], [20.239550781250074, 60.28300781250002], [20.258886718750006, 60.26127929687502], [20.19472656250008, 60.19355468750001], [20.15507812499999, 60.192285156249994], [20.12548828125, 60.20087890624998], [20.07324218750003, 60.19345703124998], [20.042578125, 60.18066406250003], [20.032324218750034, 60.152490234374994], [20.033984375000017, 60.093554687500045], [19.7998046875, 60.081738281249955], [19.74599609375005, 60.098974609375006], [19.67226562500005, 60.233007812500034], [19.686914062500023, 60.26762695312499], [19.736523437499983, 60.282373046874966], [19.77900390625004, 60.28554687499999], [19.785253906250063, 60.21337890625003], [19.84765625, 60.220556640625006], [19.867187500000057, 60.26811523437499], [19.871582031250057, 60.30161132812498], [19.85468750000001, 60.318505859374966], [19.812304687500074, 60.331591796875045], [19.78779296875004, 60.35405273437502], [19.823046875000045, 60.39018554687499], [19.88828125, 60.40581054687499], [19.94453125000001, 60.357519531250006], [19.989550781250017, 60.351171875000034]]]]}}, {"type": "Feature", "properties": {"scalerank": 3, "featurecla": "Admin-0 country", "LABELRANK": 6.0, "SOVEREIGNT": "Andorra", "SOV_A3": "AND", "ADM0_DIF": 0.0, "LEVEL": 2.0, "TYPE": "Sovereign country", "ADMIN": "Andorra", "ADM0_A3": "AND", "GEOU_DIF": 0.0, "GEOUNIT": "Andorra", "GU_A3": "AND", "SU_DIF": 0.0, "SUBUNIT": "Andorra", "SU_A3": "AND", "BRK_DIFF": 0.0, "NAME": "Andorra", "NAME_LONG": "Andorra", "BRK_A3": "AND", "BRK_NAME": "Andorra", "BRK_GROUP": null, "ABBREV": "And.", "POSTAL": "AND", "FORMAL_EN": "Principality of Andorra", "FORMAL_FR": null, "NAME_CIAWF": "Andorra", "NOTE_ADM0": null, "NOTE_BRK": null, "NAME_SORT": "Andorra", "NAME_ALT": null, "MAPCOLOR7": 1.0, "MAPCOLOR8": 4.0, "MAPCOLOR9": 1.0, "MAPCOLOR13": 8.0, "POP_EST": 85702.0, "POP_RANK": 8.0, "GDP_MD_EST": 3327.0, "POP_YEAR": 2017.0, "LASTCENSUS": 1989.0, "GDP_YEAR": 2015.0, "ECONOMY": "2. Developed region: nonG7", "INCOME_GRP": "2. High income: nonOECD", "WIKIPEDIA": -99.0, "FIPS_10_": "AN", "ISO_A2": "AD", "ISO_A3": "AND", "ISO_A3_EH": "AND", "ISO_N3": "020", "UN_A3": "020", "WB_A2": "AD", "WB_A3": "ADO", "WOE_ID": 23424744.0, "WOE_ID_EH": 23424744.0, "WOE_NOTE": "Exact WOE match as country", "ADM0_A3_IS": "AND", "ADM0_A3_US": "AND", "ADM0_A3_UN": -99.0, "ADM0_A3_WB": -99.0, "CONTINENT": "Europe", "REGION_UN": "Europe", "SUBREGION": "Southern Europe", "REGION_WB": "Europe & Central Asia", "NAME_LEN": 7.0, "LONG_LEN": 7.0, "ABBREV_LEN": 4.0, "TINY": 5.0, "HOMEPART": 1.0, "MIN_ZOOM": 0.0, "MIN_LABEL": 5.0, "MAX_LABEL": 10.0}, "geometry": {"type": "Polygon", "coordinates": [[[1.486230468750023, 42.434472656249994], [1.448828125, 42.437451171875], [1.428125, 42.46132812499999], [1.430273437500006, 42.497851562499996], [1.421972656250006, 42.530810546874996], [1.414843750000017, 42.548388671874996], [1.428320312500006, 42.5958984375], [1.458886718750023, 42.6216796875], [1.501367187500023, 42.642724609374994], [1.568164062500017, 42.635009765625], [1.709863281249994, 42.60444335937498], [1.739453124999983, 42.57592773437503], [1.740234374999972, 42.556738281250034], [1.713964843750006, 42.525634765625], [1.7060546875, 42.503320312499994], [1.678515625000017, 42.4966796875], [1.58642578125, 42.455957031249994], [1.534082031250023, 42.441699218749996], [1.486230468750023, 42.434472656249994]]]}}, {"type": "Feature", "properties": {"scalerank": 1, "featurecla": "Admin-0 country", "LABELRANK": 4.0, "SOVEREIGNT": "Austria", "SOV_A3": "AUT", "ADM0_DIF": 0.0, "LEVEL": 2.0, "TYPE": "Sovereign country", "ADMIN": "Austria", "ADM0_A3": "AUT", "GEOU_DIF": 0.0, "GEOUNIT": "Austria", "GU_A3": "AUT", "SU_DIF": 0.0, "SUBUNIT": "Austria", "SU_A3": "AUT", "BRK_DIFF": 0.0, "NAME": "Austria", "NAME_LONG": "Austria", "BRK_A3": "AUT", "BRK_NAME": "Austria", "BRK_GROUP": null, "ABBREV": "Aust.", "POSTAL": "A", "FORMAL_EN": "Republic of Austria", "FORMAL_FR": null, "NAME_CIAWF": "Austria", "NOTE_ADM0": null, "NOTE_BRK": null, "NAME_SORT": "Austria", "NAME_ALT": null, "MAPCOLOR7": 3.0, "MAPCOLOR8": 1.0, "MAPCOLOR9": 3.0, "MAPCOLOR13": 4.0, "POP_EST": 8754413.0, "POP_RANK": 13.0, "GDP_MD_EST": 416600.0, "POP_YEAR": 2017.0, "LASTCENSUS": 2011.0, "GDP_YEAR": 2016.0, "ECONOMY": "2. Developed region: nonG7", "INCOME_GRP": "1. High income: OECD", "WIKIPEDIA": -99.0, "FIPS_10_": "AU", "ISO_A2": "AT", "ISO_A3": "AUT", "ISO_A3_EH": "AUT", "ISO_N3": "040", "UN_A3": "040", "WB_A2": "AT", "WB_A3": "AUT", "WOE_ID": 23424750.0, "WOE_ID_EH": 23424750.0, "WOE_NOTE": "Exact WOE match as country", "ADM0_A3_IS": "AUT", "ADM0_A3_US": "AUT", "ADM0_A3_UN": -99.0, "ADM0_A3_WB": -99.0, "CONTINENT": "Europe", "REGION_UN": "Europe", "SUBREGION": "Western Europe", "REGION_WB": "Europe & Central Asia", "NAME_LEN": 7.0, "LONG_LEN": 7.0, "ABBREV_LEN": 5.0, "TINY": -99.0, "HOMEPART": 1.0, "MIN_ZOOM": 0.0, "MIN_LABEL": 3.0, "MAX_LABEL": 8.0}, "geometry": {"type": "Polygon", "coordinates": [[[16.953125, 48.598828125], [16.948828125, 48.58857421875], [16.943359375, 48.550927734374994], [16.90449218750001, 48.503515625], [16.862695312500023, 48.44140625], [16.86542968750001, 48.3869140625], [16.97265625, 48.198095703125], [17.06787109375, 48.083251953125], [17.0859375, 48.03955078125], [17.147363281250023, 48.00595703125], [17.08906250000001, 47.963623046875], [17.077734375, 47.90087890625], [17.039941406250023, 47.872949218749994], [17.030078125000017, 47.837109375], [17.0458984375, 47.804541015625], [17.04560546875001, 47.76376953125], [17.06660156250001, 47.707568359374996], [16.973437500000017, 47.6953125], [16.862695312500023, 47.697265625], [16.823046875000017, 47.693994140624994], [16.785937500000017, 47.678662109375], [16.74755859375, 47.686279296875], [16.6474609375, 47.739013671875], [16.590917968750006, 47.750537109374996], [16.55097656250001, 47.747363281249996], [16.52109375, 47.724462890625], [16.469628906250023, 47.695068359375], [16.421289062500023, 47.674462890624994], [16.43212890625, 47.656298828124996], [16.639746093750006, 47.60888671875], [16.676562500000017, 47.536035156249994], [16.636621093750023, 47.476611328124996], [16.623046875, 47.447558593749996], [16.57441406250001, 47.424658203125], [16.514746093750006, 47.404541015625], [16.44287109375, 47.39951171875], [16.434375, 47.367431640625], [16.46259765625001, 47.27314453125], [16.439746093750017, 47.252734375], [16.416894531250023, 47.2234375], [16.438378906250023, 47.145898437499994], [16.482812500000023, 47.140380859375], [16.49267578125, 47.12265625], [16.484765625000023, 47.091259765625], [16.476953125000023, 47.057861328125], [16.461230468750017, 47.0224609375], [16.453417968750017, 47.006787109375], [16.423925781250006, 46.996972656249994], [16.331835937500017, 47.002197265625], [16.252539062500006, 46.971923828125], [16.093066406250017, 46.86328125], [16.037207031250006, 46.84482421875], [15.976855468750017, 46.8013671875], [15.98046875, 46.705859375], [15.972265625, 46.697216796875], [15.957617187500006, 46.677636718749994], [15.766894531250017, 46.711279296875], [15.76025390625, 46.710742187499996], [15.632617187500017, 46.6984375], [15.545312500000023, 46.654638671875], [15.439257812500017, 46.629638671875], [15.216992187500011, 46.64296875], [15.000683593750011, 46.6259765625], [14.949414062500011, 46.613232421875], [14.893261718750011, 46.605908203125], [14.840625, 46.58046875], [14.810546875, 46.544580078124994], [14.756738281250023, 46.49912109375], [14.68017578125, 46.463427734374996], [14.596972656250017, 46.436083984374996], [14.5771484375, 46.412939453125], [14.5498046875, 46.399707031249996], [14.503515625, 46.417041015624996], [14.465917968750006, 46.41611328125], [14.419921875, 46.4279296875], [14.267285156250011, 46.440722656249996], [14.099511718750023, 46.4619140625], [14.019628906250006, 46.482177734375], [13.928808593750006, 46.498193359374994], [13.831347656250017, 46.51123046875], [13.743945312500017, 46.514306640624994], [13.7, 46.520263671875], [13.490039062499989, 46.555566406249966], [13.3515625, 46.557910156249996], [13.16875, 46.57265625], [12.805566406250023, 46.625878906249994], [12.699804687500006, 46.6474609375], [12.5986328125, 46.654101562499996], [12.479199218750011, 46.672509765624994], [12.388281249999977, 46.70263671875], [12.330078125, 46.759814453124996], [12.267968750000023, 46.835888671875], [12.154101562500017, 46.93525390625], [12.130761718750023, 46.98476562500002], [12.16552734375, 47.02817382812498], [12.201269531249977, 47.06088867187498], [12.197167968750023, 47.075], [12.16943359375, 47.08212890625], [11.969531250000017, 47.039697265624994], [11.775683593750017, 46.986083984375], [11.699414062500011, 46.984667968749996], [11.62548828125, 46.99658203125], [11.527539062500011, 46.997412109375], [11.433203125, 46.98305664062502], [11.244433593750017, 46.97568359375], [11.133886718750006, 46.936181640624994], [11.0634765625, 46.859130859375], [11.025097656250011, 46.796972656250034], [10.993261718750006, 46.777001953124966], [10.92734375, 46.769482421875], [10.828906249999989, 46.77524414062506], [10.759765625, 46.793310546875], [10.689257812500017, 46.84638671875], [10.579785156250011, 46.8537109375], [10.479394531250023, 46.855126953124994], [10.452832031250011, 46.86494140625], [10.45458984375, 46.8994140625], [10.414941406250023, 46.964404296874996], [10.349414062500017, 46.98476562499999], [10.179785156250006, 46.862353515624996], [10.133496093750011, 46.851513671875], [9.996875, 46.8853515625], [9.877734375000017, 46.9376953125], [9.864648437500023, 46.975976562499994], [9.8453125, 47.007373046874996], [9.745019531250023, 47.037109375], [9.619921875000017, 47.057470703125], [9.580273437500011, 47.057373046875], [9.595703125, 47.075830078124994], [9.610546875000011, 47.10712890625], [9.601171875, 47.132080078125], [9.571875, 47.15791015625], [9.555761718750006, 47.185498046875], [9.551074218750017, 47.212255859375], [9.542187500000011, 47.234130859375], [9.536816406250011, 47.254638671875], [9.527539062500011, 47.270751953125], [9.609082031250011, 47.391796875], [9.625878906250023, 47.467041015625], [9.554394531250011, 47.511132812499994], [9.524023437500006, 47.52421875], [9.548925781250006, 47.534033203125], [9.650585937500011, 47.52587890625003], [9.715136718750017, 47.55078125], [9.748925781250023, 47.575537109375], [9.839160156250017, 47.552294921874996], [9.971582031250023, 47.505322265625], [10.034082031250023, 47.473583984375], [10.059863281249989, 47.449072265625006], [10.07421875, 47.42851562499999], [10.066308593750023, 47.393359375], [10.096484374999989, 47.37958984374998], [10.158789062500006, 47.37426757812506], [10.200292968750006, 47.363427734374994], [10.185742187500011, 47.3171875], [10.183007812500023, 47.27880859375], [10.240625, 47.284130859375], [10.312792968750017, 47.313427734375], [10.369140625, 47.366064453125], [10.40390625, 47.41699218750006], [10.430371093750011, 47.541064453124996], [10.439453125, 47.5515625], [10.482812500000023, 47.54179687499999], [10.65869140625, 47.547216796875], [10.741601562500023, 47.52412109375], [10.873046875, 47.52021484375], [10.87060546875, 47.50078125], [10.893945312500023, 47.470458984375], [10.9521484375, 47.426708984375], [10.980859375000023, 47.39814453125], [11.041992187499972, 47.39311523437499], [11.136035156250017, 47.40888671875], [11.191210937500017, 47.425195312499994], [11.2119140625, 47.413623046874996], [11.297949218749977, 47.42490234374998], [11.374121093750006, 47.460253906249996], [11.392968750000023, 47.487158203125], [11.469921875000011, 47.506103515625], [11.573925781249983, 47.54975585937501], [11.716796875, 47.58349609375], [12.185644531250006, 47.61953125], [12.203808593750011, 47.646728515625], [12.196875, 47.70908203125], [12.209277343750017, 47.71826171875], [12.268359375000017, 47.702734375], [12.363183593750023, 47.68818359375], [12.435742187500011, 47.66611328125], [12.48291015625, 47.637304687500006], [12.526562500000011, 47.636132812499994], [12.59423828125, 47.656298828124996], [12.685839843750017, 47.669335937499994], [12.771386718750023, 47.639404296875], [12.796191406250017, 47.60703125], [12.781152343750023, 47.5904296875], [12.7828125, 47.56416015625], [12.809375, 47.5421875], [12.87890625, 47.5064453125], [12.968066406250017, 47.47568359375], [13.014355468749983, 47.47807617187496], [13.031542968750017, 47.50800781250004], [13.047949218750006, 47.579150390624996], [13.054101562499994, 47.65512695312498], [13.03359375, 47.69873046874997], [12.985546875000011, 47.709423828125], [12.928125, 47.71284179687501], [12.897656250000011, 47.721875], [12.908300781250006, 47.74580078125], [12.954199218750006, 47.807763671874994], [12.953515625000023, 47.890625], [12.849902343750017, 47.984814453125], [12.760058593750017, 48.075976562499996], [12.760351562500006, 48.106982421874996], [12.814257812500017, 48.16083984375], [12.897460937499972, 48.203710937500006], [13.082128906250006, 48.27509765625], [13.140429687500017, 48.289941406249994], [13.215234375000023, 48.301904296874994], [13.322851562500006, 48.33125], [13.374609375, 48.361376953124996], [13.409375, 48.394140625], [13.459863281250023, 48.56455078125], [13.4716796875, 48.57182617187496], [13.486621093750017, 48.581835937500045], [13.675195312500023, 48.523046875], [13.692187500000017, 48.532763671874996], [13.723925781250017, 48.542382812499994], [13.785351562500011, 48.587451171874996], [13.798828125, 48.6216796875], [13.797460937500006, 48.68642578125002], [13.802929687500011, 48.747509765625], [13.814746093750017, 48.766943359375], [13.843164062500023, 48.75986328125], [13.92431640625, 48.72802734375], [13.98876953125, 48.692431640624996], [14.049121093750017, 48.602490234375], [14.189843750000023, 48.578564453125], [14.367578125000023, 48.576220703124996], [14.431054687500023, 48.616259765624996], [14.488671875000023, 48.625537109374996], [14.553906250000011, 48.613330078124996], [14.691308593750023, 48.59921875], [14.706640625, 48.671923828124996], [14.785937500000017, 48.747363281249996], [14.821875, 48.7740234375], [14.922558593750011, 48.771386718749994], [14.947363281250006, 48.827734375], [14.97216796875, 48.983935546874996], [14.993457031250017, 49.001123046874994], [15.066796875000023, 48.997851562499996], [15.139746093750006, 48.9693359375], [15.16171875, 48.9462890625], [15.199609375000023, 48.948144531249994], [15.252734375000017, 48.9638671875], [15.310937500000023, 48.974023437499994], [15.402929687500006, 48.957373046875], [15.599414062500017, 48.886376953124994], [15.70078125, 48.86044921875], [15.765039062500023, 48.8654296875], [15.8251953125, 48.864453125], [16.057226562500006, 48.754785156249994], [16.219335937500006, 48.739404296874994], [16.367285156250006, 48.73896484375], [16.414843750000017, 48.7720703125], [16.477929687500023, 48.800097656249996], [16.543554687500006, 48.796240234375], [16.600976562500023, 48.781884765624994], [16.712695312500017, 48.734228515625], [16.764453125000017, 48.722021484375], [16.83320312500001, 48.714306640625], [16.883691406250023, 48.7037109375], [16.928320312500006, 48.620898437499996], [16.953125, 48.598828125]]]}}, {"type": "Feature", "properties": {"scalerank": 1, "featurecla": "Admin-0 country", "LABELRANK": 5.0, "SOVEREIGNT": "Azerbaijan", "SOV_A3": "AZE", "ADM0_DIF": 0.0, "LEVEL": 2.0, "TYPE": "Sovereign country", "ADMIN": "Azerbaijan", "ADM0_A3": "AZE", "GEOU_DIF": 0.0, "GEOUNIT": "Azerbaijan", "GU_A3": "AZE", "SU_DIF": 0.0, "SUBUNIT": "Azerbaijan", "SU_A3": "AZE", "BRK_DIFF": 0.0, "NAME": "Azerbaijan", "NAME_LONG": "Azerbaijan", "BRK_A3": "AZE", "BRK_NAME": "Azerbaijan", "BRK_GROUP": null, "ABBREV": "Aze.", "POSTAL": "AZ", "FORMAL_EN": "Republic of Azerbaijan", "FORMAL_FR": null, "NAME_CIAWF": "Azerbaijan", "NOTE_ADM0": null, "NOTE_BRK": null, "NAME_SORT": "Azerbaijan", "NAME_ALT": null, "MAPCOLOR7": 1.0, "MAPCOLOR8": 6.0, "MAPCOLOR9": 5.0, "MAPCOLOR13": 8.0, "POP_EST": 9961396.0, "POP_RANK": 13.0, "GDP_MD_EST": 167900.0, "POP_YEAR": 2017.0, "LASTCENSUS": 2009.0, "GDP_YEAR": 2016.0, "ECONOMY": "6. Developing region", "INCOME_GRP": "3. Upper middle income", "WIKIPEDIA": -99.0, "FIPS_10_": "AJ", "ISO_A2": "AZ", "ISO_A3": "AZE", "ISO_A3_EH": "AZE", "ISO_N3": "031", "UN_A3": "031", "WB_A2": "AZ", "WB_A3": "AZE", "WOE_ID": 23424741.0, "WOE_ID_EH": 23424741.0, "WOE_NOTE": "Exact WOE match as country", "ADM0_A3_IS": "AZE", "ADM0_A3_US": "AZE", "ADM0_A3_UN": -99.0, "ADM0_A3_WB": -99.0, "CONTINENT": "Asia", "REGION_UN": "Asia", "SUBREGION": "Western Asia", "REGION_WB": "Europe & Central Asia", "NAME_LEN": 10.0, "LONG_LEN": 10.0, "ABBREV_LEN": 4.0, "TINY": -99.0, "HOMEPART": 1.0, "MIN_ZOOM": 0.0, "MIN_LABEL": 4.0, "MAX_LABEL": 9.0}, "geometry": {"type": "MultiPolygon", "coordinates": [[[[44.7682617187501, 39.703515624999966], [44.86718749999997, 39.71914062500005], [45.03164062499999, 39.76513671875], [45.076464843750074, 39.742822265624994], [45.124609375, 39.69633789062502], [45.14863281250004, 39.656591796875006], [45.15283203124997, 39.58266601562505], [45.1725585937501, 39.57060546874999], [45.25253906250006, 39.595458984375], [45.28828125000004, 39.56557617187502], [45.349902343750074, 39.529882812500034], [45.45683593750002, 39.494482421875034], [45.610742187499994, 39.5498046875], [45.687402343749994, 39.56406249999998], [45.75048828124997, 39.56293945312501], [45.784472656250074, 39.545605468749955], [45.796484375, 39.48813476562506], [45.78417968750003, 39.417236328125], [45.7663085937501, 39.37846679687502], [45.79863281250002, 39.350195312500034], [45.925, 39.28193359374998], [45.97744140625005, 39.24389648437503], [45.95185546875004, 39.178125], [46.04589843750003, 39.01752929687501], [46.077441406250074, 38.95488281249996], [46.11445312500004, 38.87778320312506], [45.921875, 38.90791015624998], [45.575, 38.972802734374966], [45.47968750000004, 39.00625], [45.389257812500006, 39.09589843750001], [45.335546875, 39.13916015625003], [45.25595703125006, 39.19467773437506], [45.190625, 39.215625], [45.141210937500006, 39.25429687500002], [45.113085937500074, 39.31157226562496], [45.071679687499994, 39.362890625000034], [45.0001953125001, 39.423535156249955], [44.83818359375002, 39.62910156250001], [44.81718750000002, 39.65043945312499], [44.78339843750004, 39.684667968750034], [44.7682617187501, 39.703515624999966]]], [[[46.490625, 38.90668945312501], [46.48671875000005, 38.99746093750002], [46.48984375000006, 39.069433593750034], [46.475390625000074, 39.110888671875045], [46.401464843750006, 39.167675781249955], [46.40029296875005, 39.19218749999999], [46.4203125, 39.20737304687506], [46.47714843750006, 39.198193359374955], [46.55, 39.201416015625], [46.58476562500002, 39.22368164062502], [46.50664062500002, 39.29853515624998], [46.43730468750002, 39.34853515625005], [46.37841796875003, 39.38227539062498], [46.36523437499997, 39.40249023437502], [46.36513671875005, 39.41679687500002], [46.37763671875004, 39.43388671875002], [46.478125, 39.47509765624997], [46.488085937500074, 39.51284179687502], [46.48144531250003, 39.55517578125003], [46.321679687499994, 39.61743164062503], [46.20205078125005, 39.59448242187506], [46.09482421875006, 39.66445312500002], [46.02587890624997, 39.71855468750002], [45.93994140625003, 39.77656250000001], [45.86318359375005, 39.80834960937503], [45.78964843750006, 39.881103515625], [45.66181640625004, 39.95620117187502], [45.57978515625004, 39.97753906250003], [45.580957031249994, 39.98901367187506], [45.59599609375002, 40.00283203125002], [45.630175781250074, 40.014208984375045], [45.85810546875004, 40.01127929687496], [45.88593750000004, 40.02485351562498], [45.9000976562501, 40.05708007812498], [45.93125, 40.10468749999998], [45.967578125000074, 40.17480468749997], [45.96464843750002, 40.233789062499994], [45.735742187499994, 40.32910156249997], [45.56953125000004, 40.416845703125006], [45.454394531250074, 40.532373046874994], [45.3761718750001, 40.63808593750002], [45.37890624999997, 40.67358398437497], [45.40136718749997, 40.70712890624998], [45.57939453125002, 40.80449218750002], [45.59140625, 40.829736328124994], [45.5875, 40.84692382812503], [45.524023437500006, 40.89672851562497], [45.44423828125005, 40.94799804687503], [45.41914062500004, 40.98569335937498], [45.368945312500074, 41.00488281249997], [45.27343749999997, 41.00625], [45.10605468750006, 41.06933593750006], [45.0705078125001, 41.075585937499994], [45.062597656250006, 41.08813476562497], [45.07070312500005, 41.10083007812497], [45.190234375000074, 41.12636718750002], [45.188574218750006, 41.14741210937498], [45.15234374999997, 41.175146484375034], [45.084765625000074, 41.195458984374994], [45.02294921874997, 41.245703125], [45.00136718750002, 41.290966796875], [45.21718750000002, 41.423193359375], [45.28095703125001, 41.449560546875], [45.42226562499999, 41.42529296875], [45.715625, 41.337646484375], [45.69570312499999, 41.289013671874955], [45.72548828125002, 41.261621093749994], [45.79277343750002, 41.224414062499996], [45.921972656250006, 41.18671875], [46.03125, 41.16728515625002], [46.086523437500006, 41.183837890625], [46.17070312500002, 41.1978515625], [46.27998046875001, 41.154443359374994], [46.38076171875002, 41.09931640625], [46.43095703125002, 41.077050781249994], [46.45791015625002, 41.070214843749994], [46.534375, 41.08857421875], [46.626367187499994, 41.15966796874997], [46.66240234375002, 41.245507812499966], [46.67255859375001, 41.28681640625], [46.61894531250002, 41.34375], [46.5087890625, 41.405566406249996], [46.38496093750001, 41.459863281249994], [46.30546875000002, 41.507714843749994], [46.25468750000002, 41.60214843749998], [46.20351562499999, 41.61259765624996], [46.190527343750006, 41.62485351562498], [46.18212890624997, 41.65708007812498], [46.18427734375001, 41.7021484375], [46.20185546875001, 41.736865234374996], [46.251855468749994, 41.75175781249999], [46.30253906250002, 41.757080078125], [46.348242187500006, 41.790185546874994], [46.40546875000001, 41.855078125], [46.42988281250001, 41.890966796875], [46.53769531250006, 41.87041015625002], [46.55214843750005, 41.81230468749999], [46.57128906249997, 41.80009765624999], [46.61601562500002, 41.806933593750045], [46.69033203125005, 41.831347656250045], [46.749316406250074, 41.812597656250034], [46.825585937499994, 41.74340820312497], [46.93085937500004, 41.67041015625003], [46.98779296874997, 41.62138671874999], [47.01015625, 41.5875], [47.06396484374997, 41.5546875], [47.14257812499997, 41.51606445312501], [47.20527343750004, 41.45561523437496], [47.261132812499994, 41.31508789062502], [47.317675781250074, 41.28242187500004], [47.520605468750006, 41.22905273437499], [47.59179687500003, 41.21811523437498], [47.79101562500003, 41.19926757812496], [47.86113281250002, 41.212744140625034], [47.96367187500002, 41.33398437500006], [48.056054687499994, 41.45869140624998], [48.1422851562501, 41.48476562500005], [48.29814453125002, 41.54501953125006], [48.39140625000002, 41.601904296875006], [48.43066406249997, 41.663330078125], [48.518652343750006, 41.77934570312502], [48.57285156250006, 41.84448242187506], [48.664648437500006, 41.78662109375], [48.82392578125004, 41.62958984374998], [49.050878906250006, 41.37397460937504], [49.1066406250001, 41.301708984374955], [49.1432617187501, 41.2177734375], [49.174707031249994, 41.116113281249994], [49.226464843749994, 41.02622070312506], [49.4567382812501, 40.799853515625045], [49.55615234375003, 40.71630859374997], [49.718359375, 40.608105468749955], [49.775976562500006, 40.58398437500003], [49.8517578125001, 40.57719726562499], [49.990625, 40.576806640624994], [50.11914062499997, 40.53452148437498], [50.182519531249994, 40.504785156249966], [50.24804687500003, 40.461767578125006], [50.3068359375001, 40.412207031250034], [50.36591796875004, 40.27949218749998], [50.14316406250006, 40.32324218750003], [49.918847656249994, 40.31640625000006], [49.79199218750003, 40.28789062500002], [49.669042968750006, 40.2490234375], [49.55117187500005, 40.19414062500002], [49.47734375000002, 40.087255859375006], [49.41513671875006, 39.83984375000003], [49.32441406250004, 39.60834960937504], [49.327539062499994, 39.50122070312497], [49.3673828125001, 39.39838867187498], [49.36279296874997, 39.34956054687498], [49.321191406249994, 39.328906250000045], [49.26933593750002, 39.28515625], [49.19980468750006, 39.072656249999966], [49.165332031250074, 39.03027343750003], [49.120996093749994, 39.00390625], [49.108691406250074, 39.02905273437497], [49.11132812499997, 39.08471679687503], [49.01347656250002, 39.13398437500004], [48.961718750000074, 39.078759765624966], [48.92617187499999, 38.961767578125034], [48.85449218749997, 38.83881835937504], [48.85087890625002, 38.81533203125005], [48.86875, 38.43549804687501], [48.84033203125003, 38.43725585937503], [48.63554687500002, 38.39873046874999], [48.592675781249994, 38.41108398437501], [48.417382812499994, 38.58623046874999], [48.38125, 38.60561523437502], [48.30556640625005, 38.61347656250004], [48.261328125, 38.642285156249955], [48.225195312500006, 38.689208984375], [48.2046875, 38.72412109375003], [48.02324218750002, 38.81904296874998], [47.99648437500005, 38.85375976562506], [47.99267578124997, 38.88427734375006], [48.01933593750002, 38.91181640624998], [48.050097656250074, 38.93500976562498], [48.13857421875005, 38.95864257812502], [48.241992187500074, 38.97895507812498], [48.27509765625004, 38.99360351562504], [48.29208984375006, 39.01884765625002], [48.29101562500003, 39.05927734375001], [48.27412109375004, 39.09912109375003], [48.12548828124997, 39.17163085937497], [48.10917968750002, 39.20283203125001], [48.104394531249994, 39.241113281249994], [48.11289062500006, 39.28110351562498], [48.136035156250074, 39.312353515625034], [48.25722656250005, 39.35498046875003], [48.32216796875005, 39.39907226562502], [48.28173828124997, 39.448339843750034], [48.1510742187501, 39.56054687499997], [47.99589843750002, 39.68393554687498], [47.89228515625004, 39.68505859375003], [47.77285156250005, 39.648583984374966], [47.58183593750002, 39.54335937500002], [47.476171875, 39.49833984375002], [47.338476562500006, 39.42387695312502], [47.188378906249994, 39.34096679687502], [47.06542968749997, 39.25288085937501], [46.988867187500006, 39.18017578125003], [46.85253906249997, 39.14843750000006], [46.78320312499997, 39.08740234375006], [46.55478515625006, 38.90439453124998], [46.490625, 38.90668945312501]], [[45.55234375, 40.61606445312498], [45.56230468750002, 40.64916992187497], [45.53417968749997, 40.66401367187498], [45.50449218750006, 40.66484374999999], [45.478808593750074, 40.648339843749994], [45.478808593750074, 40.60698242187502], [45.5143554687501, 40.59956054687501], [45.55234375, 40.61606445312498]]], [[[44.96904296875002, 41.027246093749994], [44.958886718749994, 41.05263671875002], [44.96142578124997, 41.07924804687502], [44.99433593750004, 41.085595703124994], [45.02109375000006, 41.077978515625034], [45.028710937499994, 41.053857421874994], [45.02363281250004, 41.027246093749994], [45.002050781250006, 41.01582031249998], [44.96904296875002, 41.027246093749994]]]]}}, {"type": "Feature", "properties": {"scalerank": 1, "featurecla": "Admin-0 country", "LABELRANK": 2.0, "SOVEREIGNT": "Belgium", "SOV_A3": "BEL", "ADM0_DIF": 0.0, "LEVEL": 2.0, "TYPE": "Sovereign country", "ADMIN": "Belgium", "ADM0_A3": "BEL", "GEOU_DIF": 0.0, "GEOUNIT": "Belgium", "GU_A3": "BEL", "SU_DIF": 0.0, "SUBUNIT": "Belgium", "SU_A3": "BEL", "BRK_DIFF": 0.0, "NAME": "Belgium", "NAME_LONG": "Belgium", "BRK_A3": "BEL", "BRK_NAME": "Belgium", "BRK_GROUP": null, "ABBREV": "Belg.", "POSTAL": "B", "FORMAL_EN": "Kingdom of Belgium", "FORMAL_FR": null, "NAME_CIAWF": "Belgium", "NOTE_ADM0": null, "NOTE_BRK": null, "NAME_SORT": "Belgium", "NAME_ALT": null, "MAPCOLOR7": 3.0, "MAPCOLOR8": 2.0, "MAPCOLOR9": 1.0, "MAPCOLOR13": 8.0, "POP_EST": 11491346.0, "POP_RANK": 14.0, "GDP_MD_EST": 508600.0, "POP_YEAR": 2017.0, "LASTCENSUS": 2011.0, "GDP_YEAR": 2016.0, "ECONOMY": "2. Developed region: nonG7", "INCOME_GRP": "1. High income: OECD", "WIKIPEDIA": -99.0, "FIPS_10_": "BE", "ISO_A2": "BE", "ISO_A3": "BEL", "ISO_A3_EH": "BEL", "ISO_N3": "056", "UN_A3": "056", "WB_A2": "BE", "WB_A3": "BEL", "WOE_ID": 23424757.0, "WOE_ID_EH": 23424757.0, "WOE_NOTE": "Exact WOE match as country", "ADM0_A3_IS": "BEL", "ADM0_A3_US": "BEL", "ADM0_A3_UN": -99.0, "ADM0_A3_WB": -99.0, "CONTINENT": "Europe", "REGION_UN": "Europe", "SUBREGION": "Western Europe", "REGION_WB": "Europe & Central Asia", "NAME_LEN": 7.0, "LONG_LEN": 7.0, "ABBREV_LEN": 5.0, "TINY": -99.0, "HOMEPART": 1.0, "MIN_ZOOM": 0.0, "MIN_LABEL": 4.0, "MAX_LABEL": 9.0}, "geometry": {"type": "Polygon", "coordinates": [[[5.993945312500074, 50.75043945312498], [6.005957031250034, 50.73222656249999], [6.119433593750045, 50.679248046875045], [6.154492187500011, 50.63725585937502], [6.235937499999977, 50.5966796875], [6.16845703125, 50.54536132812504], [6.178710937500057, 50.52250976562499], [6.203027343750023, 50.499121093750034], [6.294921875, 50.485498046874994], [6.340917968750063, 50.45175781250006], [6.34365234375008, 50.400244140625034], [6.364453125000068, 50.31616210937506], [6.175097656250017, 50.232666015625], [6.121289062500068, 50.13935546875001], [6.116503906250017, 50.120996093749994], [6.110058593750011, 50.12377929687503], [6.089062499999983, 50.15458984374999], [6.054785156250006, 50.154296875], [5.976269531250011, 50.16718749999998], [5.866894531250011, 50.0828125], [5.817382812499972, 50.01269531250006], [5.7880859375, 49.961230468749996], [5.744042968750023, 49.91962890625], [5.735253906250023, 49.87563476562502], [5.740820312500006, 49.85717773437497], [5.725781250000011, 49.833349609375], [5.725, 49.80830078125], [5.787988281250023, 49.75888671875], [5.8037109375, 49.732177734375], [5.88037109375, 49.644775390625], [5.856542968750006, 49.612841796874996], [5.837597656250011, 49.57832031250001], [5.8154296875, 49.55380859375], [5.789746093750011, 49.53828125], [5.710449218750028, 49.53920898437505], [5.610058593750011, 49.52822265625002], [5.54238281250008, 49.51103515624999], [5.507324218750057, 49.51088867187505], [5.434667968749977, 49.55449218749996], [5.353515624999972, 49.61982421875004], [5.30195312500004, 49.65097656249998], [5.278808593750028, 49.677929687499955], [5.215039062500011, 49.68925781249996], [5.124121093750063, 49.72148437499996], [5.06103515625, 49.75654296874998], [5.006933593750063, 49.77836914062499], [4.930566406250051, 49.78925781250001], [4.867578125000023, 49.788134765625045], [4.849121093749972, 49.84711914062498], [4.84150390625004, 49.91450195312501], [4.790039062500028, 49.95957031250006], [4.860546875000011, 50.135888671874994], [4.818652343750074, 50.15317382812498], [4.77285156250008, 50.13906250000002], [4.706640625, 50.097070312499994], [4.675097656250045, 50.046875], [4.656152343750023, 50.00244140625], [4.545019531250034, 49.96025390625002], [4.36875, 49.94497070312502], [4.176074218749989, 49.96025390625002], [4.149316406250051, 49.97158203125002], [4.137011718750045, 49.98447265624998], [4.136816406250006, 50.0], [4.15029296875008, 50.02387695312501], [4.183886718750074, 50.05283203125006], [4.192187499999989, 50.09414062500002], [4.15771484375, 50.12988281250003], [4.135253906250028, 50.14379882812503], [4.144140625000063, 50.178417968749955], [4.169628906250011, 50.221777343750006], [4.174609375000045, 50.246484374999966], [4.04414062500004, 50.321337890625045], [3.949707031249972, 50.3359375], [3.858105468750068, 50.33857421875001], [3.78857421875, 50.34697265625002], [3.748046875000028, 50.34350585937503], [3.718847656250006, 50.32167968750002], [3.689355468750051, 50.30605468750002], [3.667285156249989, 50.324804687500034], [3.626757812499989, 50.457324218750045], [3.595410156250011, 50.47734375000002], [3.476953125000023, 50.49946289062501], [3.316210937500045, 50.50737304687502], [3.273339843750023, 50.53154296874996], [3.249804687500017, 50.591162109375034], [3.234960937500034, 50.662939453125006], [3.18203125000008, 50.73168945312497], [3.154882812500063, 50.74892578125002], [3.106835937500023, 50.77944335937502], [3.02285156250008, 50.766894531250045], [2.921972656250034, 50.72705078125], [2.862402343750063, 50.71601562499998], [2.83974609375008, 50.711767578125006], [2.759375, 50.75063476562502], [2.66914062500004, 50.811425781249966], [2.596777343750034, 50.875927734374955], [2.57929687500004, 50.911767578124994], [2.601464843750023, 50.955273437499955], [2.574804687500006, 50.98857421874999], [2.536035156250023, 51.04951171874998], [2.524902343750057, 51.09711914062498], [2.960156249999983, 51.26542968749999], [3.225195312499977, 51.35161132812496], [3.350097656250028, 51.37768554687506], [3.380078125000011, 51.291113281250006], [3.402832031250028, 51.26362304687498], [3.432519531250051, 51.245751953124994], [3.471972656249989, 51.24223632812499], [3.517089843750028, 51.26362304687498], [3.58027343750004, 51.28618164062496], [3.68183593750004, 51.27568359374996], [3.755664062500045, 51.25483398437498], [3.781933593749983, 51.23320312500002], [3.830761718749983, 51.21259765624998], [3.90205078125004, 51.20766601562505], [4.0400390625, 51.2470703125], [4.172558593749983, 51.307080078124955], [4.21142578125, 51.348730468750006], [4.226171874999977, 51.38647460937497], [4.304492187500045, 51.36152343750004], [4.37373046875004, 51.35600585937499], [4.404003906250068, 51.36708984375002], [4.384765625000057, 51.427587890625006], [4.440917968750028, 51.45981445312498], [4.503417968749972, 51.474707031250006], [4.531640625000051, 51.448583984375006], [4.588769531250051, 51.42192382812499], [4.63398437500004, 51.421728515625034], [4.755664062500045, 51.491113281249966], [4.784179687499972, 51.477392578125006], [4.810546875000028, 51.45273437500006], [4.816015624999977, 51.43281249999998], [4.820703125000051, 51.41206054687504], [4.848046875000023, 51.40327148437501], [4.943945312500034, 51.407763671875045], [4.99257812500008, 51.44536132812499], [5.030957031249983, 51.469091796875006], [5.059472656250023, 51.453125], [5.07343750000004, 51.406835937500034], [5.099902343749989, 51.34648437499999], [5.214160156250017, 51.278955078124994], [5.310839843750074, 51.25971679687498], [5.429785156250063, 51.272998046875045], [5.476855468750045, 51.285058593749994], [5.5087890625, 51.275], [5.540429687500051, 51.23930664062502], [5.608789062500023, 51.19843750000004], [5.752343750000051, 51.16948242187499], [5.796484374999977, 51.15307617187503], [5.8271484375, 51.12563476562502], [5.81826171875008, 51.08642578125003], [5.749804687500074, 50.98876953125003], [5.740820312500006, 50.95991210937501], [5.75, 50.95024414062502], [5.736621093750045, 50.93212890625006], [5.647558593750006, 50.86665039062504], [5.639453125000045, 50.843603515625034], [5.669140625000068, 50.80595703125002], [5.693554687500068, 50.774755859375034], [5.693652343749989, 50.77465820312503], [5.747070312500028, 50.75957031249996], [5.797363281249972, 50.75454101562502], [5.993945312500074, 50.75043945312498]]]}}, {"type": "Feature", "properties": {"scalerank": 1, "featurecla": "Admin-0 country", "LABELRANK": 4.0, "SOVEREIGNT": "Bulgaria", "SOV_A3": "BGR", "ADM0_DIF": 0.0, "LEVEL": 2.0, "TYPE": "Sovereign country", "ADMIN": "Bulgaria", "ADM0_A3": "BGR", "GEOU_DIF": 0.0, "GEOUNIT": "Bulgaria", "GU_A3": "BGR", "SU_DIF": 0.0, "SUBUNIT": "Bulgaria", "SU_A3": "BGR", "BRK_DIFF": 0.0, "NAME": "Bulgaria", "NAME_LONG": "Bulgaria", "BRK_A3": "BGR", "BRK_NAME": "Bulgaria", "BRK_GROUP": null, "ABBREV": "Bulg.", "POSTAL": "BG", "FORMAL_EN": "Republic of Bulgaria", "FORMAL_FR": null, "NAME_CIAWF": "Bulgaria", "NOTE_ADM0": null, "NOTE_BRK": null, "NAME_SORT": "Bulgaria", "NAME_ALT": null, "MAPCOLOR7": 4.0, "MAPCOLOR8": 5.0, "MAPCOLOR9": 1.0, "MAPCOLOR13": 8.0, "POP_EST": 7101510.0, "POP_RANK": 13.0, "GDP_MD_EST": 143100.0, "POP_YEAR": 2017.0, "LASTCENSUS": 2011.0, "GDP_YEAR": 2016.0, "ECONOMY": "2. Developed region: nonG7", "INCOME_GRP": "3. Upper middle income", "WIKIPEDIA": -99.0, "FIPS_10_": "BU", "ISO_A2": "BG", "ISO_A3": "BGR", "ISO_A3_EH": "BGR", "ISO_N3": "100", "UN_A3": "100", "WB_A2": "BG", "WB_A3": "BGR", "WOE_ID": 23424771.0, "WOE_ID_EH": 23424771.0, "WOE_NOTE": "Exact WOE match as country", "ADM0_A3_IS": "BGR", "ADM0_A3_US": "BGR", "ADM0_A3_UN": -99.0, "ADM0_A3_WB": -99.0, "CONTINENT": "Europe", "REGION_UN": "Europe", "SUBREGION": "Eastern Europe", "REGION_WB": "Europe & Central Asia", "NAME_LEN": 8.0, "LONG_LEN": 8.0, "ABBREV_LEN": 5.0, "TINY": -99.0, "HOMEPART": 1.0, "MIN_ZOOM": 0.0, "MIN_LABEL": 4.0, "MAX_LABEL": 9.0}, "geometry": {"type": "Polygon", "coordinates": [[[28.585351562500023, 43.742236328124996], [28.561816406250017, 43.501318359375], [28.465429687500006, 43.389306640624994], [28.319628906250017, 43.42685546875], [28.133691406250023, 43.39560546875], [28.03515625, 43.26826171875], [27.979296875000017, 43.230517578124996], [27.92890625000001, 43.1861328125], [27.896484375, 43.020703125], [27.88886718750001, 42.74970703125], [27.818359375, 42.716650390625], [27.753710937500017, 42.70654296875], [27.484765625000023, 42.468066406249996], [27.639550781250023, 42.4009765625], [27.70820312500001, 42.349951171875], [27.821386718750006, 42.2080078125], [27.982714843750017, 42.047412109374996], [28.014453125000017, 41.969042968749996], [27.879199218750017, 41.986621093749996], [27.831933593750023, 41.981298828125], [27.801660156250023, 41.95654296875], [27.738867187500006, 41.9615234375], [27.6611328125, 41.961328124999966], [27.579882812500017, 41.932910156249996], [27.53486328125001, 41.920800781249994], [27.47480468750001, 41.946875], [27.362890625, 42.025048828124994], [27.294921875, 42.079541015625], [27.24433593750001, 42.09326171875], [27.193359375, 42.077099609375], [27.01171875, 42.058642578124996], [26.96875, 42.02685546875], [26.884863281250006, 41.991845703124994], [26.800390625, 41.975146484374996], [26.67919921874997, 41.96333007812501], [26.615332031250006, 41.964892578124996], [26.5796875, 41.94794921875], [26.549707031250023, 41.896728515625], [26.529296875, 41.8466796875], [26.511425781249983, 41.82636718750001], [26.3603515625, 41.8015625], [26.327246093750006, 41.772802734375], [26.31796875, 41.74467773437496], [26.320898437500006, 41.716552734375], [26.200585937500023, 41.743798828124994], [26.107421875, 41.72568359375], [26.085546875, 41.704150390624996], [26.066015625, 41.673242187499994], [26.076953125000017, 41.640185546874996], [26.111230468749994, 41.60820312499996], [26.1435546875, 41.521533203124996], [26.155175781250023, 41.434863281249996], [26.135351562500006, 41.3857421875], [26.06640625, 41.35068359375], [25.92333984375, 41.311914062499994], [25.784960937500017, 41.330419921875], [25.723925781250017, 41.3150390625], [25.621484375000023, 41.310107421874996], [25.52705078125001, 41.2998046875], [25.381933593750006, 41.26435546875], [25.25117187500001, 41.243554687499994], [25.133398437500006, 41.31577148437498], [24.993554687500023, 41.36499023437497], [24.846875, 41.39423828124998], [24.795800781250023, 41.372900390625], [24.773730468750017, 41.35610351562502], [24.65107421875001, 41.419970703124996], [24.595996093750017, 41.442724609375], [24.5693359375, 41.4673828125], [24.51826171875001, 41.55253906249999], [24.487890625, 41.555224609374996], [24.38671875, 41.52353515625], [24.289453125000023, 41.525048828124994], [24.230371093750023, 41.530810546874996], [24.056054687500023, 41.527246093749994], [24.03291015625001, 41.469091796875], [24.011328125, 41.46005859375], [23.973535156250023, 41.452294921874994], [23.880859375, 41.45595703125002], [23.762304687500006, 41.412988281249994], [23.635156250000023, 41.386767578124996], [23.53583984375001, 41.386035156249996], [23.433398437500017, 41.398730468749996], [23.3720703125, 41.3896484375], [23.23984375, 41.3849609375], [23.15595703125001, 41.322070312499996], [23.02558593750001, 41.325634765625], [22.916015625, 41.33627929687498], [22.9296875, 41.356103515624994], [22.951464843750017, 41.605615234374994], [23.005664062500017, 41.716943359374994], [23.00361328125001, 41.73984375], [22.991992187500017, 41.757177734375], [22.943945312500006, 41.77509765625], [22.9091796875, 41.835205078125], [22.836816406250023, 41.993603515625], [22.79609375000001, 42.025683593749996], [22.68232421875001, 42.059130859374996], [22.58271484375001, 42.104833984375], [22.49824218750001, 42.165087890624996], [22.34404296874999, 42.31396484375003], [22.422070312499983, 42.32885742187497], [22.445703125000023, 42.359130859375], [22.523535156250006, 42.440966796874996], [22.53242187500001, 42.481201171875], [22.524218750000017, 42.50390625], [22.472070312500023, 42.543310546875], [22.43623046875001, 42.6291015625], [22.463281250000023, 42.70947265625], [22.465625, 42.75078125], [22.439257812500017, 42.791650390624994], [22.466796875, 42.84248046875], [22.522753906250017, 42.8703125], [22.55810546875, 42.878466796874996], [22.706152343750006, 42.883935546874994], [22.799902343750006, 42.985742187499994], [22.856835937500023, 43.01826171875], [22.91523437500001, 43.075976562499996], [22.942285156250023, 43.097070312499966], [22.96796875000001, 43.14204101562498], [22.976855468750017, 43.18798828125], [22.85957031250001, 43.25234375], [22.819726562499994, 43.30073242187498], [22.767578125, 43.354150390624994], [22.69697265625001, 43.391064453125], [22.554589843750023, 43.454492187499994], [22.499121093750006, 43.518847656249996], [22.47412109375, 43.60224609375], [22.436328125000017, 43.665478515625], [22.394824218750017, 43.706640625], [22.38691406250001, 43.740136718749994], [22.36962890625, 43.781298828124996], [22.36542968750001, 43.86210937499996], [22.399023437500006, 43.96953125], [22.420800781249994, 44.00742187499998], [22.469042968750017, 44.018017578125], [22.597460937500017, 44.07529296875], [22.603417968750023, 44.148583984374994], [22.6265625, 44.194091796875], [22.66748046875, 44.22021484375], [22.705078125, 44.23779296875003], [22.775195312500017, 44.195214843749994], [22.945410156250006, 44.127294921875], [23.02851562500001, 44.077978515625], [23.0244140625, 44.047216796875], [22.9853515625, 44.016992187499994], [22.91132812500001, 43.987207031249994], [22.868261718750006, 43.947900390624994], [22.8564453125, 43.8990234375], [22.86767578125, 43.864550781249996], [22.919042968750006, 43.83447265625], [23.224609375, 43.873876953125], [23.534570312500023, 43.853564453124996], [23.95078125, 43.786669921874996], [24.22675781250001, 43.763476562499996], [24.430566406250023, 43.794384765625], [24.808203125, 43.738427734374994], [25.15966796875, 43.686328125], [25.4970703125, 43.670800781249994], [25.686132812500006, 43.711767578125], [25.81884765625, 43.766845703125], [25.933398437500017, 43.870556640625], [26.2158203125, 44.007275390625], [26.4892578125, 44.083984375], [26.847753906250006, 44.14619140625], [27.0869140625, 44.167382812499994], [27.120703125, 44.146142578124994], [27.425390625, 44.0205078125], [27.56103515625, 44.020068359374996], [27.6708984375, 43.997802734375], [27.710742187500017, 43.964599609375], [27.738574218750017, 43.956298828125], [27.88427734375, 43.987353515624996], [27.94892578125001, 43.918603515624994], [28.05, 43.822412109374994], [28.221972656250017, 43.772851562499994], [28.37519531250001, 43.744775390624994], [28.4234375, 43.740478515625], [28.585351562500023, 43.742236328124996]]]}}, {"type": "Feature", "properties": {"scalerank": 1, "featurecla": "Admin-0 country", "LABELRANK": 5.0, "SOVEREIGNT": "Bosnia and Herzegovina", "SOV_A3": "BIH", "ADM0_DIF": 0.0, "LEVEL": 2.0, "TYPE": "Sovereign country", "ADMIN": "Bosnia and Herzegovina", "ADM0_A3": "BIH", "GEOU_DIF": 0.0, "GEOUNIT": "Bosnia and Herzegovina", "GU_A3": "BIH", "SU_DIF": 0.0, "SUBUNIT": "Bosnia and Herzegovina", "SU_A3": "BIH", "BRK_DIFF": 0.0, "NAME": "Bosnia and Herz.", "NAME_LONG": "Bosnia and Herzegovina", "BRK_A3": "BIH", "BRK_NAME": "Bosnia and Herz.", "BRK_GROUP": null, "ABBREV": "B.H.", "POSTAL": "BiH", "FORMAL_EN": "Bosnia and Herzegovina", "FORMAL_FR": null, "NAME_CIAWF": "Bosnia and Herzegovina", "NOTE_ADM0": null, "NOTE_BRK": null, "NAME_SORT": "Bosnia and Herzegovina", "NAME_ALT": null, "MAPCOLOR7": 1.0, "MAPCOLOR8": 1.0, "MAPCOLOR9": 1.0, "MAPCOLOR13": 2.0, "POP_EST": 3856181.0, "POP_RANK": 12.0, "GDP_MD_EST": 42530.0, "POP_YEAR": 2017.0, "LASTCENSUS": 1991.0, "GDP_YEAR": 2016.0, "ECONOMY": "6. Developing region", "INCOME_GRP": "3. Upper middle income", "WIKIPEDIA": -99.0, "FIPS_10_": "BK", "ISO_A2": "BA", "ISO_A3": "BIH", "ISO_A3_EH": "BIH", "ISO_N3": "070", "UN_A3": "070", "WB_A2": "BA", "WB_A3": "BIH", "WOE_ID": 23424761.0, "WOE_ID_EH": 23424761.0, "WOE_NOTE": "Exact WOE match as country", "ADM0_A3_IS": "BIH", "ADM0_A3_US": "BIH", "ADM0_A3_UN": -99.0, "ADM0_A3_WB": -99.0, "CONTINENT": "Europe", "REGION_UN": "Europe", "SUBREGION": "Southern Europe", "REGION_WB": "Europe & Central Asia", "NAME_LEN": 16.0, "LONG_LEN": 22.0, "ABBREV_LEN": 4.0, "TINY": -99.0, "HOMEPART": 1.0, "MIN_ZOOM": 0.0, "MIN_LABEL": 4.5, "MAX_LABEL": 9.5}, "geometry": {"type": "Polygon", "coordinates": [[[19.007128906250074, 44.86918945312496], [19.042089843750006, 44.87133789062503], [19.13154296875001, 44.89960937500004], [19.236816406250057, 44.91425781249998], [19.312695312500068, 44.89746093750003], [19.34863281250003, 44.880908203125045], [19.356835937499994, 44.85854492187502], [19.334472656250057, 44.78066406250005], [19.291894531249994, 44.69677734375], [19.22314453125003, 44.60957031250001], [19.151367187500057, 44.52734375000003], [19.132421875000034, 44.48378906250005], [19.12734375000005, 44.41455078124997], [19.118457031250017, 44.359960937500034], [19.12832031250008, 44.33027343750004], [19.15185546875, 44.30253906249999], [19.231542968750063, 44.280566406250045], [19.33886718749997, 44.22583007812497], [19.43017578125003, 44.15449218750001], [19.547167968750045, 44.07348632812503], [19.583789062500045, 44.04345703125006], [19.58369140625004, 44.011083984375034], [19.54951171875001, 43.98710937500002], [19.44941406250004, 43.97802734375003], [19.34521484375003, 43.98510742187497], [19.305273437500063, 43.993359374999955], [19.26806640625003, 43.98344726562499], [19.24501953125005, 43.965039062499955], [19.25722656250005, 43.94331054687498], [19.364062500000045, 43.84477539062499], [19.488183593750023, 43.70356445312498], [19.49511718750003, 43.64287109374996], [19.479980468750057, 43.59516601562501], [19.451269531250063, 43.56206054687502], [19.39960937500001, 43.56757812499998], [19.3603515625, 43.59345703125004], [19.30078125000003, 43.59179687500006], [19.254492187500034, 43.584375], [19.1943359375, 43.53330078125], [19.164355468750017, 43.535449218749996], [19.11279296875, 43.52773437499999], [19.080078125, 43.517724609374994], [19.0283203125, 43.532519531249996], [18.97421875, 43.542333984375], [18.95068359375, 43.526660156249996], [18.940234375000017, 43.496728515624994], [18.97382812500001, 43.4423828125], [19.03671875, 43.357324218749994], [19.026660156250017, 43.292431640625], [18.97871093750001, 43.285400390625], [18.934667968750006, 43.339453125], [18.895605468750006, 43.34819335937499], [18.85107421875, 43.346337890624994], [18.74921875000001, 43.283544921875], [18.674218750000023, 43.230810546875034], [18.656835937500006, 43.1939453125], [18.629980468750006, 43.153662109375], [18.621875, 43.12460937499998], [18.623632812500006, 43.027685546875], [18.48847656250001, 43.012158203125], [18.46015625000001, 42.997900390625], [18.44384765625, 42.96845703125], [18.455078125, 42.844091796875], [18.46601562500001, 42.777246093749994], [18.543261718750017, 42.674169921875], [18.5458984375, 42.6416015625], [18.534960937500017, 42.6201171875], [18.480078125, 42.57919921875], [18.453906250000017, 42.564501953124996], [18.436328125000017, 42.559716796874994], [18.34658203125008, 42.586669921875], [18.304003906250017, 42.59941406250002], [18.123925781249994, 42.69057617187502], [18.04453125, 42.74125976562496], [17.91884765625005, 42.80742187500002], [17.84130859374997, 42.84506835937498], [17.80195312500004, 42.902246093749994], [17.740234375, 42.91547851562501], [17.667578125000034, 42.897119140624994], [17.58515625000001, 42.938378906249966], [17.64345703125008, 42.95976562499999], [17.657812499999977, 42.980078125000034], [17.650488281250006, 43.00659179687503], [17.624804687500017, 43.04277343750002], [17.40224609375005, 43.19892578125004], [17.293066406250034, 43.30561523437501], [17.27529296875005, 43.34384765624998], [17.273828125000023, 43.445751953124955], [17.248046875, 43.47021484374997], [17.084570312500006, 43.51655273437498], [16.90185546875, 43.64902343749998], [16.713476562500063, 43.77880859375003], [16.687695312500068, 43.81503906250006], [16.590527343750068, 43.91318359374998], [16.472070312499994, 44.002587890624966], [16.377539062500034, 44.05961914062496], [16.300097656250045, 44.12451171875003], [16.21425781250005, 44.21513671875002], [16.16982421875008, 44.35200195312501], [16.130273437499994, 44.473730468750034], [16.10341796875005, 44.52099609375], [16.049023437500068, 44.53759765625], [15.880078125000011, 44.68193359374999], [15.736621093750017, 44.765820312499955], [15.737988281250011, 44.85639648437501], [15.761523437500017, 45.00751953124998], [15.788085937500028, 45.178955078125], [15.822851562500006, 45.202783203124966], [15.88828125, 45.21572265625002], [15.963183593750074, 45.210791015625006], [16.02832031250003, 45.18959960937505], [16.157324218750006, 45.07221679687501], [16.231054687500034, 45.02661132812497], [16.293359375000023, 45.00883789062499], [16.365039062500045, 45.05834960937503], [16.45351562500005, 45.16201171875002], [16.53066406250005, 45.216699218749966], [16.790820312500017, 45.196875], [16.91865234375004, 45.27656249999998], [17.12539062500005, 45.171777343749966], [17.21064453125001, 45.15605468749996], [17.258691406250023, 45.170556640624994], [17.32412109375005, 45.163964843749966], [17.469140625000023, 45.13330078125003], [17.502636718749983, 45.12036132812497], [17.546289062499994, 45.12255859374997], [17.65351562500001, 45.163476562499966], [17.69013671875001, 45.15839843749998], [17.812792968750045, 45.078125], [17.87441406250005, 45.07724609374998], [17.94863281250008, 45.11186523437502], [17.99628906250001, 45.14179687499998], [18.137207031250057, 45.11938476562503], [18.217968750000068, 45.132910156250034], [18.284960937500045, 45.13427734375006], [18.35761718750001, 45.12055664062501], [18.423925781250006, 45.102001953124955], [18.48828124999997, 45.08583984375005], [18.662597656250057, 45.07744140625002], [18.74609375, 45.02651367187502], [18.779394531250034, 44.97724609375004], [18.780175781250023, 44.947216796874955], [18.788378906250017, 44.914892578125034], [18.83642578125003, 44.88325195312498], [18.94130859375008, 44.86518554687504], [19.007128906250074, 44.86918945312496]]]}}, {"type": "Feature", "properties": {"scalerank": 1, "featurecla": "Admin-0 country", "LABELRANK": 4.0, "SOVEREIGNT": "Belarus", "SOV_A3": "BLR", "ADM0_DIF": 0.0, "LEVEL": 2.0, "TYPE": "Sovereign country", "ADMIN": "Belarus", "ADM0_A3": "BLR", "GEOU_DIF": 0.0, "GEOUNIT": "Belarus", "GU_A3": "BLR", "SU_DIF": 0.0, "SUBUNIT": "Belarus", "SU_A3": "BLR", "BRK_DIFF": 0.0, "NAME": "Belarus", "NAME_LONG": "Belarus", "BRK_A3": "BLR", "BRK_NAME": "Belarus", "BRK_GROUP": null, "ABBREV": "Bela.", "POSTAL": "BY", "FORMAL_EN": "Republic of Belarus", "FORMAL_FR": null, "NAME_CIAWF": "Belarus", "NOTE_ADM0": null, "NOTE_BRK": null, "NAME_SORT": "Belarus", "NAME_ALT": null, "MAPCOLOR7": 1.0, "MAPCOLOR8": 1.0, "MAPCOLOR9": 5.0, "MAPCOLOR13": 11.0, "POP_EST": 9549747.0, "POP_RANK": 13.0, "GDP_MD_EST": 165400.0, "POP_YEAR": 2017.0, "LASTCENSUS": 2009.0, "GDP_YEAR": 2016.0, "ECONOMY": "6. Developing region", "INCOME_GRP": "3. Upper middle income", "WIKIPEDIA": -99.0, "FIPS_10_": "BO", "ISO_A2": "BY", "ISO_A3": "BLR", "ISO_A3_EH": "BLR", "ISO_N3": "112", "UN_A3": "112", "WB_A2": "BY", "WB_A3": "BLR", "WOE_ID": 23424765.0, "WOE_ID_EH": 23424765.0, "WOE_NOTE": "Exact WOE match as country", "ADM0_A3_IS": "BLR", "ADM0_A3_US": "BLR", "ADM0_A3_UN": -99.0, "ADM0_A3_WB": -99.0, "CONTINENT": "Europe", "REGION_UN": "Europe", "SUBREGION": "Eastern Europe", "REGION_WB": "Europe & Central Asia", "NAME_LEN": 7.0, "LONG_LEN": 7.0, "ABBREV_LEN": 5.0, "TINY": -99.0, "HOMEPART": 1.0, "MIN_ZOOM": 0.0, "MIN_LABEL": 3.0, "MAX_LABEL": 8.0}, "geometry": {"type": "Polygon", "coordinates": [[[28.14794921874997, 56.14291992187498], [28.284277343750006, 56.055908203125], [28.316308593750023, 56.052539062499996], [28.39208984374997, 56.08671874999999], [28.40703124999999, 56.08901367187502], [28.56396484375, 56.0919921875], [28.63691406250001, 56.061767578125], [28.690820312500023, 56.00263671875], [28.740820312500006, 55.955371093749996], [28.794726562500017, 55.94257812500001], [28.94746093750001, 56.002099609375], [29.03173828125, 56.02177734374999], [29.08740234375, 56.021142578125], [29.283007812500017, 55.967871093750034], [29.375, 55.938720703125], [29.39609375, 55.91220703125], [29.39794921874997, 55.88105468750001], [29.373144531250006, 55.834716796875], [29.353417968749994, 55.784375], [29.412988281250023, 55.724853515625], [29.482226562500017, 55.6845703125], [29.63007812500001, 55.751171875], [29.6845703125, 55.7697265625], [29.744140625, 55.77041015625], [29.82392578125001, 55.7951171875], [29.881640625000017, 55.832324218749996], [29.93701171874997, 55.84526367187502], [30.04267578125001, 55.83642578125], [30.23359375000001, 55.84521484375], [30.45625, 55.78681640625], [30.475390625000017, 55.768798828125], [30.586718750000017, 55.70029296875], [30.625585937500006, 55.666259765625], [30.66230468750001, 55.65546875], [30.7216796875, 55.622119140624996], [30.80078124999997, 55.60112304687502], [30.85595703125, 55.60751953125], [30.882226562500023, 55.59638671875], [30.906835937500006, 55.57001953125], [30.908789062500006, 55.525341796875], [30.90058593750001, 55.397412109375], [30.86181640624997, 55.36040039062499], [30.82099609375001, 55.3302734375], [30.810546875, 55.306982421875], [30.814453125, 55.2787109375], [30.87744140624997, 55.22343749999999], [30.958886718750023, 55.13759765625], [30.97773437500001, 55.08779296875], [30.97773437500001, 55.05048828125], [30.866796875, 54.940722656249996], [30.829882812500017, 54.914990234375], [30.804492187500017, 54.8609375], [30.791015625, 54.806005859375], [30.798828125, 54.783251953124996], [30.984179687500017, 54.69589843750006], [31.12128906250001, 54.648486328124996], [31.152148437500017, 54.625341796875], [31.154882812500006, 54.6109375], [31.081933593750023, 54.51708984375], [31.074804687500006, 54.491796875], [31.18476562500001, 54.452978515625], [31.245507812499994, 54.39165039062499], [31.299121093750017, 54.29169921875], [31.403613281250017, 54.195947265625], [31.62841796875, 54.111181640625], [31.7919921875, 54.055908203125], [31.825976562500017, 54.030712890625], [31.837792968750023, 54.00078125], [31.825292968750006, 53.935009765625], [31.783007812500017, 53.85498046875], [31.754199218750017, 53.81044921875], [31.82080078125, 53.791943359375], [31.99218749999997, 53.796875], [32.20039062500001, 53.78125], [32.4501953125, 53.692919921874996], [32.45097656250002, 53.6533203125], [32.425195312499994, 53.61728515625006], [32.4423828125, 53.579248046875], [32.46962890625002, 53.54697265625], [32.68574218750001, 53.44814453125], [32.706445312499994, 53.41943359374997], [32.71025390625002, 53.371435546875], [32.70429687500001, 53.336328125], [32.64443359375002, 53.32890625], [32.57802734375002, 53.31240234375], [32.469335937500006, 53.2703125], [32.42626953125, 53.210595703125], [32.25068359375001, 53.128369140625], [32.141992187499994, 53.09116210937498], [32.05546875000002, 53.089453125], [31.849707031250006, 53.106201171875], [31.777441406250006, 53.146875], [31.747460937499994, 53.184179687500006], [31.668261718750017, 53.200927734375], [31.56298828125, 53.202490234375], [31.417871093749994, 53.19604492187503], [31.38837890625001, 53.184814453125], [31.364550781250017, 53.138964843749996], [31.30292968750001, 53.060888671875], [31.2587890625, 53.01669921875], [31.29511718750001, 52.989794921874996], [31.35302734374997, 52.933447265625006], [31.442773437500023, 52.86181640625], [31.53515625, 52.7982421875], [31.564843750000023, 52.759228515625], [31.5634765625, 52.7314453125], [31.519433593749994, 52.69873046874997], [31.526171875000017, 52.6330078125], [31.61591796875001, 52.546191406249996], [31.585546875, 52.532470703125], [31.5765625, 52.426025390625], [31.57734375000001, 52.312304687499996], [31.60156249999997, 52.28481445312502], [31.64990234375, 52.26220703125], [31.690625, 52.220654296875], [31.758593750000017, 52.125830078125], [31.76337890625001, 52.10107421875], [31.57373046875, 52.10810546875], [31.345996093750017, 52.10537109375], [31.21796875000001, 52.050244140625], [31.16845703125, 52.062939453125], [31.07929687500001, 52.076953125], [30.98066406250001, 52.046191406249996], [30.845703125, 51.953076171875], [30.755273437500023, 51.895166015625], [30.667285156250017, 51.814111328125], [30.639453125000017, 51.770068359374996], [30.583886718750023, 51.68896484375], [30.533007812500017, 51.596337890624994], [30.56074218750001, 51.531494140625], [30.602343750000017, 51.471240234374996], [30.611718750000023, 51.40634765625], [30.63251953125001, 51.355419921875], [30.576953125000017, 51.318359375], [30.54453125, 51.265039062499994], [30.449511718750017, 51.274316406249994], [30.333398437500023, 51.325537109375], [30.308984375000023, 51.399609375], [30.219531250000017, 51.451220703124996], [30.160742187500006, 51.477880859375], [30.063769531250017, 51.48203125], [29.908789062500006, 51.4580078125], [29.7060546875, 51.43955078125], [29.553125, 51.4345703125], [29.469628906250023, 51.408349609374994], [29.346484375000017, 51.382568359375], [29.298828125, 51.413037109375], [29.23046875, 51.497021484375], [29.174218750000023, 51.580615234374996], [29.135644531250023, 51.61728515625], [29.10205078125, 51.6275390625], [29.06074218750001, 51.625439453125], [29.013085937500023, 51.598925781249996], [28.97773437500001, 51.57177734375], [28.927539062500017, 51.562158203124994], [28.849511718750023, 51.540185546874994], [28.793261718750017, 51.5103515625], [28.73125, 51.433398437499996], [28.690234375000017, 51.438867187499994], [28.647753906250017, 51.45654296875], [28.599023437500023, 51.542626953124994], [28.532031250000017, 51.562451171875], [28.424609375000017, 51.563623046874994], [28.291601562500006, 51.581835937499996], [28.18378906250001, 51.607861328125], [28.144433593750023, 51.60166015625], [28.08027343750001, 51.5650390625], [28.0107421875, 51.559765625], [27.85859375000001, 51.5923828125], [27.82880859375001, 51.577441406249996], [27.788867187500017, 51.529150390625], [27.741308593750006, 51.482568359374994], [27.7, 51.477978515625], [27.6767578125, 51.48994140625], [27.689746093750017, 51.572412109374994], [27.601367187500017, 51.601611328124996], [27.45234375000001, 51.606103515625], [27.34765625, 51.59414062499999], [27.296289062500023, 51.597412109375], [27.270117187500006, 51.613574218749996], [27.141992187500023, 51.75205078125], [27.074121093750023, 51.76083984375], [26.95283203125001, 51.75400390625], [26.7734375, 51.770703125], [26.56689453125, 51.801904296875], [26.453417968750017, 51.813427734375], [26.394335937500017, 51.84443359375], [26.26708984375, 51.855029296874996], [25.92529296875, 51.913525390625], [25.785742187500006, 51.923828125], [25.58027343750001, 51.924755859375], [25.2671875, 51.937744140625], [25.066699218750017, 51.930517578125], [24.97382812500001, 51.9111328125], [24.86640625000001, 51.89912109375], [24.68515625, 51.88828125], [24.611328125, 51.889501953125], [24.495214843750006, 51.883056640625], [24.361914062500006, 51.867529296875], [24.32373046875, 51.838427734374996], [24.280078125000017, 51.774707031249996], [24.126855468750023, 51.6646484375], [23.978320312500017, 51.59130859375], [23.951171875, 51.58505859375], [23.8642578125, 51.623974609375], [23.79169921875001, 51.637109375], [23.706835937500017, 51.64130859375], [23.64667968750001, 51.628857421875], [23.60859375000001, 51.610498046875], [23.61376953125, 51.525390625], [23.605273437500017, 51.517919921875], [23.539648437500006, 51.618896484375], [23.544824218750023, 51.710253906249996], [23.581347656250017, 51.76240234375], [23.62568359375001, 51.809326171875], [23.607421875, 51.87978515625], [23.65107421875001, 51.972998046875], [23.652441406250006, 52.040380859375], [23.63330078125, 52.069580078125], [23.597949218750017, 52.103076171874996], [23.50117187500001, 52.140380859375], [23.458398437500023, 52.16953125], [23.3271484375, 52.208447265625], [23.19697265625001, 52.25693359375], [23.175097656250017, 52.28662109375], [23.18125, 52.306982421875], [23.2041015625, 52.337890625], [23.303320312500006, 52.428369140625], [23.410937500000017, 52.5162109375], [23.479589843750006, 52.5515625], [23.8447265625, 52.664208984375], [23.901269531250023, 52.70361328125], [23.915429687500023, 52.770263671875], [23.916308593750017, 52.81875], [23.909375, 52.9048828125], [23.887109375000023, 53.0275390625], [23.859179687500017, 53.112109375], [23.78925781250001, 53.270947265625], [23.598925781250017, 53.59921875], [23.484667968750017, 53.939794921875034], [23.55908203125, 53.91982421875], [23.733691406250017, 53.912255859375], [23.87255859375, 53.935693359375], [23.944433593749977, 53.93896484375003], [24.00849609375001, 53.931640625], [24.103906250000023, 53.94501953125], [24.191308593750023, 53.950439453125], [24.236621093750017, 53.91997070312499], [24.31796875, 53.89296875], [24.478515625, 53.93183593750001], [24.620703125, 53.979833984375006], [24.768164062500006, 53.974658203124996], [24.78925781250001, 53.9982421875], [24.82568359375, 54.118994140625], [24.869531250000023, 54.145166015625], [25.04609375000001, 54.133056640625], [25.111425781250006, 54.154931640625], [25.179492187500017, 54.2142578125], [25.28369140624997, 54.25126953124999], [25.37060546875, 54.251220703125], [25.46113281250001, 54.292773437499996], [25.50566406249999, 54.26494140625002], [25.52734375, 54.215136718749996], [25.49736328124999, 54.17524414062504], [25.510351562500006, 54.159619140625], [25.573046875000017, 54.139892578125], [25.680566406250023, 54.140478515625], [25.74921875000001, 54.156982421875], [25.765234375, 54.17978515625], [25.765039062500023, 54.22119140625], [25.748144531250006, 54.259667968749994], [25.702539062500023, 54.29296875], [25.61689453125001, 54.31010742187499], [25.557519531250023, 54.310693359375], [25.54736328125, 54.331835937499996], [25.56757812500001, 54.37705078125], [25.620312499999983, 54.460400390624955], [25.68515625, 54.535791015625], [25.72480468750001, 54.564257812499996], [25.73164062500001, 54.590380859374996], [25.723925781250017, 54.636035156249996], [25.722460937500017, 54.717871093750006], [25.780859375, 54.833251953125], [25.859277343749994, 54.919287109375006], [25.964453125, 54.94716796875], [26.09296875000001, 54.9623046875], [26.175195312500023, 55.003271484375], [26.2158203125, 55.05039062499998], [26.23125, 55.09013671874999], [26.250781250000017, 55.12451171875], [26.291796875000017, 55.13959960937504], [26.601171874999977, 55.13017578124999], [26.6484375, 55.20419921875], [26.675, 55.22490234375002], [26.734375, 55.24677734375], [26.775683593750017, 55.273095703125], [26.760156250000023, 55.293359375], [26.68125, 55.306445312499996], [26.49531250000001, 55.318017578125], [26.457617187500006, 55.34248046875], [26.469531250000017, 55.371923828125], [26.519238281249983, 55.44814453125002], [26.56660156250001, 55.546484375], [26.5908203125, 55.62265625], [26.593554687500017, 55.667529296874996], [26.620214843750006, 55.679638671875], [26.771875, 55.693994140625], [26.82246093750001, 55.709228515625], [26.953027343750023, 55.812939453125], [27.052539062500017, 55.83056640625], [27.309179687500006, 55.80390625], [27.427148437500023, 55.805957031249996], [27.45917968750001, 55.803515625], [27.576757812500006, 55.798779296875], [27.589453125, 55.8091796875], [27.64228515625001, 55.91171875], [27.694238281250023, 55.941552734375], [27.896289062500017, 56.076171875], [28.032031250000017, 56.13330078125], [28.11787109375001, 56.145800781249996], [28.14794921874997, 56.14291992187498]]]}}, {"type": "Feature", "properties": {"scalerank": 1, "featurecla": "Admin-0 country", "LABELRANK": 4.0, "SOVEREIGNT": "Switzerland", "SOV_A3": "CHE", "ADM0_DIF": 0.0, "LEVEL": 2.0, "TYPE": "Sovereign country", "ADMIN": "Switzerland", "ADM0_A3": "CHE", "GEOU_DIF": 0.0, "GEOUNIT": "Switzerland", "GU_A3": "CHE", "SU_DIF": 0.0, "SUBUNIT": "Switzerland", "SU_A3": "CHE", "BRK_DIFF": 0.0, "NAME": "Switzerland", "NAME_LONG": "Switzerland", "BRK_A3": "CHE", "BRK_NAME": "Switzerland", "BRK_GROUP": null, "ABBREV": "Switz.", "POSTAL": "CH", "FORMAL_EN": "Swiss Confederation", "FORMAL_FR": null, "NAME_CIAWF": "Switzerland", "NOTE_ADM0": null, "NOTE_BRK": null, "NAME_SORT": "Switzerland", "NAME_ALT": null, "MAPCOLOR7": 5.0, "MAPCOLOR8": 2.0, "MAPCOLOR9": 7.0, "MAPCOLOR13": 3.0, "POP_EST": 8236303.0, "POP_RANK": 13.0, "GDP_MD_EST": 496300.0, "POP_YEAR": 2017.0, "LASTCENSUS": 2010.0, "GDP_YEAR": 2016.0, "ECONOMY": "2. Developed region: nonG7", "INCOME_GRP": "1. High income: OECD", "WIKIPEDIA": -99.0, "FIPS_10_": "SZ", "ISO_A2": "CH", "ISO_A3": "CHE", "ISO_A3_EH": "CHE", "ISO_N3": "756", "UN_A3": "756", "WB_A2": "CH", "WB_A3": "CHE", "WOE_ID": 23424957.0, "WOE_ID_EH": 23424957.0, "WOE_NOTE": "Exact WOE match as country", "ADM0_A3_IS": "CHE", "ADM0_A3_US": "CHE", "ADM0_A3_UN": -99.0, "ADM0_A3_WB": -99.0, "CONTINENT": "Europe", "REGION_UN": "Europe", "SUBREGION": "Western Europe", "REGION_WB": "Europe & Central Asia", "NAME_LEN": 11.0, "LONG_LEN": 11.0, "ABBREV_LEN": 6.0, "TINY": -99.0, "HOMEPART": 1.0, "MIN_ZOOM": 0.0, "MIN_LABEL": 4.0, "MAX_LABEL": 9.0}, "geometry": {"type": "Polygon", "coordinates": [[[9.580273437500011, 47.057373046875], [9.619921875000017, 47.057470703125], [9.745019531250023, 47.037109375], [9.8453125, 47.007373046874996], [9.864648437500023, 46.975976562499994], [9.877734375000017, 46.9376953125], [9.996875, 46.8853515625], [10.133496093750011, 46.851513671875], [10.179785156250006, 46.862353515624996], [10.349414062500017, 46.98476562499999], [10.414941406250023, 46.964404296874996], [10.45458984375, 46.8994140625], [10.452832031250011, 46.86494140625], [10.406054687500017, 46.73486328125], [10.39794921875, 46.6650390625], [10.438281249999989, 46.61884765624998], [10.442480468750006, 46.582861328125], [10.4306640625, 46.550048828125], [10.363085937500017, 46.5470703125], [10.272265625000017, 46.56484375], [10.195507812500011, 46.62109375], [10.1375, 46.61435546875], [10.087011718750006, 46.599902343749996], [10.061230468750011, 46.546777343749994], [10.038281250000011, 46.483203125], [10.045605468750011, 46.447900390624994], [10.081933593750023, 46.420751953125], [10.109667968750017, 46.36284179687496], [10.1298828125, 46.287988281249994], [10.145214843750011, 46.253515625], [10.128320312499994, 46.23823242187498], [10.08056640625, 46.227978515625], [10.041015624999972, 46.238085937500045], [9.9716796875, 46.327685546874996], [9.939257812500017, 46.36181640625], [9.884472656250011, 46.3677734375], [9.787792968749983, 46.346044921875006], [9.639453125000017, 46.2958984375], [9.57958984375, 46.29609375], [9.528710937500023, 46.306201171874996], [9.481054687500006, 46.348779296874994], [9.440625, 46.430810546874994], [9.427636718750023, 46.482324218749994], [9.399316406250023, 46.4806640625], [9.304394531250011, 46.495556640625], [9.260156250000023, 46.4751953125], [9.259765624999972, 46.391259765624994], [9.251074218749977, 46.28676757812502], [9.203417968750017, 46.21923828125], [9.070996093750011, 46.102441406249994], [9.022363281250023, 46.05146484375004], [9.003027343749977, 46.01489257812506], [8.998925781250023, 45.98310546875], [9.019140624999977, 45.928125], [9.046679687499989, 45.875585937500006], [9.023730468750017, 45.845703125], [8.953710937500006, 45.830029296875], [8.904296875, 45.861962890624994], [8.885156250000023, 45.918701171875], [8.778027343750011, 45.99619140625], [8.826757812500006, 46.06103515625], [8.818554687500011, 46.0771484375], [8.641699218750006, 46.110791015624955], [8.5654296875, 46.159814453124994], [8.458398437500023, 46.245898437499996], [8.4384765625, 46.282861328124994], [8.44296875, 46.402783203125], [8.436816406250017, 46.431884765625], [8.422558593750011, 46.446044921875], [8.370703125, 46.445117187499996], [8.298535156249983, 46.40341796874998], [8.23193359375, 46.341210937499994], [8.095703125, 46.271044921874996], [8.08154296875, 46.256005859374994], [8.127246093750017, 46.18759765625], [8.125195312500011, 46.1609375], [8.014257812499977, 46.05190429687502], [7.9931640625, 46.015917968749996], [7.852343750000017, 45.9474609375], [7.787890625000017, 45.921826171875], [7.592578125000017, 45.972216796874996], [7.538574218749972, 45.97817382812502], [7.451562500000023, 45.94443359374998], [7.327929687500017, 45.912353515625], [7.129003906250006, 45.880419921874996], [7.055761718750006, 45.90380859375], [7.02109375, 45.92578125], [7.00390625, 45.958837890625], [6.953710937500006, 46.017138671874996], [6.897265625000017, 46.0517578125], [6.858007812500006, 46.089404296874996], [6.8056640625, 46.130664062499996], [6.772070312500006, 46.16513671875], [6.816796875000023, 46.275195312499996], [6.7841796875, 46.31396484375], [6.767382812500017, 46.369189453124996], [6.776074218750011, 46.40664062499999], [6.758105468750017, 46.415771484375], [6.578222656250006, 46.437353515625034], [6.428906250000011, 46.430517578125], [6.321875, 46.393701171874994], [6.234667968750017, 46.3326171875], [6.22421875, 46.31943359375], [6.229589843750006, 46.308447265625], [6.27294921875, 46.252246093749996], [6.199414062500011, 46.19306640625], [6.086621093750011, 46.147021484374996], [6.006640625000017, 46.142333984375], [5.971484375000017, 46.151220703125], [5.970019531250017, 46.214697265625], [6.0361328125, 46.238085937499996], [6.095898437500011, 46.27939453125], [6.115917968750011, 46.337646484375], [6.123242187500011, 46.37861328125], [6.060253906250011, 46.428173828125], [6.06796875, 46.458544921874996], [6.10703125, 46.51606445312501], [6.129687500000017, 46.5669921875], [6.160742187500006, 46.61103515625], [6.28515625, 46.683056640625], [6.41015625, 46.755419921874996], [6.429003906250017, 46.832275390625], [6.438574218750006, 46.92587890625], [6.45625, 46.94833984375], [6.624804687500017, 47.004345703125], [6.666894531250023, 47.026513671874994], [6.688085937500006, 47.058251953124966], [6.820703125000023, 47.16318359375], [6.952050781250023, 47.2671875], [6.978515625, 47.302050781249996], [7.000585937500006, 47.322509765625], [7.000585937500006, 47.339453125], [6.984082031249983, 47.35253906249997], [6.921484375, 47.361230468749994], [6.900390625, 47.39423828125004], [6.968359374999977, 47.45322265624998], [7.053417968749983, 47.48935546875006], [7.136035156250017, 47.48984375], [7.169238281250017, 47.4732421875], [7.16748046875, 47.4537109375], [7.203125, 47.43271484375], [7.265722656250006, 47.42578125], [7.343164062500023, 47.43310546875], [7.420019531249977, 47.455175781250006], [7.467382812500006, 47.507666015625], [7.494921875000017, 47.54736328125], [7.615625, 47.592724609375], [7.698046875000017, 47.569873046874996], [7.927050781250017, 47.563867187499994], [8.09375, 47.576171875], [8.1982421875, 47.60693359375003], [8.327832031250011, 47.60693359375003], [8.414746093750011, 47.589599609375], [8.430078125000023, 47.592138671875], [8.454003906250023, 47.59619140625], [8.477636718750006, 47.612695312499994], [8.559472656250023, 47.6240234375], [8.570507812500011, 47.63779296875], [8.567089843749983, 47.651904296875045], [8.55234375, 47.659130859375], [8.451757812500006, 47.651806640625], [8.413281250000011, 47.662695312500006], [8.403417968750006, 47.687792968749996], [8.435742187500011, 47.731347656249994], [8.509863281250006, 47.766894531249996], [8.572656250000023, 47.775634765625], [8.617871093750011, 47.76611328125], [8.728320312500017, 47.700048828125], [8.754785156250023, 47.698046875], [8.770117187500006, 47.709912109375], [8.793066406250006, 47.716552734375], [8.831152343750006, 47.70361328125], [8.8740234375, 47.6626953125], [8.881152343750017, 47.656396484374994], [9.127539062500006, 47.670703125], [9.182812500000011, 47.670703125], [9.35, 47.598925781249996], [9.524023437500006, 47.52421875], [9.554394531250011, 47.511132812499994], [9.625878906250023, 47.467041015625], [9.609082031250011, 47.391796875], [9.527539062500011, 47.270751953125], [9.484277343750023, 47.17265625], [9.4794921875, 47.097509765625], [9.487695312500023, 47.062255859375], [9.502343750000023, 47.062744140625], [9.580273437500011, 47.057373046875]]]}}, {"type": "Feature", "properties": {"scalerank": 3, "featurecla": "Admin-0 country", "LABELRANK": 5.0, "SOVEREIGNT": "Netherlands", "SOV_A3": "NL1", "ADM0_DIF": 1.0, "LEVEL": 2.0, "TYPE": "Country", "ADMIN": "Cura\u00e7ao", "ADM0_A3": "CUW", "GEOU_DIF": 0.0, "GEOUNIT": "Cura\u00e7ao", "GU_A3": "CUW", "SU_DIF": 0.0, "SUBUNIT": "Cura\u00e7ao", "SU_A3": "CUW", "BRK_DIFF": 0.0, "NAME": "Cura\u00e7ao", "NAME_LONG": "Cura\u00e7ao", "BRK_A3": "CUW", "BRK_NAME": "Cura\u00e7ao", "BRK_GROUP": null, "ABBREV": "Cur.", "POSTAL": "CW", "FORMAL_EN": "Cura\u00e7ao", "FORMAL_FR": null, "NAME_CIAWF": "Curacao", "NOTE_ADM0": "Neth.", "NOTE_BRK": null, "NAME_SORT": "Cura\u00e7ao", "NAME_ALT": null, "MAPCOLOR7": 4.0, "MAPCOLOR8": 2.0, "MAPCOLOR9": 2.0, "MAPCOLOR13": 9.0, "POP_EST": 149648.0, "POP_RANK": 9.0, "GDP_MD_EST": 3128.0, "POP_YEAR": 2017.0, "LASTCENSUS": -99.0, "GDP_YEAR": 2012.0, "ECONOMY": "6. Developing region", "INCOME_GRP": "2. High income: nonOECD", "WIKIPEDIA": -99.0, "FIPS_10_": "NT", "ISO_A2": "CW", "ISO_A3": "CUW", "ISO_A3_EH": "CUW", "ISO_N3": "531", "UN_A3": "531", "WB_A2": "CW", "WB_A3": "CUW", "WOE_ID": -90.0, "WOE_ID_EH": 24549810.0, "WOE_NOTE": "Expired subunits of Netherlands Antilles (23424914).", "ADM0_A3_IS": "CUW", "ADM0_A3_US": "CUW", "ADM0_A3_UN": -99.0, "ADM0_A3_WB": -99.0, "CONTINENT": "North America", "REGION_UN": "Americas", "SUBREGION": "Caribbean", "REGION_WB": "Latin America & Caribbean", "NAME_LEN": 7.0, "LONG_LEN": 7.0, "ABBREV_LEN": 4.0, "TINY": 4.0, "HOMEPART": -99.0, "MIN_ZOOM": 0.0, "MIN_LABEL": 5.0, "MAX_LABEL": 10.0}, "geometry": {"type": "Polygon", "coordinates": [[[-68.75107421874999, 12.059765625], [-68.80332031249999, 12.045458984374989], [-68.9951171875, 12.141845703125], [-69.15380859375, 12.2984375], [-69.15888671875, 12.380273437499994], [-69.11845703124999, 12.373242187499997], [-69.07675781249999, 12.342041015625], [-69.013134765625, 12.231347656249994], [-68.827392578125, 12.158544921874991], [-68.75107421874999, 12.059765625]]]}}, {"type": "Feature", "properties": {"scalerank": 1, "featurecla": "Admin-0 country", "LABELRANK": 6.0, "SOVEREIGNT": "Cyprus", "SOV_A3": "CYN", "ADM0_DIF": 0.0, "LEVEL": 2.0, "TYPE": "Sovereign country", "ADMIN": "Northern Cyprus", "ADM0_A3": "CYN", "GEOU_DIF": 0.0, "GEOUNIT": "Northern Cyprus", "GU_A3": "CYN", "SU_DIF": 0.0, "SUBUNIT": "Northern Cyprus", "SU_A3": "CYN", "BRK_DIFF": 1.0, "NAME": "N. Cyprus", "NAME_LONG": "Northern Cyprus", "BRK_A3": "B20", "BRK_NAME": "N. Cyprus", "BRK_GROUP": null, "ABBREV": "N. Cy.", "POSTAL": "CN", "FORMAL_EN": "Turkish Republic of Northern Cyprus", "FORMAL_FR": null, "NAME_CIAWF": null, "NOTE_ADM0": "Self admin.", "NOTE_BRK": "Self admin.; Claimed by Cyprus", "NAME_SORT": "Cyprus, Northern", "NAME_ALT": null, "MAPCOLOR7": 3.0, "MAPCOLOR8": 1.0, "MAPCOLOR9": 4.0, "MAPCOLOR13": 8.0, "POP_EST": 265100.0, "POP_RANK": 10.0, "GDP_MD_EST": 3600.0, "POP_YEAR": 2013.0, "LASTCENSUS": -99.0, "GDP_YEAR": 2013.0, "ECONOMY": "6. Developing region", "INCOME_GRP": "3. Upper middle income", "WIKIPEDIA": -99.0, "FIPS_10_": "-99", "ISO_A2": "-99", "ISO_A3": "-99", "ISO_A3_EH": "-99", "ISO_N3": "-99", "UN_A3": "-099", "WB_A2": "-99", "WB_A3": "-99", "WOE_ID": -90.0, "WOE_ID_EH": 23424995.0, "WOE_NOTE": "WOE lists as subunit of united Cyprus", "ADM0_A3_IS": "CYP", "ADM0_A3_US": "CYP", "ADM0_A3_UN": -99.0, "ADM0_A3_WB": -99.0, "CONTINENT": "Asia", "REGION_UN": "Asia", "SUBREGION": "Western Asia", "REGION_WB": "Europe & Central Asia", "NAME_LEN": 9.0, "LONG_LEN": 15.0, "ABBREV_LEN": 6.0, "TINY": -99.0, "HOMEPART": 1.0, "MIN_ZOOM": 0.0, "MIN_LABEL": 6.0, "MAX_LABEL": 10.0}, "geometry": {"type": "Polygon", "coordinates": [[[34.004492187500006, 35.065234375], [33.96572265625002, 35.056787109374994], [33.9033203125, 35.08544921875], [33.86640625000001, 35.093603515625], [33.83203125, 35.0671875], [33.79228515625002, 35.048193359375], [33.756933593750006, 35.03974609375], [33.72578125000001, 35.0373046875], [33.675390625, 35.017871093749996], [33.61445312500001, 35.022753906249996], [33.52568359375002, 35.038671875], [33.47578125000001, 35.000341796875], [33.4638671875, 35.004931640624996], [33.45595703125002, 35.101416015625], [33.42421875000002, 35.140917968749996], [33.3837890625, 35.1626953125], [33.32558593750002, 35.153613281249996], [33.24833984375002, 35.15693359375], [33.191015625, 35.173144531249996], [33.07753906250002, 35.14619140625], [32.9859375, 35.11640625], [32.91953125, 35.087841796875], [32.86943359375002, 35.089404296874996], [32.78408203125002, 35.115771484374996], [32.72021484375, 35.145361328125], [32.71269531250002, 35.171044921874994], [32.77236328125002, 35.159570312499994], [32.8798828125, 35.180566406249994], [32.926367187500006, 35.278076171875], [32.94160156250001, 35.390429687499996], [33.12343750000002, 35.358203125], [33.30781250000001, 35.34150390625], [33.45878906250002, 35.335888671875], [33.60761718750001, 35.354150390624994], [34.0634765625, 35.473974609375], [34.192480468750006, 35.545703125], [34.27236328125002, 35.569970703124994], [34.4111328125, 35.62929687499999], [34.55605468750002, 35.662060546875], [34.46318359375002, 35.593505859375], [33.941992187500006, 35.292041015624996], [33.90791015625001, 35.202392578125], [33.93125, 35.140380859375], [34.004492187500006, 35.065234375]]]}}, {"type": "Feature", "properties": {"scalerank": 1, "featurecla": "Admin-0 country", "LABELRANK": 5.0, "SOVEREIGNT": "Cyprus", "SOV_A3": "CYP", "ADM0_DIF": 0.0, "LEVEL": 2.0, "TYPE": "Sovereign country", "ADMIN": "Cyprus", "ADM0_A3": "CYP", "GEOU_DIF": 0.0, "GEOUNIT": "Cyprus", "GU_A3": "CYP", "SU_DIF": 0.0, "SUBUNIT": "Cyprus", "SU_A3": "CYP", "BRK_DIFF": 0.0, "NAME": "Cyprus", "NAME_LONG": "Cyprus", "BRK_A3": "CYP", "BRK_NAME": "Cyprus", "BRK_GROUP": null, "ABBREV": "Cyp.", "POSTAL": "CY", "FORMAL_EN": "Republic of Cyprus", "FORMAL_FR": null, "NAME_CIAWF": "Cyprus", "NOTE_ADM0": null, "NOTE_BRK": null, "NAME_SORT": "Cyprus", "NAME_ALT": null, "MAPCOLOR7": 1.0, "MAPCOLOR8": 2.0, "MAPCOLOR9": 3.0, "MAPCOLOR13": 7.0, "POP_EST": 1221549.0, "POP_RANK": 12.0, "GDP_MD_EST": 29260.0, "POP_YEAR": 2017.0, "LASTCENSUS": 2001.0, "GDP_YEAR": 2016.0, "ECONOMY": "6. Developing region", "INCOME_GRP": "2. High income: nonOECD", "WIKIPEDIA": -99.0, "FIPS_10_": "CY", "ISO_A2": "CY", "ISO_A3": "CYP", "ISO_A3_EH": "CYP", "ISO_N3": "196", "UN_A3": "196", "WB_A2": "CY", "WB_A3": "CYP", "WOE_ID": -90.0, "WOE_ID_EH": 23424994.0, "WOE_NOTE": "WOE lists as subunit of united Cyprus", "ADM0_A3_IS": "CYP", "ADM0_A3_US": "CYP", "ADM0_A3_UN": -99.0, "ADM0_A3_WB": -99.0, "CONTINENT": "Asia", "REGION_UN": "Asia", "SUBREGION": "Western Asia", "REGION_WB": "Europe & Central Asia", "NAME_LEN": 6.0, "LONG_LEN": 6.0, "ABBREV_LEN": 4.0, "TINY": -99.0, "HOMEPART": 1.0, "MIN_ZOOM": 0.0, "MIN_LABEL": 4.5, "MAX_LABEL": 9.5}, "geometry": {"type": "Polygon", "coordinates": [[[32.71269531250002, 35.171044921874994], [32.72021484375, 35.145361328125], [32.78408203125002, 35.115771484374996], [32.86943359375002, 35.089404296874996], [32.91953125, 35.087841796875], [32.9859375, 35.11640625], [33.07753906250002, 35.14619140625], [33.191015625, 35.173144531249996], [33.24833984375002, 35.15693359375], [33.32558593750002, 35.153613281249996], [33.3837890625, 35.1626953125], [33.42421875000002, 35.140917968749996], [33.45595703125002, 35.101416015625], [33.4638671875, 35.004931640624996], [33.47578125000001, 35.000341796875], [33.52568359375002, 35.038671875], [33.61445312500001, 35.022753906249996], [33.675390625, 35.017871093749996], [33.72578125000001, 35.0373046875], [33.756933593750006, 35.03974609375], [33.79228515625002, 35.048193359375], [33.83203125, 35.0671875], [33.86640625000001, 35.093603515625], [33.9033203125, 35.08544921875], [33.96572265625002, 35.056787109374994], [34.004492187500006, 35.065234375], [34.02363281250001, 35.045556640624994], [34.05019531250002, 34.98837890625], [33.9365234375, 34.971484375], [33.82246093750001, 34.96591796875], [33.75898437500001, 34.9732421875], [33.69941406250001, 34.969873046874994], [33.51445312500002, 34.806445312499996], [33.41494140625002, 34.750878906249994], [33.29658203125001, 34.717724609375], [33.17607421875002, 34.698046875], [33.11552734375002, 34.695556640625], [33.06230468750002, 34.6748046875], [33.02490234375, 34.6369140625], [33.02392578125, 34.6], [33.007910156250006, 34.569580078125], [32.94179687500002, 34.57587890625], [32.91425781250001, 34.635498046875], [32.8671875, 34.6611328125], [32.750097656250006, 34.647802734375], [32.69296875, 34.649365234375], [32.50556640625001, 34.70625], [32.44902343750002, 34.729443359375], [32.41376953125001, 34.77802734375], [32.31718750000002, 34.9533203125], [32.30097656250001, 35.082958984375], [32.39091796875002, 35.0498046875], [32.475, 35.089990234374994], [32.55595703125002, 35.15576171875], [32.65234375, 35.182666015624996], [32.71269531250002, 35.171044921874994]]]}}, {"type": "Feature", "properties": {"scalerank": 1, "featurecla": "Admin-0 country", "LABELRANK": 5.0, "SOVEREIGNT": "Czech Republic", "SOV_A3": "CZE", "ADM0_DIF": 0.0, "LEVEL": 2.0, "TYPE": "Sovereign country", "ADMIN": "Czech Republic", "ADM0_A3": "CZE", "GEOU_DIF": 0.0, "GEOUNIT": "Czechia", "GU_A3": "CZE", "SU_DIF": 0.0, "SUBUNIT": "Czechia", "SU_A3": "CZE", "BRK_DIFF": 0.0, "NAME": "Czechia", "NAME_LONG": "Czech Republic", "BRK_A3": "CZE", "BRK_NAME": "Czechia", "BRK_GROUP": null, "ABBREV": "Cz.", "POSTAL": "CZ", "FORMAL_EN": "Czech Republic", "FORMAL_FR": "la R\u00e9publique tch\u00e8que", "NAME_CIAWF": "Czechia", "NOTE_ADM0": null, "NOTE_BRK": null, "NAME_SORT": "Czechia", "NAME_ALT": "\u010cesko", "MAPCOLOR7": 1.0, "MAPCOLOR8": 1.0, "MAPCOLOR9": 2.0, "MAPCOLOR13": 6.0, "POP_EST": 10674723.0, "POP_RANK": 14.0, "GDP_MD_EST": 350900.0, "POP_YEAR": 2017.0, "LASTCENSUS": 2011.0, "GDP_YEAR": 2016.0, "ECONOMY": "2. Developed region: nonG7", "INCOME_GRP": "1. High income: OECD", "WIKIPEDIA": -99.0, "FIPS_10_": "EZ", "ISO_A2": "CZ", "ISO_A3": "CZE", "ISO_A3_EH": "CZE", "ISO_N3": "203", "UN_A3": "203", "WB_A2": "CZ", "WB_A3": "CZE", "WOE_ID": 23424810.0, "WOE_ID_EH": 23424810.0, "WOE_NOTE": "Exact WOE match as country", "ADM0_A3_IS": "CZE", "ADM0_A3_US": "CZE", "ADM0_A3_UN": -99.0, "ADM0_A3_WB": -99.0, "CONTINENT": "Europe", "REGION_UN": "Europe", "SUBREGION": "Eastern Europe", "REGION_WB": "Europe & Central Asia", "NAME_LEN": 7.0, "LONG_LEN": 14.0, "ABBREV_LEN": 3.0, "TINY": -99.0, "HOMEPART": 1.0, "MIN_ZOOM": 0.0, "MIN_LABEL": 4.0, "MAX_LABEL": 9.0}, "geometry": {"type": "Polygon", "coordinates": [[[16.953125, 48.598828125], [16.928320312500006, 48.620898437499996], [16.883691406250023, 48.7037109375], [16.83320312500001, 48.714306640625], [16.764453125000017, 48.722021484375], [16.712695312500017, 48.734228515625], [16.600976562500023, 48.781884765624994], [16.543554687500006, 48.796240234375], [16.477929687500023, 48.800097656249996], [16.414843750000017, 48.7720703125], [16.367285156250006, 48.73896484375], [16.219335937500006, 48.739404296874994], [16.057226562500006, 48.754785156249994], [15.8251953125, 48.864453125], [15.765039062500023, 48.8654296875], [15.70078125, 48.86044921875], [15.599414062500017, 48.886376953124994], [15.402929687500006, 48.957373046875], [15.310937500000023, 48.974023437499994], [15.252734375000017, 48.9638671875], [15.199609375000023, 48.948144531249994], [15.16171875, 48.9462890625], [15.139746093750006, 48.9693359375], [15.066796875000023, 48.997851562499996], [14.993457031250017, 49.001123046874994], [14.97216796875, 48.983935546874996], [14.947363281250006, 48.827734375], [14.922558593750011, 48.771386718749994], [14.821875, 48.7740234375], [14.785937500000017, 48.747363281249996], [14.706640625, 48.671923828124996], [14.691308593750023, 48.59921875], [14.553906250000011, 48.613330078124996], [14.488671875000023, 48.625537109374996], [14.431054687500023, 48.616259765624996], [14.367578125000023, 48.576220703124996], [14.189843750000023, 48.578564453125], [14.049121093750017, 48.602490234375], [13.98876953125, 48.692431640624996], [13.92431640625, 48.72802734375], [13.843164062500023, 48.75986328125], [13.814746093750017, 48.766943359375], [13.769921875000023, 48.815966796874996], [13.684960937500023, 48.87670898437497], [13.547656250000017, 48.95966796875001], [13.440722656250017, 48.95556640625], [13.401171875000017, 48.97758789062502], [13.383691406249994, 49.00810546875002], [13.339062500000011, 49.060791015625], [13.288769531250011, 49.097460937499996], [13.227832031250017, 49.111669921875], [13.140527343750023, 49.158349609374994], [13.023730468750017, 49.260107421875], [12.916699218749983, 49.330468749999966], [12.813378906250023, 49.329345703125], [12.747851562500017, 49.3662109375], [12.68115234375, 49.414501953125], [12.632031249999983, 49.46123046874996], [12.555761718750006, 49.574853515624994], [12.500292968750017, 49.639697265624996], [12.45703125, 49.67978515625], [12.408203125, 49.713183593749996], [12.390527343750023, 49.739648437499994], [12.4501953125, 49.800146484375], [12.471875, 49.830078125], [12.49755859375, 49.853076171874996], [12.5125, 49.87744140625], [12.512011718750017, 49.895800781249996], [12.457617187499977, 49.95551757812504], [12.384179687500023, 49.998583984374996], [12.276464843750006, 50.042333984375], [12.207812500000017, 50.097509765625], [12.182519531250023, 50.148046875], [12.175, 50.175830078124996], [12.127832031250023, 50.213427734374996], [12.089746093749994, 50.26855468750003], [12.08984375, 50.3017578125], [12.09921875, 50.310986328125], [12.134863281250006, 50.3109375], [12.1748046875, 50.288378906249996], [12.231152343750011, 50.244873046875], [12.27734375, 50.181445312499996], [12.3056640625, 50.205712890624994], [12.358593750000011, 50.273242187499996], [12.45263671875, 50.3498046875], [12.549023437500011, 50.393408203125], [12.635546874999989, 50.397070312500006], [12.706445312500023, 50.409130859375], [12.765429687500017, 50.430957031249996], [12.868261718750006, 50.422216796875], [12.942675781250017, 50.4064453125], [12.966796874999972, 50.41621093750001], [12.9970703125, 50.4560546875], [13.016406250000017, 50.490380859374994], [13.18115234375, 50.510498046875], [13.237695312500023, 50.576757812500034], [13.26953125, 50.576416015625], [13.306054687500023, 50.58632812499999], [13.341015625000011, 50.61142578125], [13.374609375, 50.621728515624994], [13.401171875000017, 50.60932617187501], [13.436132812500006, 50.60107421875], [13.472558593750023, 50.616943359375], [13.526562500000011, 50.692822265625], [13.556738281250006, 50.704638671874996], [13.701367187500011, 50.71650390625], [13.898535156250006, 50.76127929687496], [13.998437500000023, 50.801123046875006], [14.096484375000017, 50.82275390625006], [14.201757812500006, 50.861230468749994], [14.369042968750023, 50.898730468749996], [14.377050781250006, 50.9140625], [14.299414062500006, 50.952587890625], [14.273339843750023, 50.976904296875], [14.255859375, 51.001855468749994], [14.283203125, 51.0294921875], [14.319726562500023, 51.03779296875], [14.367285156250006, 51.026269531249994], [14.50732421875, 51.00986328125], [14.545703125000017, 50.993945312499996], [14.559667968750006, 50.954931640625], [14.59521484375, 50.91860351562505], [14.623828125000017, 50.91474609375], [14.613574218750017, 50.85556640624998], [14.658203125, 50.8326171875], [14.723339843749983, 50.814697265625], [14.766503906250023, 50.818310546875], [14.797460937500006, 50.84233398437496], [14.809375, 50.858984375], [14.895800781250017, 50.861376953124996], [14.98291015625, 50.886572265625], [14.989941406250011, 50.92724609375], [14.984472656250006, 51.00341796875], [14.99375, 51.01435546875], [15.1259765625, 50.99287109375], [15.258593750000017, 50.958544921874996], [15.277050781250011, 50.8830078125], [15.312597656250006, 50.845751953124996], [15.354394531250023, 50.811767578125], [15.394628906250006, 50.796289062499994], [15.463964843750006, 50.793847656249994], [15.643945312500023, 50.748876953125], [15.730566406250006, 50.739697265625], [15.819238281250023, 50.70869140625], [15.893945312500023, 50.676904296874994], [15.948535156250017, 50.670263671875], [15.973828125000011, 50.63544921875], [16.007226562500023, 50.611621093749996], [16.06640625, 50.629931640624996], [16.2822265625, 50.655615234375], [16.359960937500006, 50.621386718749996], [16.4125, 50.58515625], [16.419726562500017, 50.573632812499994], [16.39228515625001, 50.541650390624994], [16.37910156250001, 50.516894531249996], [16.35664062500001, 50.50048828125], [16.282519531250017, 50.4830078125], [16.24072265625, 50.4546875], [16.210351562500023, 50.423730468749994], [16.230761718750017, 50.394091796874996], [16.291308593750017, 50.371875], [16.33417968750001, 50.36689453125], [16.350488281250023, 50.34521484375], [16.487597656250017, 50.248388671875], [16.5966796875, 50.121923828125], [16.63916015625, 50.1021484375], [16.679101562500023, 50.097460937499996], [16.72529296875001, 50.116064453125], [16.778613281250017, 50.15703125], [16.841796875, 50.18671875], [16.895312500000017, 50.201953125], [16.989648437500023, 50.2369140625], [16.99335937500001, 50.259716796875], [16.91474609375001, 50.34521484375], [16.869140625, 50.414501953125], [16.88007812500001, 50.427050781249996], [16.980761718750017, 50.41611328125], [17.151953125, 50.378320312499994], [17.41523437500001, 50.254785156249994], [17.462304687500023, 50.254785156249994], [17.554589843750023, 50.2640625], [17.654687500000023, 50.284228515624996], [17.702246093750006, 50.307177734374996], [17.720117187500023, 50.298632812499996], [17.735449218750006, 50.230761718749996], [17.709277343750017, 50.1935546875], [17.58935546875, 50.157470703125], [17.596289062500006, 50.139501953125], [17.627050781250006, 50.11640625], [17.681054687500023, 50.10078125], [17.74658203125, 50.056787109374994], [17.79169921875001, 50.006591796875], [17.83125, 49.983300781249994], [17.874804687500017, 49.972265625], [17.983789062500023, 49.999072265624996], [18.0146484375, 50.020263671875], [18.0283203125, 50.03525390625], [18.04951171875001, 50.03193359375], [18.087695312500017, 50.007275390625], [18.09921875, 49.9927734375], [18.20527343750001, 49.964746093749994], [18.26630859375001, 49.9302734375], [18.305273437500006, 49.9140625], [18.348437500000017, 49.929833984374994], [18.516210937500006, 49.902392578124996], [18.562402343750023, 49.879345703125], [18.5771484375, 49.841113281249996], [18.56884765625, 49.817919921874996], [18.594628906250023, 49.7578125], [18.806933593750017, 49.613720703125], [18.82929687500001, 49.54013671875], [18.83222656250001, 49.510791015624996], [18.807031250000023, 49.509228515625], [18.74970703125001, 49.493994140625], [18.676171875000023, 49.4884765625], [18.596484375000017, 49.491455078125], [18.534570312500023, 49.464697265625], [18.47607421875, 49.42109375], [18.415820312500017, 49.390917968749996], [18.383105468750017, 49.363916015624994], [18.36484375, 49.336230468749996], [18.160937500000017, 49.257373046874996], [18.132617187500017, 49.224560546875], [18.109960937500006, 49.17978515625], [18.100390625000017, 49.1193359375], [18.0859375, 49.06513671875], [18.050878906250006, 49.036523437499994], [17.940722656250017, 49.011962890625], [17.91328125000001, 48.99873046875], [17.892675781250006, 48.971142578125], [17.830859375000017, 48.928613281249994], [17.75849609375001, 48.888134765625], [17.625390625000023, 48.841845703124996], [17.48261718750001, 48.827783203124994], [17.296875, 48.842822265624996], [17.1884765625, 48.8609375], [17.135644531250023, 48.841064453125], [17.063281250000017, 48.78076171875], [16.985253906250023, 48.676904296874994], [16.953125, 48.598828125]]]}}, {"type": "Feature", "properties": {"scalerank": 1, "featurecla": "Admin-0 country", "LABELRANK": 2.0, "SOVEREIGNT": "Germany", "SOV_A3": "DEU", "ADM0_DIF": 0.0, "LEVEL": 2.0, "TYPE": "Sovereign country", "ADMIN": "Germany", "ADM0_A3": "DEU", "GEOU_DIF": 0.0, "GEOUNIT": "Germany", "GU_A3": "DEU", "SU_DIF": 0.0, "SUBUNIT": "Germany", "SU_A3": "DEU", "BRK_DIFF": 0.0, "NAME": "Germany", "NAME_LONG": "Germany", "BRK_A3": "DEU", "BRK_NAME": "Germany", "BRK_GROUP": null, "ABBREV": "Ger.", "POSTAL": "D", "FORMAL_EN": "Federal Republic of Germany", "FORMAL_FR": null, "NAME_CIAWF": "Germany", "NOTE_ADM0": null, "NOTE_BRK": null, "NAME_SORT": "Germany", "NAME_ALT": null, "MAPCOLOR7": 2.0, "MAPCOLOR8": 5.0, "MAPCOLOR9": 5.0, "MAPCOLOR13": 1.0, "POP_EST": 80594017.0, "POP_RANK": 16.0, "GDP_MD_EST": 3979000.0, "POP_YEAR": 2017.0, "LASTCENSUS": 2011.0, "GDP_YEAR": 2016.0, "ECONOMY": "1. Developed region: G7", "INCOME_GRP": "1. High income: OECD", "WIKIPEDIA": -99.0, "FIPS_10_": "GM", "ISO_A2": "DE", "ISO_A3": "DEU", "ISO_A3_EH": "DEU", "ISO_N3": "276", "UN_A3": "276", "WB_A2": "DE", "WB_A3": "DEU", "WOE_ID": 23424829.0, "WOE_ID_EH": 23424829.0, "WOE_NOTE": "Exact WOE match as country", "ADM0_A3_IS": "DEU", "ADM0_A3_US": "DEU", "ADM0_A3_UN": -99.0, "ADM0_A3_WB": -99.0, "CONTINENT": "Europe", "REGION_UN": "Europe", "SUBREGION": "Western Europe", "REGION_WB": "Europe & Central Asia", "NAME_LEN": 7.0, "LONG_LEN": 7.0, "ABBREV_LEN": 4.0, "TINY": -99.0, "HOMEPART": 1.0, "MIN_ZOOM": 0.0, "MIN_LABEL": 1.7, "MAX_LABEL": 6.7}, "geometry": {"type": "MultiPolygon", "coordinates": [[[[13.814746093750017, 48.766943359375], [13.802929687500011, 48.747509765625], [13.797460937500006, 48.68642578125002], [13.798828125, 48.6216796875], [13.785351562500011, 48.587451171874996], [13.723925781250017, 48.542382812499994], [13.692187500000017, 48.532763671874996], [13.675195312500023, 48.523046875], [13.486621093750017, 48.581835937500045], [13.4716796875, 48.57182617187496], [13.459863281250023, 48.56455078125], [13.409375, 48.394140625], [13.374609375, 48.361376953124996], [13.322851562500006, 48.33125], [13.215234375000023, 48.301904296874994], [13.140429687500017, 48.289941406249994], [13.082128906250006, 48.27509765625], [12.897460937499972, 48.203710937500006], [12.814257812500017, 48.16083984375], [12.760351562500006, 48.106982421874996], [12.760058593750017, 48.075976562499996], [12.849902343750017, 47.984814453125], [12.953515625000023, 47.890625], [12.954199218750006, 47.807763671874994], [12.908300781250006, 47.74580078125], [12.897656250000011, 47.721875], [12.928125, 47.71284179687501], [12.985546875000011, 47.709423828125], [13.03359375, 47.69873046874997], [13.054101562499994, 47.65512695312498], [13.047949218750006, 47.579150390624996], [13.031542968750017, 47.50800781250004], [13.014355468749983, 47.47807617187496], [12.968066406250017, 47.47568359375], [12.87890625, 47.5064453125], [12.809375, 47.5421875], [12.7828125, 47.56416015625], [12.781152343750023, 47.5904296875], [12.796191406250017, 47.60703125], [12.771386718750023, 47.639404296875], [12.685839843750017, 47.669335937499994], [12.59423828125, 47.656298828124996], [12.526562500000011, 47.636132812499994], [12.48291015625, 47.637304687500006], [12.435742187500011, 47.66611328125], [12.363183593750023, 47.68818359375], [12.268359375000017, 47.702734375], [12.209277343750017, 47.71826171875], [12.196875, 47.70908203125], [12.203808593750011, 47.646728515625], [12.185644531250006, 47.61953125], [11.716796875, 47.58349609375], [11.573925781249983, 47.54975585937501], [11.469921875000011, 47.506103515625], [11.392968750000023, 47.487158203125], [11.374121093750006, 47.460253906249996], [11.297949218749977, 47.42490234374998], [11.2119140625, 47.413623046874996], [11.191210937500017, 47.425195312499994], [11.136035156250017, 47.40888671875], [11.041992187499972, 47.39311523437499], [10.980859375000023, 47.39814453125], [10.9521484375, 47.426708984375], [10.893945312500023, 47.470458984375], [10.87060546875, 47.50078125], [10.873046875, 47.52021484375], [10.741601562500023, 47.52412109375], [10.65869140625, 47.547216796875], [10.482812500000023, 47.54179687499999], [10.439453125, 47.5515625], [10.430371093750011, 47.541064453124996], [10.40390625, 47.41699218750006], [10.369140625, 47.366064453125], [10.312792968750017, 47.313427734375], [10.240625, 47.284130859375], [10.183007812500023, 47.27880859375], [10.185742187500011, 47.3171875], [10.200292968750006, 47.363427734374994], [10.158789062500006, 47.37426757812506], [10.096484374999989, 47.37958984374998], [10.066308593750023, 47.393359375], [10.07421875, 47.42851562499999], [10.059863281249989, 47.449072265625006], [10.034082031250023, 47.473583984375], [9.971582031250023, 47.505322265625], [9.839160156250017, 47.552294921874996], [9.748925781250023, 47.575537109375], [9.715136718750017, 47.55078125], [9.650585937500011, 47.52587890625003], [9.548925781250006, 47.534033203125], [9.524023437500006, 47.52421875], [9.35, 47.598925781249996], [9.182812500000011, 47.670703125], [9.127539062500006, 47.670703125], [8.881152343750017, 47.656396484374994], [8.8740234375, 47.6626953125], [8.831152343750006, 47.70361328125], [8.793066406250006, 47.716552734375], [8.770117187500006, 47.709912109375], [8.754785156250023, 47.698046875], [8.728320312500017, 47.700048828125], [8.617871093750011, 47.76611328125], [8.572656250000023, 47.775634765625], [8.509863281250006, 47.766894531249996], [8.435742187500011, 47.731347656249994], [8.403417968750006, 47.687792968749996], [8.413281250000011, 47.662695312500006], [8.451757812500006, 47.651806640625], [8.55234375, 47.659130859375], [8.567089843749983, 47.651904296875045], [8.570507812500011, 47.63779296875], [8.559472656250023, 47.6240234375], [8.477636718750006, 47.612695312499994], [8.454003906250023, 47.59619140625], [8.430078125000023, 47.592138671875], [8.414746093750011, 47.589599609375], [8.327832031250011, 47.60693359375003], [8.1982421875, 47.60693359375003], [8.09375, 47.576171875], [7.927050781250017, 47.563867187499994], [7.698046875000017, 47.569873046874996], [7.615625, 47.592724609375], [7.565429687500028, 47.606542968750034], [7.529394531250063, 47.67387695312499], [7.538574218749972, 47.773632812499955], [7.593261718750028, 47.90566406250005], [7.608496093750006, 48.002587890624994], [7.58417968750004, 48.064306640625034], [7.61660156250008, 48.15678710937496], [7.705664062500006, 48.28002929687503], [7.765136718750028, 48.410009765625034], [7.794824218750051, 48.54682617187501], [7.837988281250063, 48.63603515624999], [7.92275390625008, 48.69853515625002], [8.124023437500057, 48.873291015625], [8.140332031250011, 48.88642578125001], [8.134863281250034, 48.97358398437501], [8.080664062500006, 48.98588867187502], [8.001269531250017, 49.01093749999998], [7.799218750000051, 49.041894531249966], [7.610937500000063, 49.06176757812503], [7.525488281250063, 49.08637695312498], [7.45058593750008, 49.15219726562498], [7.404199218750051, 49.15307617187497], [7.313378906250023, 49.129541015624966], [7.199902343749983, 49.113623046875034], [7.117382812500068, 49.127539062500006], [7.065722656250017, 49.124853515625006], [7.036718750000063, 49.11269531250002], [7.022167968750011, 49.123437499999966], [7.001464843749972, 49.17988281250001], [6.958300781250074, 49.19462890625002], [6.891210937499977, 49.20751953124997], [6.849511718750023, 49.20195312499999], [6.820703125000023, 49.17392578125006], [6.776269531250023, 49.154150390625006], [6.735449218750063, 49.16059570312501], [6.60761718750004, 49.29086914062498], [6.57470703125, 49.31967773437498], [6.566308593750051, 49.34619140624997], [6.534277343750006, 49.394677734374994], [6.458105468750034, 49.44287109375003], [6.382226562500023, 49.45815429687505], [6.344335937500006, 49.452734375], [6.348437500000017, 49.5126953125], [6.378320312500023, 49.599609375], [6.40673828125, 49.644970703125], [6.444628906250017, 49.68203125], [6.484765625000023, 49.7078125], [6.49375, 49.75439453125], [6.4873046875, 49.798486328124994], [6.44091796875, 49.805322265624994], [6.324609375000023, 49.837890625], [6.256054687500011, 49.87216796875], [6.204882812500017, 49.91513671875], [6.13818359375, 49.97431640625], [6.109765625000023, 50.034375], [6.108300781249994, 50.09423828125006], [6.116503906250017, 50.120996093749994], [6.121289062500068, 50.13935546875001], [6.175097656250017, 50.232666015625], [6.364453125000068, 50.31616210937506], [6.34365234375008, 50.400244140625034], [6.340917968750063, 50.45175781250006], [6.294921875, 50.485498046874994], [6.203027343750023, 50.499121093750034], [6.178710937500057, 50.52250976562499], [6.16845703125, 50.54536132812504], [6.235937499999977, 50.5966796875], [6.154492187500011, 50.63725585937502], [6.119433593750045, 50.679248046875045], [6.005957031250034, 50.73222656249999], [5.993945312500074, 50.75043945312498], [6.048437500000063, 50.904882812500006], [6.006835937500028, 50.94995117187503], [5.955078125000057, 50.97294921875002], [5.894726562500011, 50.984228515625006], [5.8671875, 51.00566406250002], [5.857519531249977, 51.030126953125034], [5.868359375000068, 51.04531250000002], [5.939257812500017, 51.04082031249999], [5.961035156250034, 51.05668945312502], [6.129980468750063, 51.14741210937504], [6.136914062500068, 51.16484375000002], [6.113378906250063, 51.174707031249994], [6.082421875000051, 51.17998046874999], [6.074804687500034, 51.19902343749996], [6.075878906250068, 51.22412109375003], [6.166210937499983, 51.354833984375006], [6.19287109375, 51.41059570312501], [6.198828125000063, 51.45], [6.19326171875008, 51.488916015624966], [6.141601562500028, 51.55009765624999], [6.091113281250045, 51.59892578124999], [6.089355468750057, 51.637792968750006], [6.052734375000057, 51.65825195312502], [5.948535156250045, 51.76240234374998], [5.94873046875, 51.80268554687504], [6.007617187500017, 51.833984375], [6.089843750000057, 51.85395507812498], [6.117187500000028, 51.87041015624996], [6.166503906250057, 51.88076171875005], [6.297070312500011, 51.85073242187505], [6.35566406250004, 51.82465820312498], [6.372167968750034, 51.83002929687501], [6.425, 51.8583984375], [6.517578125, 51.85395507812498], [6.741796875, 51.91088867187506], [6.775195312500074, 51.938281250000045], [6.800390625000063, 51.967382812500006], [6.802441406250011, 51.980175781249955], [6.715625, 52.03618164062499], [6.712988281250006, 52.05688476562503], [6.724511718750051, 52.080224609374994], [6.749023437500057, 52.09868164062502], [6.800390625000063, 52.111230468749994], [6.855078125, 52.135791015625045], [6.977246093750011, 52.20551757812504], [7.019628906250034, 52.26601562500002], [7.032617187500023, 52.33149414062504], [7.03515625, 52.380224609375006], [7.001855468750051, 52.41899414062499], [6.968164062500023, 52.44409179687506], [6.922070312500068, 52.44028320312498], [6.832519531250028, 52.44228515625005], [6.748828125000017, 52.46401367187502], [6.702929687499989, 52.49921875000001], [6.691601562500011, 52.530175781249994], [6.712402343750057, 52.54965820312498], [6.71875, 52.57358398437506], [6.705371093750045, 52.59765624999997], [6.710742187500074, 52.61787109375001], [6.748437500000023, 52.634082031250045], [7.013183593750057, 52.633544921875], [7.033007812500017, 52.6513671875], [7.050878906250006, 52.74477539062502], [7.11708984375008, 52.88701171874996], [7.179492187500017, 52.96621093750002], [7.18994140625, 52.99951171875006], [7.18896484375, 53.18720703125001], [7.197265625, 53.28227539062502], [7.152050781250011, 53.32695312499996], [7.053320312500063, 53.37583007812498], [7.074316406249977, 53.477636718750034], [7.107128906250011, 53.556982421875034], [7.20644531250008, 53.654541015625], [7.285253906250063, 53.681347656249955], [7.629199218750045, 53.697265625], [8.009277343750028, 53.69072265625002], [8.167089843750034, 53.54340820312501], [8.108496093750006, 53.46767578125005], [8.200781250000063, 53.43242187499996], [8.245214843750063, 53.4453125], [8.279003906250011, 53.51118164062501], [8.301562500000074, 53.58413085937505], [8.333886718749994, 53.60620117187503], [8.45136718750004, 53.55170898437501], [8.492675781250028, 53.514355468749955], [8.495214843750006, 53.39423828125001], [8.538476562500023, 53.556884765625], [8.50625, 53.670751953125034], [8.528417968750034, 53.781103515625034], [8.575585937500051, 53.838476562500006], [8.618945312500074, 53.875], [8.897753906250045, 53.83569335937506], [9.205566406250028, 53.85595703125], [9.32197265625004, 53.81347656250006], [9.585351562500051, 53.600488281249994], [9.673144531249989, 53.565625], [9.783984375000017, 53.55463867187498], [9.63125, 53.600195312500034], [9.312011718750057, 53.85913085937503], [9.216406250000034, 53.891210937500006], [9.069628906250045, 53.90092773437502], [8.978125, 53.92622070312501], [8.920410156250028, 53.96533203125], [8.903515625000068, 54.00029296875002], [8.90664062500008, 54.26079101562496], [8.851562500000028, 54.29956054687506], [8.780371093750006, 54.313037109375045], [8.73603515625004, 54.29521484374996], [8.644921875000051, 54.29497070312502], [8.625781250000045, 54.35395507812504], [8.648046875000063, 54.397656249999955], [8.831152343750063, 54.42753906250002], [8.95185546875004, 54.46757812499999], [8.957226562500068, 54.53833007812503], [8.880957031249977, 54.59394531249998], [8.789648437500034, 54.695947265624994], [8.682324218750011, 54.79184570312498], [8.670312500000051, 54.90341796875006], [8.670703125000045, 54.90332031250003], [8.857226562500045, 54.90112304687503], [8.902929687500034, 54.89692382812498], [9.185839843750017, 54.84467773437498], [9.254980468750063, 54.808007812499994], [9.34199218750004, 54.806298828124994], [9.498730468749983, 54.840429687500006], [9.615820312500034, 54.855419921874955], [9.661230468750063, 54.834375], [9.725, 54.825537109375006], [9.739746093750057, 54.825537109375006], [9.745898437500074, 54.80717773437499], [9.892285156250068, 54.780615234375006], [9.953808593750068, 54.73828125], [10.02216796875004, 54.673925781250034], [10.028808593749972, 54.58129882812497], [9.941308593749994, 54.5146484375], [9.868652343750028, 54.47246093750002], [10.14345703125008, 54.488427734374994], [10.170800781250051, 54.4501953125], [10.21240234375, 54.40893554687503], [10.360449218750034, 54.43833007812498], [10.731542968750063, 54.31625976562498], [10.955957031250051, 54.37568359375001], [11.013378906250011, 54.379150390625], [11.064355468749994, 54.280517578125], [11.008593750000017, 54.18115234375], [10.81074218750004, 54.07514648437498], [10.854589843750006, 54.00981445312499], [10.917773437500074, 53.99531249999998], [11.104296875000074, 54.00917968750005], [11.399609375000011, 53.944628906250045], [11.461132812500011, 53.964746093749966], [11.700585937500051, 54.113525390625], [11.79628906250008, 54.14545898437501], [12.111328125000057, 54.168310546875034], [12.168652343750011, 54.22587890624996], [12.29628906250008, 54.283789062500034], [12.378515625000034, 54.347021484375034], [12.575390625000011, 54.467382812500034], [12.779101562500017, 54.44570312499999], [12.898046875, 54.42265624999999], [13.028613281250045, 54.41103515625002], [13.147460937500028, 54.28271484375], [13.448046875000074, 54.14086914062506], [13.72421875, 54.153222656249994], [13.822265625, 54.01904296875], [13.865527343750017, 53.853369140625006], [13.950390624999983, 53.80136718749998], [14.025, 53.767431640625006], [14.25, 53.731884765624955], [14.258886718750006, 53.729638671875], [14.26611328125, 53.70712890625], [14.279882812500006, 53.624755859375], [14.298730468750023, 53.556445312499996], [14.41455078125, 53.283496093749996], [14.412304687500011, 53.216748046875], [14.410937500000017, 53.199023437499996], [14.368554687500023, 53.10556640624998], [14.293164062500011, 53.0267578125], [14.193652343750017, 52.98232421875], [14.138867187500011, 52.932861328125], [14.128613281250011, 52.878222656249996], [14.253710937500017, 52.782519531249996], [14.514062500000023, 52.64560546875], [14.619433593750017, 52.528515625], [14.569726562500023, 52.431103515625], [14.554589843750023, 52.359667968749996], [14.573925781250011, 52.31416015625], [14.615625, 52.277636718749996], [14.679882812500011, 52.25], [14.705371093750017, 52.207470703125], [14.6923828125, 52.150048828125], [14.70458984375, 52.110205078125], [14.752539062499977, 52.08183593749996], [14.748144531250006, 52.07080078125], [14.724804687500011, 52.030859375], [14.69296875, 51.9580078125], [14.674902343750006, 51.904833984374996], [14.601660156250006, 51.832373046875], [14.623925781250023, 51.770800781249996], [14.681347656250011, 51.698193359375], [14.724902343750017, 51.66171875], [14.73867187499999, 51.62714843749998], [14.7109375, 51.544921875], [14.724707031250006, 51.523876953125], [14.905957031250011, 51.463330078125], [14.935546875, 51.435351562499996], [14.953125, 51.3771484375], [15.0166015625, 51.252734375], [14.9638671875, 51.095117187499994], [14.91748046875, 51.008740234375], [14.814257812500017, 50.871630859374996], [14.809375, 50.858984375], [14.797460937500006, 50.84233398437496], [14.766503906250023, 50.818310546875], [14.723339843749983, 50.814697265625], [14.658203125, 50.8326171875], [14.613574218750017, 50.85556640624998], [14.623828125000017, 50.91474609375], [14.59521484375, 50.91860351562505], [14.559667968750006, 50.954931640625], [14.545703125000017, 50.993945312499996], [14.50732421875, 51.00986328125], [14.367285156250006, 51.026269531249994], [14.319726562500023, 51.03779296875], [14.283203125, 51.0294921875], [14.255859375, 51.001855468749994], [14.273339843750023, 50.976904296875], [14.299414062500006, 50.952587890625], [14.377050781250006, 50.9140625], [14.369042968750023, 50.898730468749996], [14.201757812500006, 50.861230468749994], [14.096484375000017, 50.82275390625006], [13.998437500000023, 50.801123046875006], [13.898535156250006, 50.76127929687496], [13.701367187500011, 50.71650390625], [13.556738281250006, 50.704638671874996], [13.526562500000011, 50.692822265625], [13.472558593750023, 50.616943359375], [13.436132812500006, 50.60107421875], [13.401171875000017, 50.60932617187501], [13.374609375, 50.621728515624994], [13.341015625000011, 50.61142578125], [13.306054687500023, 50.58632812499999], [13.26953125, 50.576416015625], [13.237695312500023, 50.576757812500034], [13.18115234375, 50.510498046875], [13.016406250000017, 50.490380859374994], [12.9970703125, 50.4560546875], [12.966796874999972, 50.41621093750001], [12.942675781250017, 50.4064453125], [12.868261718750006, 50.422216796875], [12.765429687500017, 50.430957031249996], [12.706445312500023, 50.409130859375], [12.635546874999989, 50.397070312500006], [12.549023437500011, 50.393408203125], [12.45263671875, 50.3498046875], [12.358593750000011, 50.273242187499996], [12.3056640625, 50.205712890624994], [12.27734375, 50.181445312499996], [12.231152343750011, 50.244873046875], [12.1748046875, 50.288378906249996], [12.134863281250006, 50.3109375], [12.09921875, 50.310986328125], [12.08984375, 50.3017578125], [12.089746093749994, 50.26855468750003], [12.127832031250023, 50.213427734374996], [12.175, 50.175830078124996], [12.182519531250023, 50.148046875], [12.207812500000017, 50.097509765625], [12.276464843750006, 50.042333984375], [12.384179687500023, 49.998583984374996], [12.457617187499977, 49.95551757812504], [12.512011718750017, 49.895800781249996], [12.5125, 49.87744140625], [12.49755859375, 49.853076171874996], [12.471875, 49.830078125], [12.4501953125, 49.800146484375], [12.390527343750023, 49.739648437499994], [12.408203125, 49.713183593749996], [12.45703125, 49.67978515625], [12.500292968750017, 49.639697265624996], [12.555761718750006, 49.574853515624994], [12.632031249999983, 49.46123046874996], [12.68115234375, 49.414501953125], [12.747851562500017, 49.3662109375], [12.813378906250023, 49.329345703125], [12.916699218749983, 49.330468749999966], [13.023730468750017, 49.260107421875], [13.140527343750023, 49.158349609374994], [13.227832031250017, 49.111669921875], [13.288769531250011, 49.097460937499996], [13.339062500000011, 49.060791015625], [13.383691406249994, 49.00810546875002], [13.401171875000017, 48.97758789062502], [13.440722656250017, 48.95556640625], [13.547656250000017, 48.95966796875001], [13.684960937500023, 48.87670898437497], [13.769921875000023, 48.815966796874996], [13.814746093750017, 48.766943359375]]], [[[14.213671875000017, 53.870751953125], [14.172167968750045, 53.874365234375034], [14.048339843750057, 53.863085937500045], [13.925781250000057, 53.879052734374994], [13.902148437500017, 53.93896484375003], [13.921679687500017, 53.99663085937499], [13.872460937500023, 54.036279296874966], [13.827148437500028, 54.0595703125], [13.820410156250063, 54.092822265625045], [13.827734375000063, 54.12724609375002], [14.038867187500074, 54.034570312499966], [14.21142578125, 53.950341796875], [14.1982421875, 53.91904296875], [14.213671875000017, 53.870751953125]]], [[[11.2828125, 54.41796875000003], [11.12929687499999, 54.41601562499997], [11.070703125000051, 54.45600585937504], [11.011718750000028, 54.46616210937498], [11.04345703125, 54.51547851562498], [11.084960937500028, 54.53339843749998], [11.233593750000011, 54.50126953125002], [11.280273437500028, 54.438378906249994], [11.2828125, 54.41796875000003]]], [[[13.709179687500068, 54.38271484375002], [13.734179687499989, 54.3154296875], [13.707324218750045, 54.28115234375002], [13.59492187500004, 54.33818359375002], [13.482031250000063, 54.33740234375003], [13.41455078125, 54.24956054687499], [13.364355468750063, 54.24584960937503], [13.190039062499977, 54.32563476562504], [13.162109374999972, 54.36455078124996], [13.156347656250063, 54.39692382812498], [13.18125, 54.50898437499998], [13.176660156250023, 54.54423828124999], [13.2314453125, 54.58276367187503], [13.23994140625004, 54.638427734375], [13.336816406250051, 54.697119140625034], [13.422753906250051, 54.699316406250034], [13.450097656250023, 54.649609374999955], [13.491210937500057, 54.615380859374994], [13.636035156250074, 54.577001953125006], [13.657617187500023, 54.5595703125], [13.670703125000045, 54.53544921874996], [13.603320312500074, 54.48818359375002], [13.580468750000051, 54.46396484375006], [13.601855468750045, 54.42514648437506], [13.709179687500068, 54.38271484375002]]], [[[8.587890625000057, 54.71269531250002], [8.548925781250034, 54.68818359375001], [8.453808593750011, 54.691064453124966], [8.400390625000057, 54.71411132812503], [8.417675781250011, 54.73867187499999], [8.468164062499994, 54.75742187499998], [8.509960937499983, 54.760302734375045], [8.57343750000004, 54.74873046874998], [8.587890625000057, 54.71269531250002]]], [[[8.307714843750006, 54.78696289062506], [8.28466796875, 54.76708984375], [8.295703125000045, 54.90830078124998], [8.405175781250051, 55.058740234374994], [8.451464843750074, 55.05537109375001], [8.404101562500017, 55.014746093750006], [8.390429687500074, 54.98627929687498], [8.371191406250063, 54.92939453125001], [8.379882812500057, 54.899853515624955], [8.62958984375004, 54.891748046874994], [8.600585937499972, 54.86538085937505], [8.347363281249983, 54.84760742187498], [8.307714843750006, 54.78696289062506]]]]}}, {"type": "Feature", "properties": {"scalerank": 1, "featurecla": "Admin-0 country", "LABELRANK": 4.0, "SOVEREIGNT": "Denmark", "SOV_A3": "DN1", "ADM0_DIF": 1.0, "LEVEL": 2.0, "TYPE": "Country", "ADMIN": "Denmark", "ADM0_A3": "DNK", "GEOU_DIF": 0.0, "GEOUNIT": "Denmark", "GU_A3": "DNK", "SU_DIF": 0.0, "SUBUNIT": "Denmark", "SU_A3": "DNK", "BRK_DIFF": 0.0, "NAME": "Denmark", "NAME_LONG": "Denmark", "BRK_A3": "DNK", "BRK_NAME": "Denmark", "BRK_GROUP": null, "ABBREV": "Den.", "POSTAL": "DK", "FORMAL_EN": "Kingdom of Denmark", "FORMAL_FR": null, "NAME_CIAWF": "Denmark", "NOTE_ADM0": null, "NOTE_BRK": null, "NAME_SORT": "Denmark", "NAME_ALT": null, "MAPCOLOR7": 4.0, "MAPCOLOR8": 1.0, "MAPCOLOR9": 3.0, "MAPCOLOR13": 12.0, "POP_EST": 5605948.0, "POP_RANK": 13.0, "GDP_MD_EST": 264800.0, "POP_YEAR": 2017.0, "LASTCENSUS": 2011.0, "GDP_YEAR": 2016.0, "ECONOMY": "2. Developed region: nonG7", "INCOME_GRP": "1. High income: OECD", "WIKIPEDIA": -99.0, "FIPS_10_": "DA", "ISO_A2": "DK", "ISO_A3": "DNK", "ISO_A3_EH": "DNK", "ISO_N3": "208", "UN_A3": "208", "WB_A2": "DK", "WB_A3": "DNK", "WOE_ID": 23424796.0, "WOE_ID_EH": 23424796.0, "WOE_NOTE": "Exact WOE match as country", "ADM0_A3_IS": "DNK", "ADM0_A3_US": "DNK", "ADM0_A3_UN": -99.0, "ADM0_A3_WB": -99.0, "CONTINENT": "Europe", "REGION_UN": "Europe", "SUBREGION": "Northern Europe", "REGION_WB": "Europe & Central Asia", "NAME_LEN": 7.0, "LONG_LEN": 7.0, "ABBREV_LEN": 4.0, "TINY": -99.0, "HOMEPART": 1.0, "MIN_ZOOM": 0.0, "MIN_LABEL": 3.0, "MAX_LABEL": 8.0}, "geometry": {"type": "MultiPolygon", "coordinates": [[[[9.739746093750057, 54.825537109375006], [9.725, 54.825537109375006], [9.661230468750063, 54.834375], [9.615820312500034, 54.855419921874955], [9.498730468749983, 54.840429687500006], [9.34199218750004, 54.806298828124994], [9.254980468750063, 54.808007812499994], [9.185839843750017, 54.84467773437498], [8.902929687500034, 54.89692382812498], [8.857226562500045, 54.90112304687503], [8.670703125000045, 54.90332031250003], [8.670312500000051, 54.90341796875006], [8.661425781250017, 54.9859375], [8.638281250000034, 55.045556640624966], [8.57294921875004, 55.13427734375003], [8.669824218750051, 55.15566406250002], [8.65107421875004, 55.32856445312498], [8.615917968749983, 55.41821289062506], [8.345312500000034, 55.51030273437499], [8.132128906250017, 55.59980468750001], [8.181347656250011, 55.90117187500002], [8.20234375000004, 55.982373046874955], [8.12148437500008, 56.139892578125], [8.1298828125, 56.321191406249966], [8.163964843750023, 56.60688476562501], [8.231738281250074, 56.618066406249966], [8.281445312500068, 56.61669921875006], [8.473144531250028, 56.5654296875], [8.55292968750004, 56.56030273437503], [8.607617187499983, 56.514501953125006], [8.671679687500074, 56.49565429687499], [8.718066406250017, 56.544287109375034], [8.736132812500074, 56.62744140625003], [8.888085937500023, 56.73505859375001], [8.994531250000023, 56.77480468750002], [9.067089843750068, 56.793847656249994], [9.140332031250068, 56.75043945312504], [9.196386718750034, 56.70166015625003], [9.209667968750068, 56.80839843750002], [9.254882812500057, 57.01171875000006], [9.110449218750034, 57.04365234374998], [8.992773437500034, 57.01611328124997], [8.876074218750063, 56.88725585937502], [8.77197265625, 56.725292968749955], [8.603125, 56.710400390624955], [8.468359375000034, 56.66455078125003], [8.346679687500028, 56.71210937500004], [8.26826171875004, 56.754003906250034], [8.266308593750011, 56.81533203125002], [8.28408203125008, 56.85234375000002], [8.427050781250074, 56.98442382812499], [8.61855468750008, 57.11127929687501], [8.811523437500057, 57.11005859375001], [8.952246093750034, 57.15058593750001], [9.036328125000011, 57.15541992187502], [9.298828125000028, 57.14653320312499], [9.433593750000057, 57.17431640625006], [9.554296875000034, 57.23247070312499], [9.815136718750068, 57.47841796875002], [9.962304687500023, 57.58095703125002], [10.259082031249989, 57.617041015625006], [10.533300781250006, 57.73540039062496], [10.609960937500063, 57.736914062500006], [10.48095703125, 57.64868164062497], [10.460253906250045, 57.614550781250045], [10.444628906250045, 57.56220703125004], [10.537109375000057, 57.44853515624996], [10.517578125, 57.37934570312498], [10.524121093749983, 57.24321289062496], [10.43691406250008, 57.17226562499999], [10.338476562500006, 57.02133789062506], [10.296093750000068, 56.99912109374998], [10.287011718749994, 56.822949218749955], [10.296679687500017, 56.78090820312502], [10.282714843750028, 56.62050781250002], [10.383593750000045, 56.554833984374966], [10.490234375000028, 56.5205078125], [10.845898437500011, 56.52172851562497], [10.882812500000057, 56.492871093749955], [10.926171875000023, 56.443261718749966], [10.894433593750023, 56.35903320312505], [10.856445312500028, 56.29550781249998], [10.75341796875, 56.24199218750002], [10.621191406250063, 56.202099609374955], [10.53896484375008, 56.20034179687505], [10.426953125000011, 56.276171875000045], [10.373730468749983, 56.2515625], [10.31875, 56.21289062500003], [10.226660156250063, 56.00537109375003], [10.183007812500051, 55.86518554687498], [10.159375, 55.85380859374996], [10.10732421875008, 55.87446289062501], [10.017382812500045, 55.87607421874998], [9.90371093750008, 55.842822265625045], [9.962011718750063, 55.813085937500034], [10.023632812499983, 55.76142578124998], [9.999023437500028, 55.73554687500004], [9.899023437500006, 55.70756835937502], [9.810351562500074, 55.650976562500034], [9.773242187500045, 55.60815429687503], [9.661425781250017, 55.557470703125006], [9.591113281250074, 55.49321289062496], [9.625585937499977, 55.41357421875], [9.640234375000034, 55.34365234375005], [9.670996093750006, 55.26640625000002], [9.64326171875004, 55.204736328124994], [9.50478515625008, 55.11625976562499], [9.453710937500063, 55.03955078125], [9.572363281250063, 55.04052734375003], [9.645410156250023, 55.022802734375034], [9.68818359375004, 55.00014648437505], [9.732324218750051, 54.968017578125], [9.705273437500068, 54.92832031249998], [9.739746093750057, 54.825537109375006]]], [[[11.361425781250034, 54.89165039062496], [11.538378906250045, 54.82958984375003], [11.65810546875008, 54.83315429687505], [11.739550781250074, 54.807421875000045], [11.75898437500004, 54.767675781250034], [11.765917968750017, 54.679443359375], [11.680371093750011, 54.653710937499994], [11.585937500000028, 54.662451171875006], [11.457421875000051, 54.62885742187498], [11.03554687500008, 54.773095703124966], [11.041699218750011, 54.89335937499996], [11.05859375, 54.940576171874994], [11.25849609375004, 54.951806640624966], [11.361425781250034, 54.89165039062496]]], [[[10.484375, 54.84755859375005], [10.417285156250074, 54.83715820312497], [10.340527343750068, 54.85893554687496], [10.215625, 54.94096679687499], [10.199902343750011, 54.96274414062498], [10.26552734375008, 54.94882812499998], [10.346972656250045, 54.905957031249955], [10.413671875000063, 54.89682617187506], [10.504882812499972, 54.86054687500004], [10.484375, 54.84755859375005]]], [[[12.54921875000008, 54.96577148437498], [12.511035156250045, 54.950878906249955], [12.357519531250034, 54.961816406249966], [12.184472656250023, 54.892480468749966], [12.118847656250068, 54.91440429687498], [12.143652343750063, 54.958691406249955], [12.16171875, 54.97480468750004], [12.219921875000068, 54.993603515624955], [12.258789062499972, 55.02109375000006], [12.274023437500063, 55.06411132812502], [12.310058593750028, 55.040917968749994], [12.417187500000011, 55.03120117187498], [12.469531250000017, 55.01748046875002], [12.513281250000063, 54.997314453125], [12.54921875000008, 54.96577148437498]]], [[[10.061230468750011, 54.886376953124966], [9.957128906250034, 54.872460937499966], [9.903906250000034, 54.89663085937502], [9.80625, 54.90600585937506], [9.771191406250068, 55.05991210937506], [9.78125, 55.069042968749955], [9.830371093750045, 55.058251953124994], [9.998828124999989, 54.98647460937502], [10.057714843750006, 54.90791015625001], [10.061230468750011, 54.886376953124966]]], [[[10.73408203125004, 54.75073242187503], [10.689746093750074, 54.745068359374955], [10.629492187500063, 54.82607421875002], [10.621679687500063, 54.851416015625034], [10.692480468750006, 54.90327148437504], [10.73828125, 54.962011718750006], [10.856738281250074, 55.05219726562498], [10.925, 55.15786132812502], [10.951074218750023, 55.156201171874955], [10.92080078125008, 55.06210937500006], [10.765234375, 54.79965820312506], [10.73408203125004, 54.75073242187503]]], [[[15.087695312500045, 55.021875], [15.05078125, 55.00493164062496], [14.885546874999989, 55.03295898437497], [14.684179687500006, 55.10224609374998], [14.713671875000074, 55.23803710937503], [14.765332031250011, 55.29672851562498], [15.132617187500074, 55.14453124999997], [15.13710937500008, 55.087158203125], [15.087695312500045, 55.021875]]], [[[10.645117187500034, 55.60981445312501], [10.686816406250017, 55.55761718750003], [10.738085937500074, 55.44633789062499], [10.81923828125008, 55.321875], [10.785351562500011, 55.269775390625], [10.808398437499989, 55.203027343749994], [10.785253906249977, 55.133398437500006], [10.623828125000045, 55.052441406249955], [10.442773437500023, 55.04877929687501], [10.254589843750068, 55.08789062499997], [9.98876953125, 55.163183593750034], [9.967382812499977, 55.20546875000005], [9.930078125000023, 55.22890625000002], [9.858984375000034, 55.35722656249996], [9.860644531250017, 55.51547851562506], [9.994238281250034, 55.535302734374994], [10.2861328125, 55.61083984375003], [10.353613281250063, 55.598974609375006], [10.42402343750004, 55.56035156249996], [10.505078125000011, 55.55805664062501], [10.622753906250011, 55.61284179687499], [10.645117187500034, 55.60981445312501]]], [[[12.665722656250011, 55.596533203125034], [12.571582031250017, 55.55400390624999], [12.550878906250063, 55.55625], [12.520312500000074, 55.614599609375006], [12.569921875000034, 55.65009765625004], [12.599218750000063, 55.680224609375045], [12.620019531250023, 55.67934570312505], [12.648437500000057, 55.64677734374999], [12.665722656250011, 55.596533203125034]]], [[[10.60732421875008, 55.783056640625034], [10.590332031249972, 55.76508789062501], [10.526953125000034, 55.783789062500006], [10.520312500000017, 55.848486328125034], [10.544335937500023, 55.90659179687498], [10.516113281250057, 55.95854492187499], [10.547167968750074, 55.99194335937506], [10.636328125000034, 55.914160156250006], [10.661718750000034, 55.87758789062502], [10.627343750000051, 55.833886718749994], [10.60732421875008, 55.783056640625034]]], [[[12.56875, 55.785058593749994], [12.571191406250023, 55.68496093750002], [12.545214843750074, 55.655810546875045], [12.507031250000011, 55.63662109375005], [12.407128906249994, 55.61625976562499], [12.320605468750045, 55.587841796874955], [12.243457031250045, 55.53789062499999], [12.21503906250004, 55.46650390625001], [12.275390625, 55.41425781250004], [12.385156250000051, 55.385644531249994], [12.413085937500057, 55.28618164062496], [12.322460937500068, 55.23710937500002], [12.089941406250034, 55.188134765624966], [12.065527343750034, 55.06992187500006], [12.073046875000074, 54.97675781249998], [12.06884765625, 54.90903320312506], [12.050390625000063, 54.815332031249966], [11.862304687500028, 54.772607421874966], [11.740917968749983, 54.91533203124999], [11.739843750000034, 54.97246093750002], [11.703613281250028, 55.039160156250006], [11.696777343750057, 55.095996093750045], [11.65380859375, 55.186914062499994], [11.475878906249989, 55.211523437500034], [11.406835937500063, 55.214746093749994], [11.310253906250011, 55.197851562500006], [11.286328125000011, 55.204443359375006], [11.170703124999989, 55.32861328125], [11.189746093750074, 55.465625], [11.128027343750006, 55.53476562499998], [11.119531250000051, 55.566064453124966], [11.12099609375008, 55.60073242187502], [11.070312500000057, 55.629296874999966], [11.008789062500057, 55.64443359375002], [10.97890625, 55.721533203125034], [11.049609375000017, 55.740234375], [11.224414062500017, 55.73120117187503], [11.275488281250034, 55.73647460937505], [11.322265625000057, 55.752539062500034], [11.463671874999989, 55.87929687500002], [11.459570312500063, 55.90722656250003], [11.474707031250034, 55.943457031250034], [11.627734375000017, 55.956884765625006], [11.695898437500063, 55.90791015624998], [11.682226562500034, 55.829492187499994], [11.690917968750028, 55.72900390625003], [11.78359375000008, 55.70166015624997], [11.819726562500051, 55.69765625000005], [11.858300781250023, 55.771875], [11.885351562500034, 55.807958984375034], [11.92207031250004, 55.828076171874955], [11.9345703125, 55.89589843750002], [11.912792968750011, 55.93730468750002], [11.866406250000068, 55.968164062499994], [12.039648437500006, 56.052148437499966], [12.21894531250004, 56.11865234375], [12.323242187500057, 56.12211914062502], [12.428222656250028, 56.10585937499999], [12.525781250000023, 56.08339843750002], [12.578710937500063, 56.0640625], [12.608398437500057, 56.03300781249996], [12.542968750000057, 55.958984375], [12.52480468750008, 55.91845703125], [12.56875, 55.785058593749994]]], [[[11.052148437499994, 57.252539062500006], [11.011425781250068, 57.229101562500034], [10.873828125000017, 57.26225585937502], [10.934570312500028, 57.30859375000006], [11.085742187500017, 57.329931640625034], [11.174511718750068, 57.32290039062502], [11.076855468750068, 57.27690429687499], [11.052148437499994, 57.252539062500006]]]]}}, {"type": "Feature", "properties": {"scalerank": 1, "featurecla": "Admin-0 country", "LABELRANK": 2.0, "SOVEREIGNT": "Spain", "SOV_A3": "ESP", "ADM0_DIF": 0.0, "LEVEL": 2.0, "TYPE": "Sovereign country", "ADMIN": "Spain", "ADM0_A3": "ESP", "GEOU_DIF": 0.0, "GEOUNIT": "Spain", "GU_A3": "ESP", "SU_DIF": 0.0, "SUBUNIT": "Spain", "SU_A3": "ESP", "BRK_DIFF": 0.0, "NAME": "Spain", "NAME_LONG": "Spain", "BRK_A3": "ESP", "BRK_NAME": "Spain", "BRK_GROUP": null, "ABBREV": "Sp.", "POSTAL": "E", "FORMAL_EN": "Kingdom of Spain", "FORMAL_FR": null, "NAME_CIAWF": "Spain", "NOTE_ADM0": null, "NOTE_BRK": null, "NAME_SORT": "Spain", "NAME_ALT": null, "MAPCOLOR7": 4.0, "MAPCOLOR8": 5.0, "MAPCOLOR9": 5.0, "MAPCOLOR13": 5.0, "POP_EST": 48958159.0, "POP_RANK": 15.0, "GDP_MD_EST": 1690000.0, "POP_YEAR": 2017.0, "LASTCENSUS": 2001.0, "GDP_YEAR": 2016.0, "ECONOMY": "2. Developed region: nonG7", "INCOME_GRP": "1. High income: OECD", "WIKIPEDIA": -99.0, "FIPS_10_": "SP", "ISO_A2": "ES", "ISO_A3": "ESP", "ISO_A3_EH": "ESP", "ISO_N3": "724", "UN_A3": "724", "WB_A2": "ES", "WB_A3": "ESP", "WOE_ID": 23424950.0, "WOE_ID_EH": 23424950.0, "WOE_NOTE": "Exact WOE match as country", "ADM0_A3_IS": "ESP", "ADM0_A3_US": "ESP", "ADM0_A3_UN": -99.0, "ADM0_A3_WB": -99.0, "CONTINENT": "Europe", "REGION_UN": "Europe", "SUBREGION": "Southern Europe", "REGION_WB": "Europe & Central Asia", "NAME_LEN": 5.0, "LONG_LEN": 5.0, "ABBREV_LEN": 3.0, "TINY": -99.0, "HOMEPART": 1.0, "MIN_ZOOM": 0.0, "MIN_LABEL": 2.0, "MAX_LABEL": 7.0}, "geometry": {"type": "MultiPolygon", "coordinates": [[[[1.428320312500006, 42.5958984375], [1.414843750000017, 42.548388671874996], [1.421972656250006, 42.530810546874996], [1.430273437500006, 42.497851562499996], [1.428125, 42.46132812499999], [1.448828125, 42.437451171875], [1.486230468750023, 42.434472656249994], [1.534082031250023, 42.441699218749996], [1.58642578125, 42.455957031249994], [1.678515625000017, 42.4966796875], [1.7060546875, 42.503320312499994], [1.85976562500008, 42.45708007812499], [1.927929687500011, 42.42631835937502], [1.951464843750017, 42.39277343750001], [1.986523437500068, 42.35849609375006], [2.032714843750057, 42.35351562500003], [2.098339843750011, 42.38608398437498], [2.200390625000011, 42.42094726562499], [2.374414062500023, 42.39028320312505], [2.567968750000034, 42.345800781250034], [2.651660156250017, 42.34047851562502], [2.654785156250057, 42.36210937499999], [2.670019531250034, 42.39301757812498], [2.70185546875004, 42.40849609375002], [2.749414062500051, 42.41303710937498], [2.815625, 42.42924804687499], [2.891406250000017, 42.45605468750003], [2.970019531250045, 42.46723632812501], [3.052636718749994, 42.44721679687501], [3.152148437500017, 42.431005859375006], [3.211425781250028, 42.43115234375003], [3.239843750000034, 42.36787109375001], [3.287890625000074, 42.34370117187498], [3.306738281250006, 42.28896484375002], [3.21865234375008, 42.260351562500034], [3.16640625, 42.256494140624966], [3.150390625000028, 42.162451171875006], [3.175195312500023, 42.13598632812503], [3.224609375000057, 42.11113281250002], [3.238085937500045, 42.08222656249998], [3.248046875000028, 41.94423828125002], [3.146875, 41.861035156249955], [3.004882812500057, 41.76743164062498], [2.31093750000008, 41.466503906249955], [2.145605468750063, 41.32075195312501], [2.082617187500006, 41.28740234374999], [1.56660156250004, 41.19560546875002], [1.205859374999989, 41.09755859375002], [1.03291015625004, 41.06206054687499], [0.816894531249972, 40.8916015625], [0.714648437500017, 40.822851562500006], [0.796093750000011, 40.803808593750034], [0.89111328125, 40.72236328124998], [0.859179687500074, 40.68623046874998], [0.72060546875008, 40.63046875], [0.660058593749994, 40.61333007812496], [0.62714843750004, 40.622216796874994], [0.596093750000023, 40.61450195312503], [0.363671875000023, 40.319042968749955], [0.15839843750004, 40.10659179687502], [0.043066406249977, 40.01396484374999], [-0.075146484374926, 39.87592773437501], [-0.32700195312492, 39.519873046875034], [-0.328955078124949, 39.41708984374998], [-0.20493164062492, 39.06259765625006], [-0.133789062499972, 38.969482421875], [-0.034130859374926, 38.891210937500034], [0.154882812500034, 38.82465820312498], [0.201562500000023, 38.759179687499966], [0.136328125000063, 38.69677734375006], [-0.052734375, 38.58569335937497], [-0.38125, 38.435644531250034], [-0.52080078124996, 38.317285156249994], [-0.550683593749994, 38.203125], [-0.64677734374996, 38.15185546875006], [-0.68320312499992, 37.992041015625006], [-0.741552734374977, 37.886132812499994], [-0.75273437499996, 37.850244140624966], [-0.814648437499955, 37.76992187500005], [-0.823095703125006, 37.71162109374998], [-0.721582031249994, 37.63105468750001], [-0.771875, 37.59624023437502], [-0.822167968749994, 37.580761718749955], [-0.938085937499977, 37.57133789062499], [-1.327539062499994, 37.56113281250006], [-1.640966796875006, 37.386962890625], [-1.797607421875028, 37.232861328124955], [-1.93930664062492, 36.94584960937502], [-2.111523437499926, 36.77666015625002], [-2.187695312500011, 36.74545898437506], [-2.305566406249937, 36.81982421875003], [-2.452832031249926, 36.831152343750006], [-2.595703125, 36.80649414062506], [-2.670605468749983, 36.74755859375003], [-2.787548828124983, 36.71474609375002], [-2.90185546875, 36.74316406250003], [-3.149169921874943, 36.758496093749955], [-3.259130859374977, 36.75576171875002], [-3.43125, 36.70791015625005], [-3.578808593749983, 36.73984374999998], [-3.827783203124994, 36.75605468749998], [-4.366845703124937, 36.718115234375006], [-4.43486328124996, 36.70024414062499], [-4.502246093749989, 36.629150390625], [-4.674121093749932, 36.506445312500034], [-4.935302734374943, 36.502050781250034], [-5.17148437499992, 36.42377929687498], [-5.23051757812496, 36.37363281249998], [-5.3296875, 36.23574218750005], [-5.360937499999977, 36.13491210937502], [-5.381591796875, 36.13408203125002], [-5.407226562499972, 36.15888671875001], [-5.443603515624943, 36.15058593750001], [-5.4625, 36.07377929687499], [-5.551269531250028, 36.03881835937497], [-5.625488281249943, 36.02592773437502], [-5.808398437499989, 36.08833007812504], [-5.960693359374943, 36.18173828125006], [-6.040673828124994, 36.18842773437498], [-6.17045898437496, 36.333789062500045], [-6.226269531249955, 36.42646484374998], [-6.26591796874996, 36.52651367187505], [-6.257714843749966, 36.56484375000002], [-6.268945312499937, 36.596728515625045], [-6.384130859374977, 36.63701171874999], [-6.412255859375023, 36.72885742187506], [-6.328320312499955, 36.84814453125003], [-6.259423828124966, 36.89897460937499], [-6.216796874999972, 36.91357421875003], [-6.320947265624966, 36.90849609374996], [-6.396191406249926, 36.831640625000034], [-6.492431640625, 36.954638671875045], [-6.884619140624977, 37.194238281249994], [-6.859375, 37.249169921874994], [-6.863769531249972, 37.278906250000034], [-6.92949218749996, 37.214941406250034], [-6.974658203124932, 37.19843749999998], [-7.174951171874966, 37.208789062500045], [-7.406152343749994, 37.179443359375], [-7.4671875, 37.42802734375002], [-7.496044921874926, 37.52358398437505], [-7.50351562499992, 37.585498046875045], [-7.443945312499949, 37.728271484375], [-7.378906249999943, 37.78637695312503], [-7.292236328124972, 37.90644531249998], [-7.185449218749966, 38.00634765624997], [-7.072509765624972, 38.030029296875], [-7.022851562499966, 38.04472656249999], [-6.981103515624994, 38.121972656249994], [-6.957568359374989, 38.18789062500002], [-6.974804687499955, 38.194433593750034], [-7.106396484374926, 38.181005859375034], [-7.343017578125, 38.45742187500005], [-7.335791015624949, 38.50146484375006], [-7.305957031250017, 38.566845703124955], [-7.286376953125, 38.64936523437498], [-7.281542968750017, 38.71455078125001], [-7.219921874999983, 38.77050781250006], [-7.12548828125, 38.82695312500002], [-7.046044921874994, 38.90703124999999], [-7.00625, 38.98525390625002], [-6.997949218749966, 39.056445312500045], [-7.042968749999972, 39.107080078124966], [-7.172412109374989, 39.13520507812501], [-7.305761718749977, 39.33813476562506], [-7.335449218749972, 39.46513671874999], [-7.362695312499937, 39.47832031250002], [-7.445117187499932, 39.53618164062499], [-7.52421875, 39.64472656249998], [-7.535693359374989, 39.661572265624955], [-7.4541015625, 39.68066406250003], [-7.117675781250028, 39.68168945312496], [-7.047412109374989, 39.70556640625003], [-7.036718749999949, 39.71396484375006], [-6.975390624999989, 39.79838867187502], [-6.91118164062496, 39.937109375000034], [-6.89609375, 40.02182617187498], [-6.916406249999966, 40.05683593750001], [-7.02783203125, 40.14262695312499], [-7.032617187499994, 40.16791992187498], [-7.014697265624989, 40.20834960937506], [-6.948437500000011, 40.251611328124994], [-6.858886718749972, 40.300732421874955], [-6.810156249999977, 40.34311523437498], [-6.821777343749943, 40.37626953124999], [-6.84794921874996, 40.410986328125034], [-6.85205078125, 40.44326171875005], [-6.835693359374943, 40.483154296875], [-6.829833984375, 40.61909179687498], [-6.818359374999972, 40.654052734375], [-6.835888671874983, 40.77749023437502], [-6.857714843749989, 40.87832031250005], [-6.928466796875028, 41.009130859375034], [-6.915527343749943, 41.03803710937498], [-6.882812499999943, 41.062402343749966], [-6.77578125, 41.10771484374996], [-6.690136718749955, 41.21450195312505], [-6.565917968749972, 41.30371093750003], [-6.403125, 41.375390624999966], [-6.289355468749932, 41.45502929687501], [-6.244335937499983, 41.51591796874999], [-6.2125, 41.53203124999999], [-6.2216796875, 41.560449218749994], [-6.243115234374926, 41.601806640625], [-6.308056640624926, 41.64218750000006], [-6.391699218750006, 41.66538085937498], [-6.484667968749932, 41.664404296875034], [-6.542187499999926, 41.67250976562502], [-6.558984374999966, 41.704052734374955], [-6.55258789062492, 41.78955078125006], [-6.557519531249937, 41.87412109375006], [-6.575341796874937, 41.9130859375], [-6.618261718749977, 41.9423828125], [-6.703613281249943, 41.93457031250003], [-6.777294921874955, 41.95849609375], [-6.833203124999983, 41.96416015625002], [-6.865527343749989, 41.94526367187498], [-7.030468749999926, 41.95063476562501], [-7.099121093749972, 41.964208984375006], [-7.147119140624966, 41.98115234375001], [-7.177929687499955, 41.97167968750003], [-7.195361328124932, 41.955224609374966], [-7.19833984374992, 41.92939453125004], [-7.209619140624994, 41.895263671875], [-7.268554687499943, 41.86440429687502], [-7.403613281250017, 41.83369140624998], [-7.512597656249994, 41.83598632812502], [-7.61259765624996, 41.85795898437496], [-7.644677734374994, 41.87397460937501], [-7.693066406250011, 41.88847656249996], [-7.896386718749937, 41.87055664062504], [-7.920849609374955, 41.883642578125034], [-7.990966796874943, 41.85190429687506], [-8.094433593749955, 41.814208984375], [-8.152490234374994, 41.81196289062501], [-8.173535156249926, 41.81997070312502], [-8.18125, 41.83696289062502], [-8.224755859374966, 41.895849609375034], [-8.213330078124955, 41.927099609375006], [-8.12998046874992, 42.018164062500006], [-8.139306640624966, 42.039941406249994], [-8.173583984375028, 42.069384765625045], [-8.204199218749949, 42.11186523437499], [-8.213085937499983, 42.133691406249994], [-8.266064453124926, 42.137402343749955], [-8.322558593749989, 42.115087890625034], [-8.538085937499943, 42.06933593750003], [-8.58964843749996, 42.05273437500003], [-8.682958984374949, 42.00849609374998], [-8.77714843749996, 41.94106445312502], [-8.852343750000017, 41.926904296874966], [-8.878320312499966, 41.946875], [-8.88720703125, 42.10527343749999], [-8.7724609375, 42.21059570312502], [-8.690917968749972, 42.27416992187503], [-8.729199218749955, 42.287011718749966], [-8.815820312499937, 42.28525390625006], [-8.809960937499994, 42.33447265625006], [-8.769384765624977, 42.35815429687497], [-8.73002929687496, 42.41171874999998], [-8.776171874999932, 42.43481445312497], [-8.812109374999977, 42.470068359375034], [-8.809912109374977, 42.562353515625006], [-8.799902343749977, 42.59990234375002], [-8.811523437499943, 42.64033203125001], [-8.987792968749972, 42.585644531249955], [-9.033105468749966, 42.593847656250034], [-9.035058593749937, 42.66235351562506], [-8.937207031249983, 42.766699218750006], [-8.927197265624983, 42.798583984375], [-9.04160156249992, 42.814013671875045], [-9.127197265624972, 42.865234375], [-9.179443359374943, 42.91098632812498], [-9.235205078124949, 42.976904296875006], [-9.235644531249932, 43.03579101562502], [-9.17807617187492, 43.17402343750001], [-9.095556640625006, 43.214208984375034], [-9.02451171874992, 43.23896484375001], [-8.873681640624994, 43.33442382812501], [-8.665625, 43.31660156250001], [-8.537060546874983, 43.33706054687502], [-8.421582031250011, 43.385839843750006], [-8.355468749999943, 43.396826171875034], [-8.248925781249994, 43.43940429687498], [-8.252294921874977, 43.49692382812498], [-8.28886718749996, 43.53959960937499], [-8.256738281249994, 43.57988281250002], [-8.137158203124955, 43.629052734374994], [-8.004687499999989, 43.69438476562499], [-7.852734374999926, 43.70698242187498], [-7.698144531249966, 43.764550781249966], [-7.59458007812492, 43.727343750000045], [-7.503613281249955, 43.73994140625004], [-7.399316406249937, 43.69580078125], [-7.261962890625, 43.594628906249994], [-7.060986328124926, 43.55395507812497], [-6.90068359374996, 43.58564453125004], [-6.617285156249949, 43.59238281249998], [-6.475683593749977, 43.57890624999999], [-6.224121093749972, 43.603857421875006], [-6.080126953124932, 43.59492187499998], [-5.846679687499972, 43.64506835937496], [-5.665820312499989, 43.58247070312501], [-5.315722656249989, 43.55317382812498], [-5.105273437499932, 43.50185546875002], [-4.523046874999977, 43.415722656249955], [-4.31279296874996, 43.41474609375004], [-4.015332031249926, 43.46308593750001], [-3.889355468749926, 43.499414062499966], [-3.774023437499977, 43.477880859375006], [-3.604638671875023, 43.519482421874955], [-3.523632812499926, 43.51103515625002], [-3.417871093749966, 43.45170898437502], [-3.045605468749983, 43.37158203125003], [-2.947705078124926, 43.43969726562497], [-2.87504882812496, 43.454443359375034], [-2.607080078124994, 43.412744140624994], [-2.337109374999983, 43.32802734375005], [-2.196679687499966, 43.32192382812505], [-1.991308593749949, 43.34506835937506], [-1.828515625000023, 43.400830078124955], [-1.79404296874992, 43.407324218750034], [-1.792724609375, 43.37255859374997], [-1.753271484374949, 43.32470703125], [-1.712841796874983, 43.30703125000002], [-1.627148437499926, 43.282470703125], [-1.561474609374955, 43.27919921875005], [-1.471728515624989, 43.267675781250006], [-1.410693359374989, 43.24008789062498], [-1.40732421874992, 43.197119140625006], [-1.422607421875, 43.14912109375001], [-1.459423828124955, 43.10498046875], [-1.480468749999972, 43.071142578125034], [-1.460839843749966, 43.05175781249997], [-1.428759765624932, 43.03676757812502], [-1.394042968749972, 43.032617187499994], [-1.370507812499966, 43.03759765625003], [-1.352734374999983, 43.064257812500045], [-1.31884765625, 43.09697265624996], [-1.300048828125, 43.100976562499966], [-1.3015625, 43.08247070312501], [-1.28544921874996, 43.05961914062499], [-1.175439453125023, 43.021142578124966], [-0.933837890625, 42.94951171875002], [-0.839208984374977, 42.94819335937501], [-0.762646484374926, 42.939794921875006], [-0.740185546874983, 42.909521484375034], [-0.58642578125, 42.798974609374994], [-0.5498046875, 42.802001953125], [-0.481152343749955, 42.79931640624997], [-0.3984375, 42.80810546875], [-0.338574218749955, 42.82880859375004], [-0.299316406249943, 42.82534179687505], [-0.256054687499926, 42.80395507812503], [-0.205322265625, 42.785302734374966], [-0.140039062500023, 42.74892578125002], [-0.081494140624983, 42.70385742187497], [-0.041162109374937, 42.689111328124994], [0.201367187499983, 42.719335937500034], [0.25546875, 42.69291992187496], [0.31289062500008, 42.69326171875005], [0.377246093750045, 42.70014648437501], [0.517675781250034, 42.68627929687503], [0.631640625000074, 42.689599609374994], [0.641992187500051, 42.70063476562504], [0.651757812499994, 42.80043945312502], [0.669824218750051, 42.83574218750002], [0.696875, 42.845117187499994], [0.764453125000045, 42.838037109374966], [1.010058593750074, 42.778955078124994], [1.111132812500074, 42.742041015625034], [1.208300781250045, 42.713134765625], [1.293261718750045, 42.70996093749997], [1.349414062500017, 42.69067382812506], [1.428320312500006, 42.5958984375]]], [[[-17.88793945312497, 27.8095703125], [-17.984765624999966, 27.64638671875005], [-18.106591796875023, 27.707470703124983], [-18.135937499999955, 27.727929687499966], [-18.16054687499999, 27.761474609375057], [-18.043359375000023, 27.76811523437499], [-17.924511718749955, 27.85014648437499], [-17.88793945312497, 27.8095703125]]], [[[-15.400585937499926, 28.147363281249966], [-15.406689453124926, 28.07050781250004], [-15.38315429687492, 27.992822265625023], [-15.38916015625, 27.87470703125001], [-15.436767578125028, 27.81069335937505], [-15.559375, 27.746972656250023], [-15.655761718749943, 27.758398437500034], [-15.710302734374977, 27.784082031250023], [-15.807324218749926, 27.887548828124977], [-15.809472656249994, 27.994482421875006], [-15.720947265625, 28.064160156249983], [-15.682763671874937, 28.154052734375], [-15.452783203124994, 28.136914062499983], [-15.432714843749977, 28.154248046874955], [-15.415478515624955, 28.159326171875023], [-15.400585937499926, 28.147363281249966]]], [[[-17.18466796874995, 28.02197265625], [-17.22539062499999, 28.013525390625063], [-17.27392578125003, 28.038281249999955], [-17.324902343749926, 28.117675781250057], [-17.29033203124999, 28.176318359375017], [-17.25859374999999, 28.20317382812496], [-17.21435546874997, 28.19926757812499], [-17.12963867187503, 28.15595703125004], [-17.103759765625, 28.11113281249996], [-17.10107421874997, 28.08344726562501], [-17.18466796874995, 28.02197265625]]], [[[-16.334472656249943, 28.379931640625017], [-16.418212890624943, 28.15141601562499], [-16.496240234374937, 28.061914062499966], [-16.542773437500017, 28.032080078125034], [-16.65800781249996, 28.007177734375006], [-16.79472656249999, 28.14916992187497], [-16.86601562499996, 28.293261718750017], [-16.90532226562496, 28.339599609375057], [-16.84306640624999, 28.376123046875023], [-16.75205078124992, 28.369824218749983], [-16.556835937499955, 28.400488281250034], [-16.517431640625006, 28.412695312500034], [-16.318994140624994, 28.558203125], [-16.123632812499977, 28.57597656249999], [-16.119140624999943, 28.52827148437504], [-16.334472656249943, 28.379931640625017]]], [[[-14.19677734375, 28.169287109375006], [-14.332617187499949, 28.056005859375006], [-14.468603515624949, 28.082373046875063], [-14.491796874999977, 28.100927734375006], [-14.35556640624992, 28.129687500000017], [-14.23198242187496, 28.21582031249997], [-14.152587890624972, 28.406640625000023], [-14.02836914062496, 28.617431640625], [-14.003369140624926, 28.706689453124966], [-13.95415039062496, 28.74145507812503], [-13.886279296874989, 28.74467773437499], [-13.857226562500017, 28.738037109375057], [-13.8271484375, 28.691210937500017], [-13.827587890624926, 28.585156249999983], [-13.862988281249926, 28.40932617187505], [-13.92802734374996, 28.253466796875017], [-14.19677734375, 28.169287109375006]]], [[[-17.83427734374996, 28.49321289062499], [-17.859375, 28.485693359374977], [-17.882128906249932, 28.564599609374966], [-18.00078125, 28.758251953124983], [-17.92880859374995, 28.844580078125006], [-17.797558593749926, 28.846777343750006], [-17.744531249999966, 28.786572265624983], [-17.726562499999943, 28.724462890625034], [-17.751611328124994, 28.688574218750006], [-17.744384765624943, 28.61601562499996], [-17.758007812499955, 28.569091796875], [-17.83427734374996, 28.49321289062499]]], [[[-13.715966796874994, 28.911230468749977], [-13.783984375000017, 28.845458984375], [-13.859912109374932, 28.86909179687501], [-13.823632812499994, 29.013330078124994], [-13.788183593749977, 29.05610351562501], [-13.650097656250011, 29.118994140625034], [-13.535058593750023, 29.14428710937503], [-13.501416015624983, 29.21123046874999], [-13.463574218749926, 29.23720703125005], [-13.422949218750006, 29.19750976562503], [-13.453759765624966, 29.151367187500057], [-13.477929687499994, 29.006591796875057], [-13.5546875, 28.960205078125], [-13.715966796874994, 28.911230468749977]]], [[[1.593945312500011, 38.67207031249998], [1.571191406249994, 38.65883789062505], [1.504980468750006, 38.670996093750034], [1.405761718750057, 38.670996093750034], [1.401953124999977, 38.71142578125], [1.417187500000068, 38.739648437499994], [1.436328125000045, 38.76821289062502], [1.496875, 38.71191406250003], [1.592675781250023, 38.70146484375002], [1.593945312500011, 38.67207031249998]]], [[[1.445214843749994, 38.91870117187506], [1.408984374999989, 38.85727539062506], [1.256933593750006, 38.879003906250034], [1.223339843750011, 38.903857421875045], [1.25625, 38.973388671875], [1.299804687500057, 38.98173828125002], [1.302539062500074, 39.03115234375005], [1.348632812500057, 39.08081054687503], [1.564453125000057, 39.12104492187498], [1.613183593750023, 39.08740234375006], [1.623632812500034, 39.038818359375], [1.494531250000023, 38.93251953125002], [1.445214843749994, 38.91870117187506]]], [[[3.145312500000045, 39.79008789062502], [3.241113281250023, 39.75668945312506], [3.342187500000023, 39.78671875000006], [3.395898437500051, 39.77729492187498], [3.448925781250011, 39.76123046875], [3.461816406250051, 39.69775390625006], [3.414648437500034, 39.627148437499955], [3.348730468750034, 39.55566406250006], [3.292968750000028, 39.47705078125003], [3.244726562500063, 39.386621093749994], [3.154589843749989, 39.33325195312503], [3.072851562500034, 39.30126953125], [2.900097656250011, 39.36835937499998], [2.7998046875, 39.38505859375002], [2.769824218750045, 39.410253906250006], [2.745996093750051, 39.51025390625003], [2.700585937500051, 39.54213867187505], [2.634082031249989, 39.55620117187499], [2.57587890625004, 39.53066406250002], [2.499511718750028, 39.477880859375006], [2.458789062499989, 39.53046874999998], [2.394335937500017, 39.540380859375034], [2.370019531250023, 39.57207031250002], [2.371289062500011, 39.61308593750002], [2.784960937500017, 39.85483398437498], [2.90478515625, 39.908300781250034], [3.158691406250028, 39.97050781250002], [3.197558593750045, 39.96108398437505], [3.164453125000051, 39.92421875], [3.166992187500028, 39.90771484375], [3.19863281250008, 39.88984375000001], [3.190917968750028, 39.86137695312499], [3.158691406250028, 39.836572265624994], [3.145312500000045, 39.79008789062502]]], [[[4.293652343750068, 39.84184570312499], [4.275292968750051, 39.830273437499955], [3.96767578125008, 39.94584960937496], [3.867187500000028, 39.958740234375], [3.842675781250023, 39.97636718749996], [3.84541015625004, 40.036474609375034], [3.85341796875008, 40.063037109375045], [4.059179687499977, 40.075097656249994], [4.225781250000011, 40.032373046874994], [4.315136718749983, 39.917236328125], [4.322070312500074, 39.89750976562496], [4.293652343750068, 39.84184570312499]]]]}}, {"type": "Feature", "properties": {"scalerank": 1, "featurecla": "Admin-0 country", "LABELRANK": 6.0, "SOVEREIGNT": "Estonia", "SOV_A3": "EST", "ADM0_DIF": 0.0, "LEVEL": 2.0, "TYPE": "Sovereign country", "ADMIN": "Estonia", "ADM0_A3": "EST", "GEOU_DIF": 0.0, "GEOUNIT": "Estonia", "GU_A3": "EST", "SU_DIF": 0.0, "SUBUNIT": "Estonia", "SU_A3": "EST", "BRK_DIFF": 0.0, "NAME": "Estonia", "NAME_LONG": "Estonia", "BRK_A3": "EST", "BRK_NAME": "Estonia", "BRK_GROUP": null, "ABBREV": "Est.", "POSTAL": "EST", "FORMAL_EN": "Republic of Estonia", "FORMAL_FR": null, "NAME_CIAWF": "Estonia", "NOTE_ADM0": null, "NOTE_BRK": null, "NAME_SORT": "Estonia", "NAME_ALT": null, "MAPCOLOR7": 3.0, "MAPCOLOR8": 2.0, "MAPCOLOR9": 1.0, "MAPCOLOR13": 10.0, "POP_EST": 1251581.0, "POP_RANK": 12.0, "GDP_MD_EST": 38700.0, "POP_YEAR": 2017.0, "LASTCENSUS": 2000.0, "GDP_YEAR": 2016.0, "ECONOMY": "2. Developed region: nonG7", "INCOME_GRP": "1. High income: OECD", "WIKIPEDIA": -99.0, "FIPS_10_": "EN", "ISO_A2": "EE", "ISO_A3": "EST", "ISO_A3_EH": "EST", "ISO_N3": "233", "UN_A3": "233", "WB_A2": "EE", "WB_A3": "EST", "WOE_ID": 23424805.0, "WOE_ID_EH": 23424805.0, "WOE_NOTE": "Exact WOE match as country", "ADM0_A3_IS": "EST", "ADM0_A3_US": "EST", "ADM0_A3_UN": -99.0, "ADM0_A3_WB": -99.0, "CONTINENT": "Europe", "REGION_UN": "Europe", "SUBREGION": "Northern Europe", "REGION_WB": "Europe & Central Asia", "NAME_LEN": 7.0, "LONG_LEN": 7.0, "ABBREV_LEN": 4.0, "TINY": -99.0, "HOMEPART": 1.0, "MIN_ZOOM": 0.0, "MIN_LABEL": 3.0, "MAX_LABEL": 8.0}, "geometry": {"type": "MultiPolygon", "coordinates": [[[[22.617382812499983, 58.62124023437505], [22.68837890625008, 58.597021484375006], [22.75380859375008, 58.604687499999955], [22.82011718749999, 58.62153320312501], [22.96425781250005, 58.605712890625], [23.292871093750023, 58.483496093750034], [23.3232421875, 58.450830078124966], [23.12714843750001, 58.435986328124955], [23.082617187500006, 58.398486328125045], [23.035449218750074, 58.37231445312506], [22.97988281250005, 58.363867187500006], [22.885156250000023, 58.31127929687506], [22.75703125000001, 58.260888671874994], [22.730273437500074, 58.230664062499955], [22.498437500000023, 58.23623046875002], [22.371679687500034, 58.21713867187506], [22.269335937500045, 58.160742187500006], [22.227343750000017, 58.05180664062502], [22.152441406250034, 57.96679687500003], [22.076269531250063, 57.93603515624997], [21.996875, 57.93134765625001], [21.97802734375003, 57.96328125000002], [21.985546875000068, 57.995166015625045], [22.152929687500063, 58.115332031250006], [22.18769531250004, 58.154345703125045], [22.104394531250023, 58.17167968750002], [22.034570312500023, 58.21337890625], [21.882128906250045, 58.26235351562502], [21.8544921875, 58.30166015625005], [21.89101562500008, 58.30458984375002], [21.924414062500034, 58.31586914062501], [21.965039062500068, 58.348828124999955], [21.98408203125004, 58.38666992187504], [21.8623046875, 58.49716796874998], [21.924414062500034, 58.514257812500006], [22.001855468749994, 58.51025390625], [22.081347656250045, 58.478125], [22.168554687500034, 58.51582031249998], [22.20556640625003, 58.52138671875005], [22.26660156250003, 58.507958984374966], [22.328125, 58.58085937499999], [22.47441406249999, 58.604882812499994], [22.546972656250034, 58.627392578124955], [22.617382812499983, 58.62124023437505]]], [[[23.343554687500045, 58.55034179687499], [23.260351562500063, 58.53999023437501], [23.06347656250003, 58.61108398437503], [23.109082031250068, 58.659228515625045], [23.165429687499994, 58.678125], [23.33281249999999, 58.64858398437502], [23.35644531250003, 58.57553710937506], [23.343554687500045, 58.55034179687499]]], [[[22.92373046875005, 58.82690429687503], [22.84169921875005, 58.77744140624998], [22.79287109375005, 58.797216796875006], [22.767285156250068, 58.820898437500034], [22.66142578124999, 58.70917968750001], [22.54218750000004, 58.68999023437502], [22.47265625, 58.712060546874994], [22.478906250000023, 58.75380859375005], [22.41103515625005, 58.86337890624998], [22.30742187499999, 58.895458984374955], [22.161914062500017, 58.898486328125045], [22.05625, 58.943603515625], [22.462597656249983, 58.97431640625004], [22.50458984375001, 59.026464843750006], [22.587207031250074, 59.08120117187505], [22.64941406250003, 59.08710937500001], [22.702246093750063, 59.07441406249998], [22.712207031250045, 59.03198242187506], [22.72548828125008, 59.01508789062498], [22.909863281250068, 58.9912109375], [22.98164062500004, 58.91982421875002], [23.00869140625005, 58.83393554687504], [22.92373046875005, 58.82690429687503]]], [[[28.0125, 59.484277343749994], [28.065820312500023, 59.453173828125074], [28.13300781250004, 59.40307617187497], [28.151074218749983, 59.374414062499994], [28.12832031250005, 59.35756835937505], [28.061328125000017, 59.34326171875006], [28.04609375000001, 59.32783203125001], [28.01640624999999, 59.30170898437504], [27.93818359375004, 59.29702148437505], [27.897656250000068, 59.27763671875002], [27.849511718750023, 59.19267578125002], [27.757617187500045, 59.05200195312506], [27.621777343750068, 58.944970703124994], [27.51308593750005, 58.886279296875045], [27.464453125, 58.84130859375003], [27.434179687500034, 58.78725585937502], [27.427050781250017, 58.733056640624994], [27.531347656250034, 58.43525390624998], [27.530078125000045, 58.38149414062505], [27.50556640625001, 58.32626953124998], [27.487792968750057, 58.27006835937499], [27.50244140625, 58.22133789062502], [27.571093750000045, 58.13808593750002], [27.644140625, 58.01391601562503], [27.673437500000034, 57.93461914062496], [27.721972656250045, 57.90546874999998], [27.76875, 57.88413085937498], [27.77851562500004, 57.870703125], [27.776953125000063, 57.85673828124999], [27.75283203125005, 57.84101562499998], [27.542089843750006, 57.799414062500034], [27.514746093750034, 57.76420898437496], [27.491992187500017, 57.72495117187506], [27.4, 57.66679687500002], [27.37177734375004, 57.61254882812497], [27.354296875000017, 57.55029296875], [27.351953125000023, 57.528125], [27.326562500000023, 57.52548828125], [27.187109374999977, 57.53833007812506], [27.03339843750001, 57.57875976562502], [26.96601562500001, 57.609130859375], [26.899804687500023, 57.6087890625], [26.819726562500023, 57.588720703125006], [26.532617187500023, 57.531005859375], [26.46210937500001, 57.544482421874996], [26.29804687500001, 57.60107421875], [26.21503906250001, 57.662744140625], [26.030371093750006, 57.785546875], [26.015234374999977, 57.81474609374996], [25.991113281250023, 57.838183593749996], [25.79375, 57.8685546875], [25.72089843750001, 57.913818359375], [25.66015625, 57.920166015625], [25.5712890625, 57.9427734375], [25.34003906250001, 58.03945312499999], [25.282617187500023, 58.048486328124966], [25.268652343750006, 58.0322265625], [25.27265625000001, 58.009375], [25.25830078125, 57.996142578124996], [25.22871093750001, 57.99658203125], [25.175195312500023, 58.032128906249994], [25.11103515625001, 58.063427734375], [24.91132812500001, 58.00458984375], [24.839062499999983, 57.988720703124955], [24.775781250000023, 57.98525390625], [24.458886718750023, 57.907861328125], [24.3625, 57.866162109375], [24.322558593750017, 57.87060546875], [24.33203125, 57.909765625000034], [24.46386718750003, 58.10595703125006], [24.4875, 58.261621093749966], [24.535742187500006, 58.283007812500045], [24.549707031250023, 58.30458984375002], [24.52910156249999, 58.354248046875], [24.3921875, 58.386083984375006], [24.3369140625, 58.38139648437502], [24.287207031250006, 58.328027343749994], [24.235644531250074, 58.28955078124997], [24.114843750000063, 58.26611328125], [24.01093750000004, 58.306640625], [23.76757812500003, 58.36083984375003], [23.7060546875, 58.433007812499966], [23.691503906250063, 58.50561523437503], [23.562792968750045, 58.57583007812502], [23.50927734374997, 58.658544921875006], [23.53066406250008, 58.71625976562504], [23.647460937500057, 58.75415039062503], [23.680761718750006, 58.78715820312502], [23.53359375000005, 58.78193359375001], [23.503613281250068, 58.78984375000002], [23.497167968750006, 58.81953125000004], [23.43203125000005, 58.92065429687503], [23.48964843750005, 58.960498046875045], [23.51503906250008, 58.999218749999955], [23.467773437500057, 59.03217773437501], [23.48017578125001, 59.069677734375006], [23.51699218750005, 59.107568359374994], [23.494433593750074, 59.195654296875006], [23.64052734375008, 59.24233398437502], [23.782519531250045, 59.27514648437503], [24.08339843750005, 59.291894531249994], [24.053613281250023, 59.37231445312503], [24.175390625000063, 59.375927734374955], [24.38037109374997, 59.47265625000003], [24.58359375, 59.455664062500034], [24.877539062500006, 59.52207031249998], [25.44375, 59.521142578124966], [25.52089843750008, 59.55947265625005], [25.507421875, 59.597998046875006], [25.50927734375003, 59.639013671875006], [25.61572265625003, 59.62753906250006], [25.79375, 59.634667968749994], [26.46083984375008, 59.55390624999998], [26.625, 59.55390624999998], [26.85205078125003, 59.471777343750034], [26.974707031250063, 59.45063476562498], [27.33583984375008, 59.450488281250045], [27.892578125, 59.41420898437502], [28.00185546875005, 59.469824218750006], [28.0125, 59.484277343749994]]]]}}, {"type": "Feature", "properties": {"scalerank": 1, "featurecla": "Admin-0 country", "LABELRANK": 3.0, "SOVEREIGNT": "Finland", "SOV_A3": "FI1", "ADM0_DIF": 1.0, "LEVEL": 2.0, "TYPE": "Country", "ADMIN": "Finland", "ADM0_A3": "FIN", "GEOU_DIF": 0.0, "GEOUNIT": "Finland", "GU_A3": "FIN", "SU_DIF": 0.0, "SUBUNIT": "Finland", "SU_A3": "FIN", "BRK_DIFF": 0.0, "NAME": "Finland", "NAME_LONG": "Finland", "BRK_A3": "FIN", "BRK_NAME": "Finland", "BRK_GROUP": null, "ABBREV": "Fin.", "POSTAL": "FIN", "FORMAL_EN": "Republic of Finland", "FORMAL_FR": null, "NAME_CIAWF": "Finland", "NOTE_ADM0": null, "NOTE_BRK": null, "NAME_SORT": "Finland", "NAME_ALT": null, "MAPCOLOR7": 4.0, "MAPCOLOR8": 1.0, "MAPCOLOR9": 4.0, "MAPCOLOR13": 6.0, "POP_EST": 5491218.0, "POP_RANK": 13.0, "GDP_MD_EST": 224137.0, "POP_YEAR": 2017.0, "LASTCENSUS": 2010.0, "GDP_YEAR": 2016.0, "ECONOMY": "2. Developed region: nonG7", "INCOME_GRP": "1. High income: OECD", "WIKIPEDIA": -99.0, "FIPS_10_": "FI", "ISO_A2": "FI", "ISO_A3": "FIN", "ISO_A3_EH": "FIN", "ISO_N3": "246", "UN_A3": "246", "WB_A2": "FI", "WB_A3": "FIN", "WOE_ID": 23424812.0, "WOE_ID_EH": 23424812.0, "WOE_NOTE": "Exact WOE match as country", "ADM0_A3_IS": "FIN", "ADM0_A3_US": "FIN", "ADM0_A3_UN": -99.0, "ADM0_A3_WB": -99.0, "CONTINENT": "Europe", "REGION_UN": "Europe", "SUBREGION": "Northern Europe", "REGION_WB": "Europe & Central Asia", "NAME_LEN": 7.0, "LONG_LEN": 7.0, "ABBREV_LEN": 4.0, "TINY": -99.0, "HOMEPART": 1.0, "MIN_ZOOM": 0.0, "MIN_LABEL": 3.0, "MAX_LABEL": 8.0}, "geometry": {"type": "MultiPolygon", "coordinates": [[[[21.628320312500023, 60.10781250000002], [21.540625, 60.09790039062506], [21.486035156249983, 60.12680664062498], [21.506738281250023, 60.14833984375002], [21.567968749999977, 60.17231445312501], [21.634082031250045, 60.168994140625045], [21.648144531250068, 60.140869140625], [21.628320312500023, 60.10781250000002]]], [[[21.83320312500001, 60.14052734375002], [21.733105468750068, 60.106152343749955], [21.69501953125001, 60.114355468750034], [21.704785156250068, 60.17231445312501], [21.764257812500006, 60.198828125], [21.864355468750063, 60.201806640624994], [21.83320312500001, 60.14052734375002]]], [[[22.175097656250045, 60.37075195312505], [22.3017578125, 60.34755859375002], [22.35498046875, 60.35585937500002], [22.41552734375, 60.303369140624994], [22.31289062500005, 60.26997070312501], [22.305761718750006, 60.22856445312502], [22.346289062500006, 60.20283203125001], [22.360546875000068, 60.165576171875074], [22.25830078125003, 60.165625], [22.209375, 60.19697265624998], [22.188085937500034, 60.23676757812501], [22.140527343750023, 60.26489257812506], [22.07714843749997, 60.28632812499998], [22.10820312499999, 60.31489257812504], [22.12587890625005, 60.35585937500002], [22.175097656250045, 60.37075195312505]]], [[[21.994238281250063, 60.33666992187503], [21.921484375000063, 60.33227539062503], [21.818652343750074, 60.3818359375], [21.8056640625, 60.401220703125034], [21.845996093750045, 60.412451171875006], [21.81933593750003, 60.45229492187505], [21.827246093750063, 60.46992187499998], [21.906835937500006, 60.43847656249997], [21.950292968750063, 60.401708984375034], [21.907812500000034, 60.39316406249998], [21.979785156250045, 60.35522460937497], [21.994238281250063, 60.33666992187503]]], [[[21.45087890625001, 60.529589843750074], [21.436914062500023, 60.483056640624994], [21.36904296875005, 60.48823242187498], [21.3, 60.479785156250045], [21.24433593750004, 60.525976562500034], [21.21455078125001, 60.603857421875006], [21.224707031250034, 60.62060546875006], [21.26806640625, 60.63828125], [21.30126953125, 60.595556640625006], [21.45087890625001, 60.529589843750074]]], [[[21.217773437500057, 63.24130859374998], [21.22851562500003, 63.22265625], [21.287109375000057, 63.22778320312497], [21.366015625000045, 63.261767578125074], [21.421972656250006, 63.24589843750002], [21.415625, 63.197363281250006], [21.37763671875001, 63.19921875000003], [21.36718750000003, 63.207226562499955], [21.318457031250034, 63.17949218749999], [21.30976562500004, 63.162695312500034], [21.25341796875003, 63.152001953124994], [21.14931640625005, 63.19946289062497], [21.08388671875005, 63.27753906249998], [21.236328125, 63.27773437500002], [21.221777343750063, 63.25913085937506], [21.217773437500057, 63.24130859374998]]], [[[24.848242187500006, 64.99101562500002], [24.69892578125004, 64.95781250000002], [24.578613281250057, 64.97856445312505], [24.57656250000008, 65.04287109375002], [24.65117187499999, 65.07397460937506], [24.786035156250023, 65.08642578125], [24.97060546875005, 65.05532226562497], [24.997558593750057, 65.03872070312497], [24.891796874999983, 65.02626953125], [24.848242187500006, 64.99101562500002]]], [[[28.96582031249997, 69.02197265625003], [28.89892578125003, 69.00966796875], [28.692187500000017, 68.96103515625003], [28.566015625000063, 68.92822265625003], [28.4140625, 68.904150390625], [28.45351562500005, 68.87226562499998], [28.70595703125005, 68.86552734375005], [28.744824218750068, 68.85644531250006], [28.772851562500023, 68.84003906249998], [28.777636718750017, 68.81381835937498], [28.752050781250034, 68.77143554687495], [28.479296875000074, 68.53764648437502], [28.470703125, 68.48837890625003], [28.560156250000034, 68.35136718750002], [28.68515625, 68.18979492187503], [29.062988281250057, 68.11796875000007], [29.343847656250006, 68.061865234375], [29.524218750000074, 67.92910156250005], [29.821582031250074, 67.75400390624998], [29.97919921875004, 67.68857421874998], [29.988085937500074, 67.66826171875002], [29.941210937500017, 67.5474609375], [29.750585937500006, 67.42641601562505], [29.57226562499997, 67.32436523437502], [29.38769531249997, 67.20141601562503], [29.24335937500004, 67.09658203125], [29.087011718750063, 66.97094726562497], [29.06904296875004, 66.93022460937502], [29.06621093749999, 66.891748046875], [29.093066406250045, 66.84921875000003], [29.293261718750074, 66.69550781249998], [29.371191406250063, 66.617041015625], [29.46435546875003, 66.53217773437501], [29.544335937499994, 66.439697265625], [29.590722656249994, 66.3568359375], [29.67089843750003, 66.276123046875], [29.72070312500003, 66.23486328125003], [29.803515625000017, 66.17705078125007], [29.903417968750063, 66.09106445312503], [29.936621093750063, 66.02294921875003], [30.0875, 65.7865234375], [30.10273437500004, 65.72626953124998], [30.095312500000063, 65.68168945312505], [30.02900390625004, 65.67070312500002], [29.882617187500074, 65.66362304687499], [29.723925781250074, 65.634375], [29.715917968750006, 65.62456054687505], [29.819433593750063, 65.56875], [29.72802734375003, 65.47343750000007], [29.71484374999997, 65.33696289062507], [29.61718749999997, 65.26533203124995], [29.608007812500063, 65.24868164062502], [29.612402343750006, 65.23476562500002], [29.629687500000074, 65.22387695312503], [29.81054687500003, 65.20473632812505], [29.82617187500003, 65.185302734375], [29.826953125000017, 65.14506835937505], [29.810839843750017, 65.10791015625003], [29.720019531250074, 65.080322265625], [29.622460937499994, 65.03950195312495], [29.600878906250017, 65.00195312500003], [29.604199218750097, 64.96840820312502], [29.6375, 64.91176757812505], [29.70166015624997, 64.84575195312499], [29.78320312499997, 64.804296875], [30.072851562500006, 64.7650390625], [30.110253906249994, 64.73256835937502], [30.12617187500004, 64.68808593750003], [30.12011718749997, 64.64462890625006], [29.985546875000097, 64.55771484375003], [29.986621093750017, 64.52426757812506], [30.041894531249994, 64.443359375], [30.108105468750097, 64.36611328125], [30.390625, 64.28242187499998], [30.487890625, 64.23652343749995], [30.513769531250063, 64.2], [30.527929687500006, 64.14111328124997], [30.52607421875004, 64.07729492187502], [30.50390624999997, 64.02060546875003], [30.415332031250074, 63.94750976562497], [30.210253906250017, 63.803320312500006], [30.00410156250004, 63.74731445312503], [29.991503906250017, 63.735156250000045], [30.055371093750097, 63.689013671875074], [30.418554687500006, 63.50405273437505], [30.65527343749997, 63.41748046875], [30.974804687500097, 63.30063476562498], [31.18085937500004, 63.20830078125002], [31.24746093750005, 63.141894531250074], [31.336718750000017, 63.06806640625004], [31.43701171875003, 63.007714843749994], [31.50927734374997, 62.95532226562497], [31.53652343750005, 62.92163085937506], [31.533984375000074, 62.88540039062505], [31.437304687500074, 62.77612304687497], [31.382421875, 62.691650390625], [31.28564453124997, 62.56782226562501], [31.186718750000097, 62.48139648437498], [30.93574218750004, 62.32377929687502], [30.565625, 62.12758789062502], [30.47968750000004, 62.068212890625006], [30.306445312500074, 61.96484375], [30.009960937500097, 61.75737304687499], [29.933203125000063, 61.711572265624994], [29.690136718750097, 61.54609375000004], [29.579394531250017, 61.493457031250045], [29.49238281250004, 61.444238281249966], [29.25166015625004, 61.28779296874998], [28.99296874999999, 61.169042968750034], [28.739062500000045, 61.05874023437505], [28.662890625000074, 61.00283203125002], [28.568164062500045, 60.96020507812506], [28.45507812500003, 60.91962890625004], [28.407421874999983, 60.89692382812504], [28.151953125, 60.74584960937497], [27.797656250000017, 60.53613281249997], [27.76162109375005, 60.53286132812502], [27.66933593750008, 60.498974609374955], [27.52509765625001, 60.490771484375074], [27.46240234375003, 60.46484375000003], [27.24189453125004, 60.53867187500006], [27.20527343750004, 60.54345703125006], [27.075585937499994, 60.52514648437506], [26.951171875000057, 60.471484375000045], [26.721484375000074, 60.455078125], [26.607421875, 60.43769531250001], [26.53466796875003, 60.41289062500002], [26.51972656250001, 60.471582031249966], [26.551171875000023, 60.545996093750034], [26.60175781250001, 60.59560546875002], [26.6064453125, 60.62792968750003], [26.56933593749997, 60.624560546875045], [26.49580078125001, 60.551806640625074], [26.45644531250008, 60.46679687499997], [26.377734375000017, 60.42407226562497], [26.204687500000034, 60.40659179687506], [26.03603515625005, 60.47490234375002], [25.95595703125008, 60.47421874999998], [26.00625, 60.42529296875006], [26.04023437500001, 60.37158203125003], [26.03583984375001, 60.34150390625004], [25.945898437500063, 60.346777343750034], [25.845800781250006, 60.314599609374966], [25.758007812500068, 60.26752929687498], [25.715429687500006, 60.267431640625034], [25.656445312500068, 60.33320312500004], [25.54824218750005, 60.302490234375], [25.45576171875004, 60.26123046875003], [25.267871093750045, 60.248339843750045], [25.155859375000063, 60.19409179687503], [24.957617187499977, 60.15747070312503], [24.848730468750006, 60.15834960937502], [24.60048828125005, 60.1142578125], [24.51796875000005, 60.04628906250002], [24.445605468750045, 60.02128906249999], [24.342578125000017, 60.042333984375006], [24.025195312500017, 60.009179687499994], [23.721777343750006, 59.965673828125034], [23.592675781249994, 59.968164062499994], [23.463574218749983, 59.98623046875005], [23.326757812500006, 59.92578124999997], [23.181445312500074, 59.84492187500004], [23.021289062500045, 59.816015625], [22.963867187500057, 59.82636718749998], [23.009765625, 59.868798828124994], [23.11572265625, 59.91269531249998], [23.1884765625, 59.97221679687502], [23.198437500000068, 60.021826171875006], [23.1484375, 60.041308593750074], [23.080175781250034, 60.04726562500005], [22.994140625, 60.098535156249994], [22.91171875, 60.209716796875], [22.86708984375005, 60.2158203125], [22.844433593750068, 60.186621093750006], [22.819140625000074, 60.101367187500045], [22.79345703124997, 60.07680664062502], [22.749804687500074, 60.05727539062502], [22.697363281250034, 60.03759765625003], [22.64619140625001, 60.02802734375004], [22.462695312500017, 60.029199218749994], [22.438574218750063, 60.07226562499997], [22.438574218750063, 60.09028320312501], [22.471093750000023, 60.14697265625], [22.442675781250017, 60.156884765624994], [22.46972656250003, 60.201318359374994], [22.512988281250045, 60.19892578125004], [22.564257812500017, 60.20551757812504], [22.589941406250006, 60.22836914062498], [22.587988281250034, 60.255664062500045], [22.516699218750006, 60.262744140625074], [22.512304687500006, 60.281347656250034], [22.575878906250068, 60.35908203124998], [22.584960937500057, 60.38056640624998], [22.560351562500017, 60.385009765625], [22.520507812500057, 60.37656249999998], [22.257910156250034, 60.400927734375045], [21.933984375000023, 60.500292968750045], [21.854296875000045, 60.50541992187502], [21.805273437500006, 60.59414062499999], [21.727148437500006, 60.582910156249994], [21.61328124999997, 60.53095703124998], [21.52783203124997, 60.570410156250034], [21.43603515625003, 60.59638671875001], [21.41064453125, 60.636962890625], [21.411914062500074, 60.696826171875045], [21.404003906250068, 60.767431640625034], [21.37890625000003, 60.85004882812498], [21.36054687500001, 60.96748046875001], [21.377734375000045, 61.059228515624966], [21.450976562500045, 61.12714843750004], [21.479101562500006, 61.17050781249998], [21.513476562500074, 61.28120117187498], [21.52119140625004, 61.41083984375001], [21.50175781249999, 61.45498046875002], [21.506640625000017, 61.48432617187498], [21.565039062500006, 61.48432617187498], [21.55234375, 61.50952148437506], [21.526660156250017, 61.523291015625006], [21.498242187499983, 61.55195312499998], [21.52246093750003, 61.56713867187497], [21.592382812499977, 61.568212890625006], [21.59804687500008, 61.57788085937503], [21.60595703125, 61.59155273437497], [21.551855468749977, 61.666845703125034], [21.54560546875004, 61.70273437500006], [21.470507812500017, 61.81166992187505], [21.384863281249977, 61.91494140625005], [21.255957031250006, 61.989648437499994], [21.30166015625008, 62.112646484375006], [21.35371093750004, 62.22382812499998], [21.343359375000063, 62.277392578125074], [21.323437499999983, 62.34257812500002], [21.165625, 62.41406250000003], [21.1421875, 62.51479492187502], [21.103613281250063, 62.62294921875005], [21.1181640625, 62.689257812500045], [21.14384765624999, 62.739990234375], [21.19570312500008, 62.79052734374997], [21.457519531250057, 62.95], [21.473535156250023, 63.033251953125045], [21.650976562500034, 63.03930664062503], [21.568652343750045, 63.11372070312501], [21.54921875000008, 63.155517578125], [21.54511718750004, 63.20429687499998], [21.800390625, 63.23769531250005], [21.89570312500004, 63.210253906250045], [22.120312500000068, 63.24414062500003], [22.319726562500023, 63.31044921875002], [22.316210937500017, 63.34565429687501], [22.28554687500008, 63.37719726562506], [22.243261718750063, 63.43793945312498], [22.273242187500045, 63.454785156249955], [22.345996093750045, 63.4423828125], [22.312597656249977, 63.47255859375002], [22.318652343750074, 63.50439453125003], [22.398046874999977, 63.49116210937498], [22.527636718750017, 63.579980468749966], [22.532324218749977, 63.64785156250002], [22.75625, 63.68334960937497], [23.014453125000074, 63.821826171875045], [23.13359374999999, 63.86494140625001], [23.24873046875001, 63.896142578124994], [23.493945312500045, 64.03447265625002], [23.598925781250045, 64.04091796875], [23.652929687500034, 64.1341796875], [23.861425781250034, 64.25825195312504], [23.9248046875, 64.27412109374998], [24.022265625000045, 64.38598632812503], [24.27832031249997, 64.515283203125], [24.440625, 64.68012695312501], [24.53017578125005, 64.73867187500002], [24.557910156250017, 64.80102539062503], [24.65761718750008, 64.80629882812505], [24.74755859375, 64.85209960937505], [24.942187500000045, 64.88403320312497], [25.13427734375, 64.87519531249995], [25.21425781250005, 64.85346679687498], [25.288183593750006, 64.86035156250006], [25.28076171875, 64.91640625], [25.22802734375, 64.95102539062503], [25.27109375, 64.98427734374997], [25.372656249999977, 65.00947265624995], [25.3623046875, 65.06513671875001], [25.34023437500005, 65.0986328125], [25.255859375, 65.14326171874995], [25.29785156250003, 65.24321289062507], [25.307910156250045, 65.35273437499998], [25.34785156250001, 65.479248046875], [25.241796875000063, 65.5462890625], [24.839355468750057, 65.66035156249995], [24.764257812500034, 65.65639648437505], [24.674902343750034, 65.67070312500002], [24.58154296875003, 65.75712890625005], [24.623242187499983, 65.83168945312505], [24.628027343749977, 65.85917968750005], [24.591601562500017, 65.85834960937498], [24.532617187499994, 65.82202148437503], [24.404296875000057, 65.78046875000001], [24.2375, 65.812353515625], [24.155468749999983, 65.8052734375], [24.049023437500068, 65.98984375000003], [23.99462890625, 66.06035156249999], [23.907324218750063, 66.14824218750005], [23.75146484375003, 66.191162109375], [23.720996093750045, 66.21542968749998], [23.700292968749977, 66.25263671875001], [23.69355468750004, 66.30429687500006], [23.67382812500003, 66.38071289062498], [23.68203125, 66.44340820312505], [23.701171875, 66.48076171875002], [23.76835937499999, 66.505859375], [23.865527343750074, 66.57661132812501], [23.885839843750034, 66.62802734375], [23.894140625000034, 66.706884765625], [23.938867187500023, 66.775732421875], [23.988574218750017, 66.81054687499997], [23.97607421875003, 66.83823242187503], [23.94179687500008, 66.87783203125002], [23.869335937500068, 66.93403320312501], [23.75898437500004, 67.00258789062502], [23.677343750000034, 67.06811523437506], [23.641503906249994, 67.12939453125], [23.623046875000057, 67.18413085937507], [23.626074218750063, 67.23393554687499], [23.65664062500008, 67.26782226562497], [23.76093750000001, 67.31049804687495], [23.77490234375, 67.32861328125], [23.73359375000001, 67.42290039062505], [23.66083984375004, 67.44003906249998], [23.537109375000057, 67.44916992187495], [23.468066406250017, 67.44995117187503], [23.45488281249999, 67.46025390625002], [23.451464843750017, 67.47919921874995], [23.465429687500006, 67.51787109375002], [23.504492187500063, 67.562158203125], [23.537011718750023, 67.59038085937505], [23.541308593750017, 67.61430664062505], [23.500195312499983, 67.69619140625002], [23.48779296875003, 67.79658203124995], [23.50185546875005, 67.87519531249998], [23.632910156250034, 67.93320312499998], [23.63886718750001, 67.95439453125005], [23.474218750000034, 68.017333984375], [23.35546875, 68.08867187500005], [23.31855468750001, 68.13032226562501], [23.182519531250023, 68.13662109375005], [23.09785156250001, 68.257568359375], [22.975390625000017, 68.31645507812499], [22.854101562500006, 68.36733398437497], [22.78242187500004, 68.391015625], [22.362109375000045, 68.46406249999995], [22.195117187500045, 68.47797851562495], [21.99746093750008, 68.52060546875003], [21.850195312500006, 68.57412109375], [21.72402343750008, 68.608544921875], [21.616015625000017, 68.65097656250003], [21.465429687500063, 68.69067382812503], [21.42236328125, 68.72460937500003], [21.259765625, 68.78745117187503], [21.183398437500074, 68.82880859375001], [20.918554687500034, 68.90693359375004], [20.908984375000017, 68.937744140625], [20.907031250000074, 68.96748046875001], [20.895117187500034, 68.97983398437506], [20.622167968750034, 69.03686523437503], [20.675878906250063, 69.06948242187502], [20.889257812500006, 69.07143554687497], [21.065722656250074, 69.04174804687497], [21.104492187500057, 69.05444335937497], [21.127832031250023, 69.08081054687503], [21.05263671875008, 69.18657226562499], [21.066113281250068, 69.214111328125], [21.14375, 69.24726562500001], [21.26679687500001, 69.27368164062497], [21.46123046874999, 69.27749023437502], [21.59375, 69.27358398437502], [21.62177734375001, 69.27070312499998], [21.819726562500023, 69.15449218750001], [21.989453125000068, 69.04111328125], [22.079687500000063, 68.99277343750003], [22.300390624999977, 68.85585937500002], [22.382910156250006, 68.77661132812503], [22.410937500000045, 68.71987304687502], [22.50068359375001, 68.72021484375], [22.81103515625, 68.6953125], [23.07167968750008, 68.67436523437499], [23.144335937500045, 68.642578125], [23.324023437500074, 68.64897460937507], [23.4625, 68.67763671875005], [23.70703125000003, 68.71386718750006], [23.772558593750063, 68.75839843749998], [23.85400390625003, 68.80590820312497], [23.997363281250017, 68.79843750000003], [24.154101562500074, 68.76088867187502], [24.33203125, 68.7115234375], [24.490527343750045, 68.68867187499998], [24.703222656250034, 68.65283203125006], [24.802441406249983, 68.60649414062502], [24.941406250000057, 68.59326171875], [25.08691406250003, 68.63959960937501], [25.172851562500057, 68.76528320312505], [25.249121093750034, 68.82133789062502], [25.35712890625001, 68.86245117187502], [25.48085937499999, 68.880615234375], [25.575292968750063, 68.88715820312501], [25.64667968750004, 68.91914062500004], [25.748339843750045, 68.99013671875002], [25.768164062500006, 69.07612304687495], [25.748632812500034, 69.23144531249997], [25.767187499999977, 69.28266601562501], [25.850195312500034, 69.36650390625005], [25.961523437500063, 69.588623046875], [26.011523437500017, 69.65263671874999], [26.07246093750001, 69.69155273437502], [26.156152343749994, 69.714697265625], [26.308203124999977, 69.78193359374995], [26.525390625, 69.91503906249997], [26.584277343750017, 69.92631835937505], [26.74023437499997, 69.93305664062501], [26.934277343749983, 69.928125], [27.10869140624999, 69.9046875], [27.127539062500006, 69.906494140625], [27.205664062500034, 69.918701171875], [27.34804687500008, 69.96005859375], [27.59169921875008, 70.04223632812506], [27.74785156249999, 70.06484375000002], [27.88994140624999, 70.061669921875], [28.04726562500008, 69.97167968749997], [28.269140625000063, 69.87143554687498], [28.411718750000063, 69.82275390625], [28.800390625000034, 69.73149414062507], [29.1416015625, 69.67143554687499], [29.333398437499994, 69.47299804687498], [29.238867187500006, 69.39394531250005], [29.19179687499999, 69.36669921875], [29.02490234375003, 69.28798828125005], [28.846289062500063, 69.17690429687497], [28.832617187500006, 69.11899414062498], [28.891894531250017, 69.06059570312499], [28.96582031249997, 69.02197265625003]]]]}}, {"type": "Feature", "properties": {"scalerank": 1, "featurecla": "Admin-0 country", "LABELRANK": 2.0, "SOVEREIGNT": "France", "SOV_A3": "FR1", "ADM0_DIF": 1.0, "LEVEL": 2.0, "TYPE": "Country", "ADMIN": "France", "ADM0_A3": "FRA", "GEOU_DIF": 0.0, "GEOUNIT": "France", "GU_A3": "FRA", "SU_DIF": 0.0, "SUBUNIT": "France", "SU_A3": "FRA", "BRK_DIFF": 0.0, "NAME": "France", "NAME_LONG": "France", "BRK_A3": "FRA", "BRK_NAME": "France", "BRK_GROUP": null, "ABBREV": "Fr.", "POSTAL": "F", "FORMAL_EN": "French Republic", "FORMAL_FR": null, "NAME_CIAWF": "France", "NOTE_ADM0": null, "NOTE_BRK": null, "NAME_SORT": "France", "NAME_ALT": null, "MAPCOLOR7": 7.0, "MAPCOLOR8": 5.0, "MAPCOLOR9": 9.0, "MAPCOLOR13": 11.0, "POP_EST": 67106161.0, "POP_RANK": 16.0, "GDP_MD_EST": 2699000.0, "POP_YEAR": 2017.0, "LASTCENSUS": -99.0, "GDP_YEAR": 2016.0, "ECONOMY": "1. Developed region: G7", "INCOME_GRP": "1. High income: OECD", "WIKIPEDIA": -99.0, "FIPS_10_": "FR", "ISO_A2": "-99", "ISO_A3": "-99", "ISO_A3_EH": "-99", "ISO_N3": "250", "UN_A3": "250", "WB_A2": "FR", "WB_A3": "FRA", "WOE_ID": -90.0, "WOE_ID_EH": 23424819.0, "WOE_NOTE": "Includes only Metropolitan France (including Corsica)", "ADM0_A3_IS": "FRA", "ADM0_A3_US": "FRA", "ADM0_A3_UN": -99.0, "ADM0_A3_WB": -99.0, "CONTINENT": "Europe", "REGION_UN": "Europe", "SUBREGION": "Western Europe", "REGION_WB": "Europe & Central Asia", "NAME_LEN": 6.0, "LONG_LEN": 6.0, "ABBREV_LEN": 3.0, "TINY": -99.0, "HOMEPART": 1.0, "MIN_ZOOM": 0.0, "MIN_LABEL": 1.7, "MAX_LABEL": 6.7}, "geometry": {"type": "MultiPolygon", "coordinates": [[[[1.7060546875, 42.503320312499994], [1.713964843750006, 42.525634765625], [1.740234374999972, 42.556738281250034], [1.739453124999983, 42.57592773437503], [1.709863281249994, 42.60444335937498], [1.568164062500017, 42.635009765625], [1.501367187500023, 42.642724609374994], [1.458886718750023, 42.6216796875], [1.428320312500006, 42.5958984375], [1.349414062500017, 42.69067382812506], [1.293261718750045, 42.70996093749997], [1.208300781250045, 42.713134765625], [1.111132812500074, 42.742041015625034], [1.010058593750074, 42.778955078124994], [0.764453125000045, 42.838037109374966], [0.696875, 42.845117187499994], [0.669824218750051, 42.83574218750002], [0.651757812499994, 42.80043945312502], [0.641992187500051, 42.70063476562504], [0.631640625000074, 42.689599609374994], [0.517675781250034, 42.68627929687503], [0.377246093750045, 42.70014648437501], [0.31289062500008, 42.69326171875005], [0.25546875, 42.69291992187496], [0.201367187499983, 42.719335937500034], [-0.041162109374937, 42.689111328124994], [-0.081494140624983, 42.70385742187497], [-0.140039062500023, 42.74892578125002], [-0.205322265625, 42.785302734374966], [-0.256054687499926, 42.80395507812503], [-0.299316406249943, 42.82534179687505], [-0.338574218749955, 42.82880859375004], [-0.3984375, 42.80810546875], [-0.481152343749955, 42.79931640624997], [-0.5498046875, 42.802001953125], [-0.58642578125, 42.798974609374994], [-0.740185546874983, 42.909521484375034], [-0.762646484374926, 42.939794921875006], [-0.839208984374977, 42.94819335937501], [-0.933837890625, 42.94951171875002], [-1.175439453125023, 43.021142578124966], [-1.28544921874996, 43.05961914062499], [-1.3015625, 43.08247070312501], [-1.300048828125, 43.100976562499966], [-1.31884765625, 43.09697265624996], [-1.352734374999983, 43.064257812500045], [-1.370507812499966, 43.03759765625003], [-1.394042968749972, 43.032617187499994], [-1.428759765624932, 43.03676757812502], [-1.460839843749966, 43.05175781249997], [-1.480468749999972, 43.071142578125034], [-1.459423828124955, 43.10498046875], [-1.422607421875, 43.14912109375001], [-1.40732421874992, 43.197119140625006], [-1.410693359374989, 43.24008789062498], [-1.471728515624989, 43.267675781250006], [-1.561474609374955, 43.27919921875005], [-1.627148437499926, 43.282470703125], [-1.712841796874983, 43.30703125000002], [-1.753271484374949, 43.32470703125], [-1.792724609375, 43.37255859374997], [-1.79404296874992, 43.407324218750034], [-1.63144531249992, 43.43803710937499], [-1.48486328125, 43.56376953125002], [-1.345996093749932, 44.02021484375001], [-1.245507812499994, 44.55986328124999], [-1.170800781249966, 44.66181640624998], [-1.076953124999932, 44.68984375000002], [-1.152880859374932, 44.764013671875034], [-1.200390624999955, 44.72646484375002], [-1.2203125, 44.68662109374998], [-1.24521484374992, 44.66669921875001], [-1.189062499999949, 45.161474609375006], [-1.149072265624966, 45.342626953125034], [-1.081005859374955, 45.53242187499998], [-0.94174804687492, 45.45708007812499], [-0.826318359374937, 45.38066406249999], [-0.76665039062496, 45.314355468749966], [-0.691113281249926, 45.09345703124998], [-0.633984374999926, 45.04711914062497], [-0.548486328124994, 45.000585937500006], [-0.582275390624972, 45.051367187500034], [-0.641113281249943, 45.090185546875034], [-0.733105468749955, 45.38461914062498], [-0.790771484374972, 45.468017578125], [-0.880664062499989, 45.538183593750006], [-1.16997070312496, 45.6859375], [-1.195996093749926, 45.714453125000034], [-1.209960937499943, 45.770898437499994], [-1.11435546874992, 45.76850585937504], [-1.031738281249943, 45.741064453125034], [-1.04150390625, 45.77265624999998], [-1.06601562499992, 45.80566406250006], [-1.104394531250023, 45.92534179687502], [-1.136376953124966, 46.20483398437503], [-1.132031249999955, 46.252685546875], [-1.146289062499932, 46.31137695312506], [-1.23881835937496, 46.32451171874996], [-1.312792968749932, 46.32690429687503], [-1.392480468749994, 46.35009765625003], [-1.786523437499994, 46.51484375000001], [-1.921435546874932, 46.684814453125], [-2.059375, 46.810302734375], [-2.092480468749955, 46.86503906249996], [-2.090283203124955, 46.92050781249998], [-2.018896484374977, 47.037646484375045], [-2.081933593749937, 47.11162109375002], [-2.143554687499972, 47.12631835937498], [-2.19707031249996, 47.16293945312498], [-2.148583984374937, 47.22392578124999], [-2.108300781249994, 47.26293945312503], [-2.027587890624972, 47.273583984374966], [-1.921728515625006, 47.260644531249994], [-1.821289062499972, 47.225341796875], [-1.742529296874977, 47.21596679687505], [-1.975390624999989, 47.310693359374966], [-2.353027343750028, 47.278759765624955], [-2.434423828125006, 47.290966796874955], [-2.503125, 47.31206054687499], [-2.530029296875028, 47.38159179687503], [-2.476318359375, 47.412939453125034], [-2.427685546874955, 47.47089843750001], [-2.48271484374996, 47.511621093749966], [-2.554052734374949, 47.52705078125001], [-2.665917968749994, 47.52617187499999], [-2.770312499999932, 47.51386718749998], [-2.796777343749994, 47.53725585937505], [-2.733105468750011, 47.60180664062506], [-2.78720703124992, 47.62553710937499], [-2.859375, 47.614453124999955], [-2.964062499999983, 47.60107421874997], [-3.064208984374943, 47.62133789062503], [-3.158837890624966, 47.694677734375034], [-3.221582031249966, 47.69414062500002], [-3.264697265624932, 47.68510742187496], [-3.32861328125, 47.71333007812504], [-3.395898437499937, 47.720410156249955], [-3.443945312499949, 47.711035156250006], [-3.5078125, 47.753125], [-3.900927734374989, 47.83754882812502], [-4.070703125000023, 47.84785156249998], [-4.226416015624949, 47.80961914062502], [-4.312109374999977, 47.822900390624966], [-4.375097656249949, 47.87744140624997], [-4.427978515624972, 47.968945312499955], [-4.67880859374992, 48.039501953124955], [-4.629199218749932, 48.08579101562506], [-4.512402343749926, 48.09672851562499], [-4.377832031249966, 48.12880859375002], [-4.329443359374977, 48.16997070312499], [-4.434619140624989, 48.21796874999998], [-4.51220703125, 48.22973632812497], [-4.544335937499966, 48.24697265625002], [-4.577148437499972, 48.2900390625], [-4.530664062499937, 48.30971679687502], [-4.49790039062492, 48.29926757812504], [-4.4033203125, 48.293066406250006], [-4.241406249999983, 48.30366210937504], [-4.3017578125, 48.347070312499994], [-4.364404296874994, 48.35673828125002], [-4.393164062499977, 48.36762695312501], [-4.524804687499966, 48.372314453125], [-4.584716796875028, 48.357519531250006], [-4.719384765624994, 48.36313476562498], [-4.74853515625, 48.410009765625034], [-4.7625, 48.45024414062496], [-4.720751953124932, 48.539892578125034], [-4.531201171874955, 48.619970703125006], [-4.058886718750017, 48.70751953124997], [-3.855664062499983, 48.69472656250002], [-3.714794921874983, 48.71049804687496], [-3.545996093749977, 48.76567382812502], [-3.47148437499996, 48.812939453124955], [-3.2314453125, 48.84082031250006], [-3.00322265624996, 48.79067382812505], [-2.792871093750023, 48.60107421875006], [-2.692333984374955, 48.53681640625001], [-2.446191406249994, 48.64829101562498], [-2.079443359374977, 48.64501953125003], [-2.003710937499989, 48.58208007812499], [-1.97314453125, 48.63510742187506], [-1.905712890624926, 48.69711914062498], [-1.85195312499999, 48.668847656249994], [-1.824707031249943, 48.63051757812502], [-1.437646484374966, 48.64140625000002], [-1.376464843750028, 48.65258789062497], [-1.480468749999972, 48.697607421875006], [-1.565478515624989, 48.805517578125034], [-1.58310546874992, 49.202392578125], [-1.690332031250023, 49.31318359375001], [-1.813427734374955, 49.490136718749994], [-1.870068359374955, 49.595117187499966], [-1.875390624999966, 49.63139648437499], [-1.856445312500028, 49.68378906250001], [-1.705126953125017, 49.68095703124996], [-1.588232421875006, 49.66767578125001], [-1.365722656249972, 49.707275390625], [-1.258642578125006, 49.68017578124997], [-1.26494140624996, 49.59824218749998], [-1.232275390624949, 49.49487304687497], [-1.194970703124994, 49.44482421875], [-1.138525390624949, 49.38789062500004], [-0.959130859374994, 49.393164062500034], [-0.765527343749994, 49.35971679687498], [-0.520898437499966, 49.35454101562499], [-0.163476562499994, 49.29677734375002], [-0.011181640624955, 49.330224609374994], [0.136132812500023, 49.401513671874966], [0.416894531250023, 49.44838867187502], [0.439257812500045, 49.47319335937499], [0.277636718750074, 49.46328125000002], [0.12939453125, 49.508447265624994], [0.109375, 49.55751953125005], [0.126562500000034, 49.60156250000003], [0.18671875000004, 49.70302734375002], [0.616210937500057, 49.862939453124994], [0.924121093750074, 49.910205078125045], [1.24550781250008, 49.99824218750004], [1.4072265625, 50.08852539062505], [1.51406250000008, 50.20507812499997], [1.548437499999977, 50.23071289062506], [1.592773437500057, 50.252197265625], [1.551562499999989, 50.29394531249997], [1.579492187499994, 50.7392578125], [1.609570312500011, 50.81948242187502], [1.67226562500008, 50.88500976562503], [1.767675781250063, 50.935693359374966], [1.9125, 50.990625], [2.44570312500008, 51.06650390624998], [2.524902343750057, 51.09711914062498], [2.536035156250023, 51.04951171874998], [2.574804687500006, 50.98857421874999], [2.601464843750023, 50.955273437499955], [2.57929687500004, 50.911767578124994], [2.596777343750034, 50.875927734374955], [2.66914062500004, 50.811425781249966], [2.759375, 50.75063476562502], [2.83974609375008, 50.711767578125006], [2.862402343750063, 50.71601562499998], [2.921972656250034, 50.72705078125], [3.02285156250008, 50.766894531250045], [3.106835937500023, 50.77944335937502], [3.154882812500063, 50.74892578125002], [3.18203125000008, 50.73168945312497], [3.234960937500034, 50.662939453125006], [3.249804687500017, 50.591162109375034], [3.273339843750023, 50.53154296874996], [3.316210937500045, 50.50737304687502], [3.476953125000023, 50.49946289062501], [3.595410156250011, 50.47734375000002], [3.626757812499989, 50.457324218750045], [3.667285156249989, 50.324804687500034], [3.689355468750051, 50.30605468750002], [3.718847656250006, 50.32167968750002], [3.748046875000028, 50.34350585937503], [3.78857421875, 50.34697265625002], [3.858105468750068, 50.33857421875001], [3.949707031249972, 50.3359375], [4.04414062500004, 50.321337890625045], [4.174609375000045, 50.246484374999966], [4.169628906250011, 50.221777343750006], [4.144140625000063, 50.178417968749955], [4.135253906250028, 50.14379882812503], [4.15771484375, 50.12988281250003], [4.192187499999989, 50.09414062500002], [4.183886718750074, 50.05283203125006], [4.15029296875008, 50.02387695312501], [4.136816406250006, 50.0], [4.137011718750045, 49.98447265624998], [4.149316406250051, 49.97158203125002], [4.176074218749989, 49.96025390625002], [4.36875, 49.94497070312502], [4.545019531250034, 49.96025390625002], [4.656152343750023, 50.00244140625], [4.675097656250045, 50.046875], [4.706640625, 50.097070312499994], [4.77285156250008, 50.13906250000002], [4.818652343750074, 50.15317382812498], [4.860546875000011, 50.135888671874994], [4.790039062500028, 49.95957031250006], [4.84150390625004, 49.91450195312501], [4.849121093749972, 49.84711914062498], [4.867578125000023, 49.788134765625045], [4.930566406250051, 49.78925781250001], [5.006933593750063, 49.77836914062499], [5.06103515625, 49.75654296874998], [5.124121093750063, 49.72148437499996], [5.215039062500011, 49.68925781249996], [5.278808593750028, 49.677929687499955], [5.30195312500004, 49.65097656249998], [5.353515624999972, 49.61982421875004], [5.434667968749977, 49.55449218749996], [5.507324218750057, 49.51088867187505], [5.54238281250008, 49.51103515624999], [5.610058593750011, 49.52822265625002], [5.710449218750028, 49.53920898437505], [5.789746093750011, 49.53828125], [5.823437500000011, 49.505078125], [5.9013671875, 49.48974609375], [5.928906250000011, 49.4775390625], [5.95947265625, 49.454638671874996], [6.011425781250011, 49.445458984374994], [6.074121093750023, 49.454638671874996], [6.119921875000017, 49.485205078125], [6.181054687500023, 49.498925781249994], [6.2421875, 49.4943359375], [6.277343749999972, 49.4775390625], [6.344335937500006, 49.452734375], [6.382226562500023, 49.45815429687505], [6.458105468750034, 49.44287109375003], [6.534277343750006, 49.394677734374994], [6.566308593750051, 49.34619140624997], [6.57470703125, 49.31967773437498], [6.60761718750004, 49.29086914062498], [6.735449218750063, 49.16059570312501], [6.776269531250023, 49.154150390625006], [6.820703125000023, 49.17392578125006], [6.849511718750023, 49.20195312499999], [6.891210937499977, 49.20751953124997], [6.958300781250074, 49.19462890625002], [7.001464843749972, 49.17988281250001], [7.022167968750011, 49.123437499999966], [7.036718750000063, 49.11269531250002], [7.065722656250017, 49.124853515625006], [7.117382812500068, 49.127539062500006], [7.199902343749983, 49.113623046875034], [7.313378906250023, 49.129541015624966], [7.404199218750051, 49.15307617187497], [7.45058593750008, 49.15219726562498], [7.525488281250063, 49.08637695312498], [7.610937500000063, 49.06176757812503], [7.799218750000051, 49.041894531249966], [8.001269531250017, 49.01093749999998], [8.080664062500006, 48.98588867187502], [8.134863281250034, 48.97358398437501], [8.140332031250011, 48.88642578125001], [8.124023437500057, 48.873291015625], [7.92275390625008, 48.69853515625002], [7.837988281250063, 48.63603515624999], [7.794824218750051, 48.54682617187501], [7.765136718750028, 48.410009765625034], [7.705664062500006, 48.28002929687503], [7.61660156250008, 48.15678710937496], [7.58417968750004, 48.064306640625034], [7.608496093750006, 48.002587890624994], [7.593261718750028, 47.90566406250005], [7.538574218749972, 47.773632812499955], [7.529394531250063, 47.67387695312499], [7.565429687500028, 47.606542968750034], [7.615625, 47.592724609375], [7.494921875000017, 47.54736328125], [7.467382812500006, 47.507666015625], [7.420019531249977, 47.455175781250006], [7.343164062500023, 47.43310546875], [7.265722656250006, 47.42578125], [7.203125, 47.43271484375], [7.16748046875, 47.4537109375], [7.169238281250017, 47.4732421875], [7.136035156250017, 47.48984375], [7.053417968749983, 47.48935546875006], [6.968359374999977, 47.45322265624998], [6.900390625, 47.39423828125004], [6.921484375, 47.361230468749994], [6.984082031249983, 47.35253906249997], [7.000585937500006, 47.339453125], [7.000585937500006, 47.322509765625], [6.978515625, 47.302050781249996], [6.952050781250023, 47.2671875], [6.820703125000023, 47.16318359375], [6.688085937500006, 47.058251953124966], [6.666894531250023, 47.026513671874994], [6.624804687500017, 47.004345703125], [6.45625, 46.94833984375], [6.438574218750006, 46.92587890625], [6.429003906250017, 46.832275390625], [6.41015625, 46.755419921874996], [6.28515625, 46.683056640625], [6.160742187500006, 46.61103515625], [6.129687500000017, 46.5669921875], [6.10703125, 46.51606445312501], [6.06796875, 46.458544921874996], [6.060253906250011, 46.428173828125], [6.123242187500011, 46.37861328125], [6.115917968750011, 46.337646484375], [6.095898437500011, 46.27939453125], [6.0361328125, 46.238085937499996], [5.970019531250017, 46.214697265625], [5.971484375000017, 46.151220703125], [6.006640625000017, 46.142333984375], [6.086621093750011, 46.147021484374996], [6.199414062500011, 46.19306640625], [6.27294921875, 46.252246093749996], [6.229589843750006, 46.308447265625], [6.22421875, 46.31943359375], [6.234667968750017, 46.3326171875], [6.321875, 46.393701171874994], [6.428906250000011, 46.430517578125], [6.578222656250006, 46.437353515625034], [6.758105468750017, 46.415771484375], [6.776074218750011, 46.40664062499999], [6.767382812500017, 46.369189453124996], [6.7841796875, 46.31396484375], [6.816796875000023, 46.275195312499996], [6.772070312500006, 46.16513671875], [6.8056640625, 46.130664062499996], [6.858007812500006, 46.089404296874996], [6.897265625000017, 46.0517578125], [6.953710937500006, 46.017138671874996], [7.00390625, 45.958837890625], [7.02109375, 45.92578125], [6.940820312500051, 45.86835937500004], [6.804492187499989, 45.814550781250006], [6.789160156250063, 45.78007812499999], [6.79091796875008, 45.740869140624994], [6.80625, 45.71000976562502], [6.881445312500034, 45.67036132812501], [6.962402343750028, 45.58056640625003], [7.013671874999972, 45.50048828125006], [7.126074218750063, 45.423681640625034], [7.153417968750034, 45.40092773437502], [7.146386718750023, 45.38173828125002], [7.116796875000034, 45.34902343750002], [7.078320312500011, 45.23994140624998], [7.032421875000068, 45.22260742187501], [6.98125, 45.215576171875], [6.842285156250057, 45.135644531249966], [6.780371093750063, 45.14531249999999], [6.692285156250051, 45.14428710937506], [6.627734375000045, 45.11796875000002], [6.634765625000057, 45.06816406249999], [6.691406250000057, 45.02260742187505], [6.724707031250006, 44.97299804687506], [6.73818359375008, 44.92138671875003], [6.801074218750017, 44.88315429687506], [6.889355468750068, 44.86030273437501], [6.939843750000051, 44.85874023437506], [6.972851562500011, 44.84501953125002], [6.992675781250057, 44.82729492187505], [7.03066406250008, 44.716699218749966], [7.007910156250063, 44.68896484375], [6.960351562500051, 44.677148437499994], [6.931933593750017, 44.63164062499996], [6.875195312500011, 44.56455078124998], [6.842968750000011, 44.51069335937501], [6.878613281250011, 44.46328125000005], [6.893847656250074, 44.42817382812498], [6.874804687500017, 44.39204101562501], [6.900195312500045, 44.33574218749999], [6.967285156250028, 44.280029296875], [7.1494140625, 44.20170898437496], [7.318554687500011, 44.13798828125002], [7.370898437500017, 44.12739257812501], [7.599414062500017, 44.16835937499999], [7.63720703125, 44.16484374999999], [7.6650390625, 44.11601562499999], [7.677148437500051, 44.083154296874966], [7.651464843750063, 44.03364257812501], [7.589648437500074, 43.965429687500034], [7.522656250000011, 43.91108398437498], [7.48203125, 43.864892578124994], [7.490527343750045, 43.82294921874998], [7.493164062500057, 43.76713867187496], [7.438671875000011, 43.750439453125], [7.436914062500023, 43.761474609375], [7.41445312499999, 43.77089843750002], [7.39501953125, 43.76533203125], [7.380078125000011, 43.75322265624999], [7.377734375000017, 43.731738281249996], [7.261523437500017, 43.69609374999999], [7.181445312500045, 43.65913085937498], [6.864746093750028, 43.438330078125034], [6.716601562500045, 43.37358398437499], [6.687402343750023, 43.334570312500034], [6.657226562500028, 43.26166992187501], [6.570214843750051, 43.19907226562498], [6.49404296875008, 43.169287109375034], [6.305371093750011, 43.13872070312502], [6.11591796875004, 43.072363281250006], [6.030566406250074, 43.100976562499966], [5.809472656250051, 43.09790039062497], [5.67158203125004, 43.177832031250006], [5.406542968750045, 43.22851562500003], [5.320214843750023, 43.34492187500001], [5.199511718750045, 43.352490234374955], [5.120410156250017, 43.348974609375034], [5.073144531250051, 43.366601562499994], [5.060839843750045, 43.40629882812499], [5.059765624999983, 43.44453124999998], [4.97597656250008, 43.42695312500004], [4.911914062500074, 43.42695312500004], [4.873730468750011, 43.41162109375003], [4.843554687499989, 43.393945312499966], [4.807910156250017, 43.405224609374955], [4.787207031250063, 43.40141601562499], [4.7890625, 43.37890625000003], [4.71210937500004, 43.37329101562503], [4.628710937500017, 43.38710937499999], [4.409765625, 43.44721679687498], [4.376171874999983, 43.456396484375006], [4.224218750000034, 43.47963867187502], [4.16279296875004, 43.50366210937503], [4.113085937500045, 43.56303710937496], [4.075097656250023, 43.58183593749996], [4.05263671875008, 43.593066406250045], [3.91083984375004, 43.56308593750006], [3.861621093750074, 43.51635742187503], [3.784765625000034, 43.46162109374998], [3.258886718750006, 43.193212890625034], [3.162890624999989, 43.08076171875004], [3.0517578125, 42.915136718750034], [3.043066406250006, 42.83789062500003], [3.090917968749977, 42.59086914062496], [3.197851562500006, 42.461181640625], [3.211425781250028, 42.43115234375003], [3.152148437500017, 42.431005859375006], [3.052636718749994, 42.44721679687501], [2.970019531250045, 42.46723632812501], [2.891406250000017, 42.45605468750003], [2.815625, 42.42924804687499], [2.749414062500051, 42.41303710937498], [2.70185546875004, 42.40849609375002], [2.670019531250034, 42.39301757812498], [2.654785156250057, 42.36210937499999], [2.651660156250017, 42.34047851562502], [2.567968750000034, 42.345800781250034], [2.374414062500023, 42.39028320312505], [2.200390625000011, 42.42094726562499], [2.098339843750011, 42.38608398437498], [2.032714843750057, 42.35351562500003], [1.986523437500068, 42.35849609375006], [1.951464843750017, 42.39277343750001], [1.927929687500011, 42.42631835937502], [1.85976562500008, 42.45708007812499], [1.7060546875, 42.503320312499994]]], [[[-51.652539062499955, 4.061279296875], [-51.68344726562495, 4.039697265625037], [-51.76708984375003, 3.992675781250057], [-51.80527343749998, 3.929931640624972], [-51.82749023437498, 3.869580078125026], [-51.879492187500006, 3.828564453125011], [-51.928906249999955, 3.776953124999977], [-51.9443359375, 3.735107421874972], [-51.990625, 3.702001953124977], [-51.99951171874994, 3.646875], [-52.116113281249994, 3.452294921875009], [-52.16259765624994, 3.364697265625011], [-52.22944335937498, 3.271679687499983], [-52.27124023437497, 3.237109375000045], [-52.32788085937497, 3.181738281250034], [-52.356640624999955, 3.11772460937496], [-52.356640624999955, 3.051562499999989], [-52.396386718749966, 2.972216796874989], [-52.418408203124926, 2.903857421875003], [-52.45585937500002, 2.864160156249994], [-52.5546875, 2.64765625000004], [-52.559472656249994, 2.573144531250037], [-52.58300781249997, 2.52890625], [-52.65317382812498, 2.425732421875026], [-52.700634765624955, 2.36367187499999], [-52.783398437499955, 2.317187500000031], [-52.87041015625002, 2.266650390625045], [-52.903466796874994, 2.211523437500006], [-52.96484374999997, 2.183544921874983], [-53.009716796874955, 2.181738281249977], [-53.082275390625, 2.20170898437496], [-53.18007812499994, 2.211328124999966], [-53.22978515624993, 2.204882812499974], [-53.25219726562497, 2.232275390624963], [-53.285498046875006, 2.295214843750003], [-53.334423828124955, 2.339746093750009], [-53.36601562499999, 2.324218750000043], [-53.43183593749998, 2.27944335937498], [-53.50898437499998, 2.253125], [-53.56396484375, 2.261914062499969], [-53.68369140624995, 2.292919921874969], [-53.73471679687495, 2.308544921875054], [-53.750146484374994, 2.335009765625017], [-53.767773437499955, 2.354833984374977], [-53.79423828125002, 2.345996093750045], [-53.82954101562501, 2.312939453124969], [-53.876611328124994, 2.278271484375011], [-53.94643554687502, 2.232568359375023], [-54.089746093749994, 2.150488281250006], [-54.130078124999955, 2.12104492187504], [-54.167382812499994, 2.13706054687502], [-54.22797851562501, 2.153320312500043], [-54.293066406250034, 2.154248046874969], [-54.43310546874994, 2.207519531249986], [-54.515087890624955, 2.245458984374991], [-54.55048828124998, 2.293066406250006], [-54.591943359374994, 2.31376953124996], [-54.61625976562499, 2.326757812499991], [-54.60473632812503, 2.335791015625006], [-54.56840820312499, 2.342578124999989], [-54.53593749999999, 2.343310546874989], [-54.485546875, 2.416113281249991], [-54.40200195312502, 2.461523437500034], [-54.256738281249994, 2.713720703124991], [-54.1955078125, 2.81787109375], [-54.18808593749999, 2.874853515624991], [-54.17070312499999, 2.993603515624997], [-54.203125, 3.13818359375], [-54.18803710937499, 3.178759765624989], [-54.06318359375001, 3.353320312500003], [-54.00957031249999, 3.448535156249989], [-54.00595703124999, 3.530517578125], [-53.99047851562503, 3.589550781249983], [-54.00590820312499, 3.620410156249989], [-54.03422851562499, 3.62939453125], [-54.08198242187501, 3.705957031249994], [-54.11279296875, 3.769433593749994], [-54.19746093750001, 3.834423828125054], [-54.25551757812502, 3.90107421875004], [-54.350732421874994, 4.054101562499994], [-54.34213867187499, 4.140039062499994], [-54.369140625, 4.170947265624989], [-54.398388671875, 4.202490234374991], [-54.396240234375, 4.241406250000011], [-54.41601562500003, 4.337646484374986], [-54.440673828125, 4.428027343750017], [-54.44960937499999, 4.485009765624994], [-54.42607421874999, 4.5830078125], [-54.44023437499999, 4.691992187499963], [-54.471142578125, 4.749316406249989], [-54.4796875, 4.836523437499991], [-54.47333984375, 4.914697265624994], [-54.446875, 4.95878906249996], [-54.45219726562499, 5.013476562499989], [-54.33164062499999, 5.187402343749994], [-54.24018554687501, 5.288232421875023], [-54.15595703125, 5.35898437499999], [-54.08530273437498, 5.411816406249983], [-53.989599609375006, 5.676025390624986], [-53.91992187499994, 5.768994140624997], [-53.84716796874994, 5.782226562500028], [-53.45444335937498, 5.563476562500057], [-53.27036132812495, 5.543261718750017], [-52.89931640624994, 5.425048828125014], [-52.764990234375034, 5.273486328125045], [-52.45395507812498, 5.021337890625006], [-52.29052734375, 4.9421875], [-52.288916015625034, 4.876123046874994], [-52.32460937500002, 4.770898437499966], [-52.219970703125, 4.862792968750043], [-52.05810546874997, 4.717382812499991], [-52.01230468749998, 4.645996093750014], [-51.96191406250003, 4.514404296875028], [-51.979345703125006, 4.42988281250004], [-52.00170898437494, 4.386230468750028], [-52.00292968750003, 4.352294921875043], [-51.95478515624998, 4.39907226562498], [-51.92768554687498, 4.436132812499977], [-51.919580078124994, 4.524316406250009], [-51.880273437499994, 4.633740234374997], [-51.827539062499994, 4.63569335937504], [-51.78564453125, 4.570507812499997], [-51.69863281250002, 4.286816406250026], [-51.66582031249999, 4.228808593750017], [-51.653271484374926, 4.138769531249977], [-51.65810546874994, 4.09848632812502], [-51.652539062499955, 4.061279296875]]], [[[55.79736328124997, -21.339355468750014], [55.656152343749994, -21.369042968750023], [55.55761718750003, -21.358300781249966], [55.362695312499994, -21.273632812500026], [55.310351562500074, -21.217382812500034], [55.2328125, -21.058398437499974], [55.25, -21.00244140625003], [55.31132812500002, -20.904101562499974], [55.45048828125002, -20.865136718750037], [55.59648437500002, -20.87958984375004], [55.66191406250002, -20.90625], [55.73916015625005, -21.021484375], [55.83906250000004, -21.138574218749966], [55.82246093750004, -21.27783203125], [55.79736328124997, -21.339355468750014]]], [[[45.180273437500006, -12.976757812500026], [45.11757812499999, -12.984960937500006], [45.08769531250002, -12.958496093750028], [45.06943359375006, -12.895605468750006], [45.08828125, -12.83505859375002], [45.093554687500074, -12.7861328125], [45.042578125, -12.701269531250034], [45.092382812500006, -12.653027343749969], [45.13476562499997, -12.70917968750004], [45.15878906250006, -12.71298828125002], [45.22314453125003, -12.752148437500011], [45.2042968750001, -12.824316406249963], [45.20859375000006, -12.847949218749989], [45.1793945312501, -12.92021484374996], [45.180273437500006, -12.976757812500026]]], [[[-60.82626953124998, 14.49448242187502], [-60.836621093749955, 14.437402343750023], [-60.86210937500002, 14.426269531249972], [-60.89941406249997, 14.47377929687498], [-61.06372070312497, 14.467089843750031], [-61.08886718750003, 14.509570312499989], [-61.09033203124997, 14.5296875], [-61.011328125000034, 14.601904296874963], [-61.10429687499996, 14.621240234374994], [-61.14111328125, 14.652392578125031], [-61.21972656249994, 14.804394531250011], [-61.21333007812498, 14.84858398437504], [-61.18081054687502, 14.871923828124991], [-61.127392578124955, 14.875292968749974], [-61.02709960937497, 14.826171875], [-60.952539062499966, 14.75625], [-60.92714843750002, 14.755175781250017], [-60.91865234374998, 14.735351562499972], [-60.933691406250034, 14.686181640624994], [-60.88916015625, 14.644531250000028], [-60.869970703125006, 14.613720703124969], [-60.82626953124998, 14.49448242187502]]], [[[-61.23046875, 15.889941406250017], [-61.286230468750006, 15.886035156250017], [-61.31074218750001, 15.894677734374994], [-61.31840820312499, 15.954882812499989], [-61.275292968749994, 15.996240234374994], [-61.25, 16.006298828124983], [-61.212353515624955, 15.959912109374955], [-61.20341796874999, 15.921240234374977], [-61.23046875, 15.889941406250017]]], [[[-61.58955078124998, 16.006933593750034], [-61.67045898437493, 15.962060546875051], [-61.71025390624996, 15.975927734375034], [-61.75942382812494, 16.06206054687499], [-61.794091796874994, 16.300976562499983], [-61.76713867187499, 16.34047851562505], [-61.74804687500003, 16.355273437500045], [-61.641503906249994, 16.325976562500017], [-61.59702148437498, 16.292187499999983], [-61.552343750000034, 16.270898437499994], [-61.575048828125034, 16.227148437500034], [-61.563867187499966, 16.047753906249994], [-61.58955078124998, 16.006933593750034]]], [[[-61.32714843749997, 16.23041992187501], [-61.44482421874997, 16.219287109375045], [-61.52216796875001, 16.228027343750057], [-61.53999023437501, 16.299609375000074], [-61.50058593749998, 16.360205078124977], [-61.52890624999995, 16.433789062499955], [-61.510644531249966, 16.477685546875023], [-61.47119140625003, 16.506640625000045], [-61.40644531249998, 16.468310546875074], [-61.396142578124994, 16.413427734374977], [-61.35546874999997, 16.36318359375005], [-61.17260742187503, 16.256103515625], [-61.32714843749997, 16.23041992187501]]], [[[9.48037109375008, 42.80541992187497], [9.454199218750063, 42.65859375], [9.473242187500034, 42.615576171875034], [9.509375, 42.58559570312505], [9.526171875000074, 42.552636718749994], [9.556445312500017, 42.160937500000045], [9.550683593749994, 42.12973632812498], [9.428417968750068, 41.972412109375], [9.400878906250028, 41.92622070312501], [9.394824218750045, 41.73120117187497], [9.37421875000004, 41.67880859375006], [9.330859375000074, 41.62714843750001], [9.253417968750028, 41.46005859374998], [9.186132812499977, 41.38491210937505], [9.003027343749977, 41.47656249999997], [8.89501953125, 41.516162109375045], [8.842089843750074, 41.558886718750045], [8.807519531250051, 41.58837890625], [8.82978515625004, 41.62768554687503], [8.879003906250034, 41.668554687500006], [8.886816406250034, 41.70068359374997], [8.770996093750057, 41.73710937500002], [8.717968750000011, 41.76142578125001], [8.718652343750051, 41.80400390624999], [8.758691406250051, 41.87041015625002], [8.74042968750004, 41.92514648437506], [8.673632812500017, 41.92236328125003], [8.621875, 41.930712890625045], [8.615136718750023, 41.959130859374966], [8.653417968750006, 41.99555664062501], [8.702539062500051, 42.04311523437502], [8.700976562500017, 42.095605468749966], [8.6416015625, 42.118212890625045], [8.587792968750051, 42.16083984375001], [8.566210937500074, 42.21879882812502], [8.607910156250057, 42.25844726562502], [8.67548828125004, 42.28403320312498], [8.62587890625008, 42.343408203124994], [8.592382812500006, 42.3447265625], [8.565625, 42.35771484374999], [8.5875, 42.38530273437502], [8.640039062500023, 42.42656249999999], [8.713085937500068, 42.54975585937504], [8.814843750000023, 42.60791015624997], [8.994921875000017, 42.6453125], [9.043652343750011, 42.66166992187499], [9.088378906250057, 42.70498046875002], [9.137890625000011, 42.73291015625003], [9.198046875000017, 42.72919921874998], [9.253515625000034, 42.71245117187496], [9.287695312499977, 42.69462890624996], [9.31337890625008, 42.71318359375002], [9.33837890625, 42.766894531250045], [9.323046875000074, 42.81406250000006], [9.330957031249994, 42.94379882812501], [9.36318359375008, 43.01738281249999], [9.41523437500004, 43.02148437500003], [9.463281250000051, 42.98100585937496], [9.46083984375008, 42.94521484375002], [9.478613281250063, 42.860498046874994], [9.48037109375008, 42.80541992187497]]], [[[-1.178320312499977, 45.90405273437503], [-1.213574218749955, 45.81660156249998], [-1.280273437499972, 45.89711914062502], [-1.36870117187496, 45.96767578125002], [-1.388867187499983, 46.032958984375], [-1.388671875000028, 46.050390625], [-1.285058593749966, 46.00268554687506], [-1.178320312499977, 45.90405273437503]]]]}}, {"type": "Feature", "properties": {"scalerank": 3, "featurecla": "Admin-0 country", "LABELRANK": 6.0, "SOVEREIGNT": "Denmark", "SOV_A3": "DN1", "ADM0_DIF": 1.0, "LEVEL": 2.0, "TYPE": "Dependency", "ADMIN": "Faroe Islands", "ADM0_A3": "FRO", "GEOU_DIF": 0.0, "GEOUNIT": "Faroe Islands", "GU_A3": "FRO", "SU_DIF": 0.0, "SUBUNIT": "Faroe Islands", "SU_A3": "FRO", "BRK_DIFF": 0.0, "NAME": "Faeroe Is.", "NAME_LONG": "Faeroe Islands", "BRK_A3": "FRO", "BRK_NAME": "Faeroe Islands", "BRK_GROUP": null, "ABBREV": "Faeroe Is.", "POSTAL": "FO", "FORMAL_EN": "F\u00f8royar Is. (Faeroe Is.)", "FORMAL_FR": null, "NAME_CIAWF": "Faroe Islands", "NOTE_ADM0": "Den.", "NOTE_BRK": null, "NAME_SORT": "Faeroe Islands", "NAME_ALT": null, "MAPCOLOR7": 4.0, "MAPCOLOR8": 1.0, "MAPCOLOR9": 3.0, "MAPCOLOR13": 12.0, "POP_EST": 50730.0, "POP_RANK": 8.0, "GDP_MD_EST": 2001.0, "POP_YEAR": 2017.0, "LASTCENSUS": 2011.0, "GDP_YEAR": 2014.0, "ECONOMY": "2. Developed region: nonG7", "INCOME_GRP": "2. High income: nonOECD", "WIKIPEDIA": -99.0, "FIPS_10_": "FO", "ISO_A2": "FO", "ISO_A3": "FRO", "ISO_A3_EH": "FRO", "ISO_N3": "234", "UN_A3": "234", "WB_A2": "FO", "WB_A3": "FRO", "WOE_ID": 23424816.0, "WOE_ID_EH": 23424816.0, "WOE_NOTE": "Exact WOE match as country", "ADM0_A3_IS": "FRO", "ADM0_A3_US": "FRO", "ADM0_A3_UN": -99.0, "ADM0_A3_WB": -99.0, "CONTINENT": "Europe", "REGION_UN": "Europe", "SUBREGION": "Northern Europe", "REGION_WB": "Europe & Central Asia", "NAME_LEN": 10.0, "LONG_LEN": 14.0, "ABBREV_LEN": 10.0, "TINY": 3.0, "HOMEPART": -99.0, "MIN_ZOOM": 0.0, "MIN_LABEL": 4.0, "MAX_LABEL": 9.0}, "geometry": {"type": "MultiPolygon", "coordinates": [[[[-6.699462890625, 61.444628906250045], [-6.679687499999972, 61.414306640625], [-6.703027343749994, 61.41767578124998], [-6.7705078125, 61.452246093750006], [-6.888134765624983, 61.534765625000034], [-6.929248046874989, 61.602929687499966], [-6.934863281249989, 61.634326171875074], [-6.905908203124937, 61.63081054687498], [-6.881640624999989, 61.60278320312503], [-6.770019531249972, 61.584375], [-6.740625, 61.57050781250004], [-6.741064453124949, 61.536376953125], [-6.703515624999937, 61.495947265625034], [-6.699462890625, 61.444628906250045]]], [[[-6.623193359374994, 61.805957031250045], [-6.642773437499983, 61.768310546875], [-6.670166015624972, 61.76865234374998], [-6.764257812499949, 61.815332031249994], [-6.839160156249932, 61.84077148437504], [-6.863964843749926, 61.862255859374955], [-6.884765625, 61.89912109375001], [-6.841796874999943, 61.903710937499966], [-6.790771484374943, 61.895361328125034], [-6.662109375000028, 61.861767578124955], [-6.62583007812492, 61.82670898437502], [-6.623193359374994, 61.805957031250045]]], [[[-7.186865234374977, 62.139306640624994], [-7.097119140625011, 62.10053710937501], [-7.065185546874972, 62.07324218750006], [-7.11679687499992, 62.04682617187498], [-7.179394531249983, 62.04003906250003], [-7.254931640624989, 62.04614257812503], [-7.379101562499983, 62.074804687500006], [-7.422607421874972, 62.14028320312502], [-7.336767578124977, 62.13867187500006], [-7.235302734375011, 62.151220703125034], [-7.186865234374977, 62.139306640624994]]], [[[-6.631054687500011, 62.227880859375034], [-6.655810546874989, 62.093603515625034], [-6.696435546874994, 62.094335937500006], [-6.76889648437492, 62.13149414062502], [-6.823437499999926, 62.139111328124955], [-6.840527343749955, 62.11928710937502], [-6.837695312499989, 62.09541015625004], [-6.809472656249937, 62.080419921875006], [-6.722558593749994, 61.99038085937505], [-6.714404296874932, 61.96416015625002], [-6.725195312500006, 61.95146484375002], [-6.809716796874994, 61.977441406249994], [-7.013574218749937, 62.093994140625], [-7.172167968749932, 62.285595703124955], [-6.958642578124937, 62.316259765625006], [-6.803662109374983, 62.26596679687506], [-6.631054687500011, 62.227880859375034]]], [[[-6.406054687499989, 62.25864257812498], [-6.453857421874972, 62.18652343750003], [-6.524707031250017, 62.197851562500034], [-6.544140624999955, 62.20561523437502], [-6.559472656249994, 62.22451171875005], [-6.552050781249989, 62.278125], [-6.554589843749966, 62.35566406250004], [-6.473046874999966, 62.291894531249994], [-6.406054687499989, 62.25864257812498]]]]}}, {"type": "Feature", "properties": {"scalerank": 1, "featurecla": "Admin-0 country", "LABELRANK": 2.0, "SOVEREIGNT": "United Kingdom", "SOV_A3": "GB1", "ADM0_DIF": 1.0, "LEVEL": 2.0, "TYPE": "Country", "ADMIN": "United Kingdom", "ADM0_A3": "GBR", "GEOU_DIF": 0.0, "GEOUNIT": "United Kingdom", "GU_A3": "GBR", "SU_DIF": 0.0, "SUBUNIT": "United Kingdom", "SU_A3": "GBR", "BRK_DIFF": 0.0, "NAME": "United Kingdom", "NAME_LONG": "United Kingdom", "BRK_A3": "GBR", "BRK_NAME": "United Kingdom", "BRK_GROUP": null, "ABBREV": "U.K.", "POSTAL": "GB", "FORMAL_EN": "United Kingdom of Great Britain and Northern Ireland", "FORMAL_FR": null, "NAME_CIAWF": "United Kingdom", "NOTE_ADM0": null, "NOTE_BRK": null, "NAME_SORT": "United Kingdom", "NAME_ALT": null, "MAPCOLOR7": 6.0, "MAPCOLOR8": 6.0, "MAPCOLOR9": 6.0, "MAPCOLOR13": 3.0, "POP_EST": 64769452.0, "POP_RANK": 16.0, "GDP_MD_EST": 2788000.0, "POP_YEAR": 2017.0, "LASTCENSUS": 2011.0, "GDP_YEAR": 2016.0, "ECONOMY": "1. Developed region: G7", "INCOME_GRP": "1. High income: OECD", "WIKIPEDIA": -99.0, "FIPS_10_": "UK", "ISO_A2": "GB", "ISO_A3": "GBR", "ISO_A3_EH": "GBR", "ISO_N3": "826", "UN_A3": "826", "WB_A2": "GB", "WB_A3": "GBR", "WOE_ID": -90.0, "WOE_ID_EH": 23424975.0, "WOE_NOTE": "Eh ID includes Channel Islands and Isle of Man. UK constituent countries of England (24554868), Wales (12578049), Scotland (12578048), and Northern Ireland (20070563).", "ADM0_A3_IS": "GBR", "ADM0_A3_US": "GBR", "ADM0_A3_UN": -99.0, "ADM0_A3_WB": -99.0, "CONTINENT": "Europe", "REGION_UN": "Europe", "SUBREGION": "Northern Europe", "REGION_WB": "Europe & Central Asia", "NAME_LEN": 14.0, "LONG_LEN": 14.0, "ABBREV_LEN": 4.0, "TINY": -99.0, "HOMEPART": 1.0, "MIN_ZOOM": 0.0, "MIN_LABEL": 1.7, "MAX_LABEL": 6.7}, "geometry": {"type": "MultiPolygon", "coordinates": [[[[-1.065576171875023, 50.69023437499996], [-1.149365234374926, 50.655712890624955], [-1.175830078124989, 50.61523437500006], [-1.19609375, 50.59921874999998], [-1.251464843749943, 50.58881835937501], [-1.306298828124937, 50.58852539062502], [-1.515332031249983, 50.66977539062498], [-1.563427734374926, 50.666113281250034], [-1.51567382812496, 50.70332031249998], [-1.385839843749977, 50.733544921874994], [-1.312792968749932, 50.77348632812496], [-1.144238281249955, 50.73471679687506], [-1.065576171875023, 50.69023437499996]]], [[[-4.196777343749943, 53.321435546874994], [-4.15488281249992, 53.302832031250034], [-4.049365234374932, 53.305761718750006], [-4.084277343749932, 53.264306640624994], [-4.200390624999955, 53.21806640624999], [-4.278613281250017, 53.17241210937502], [-4.373046874999972, 53.13417968750005], [-4.418847656249966, 53.17802734375002], [-4.47197265624996, 53.176367187500034], [-4.55322265625, 53.26044921875001], [-4.567871093749972, 53.38647460937503], [-4.461718750000017, 53.419287109375034], [-4.315087890624966, 53.41723632812497], [-4.196777343749943, 53.321435546874994]]], [[[-6.218017578124972, 54.088720703125006], [-6.303662109375011, 54.094873046874994], [-6.363671874999966, 54.07709960937504], [-6.402587890625, 54.06064453125006], [-6.440283203124949, 54.06362304687502], [-6.548144531249989, 54.057275390624994], [-6.649804687499994, 54.05864257812499], [-6.664208984374994, 54.08476562499999], [-6.646875, 54.163427734375034], [-6.6695312499999, 54.18471679687502], [-6.7666015625, 54.19560546875002], [-6.802587890624949, 54.21435546875], [-6.858349609374955, 54.26865234375006], [-6.869238281249949, 54.294042968750006], [-6.87724609374996, 54.32910156250003], [-6.936132812499977, 54.37431640625002], [-7.007714843749994, 54.40668945312504], [-7.049707031249937, 54.40825195312499], [-7.133496093749955, 54.355371093749966], [-7.202587890624983, 54.30180664062499], [-7.178076171874977, 54.27490234375], [-7.155468749999983, 54.23950195312497], [-7.193066406249926, 54.21411132812506], [-7.306738281249977, 54.15600585937503], [-7.32451171874996, 54.13344726562505], [-7.355175781249983, 54.12124023437505], [-7.409423828124943, 54.137304687500034], [-7.54443359375, 54.13359374999999], [-7.606542968749949, 54.143847656250045], [-7.678759765624932, 54.186669921874966], [-7.854931640624926, 54.21528320312501], [-7.884472656250011, 54.283789062500034], [-7.91845703125, 54.29658203124998], [-8.118261718749949, 54.41425781249998], [-8.144824218749932, 54.453515624999966], [-8.118945312499989, 54.47695312500005], [-8.044335937499966, 54.512451171875], [-7.79379882812492, 54.57124023437498], [-7.754394531249972, 54.59492187500001], [-7.746289062499926, 54.615820312500006], [-7.819824218749972, 54.63969726562499], [-7.886132812499994, 54.66606445312502], [-7.90874023437496, 54.683349609375], [-7.910595703124983, 54.698339843750034], [-7.872949218749966, 54.717871093750006], [-7.79726562499999, 54.71928710937502], [-7.7375, 54.71044921875], [-7.689990234374989, 54.72802734375003], [-7.606445312499943, 54.745703125], [-7.550390624999977, 54.76796875], [-7.502197265625028, 54.82543945312497], [-7.451269531249949, 54.87709960937502], [-7.445996093749926, 54.90512695312506], [-7.401416015624989, 55.003320312499994], [-7.376904296874983, 55.02768554687498], [-7.218652343749994, 55.09199218750001], [-7.178613281249994, 55.05688476562497], [-7.100634765625017, 55.04829101562501], [-7.030761718749972, 55.08061523437502], [-6.947167968749994, 55.182519531249994], [-6.88896484374996, 55.188916015624955], [-6.824853515624966, 55.18066406250006], [-6.698828124999949, 55.193457031250006], [-6.475048828124926, 55.24101562500002], [-6.375292968749932, 55.24179687499998], [-6.234228515624977, 55.21684570312496], [-6.129150390624972, 55.21738281249998], [-6.035791015624966, 55.14453124999997], [-5.985742187499994, 55.02968750000002], [-5.86918945312496, 54.91621093750001], [-5.716845703124989, 54.81748046875006], [-5.710742187499989, 54.757080078125], [-5.765185546874989, 54.72465820312496], [-5.879101562499926, 54.684375], [-5.878613281249926, 54.641308593749955], [-5.803466796874972, 54.66303710937504], [-5.738623046875006, 54.67304687500001], [-5.58251953125, 54.663427734375006], [-5.527929687499977, 54.61962890624997], [-5.490185546874926, 54.554052734375034], [-5.470410156249983, 54.50019531249998], [-5.483886718749972, 54.44165039062506], [-5.52587890625, 54.460205078125], [-5.568554687499983, 54.51259765625002], [-5.615966796874972, 54.53671875000006], [-5.671093749999926, 54.549755859374955], [-5.646093749999977, 54.47788085937506], [-5.655957031249955, 54.381738281249994], [-5.631884765624932, 54.372656250000034], [-5.557812499999926, 54.37099609375005], [-5.606787109374949, 54.27255859375006], [-5.708056640624989, 54.24584960937503], [-5.826171874999972, 54.23583984375003], [-5.854638671874994, 54.200976562500045], [-5.87607421874992, 54.156054687500045], [-5.937744140624972, 54.08906249999998], [-6.019042968750028, 54.05126953125], [-6.119531249999966, 54.05888671874996], [-6.218017578124972, 54.088720703125006]]], [[[-5.105419921874955, 55.44882812499998], [-5.231494140624989, 55.448095703125006], [-5.277050781249926, 55.45673828124998], [-5.331494140624926, 55.48105468750006], [-5.392675781249949, 55.618359374999955], [-5.370800781249926, 55.66694335937501], [-5.345703124999972, 55.69072265624996], [-5.318115234374943, 55.70917968749998], [-5.251611328124994, 55.716943359374966], [-5.185449218750023, 55.69096679687502], [-5.160400390624972, 55.66679687499996], [-5.104980468749972, 55.57397460937497], [-5.0947265625, 55.49433593750001], [-5.105419921874955, 55.44882812499998]]], [[[-6.128906250000028, 55.930566406249966], [-6.09282226562496, 55.80214843750002], [-6.057617187499972, 55.722509765625034], [-6.055322265624937, 55.6953125], [-6.088378906250028, 55.657519531250045], [-6.253173828125028, 55.60722656250002], [-6.305078124999937, 55.60693359375003], [-6.30722656249992, 55.61914062500003], [-6.27001953125, 55.670312499999966], [-6.302050781249932, 55.728369140625006], [-6.28642578124996, 55.77250976562502], [-6.301757812499972, 55.78061523437498], [-6.333886718749937, 55.77436523437504], [-6.451953124999932, 55.704248046874966], [-6.491357421874966, 55.69731445312496], [-6.49565429687496, 55.71157226562502], [-6.466455078124937, 55.76899414062501], [-6.462841796874926, 55.80825195312502], [-6.445263671874983, 55.832373046875034], [-6.41318359374992, 55.85463867187505], [-6.374951171874955, 55.871337890625], [-6.34414062499999, 55.87373046875004], [-6.311279296874943, 55.85649414062499], [-6.21567382812492, 55.90458984375002], [-6.128906250000028, 55.930566406249966]]], [[[-5.970068359374977, 55.81455078125006], [-5.990917968749983, 55.803808593750006], [-6.041552734374989, 55.806787109374994], [-6.060351562499989, 55.822900390624966], [-6.070703124999966, 55.84765625000006], [-6.071972656249955, 55.89311523437499], [-6.041308593749932, 55.925634765625034], [-5.911767578125023, 55.974755859374994], [-5.970312499999949, 55.9921875], [-5.972656249999972, 56.00444335937502], [-5.939062499999977, 56.04526367187498], [-5.799609374999989, 56.10878906250005], [-5.762255859374932, 56.12031249999998], [-5.725146484375017, 56.118554687499994], [-5.797216796874949, 56.005615234375], [-5.970068359374977, 55.81455078125006]]], [[[-5.777880859374989, 56.34433593749998], [-6.176171874999966, 56.28872070312502], [-6.313427734374955, 56.293652343749955], [-6.325830078124994, 56.32094726562502], [-6.298486328125023, 56.33916015624999], [-6.18486328124996, 56.356884765624955], [-6.138867187500011, 56.490625], [-6.31064453124992, 56.55214843750005], [-6.319677734374977, 56.569433593750006], [-6.30625, 56.59877929687505], [-6.286328124999926, 56.611865234375045], [-6.182080078124926, 56.64296875], [-6.138281249999977, 56.649853515624955], [-6.102734374999926, 56.645654296874994], [-6.029589843749932, 56.60981445312498], [-5.946679687499937, 56.534521484375006], [-5.836035156249949, 56.52255859375006], [-5.760839843750006, 56.490673828124955], [-5.777880859374989, 56.34433593749998]]], [[[-6.607617187499926, 56.58500976562499], [-6.664453124999966, 56.579443359375006], [-6.66855468749992, 56.59360351562506], [-6.569921874999977, 56.66123046875006], [-6.506054687499926, 56.67236328125003], [-6.483691406249989, 56.665771484375], [-6.530078124999932, 56.62661132812502], [-6.607617187499926, 56.58500976562499]]], [[[-7.416894531249966, 56.965429687500034], [-7.504785156250023, 56.95166015625], [-7.537402343749989, 56.95971679687503], [-7.542968749999972, 56.97236328125004], [-7.522949218749972, 57.00678710937504], [-7.45546875, 57.01894531250002], [-7.406689453124926, 57.000292968750045], [-7.398925781249943, 56.983349609374955], [-7.416894531249966, 56.965429687500034]]], [[[-6.279052734374972, 56.96469726562498], [-6.308740234374966, 56.95180664062502], [-6.34624023437496, 56.95429687499998], [-6.383398437500006, 56.97089843750001], [-6.432617187499972, 57.01791992187498], [-6.322363281250006, 57.05053710937497], [-6.278222656249966, 57.031396484374966], [-6.261279296874989, 57.00952148437506], [-6.260546874999932, 56.985253906249994], [-6.279052734374972, 56.96469726562498]]], [[[-7.249853515624949, 57.115332031250034], [-7.292041015624932, 57.10976562500005], [-7.347412109375, 57.115136718749994], [-7.381494140624937, 57.130664062500045], [-7.415917968749937, 57.19213867187503], [-7.42236328125, 57.22934570312498], [-7.407031249999989, 57.29848632812502], [-7.41054687499999, 57.381103515625], [-7.29638671875, 57.383691406249994], [-7.267138671874989, 57.371777343749955], [-7.24755859375, 57.126367187499966], [-7.249853515624949, 57.115332031250034]]], [[[-6.144726562499955, 57.504980468750006], [-6.146142578124966, 57.46079101562506], [-6.163769531249926, 57.40883789062505], [-6.140820312499955, 57.353662109374994], [-6.13554687499996, 57.31425781249996], [-6.093408203124966, 57.30170898437498], [-6.067626953124972, 57.283544921875006], [-5.880273437499994, 57.26323242187496], [-5.706005859374926, 57.268945312499966], [-5.67246093749992, 57.25268554687503], [-5.668652343749955, 57.226904296875006], [-5.696191406249966, 57.19843749999998], [-5.795410156250028, 57.14653320312499], [-5.913769531249983, 57.06264648437505], [-5.949072265624977, 57.04516601562503], [-5.987304687499943, 57.04443359374997], [-6.014746093749949, 57.05195312499998], [-6.034375, 57.20122070312502], [-6.162744140624994, 57.18212890625006], [-6.26611328125, 57.18432617187506], [-6.322705078124983, 57.202490234375006], [-6.362402343749977, 57.2375], [-6.442431640624932, 57.327490234375006], [-6.675439453124994, 57.362890625], [-6.741308593749977, 57.41245117187498], [-6.761132812499937, 57.44238281250003], [-6.752734375000017, 57.45893554687504], [-6.704199218749977, 57.495751953124994], [-6.643457031249937, 57.48261718749998], [-6.605859374999937, 57.49067382812501], [-6.583007812499972, 57.50712890624999], [-6.58349609375, 57.520654296874994], [-6.615283203124989, 57.55273437500006], [-6.616796874999949, 57.56269531250004], [-6.378515624999977, 57.60332031249996], [-6.357666015625, 57.66679687500002], [-6.305957031249932, 57.671972656250006], [-6.246923828124977, 57.651220703125034], [-6.16606445312496, 57.585302734375034], [-6.144726562499955, 57.504980468750006]]], [[[-7.205566406249972, 57.682958984375034], [-7.0927734375, 57.62666015625001], [-7.1826171875, 57.533300781250006], [-7.320556640624972, 57.53374023437499], [-7.514746093750006, 57.60195312500005], [-7.515625, 57.61586914062502], [-7.499414062499994, 57.636328125000034], [-7.4703125, 57.652539062499955], [-7.440039062499977, 57.65639648437502], [-7.391894531249932, 57.64521484374998], [-7.324853515624937, 57.66313476562499], [-7.271191406249926, 57.65747070312497], [-7.205566406249972, 57.682958984375034]]], [[[-6.198681640624926, 58.36328124999997], [-6.325830078124994, 58.188867187499966], [-6.37558593749992, 58.1845703125], [-6.41928710937492, 58.14096679687498], [-6.554589843749966, 58.092871093750034], [-6.436523437499972, 58.091894531250034], [-6.403369140624989, 58.075878906249955], [-6.402441406249977, 58.041357421875034], [-6.425195312499994, 58.02128906250002], [-6.578125, 57.94135742187501], [-6.683300781249983, 57.91103515625005], [-6.796582031249983, 57.827539062499994], [-6.853759765624972, 57.82651367187506], [-6.910351562499955, 57.77338867187498], [-6.956933593749966, 57.75004882812502], [-6.983105468749955, 57.75], [-7.013183593749943, 57.76176757812502], [-7.083447265624983, 57.81376953125002], [-6.955957031249937, 57.864892578124966], [-6.944140624999932, 57.89365234375006], [-6.856835937499994, 57.92353515625001], [-6.864160156249966, 57.93286132812506], [-7.00253906249992, 57.97490234374999], [-7.057080078124926, 58.00317382812497], [-7.051904296874937, 58.017968749999966], [-6.985302734374955, 58.05048828125004], [-7.016894531249989, 58.054785156250006], [-7.038232421874994, 58.072314453125045], [-7.076904296874972, 58.079003906249966], [-7.08847656249992, 58.09536132812502], [-7.095605468749966, 58.13828125000006], [-7.085253906249989, 58.182177734375045], [-7.044921874999943, 58.2015625], [-7.028417968749949, 58.22231445312505], [-7.012060546875006, 58.22871093750001], [-6.949560546874949, 58.217675781249994], [-6.886230468749943, 58.18256835937501], [-6.812304687499989, 58.19609375000002], [-6.726464843749994, 58.18940429687498], [-6.724707031249977, 58.197558593750045], [-6.787744140624937, 58.28388671874998], [-6.776464843749949, 58.301513671875], [-6.74228515624992, 58.321630859375034], [-6.544189453124972, 58.383154296875034], [-6.297167968749932, 58.486621093750074], [-6.237451171875023, 58.502832031249994], [-6.219433593749983, 58.488720703124955], [-6.194238281249994, 58.435107421875045], [-6.198681640624926, 58.36328124999997]]], [[[-3.109667968749989, 58.51547851562498], [-3.101123046874932, 58.433691406250034], [-3.11289062499992, 58.40888671875004], [-3.136767578124989, 58.37832031250002], [-3.212353515624926, 58.32124023437504], [-3.410986328125006, 58.23964843750002], [-3.775, 58.052099609375006], [-3.990039062499932, 57.95903320312496], [-4.01962890624992, 57.91425781249998], [-4.035595703124955, 57.85200195312501], [-3.906835937499949, 57.83964843749996], [-3.857128906249926, 57.81855468750004], [-3.887939453125, 57.78691406249999], [-4.078417968749989, 57.67705078124999], [-4.134521484374972, 57.577734375], [-3.988476562499955, 57.58125], [-3.868164062499972, 57.60034179687497], [-3.628222656249932, 57.662255859374994], [-3.402783203124926, 57.70825195312503], [-3.294531249999977, 57.71015624999998], [-3.083935546874983, 57.67348632812505], [-3.036035156249994, 57.67231445312498], [-2.946679687499994, 57.68925781249999], [-2.856298828124977, 57.692285156249966], [-2.244140624999943, 57.680859374999955], [-2.074072265624949, 57.702392578125], [-1.96152343749992, 57.676660156249994], [-1.867382812499926, 57.61235351562502], [-1.77792968749992, 57.49375], [-1.780664062499937, 57.474023437499994], [-1.834716796874943, 57.41997070312502], [-1.934472656250023, 57.352197265624966], [-2.020312500000017, 57.25888671875006], [-2.045507812499977, 57.20854492187502], [-2.062353515624949, 57.153466796874966], [-2.089550781249983, 57.1025390625], [-2.260253906249943, 56.86333007812502], [-2.426660156250023, 56.730712890625], [-2.500976562499972, 56.636572265625006], [-2.592675781249994, 56.56157226562502], [-2.68095703124996, 56.514404296875], [-2.77519531249996, 56.48295898437499], [-3.047412109374989, 56.449365234374966], [-3.12358398437496, 56.42529296875006], [-3.21445312499992, 56.383935546874966], [-3.309960937499937, 56.36347656249998], [-3.197998046874943, 56.36606445312506], [-3.087011718749977, 56.38906250000002], [-2.88515625, 56.39750976562499], [-2.652734374999966, 56.318261718749994], [-2.674267578124926, 56.25341796875003], [-2.767578125, 56.20214843749997], [-2.979785156249989, 56.19409179687503], [-3.17822265625, 56.08012695312499], [-3.267773437499955, 56.04506835937502], [-3.362255859374926, 56.027636718750045], [-3.480419921874926, 56.032812500000034], [-3.69511718749996, 56.063330078125034], [-3.7890625, 56.09521484375003], [-3.704150390624932, 56.04316406250001], [-3.607812499999937, 56.016015624999966], [-3.048730468749994, 55.95195312499999], [-3.015087890624983, 55.95859375], [-2.836865234375011, 56.02626953125002], [-2.599316406249926, 56.027294921874955], [-2.147070312499977, 55.90297851562505], [-2.016845703125, 55.807958984375034], [-1.830273437499926, 55.671728515625006], [-1.728759765624943, 55.618554687499994], [-1.655371093750006, 55.570361328125045], [-1.610156249999932, 55.49809570312499], [-1.522558593749949, 55.25952148437506], [-1.422656249999932, 55.02641601562499], [-1.291748046875, 54.773876953124955], [-1.232421874999972, 54.70371093750006], [-1.154394531249977, 54.65449218749998], [-0.75932617187496, 54.54140625000002], [-0.67138671875, 54.50390625000003], [-0.518115234374932, 54.39511718749998], [-0.370361328124943, 54.279199218749994], [-0.232861328124926, 54.190136718749955], [-0.084375, 54.11806640625002], [-0.15629882812496, 54.080615234375045], [-0.205566406249943, 54.02172851562503], [-0.16875, 53.94165039062506], [-0.10825195312492, 53.86518554687501], [0.010546875000017, 53.74282226562505], [0.115332031250063, 53.60927734375002], [0.076708984374989, 53.629443359375045], [0.036083984375068, 53.640527343749994], [-0.019433593749966, 53.63720703125003], [-0.07373046875, 53.643652343750006], [-0.173828124999972, 53.685449218749994], [-0.270019531249943, 53.73676757812498], [-0.461376953124926, 53.716162109375034], [-0.567675781250017, 53.72539062499996], [-0.659912109374972, 53.72402343750005], [-0.485058593749955, 53.694384765625045], [-0.293701171874972, 53.69233398437498], [0.128320312500023, 53.46826171874997], [0.270996093750057, 53.33549804687502], [0.355761718750017, 53.15996093749996], [0.298046875000068, 53.08110351562499], [0.208203125000068, 53.03002929687506], [0.124414062500051, 52.97158203125005], [0.045898437500028, 52.905615234375006], [0.279785156249972, 52.80869140624998], [0.330175781250034, 52.81162109375006], [0.381933593750006, 52.82519531249997], [0.431640625, 52.85815429687503], [0.515527343750051, 52.93837890625002], [0.558789062500068, 52.966943359374994], [0.704492187499994, 52.977246093749955], [0.826757812500034, 52.97109375000002], [0.948535156250074, 52.95336914062497], [1.055566406250023, 52.95898437500006], [1.271289062500017, 52.92456054687497], [1.382128906250017, 52.89350585937504], [1.656738281250028, 52.75371093749999], [1.716113281250045, 52.67724609375003], [1.743359374999983, 52.57851562499999], [1.746582031250028, 52.46899414062497], [1.70039062500004, 52.368896484375], [1.647363281250051, 52.27851562499998], [1.614648437500051, 52.16181640625001], [1.591406250000034, 52.119775390624966], [1.55898437499999, 52.08686523437501], [1.413476562500023, 51.994775390624994], [1.316796875000051, 51.95693359375002], [1.275976562499977, 51.97353515625002], [1.232421875, 51.97124023437499], [1.227832031250045, 51.94912109375002], [1.27382812500008, 51.90209960937503], [1.274414062500028, 51.84536132812502], [1.1884765625, 51.803369140624994], [1.101171874999977, 51.78544921874999], [0.955078124999972, 51.80781250000001], [0.752246093750045, 51.72958984375006], [0.898046875, 51.689404296874955], [0.92744140625004, 51.64663085937502], [0.890917968750045, 51.571435546874994], [0.799218750000023, 51.53789062499999], [0.697558593750017, 51.523046875], [0.59345703125004, 51.51948242187498], [0.507226562500051, 51.501074218750034], [0.424511718750068, 51.465625], [0.5283203125, 51.484472656250034], [0.600292968750011, 51.467968749999955], [0.645507812500057, 51.40468750000005], [0.686523437499972, 51.38657226562498], [0.889355468750011, 51.359521484374994], [1.014941406250017, 51.359716796875034], [1.257128906250045, 51.37509765625006], [1.373437500000023, 51.37470703124998], [1.414941406250051, 51.36328125000003], [1.415625, 51.31083984375002], [1.397558593750063, 51.182031249999966], [1.365527343750017, 51.15546874999998], [1.044433593749972, 51.047265624999966], [0.978613281250063, 50.97167968750003], [0.96015625000004, 50.925878906250006], [0.772363281250051, 50.933984374999966], [0.684375, 50.88554687499996], [0.532324218750006, 50.853417968749994], [0.41474609375004, 50.819189453125034], [0.299707031250051, 50.775976562500034], [0.205078125000028, 50.76303710937506], [-0.20390625, 50.81435546875002], [-0.45078125, 50.81015624999998], [-0.78525390624992, 50.76542968750002], [-0.87138671874996, 50.772802734375006], [-1.00058593749992, 50.815625], [-1.13286132812496, 50.84458007812506], [-1.285058593749966, 50.857324218749994], [-1.416455078124983, 50.896875], [-1.33447265625, 50.82080078125], [-1.516748046874994, 50.747460937499994], [-1.600830078125, 50.73286132812504], [-1.687890624999966, 50.73515625], [-1.866015624999932, 50.71523437499999], [-2.03105468749996, 50.72539062500002], [-2.00625, 50.673242187499966], [-1.962060546874937, 50.627783203125034], [-1.997900390624977, 50.608007812500006], [-2.035839843749983, 50.60307617187499], [-2.35014648437496, 50.637402343749955], [-2.394677734374966, 50.63090820312496], [-2.433447265624977, 50.59921874999998], [-2.547753906249994, 50.616308593750006], [-2.658837890624966, 50.66972656249996], [-2.776953124999977, 50.70556640624997], [-2.90087890625, 50.72241210937503], [-2.999414062499994, 50.71660156250002], [-3.404589843749932, 50.632421875], [-3.485449218749977, 50.547949218750034], [-3.525878906249943, 50.428173828124955], [-3.584375, 50.32182617187496], [-3.679785156249949, 50.23994140624998], [-3.79335937499999, 50.22924804687503], [-3.900195312500017, 50.28593750000002], [-4.103417968749937, 50.348535156249994], [-4.172558593749983, 50.39082031249998], [-4.194580078124943, 50.39331054687506], [-4.217285156249943, 50.378173828125], [-4.29697265624992, 50.35908203125001], [-4.379492187499949, 50.35820312500002], [-4.50668945312492, 50.341357421875045], [-4.727978515624983, 50.29047851562498], [-4.8173828125, 50.255957031250034], [-5.009521484374972, 50.160742187500006], [-5.048632812499932, 50.134375], [-5.118505859374949, 50.03833007812503], [-5.225244140624937, 50.02138671875005], [-5.322851562499949, 50.08295898437498], [-5.433984374999937, 50.10444335937498], [-5.551220703124926, 50.083398437499966], [-5.622119140624989, 50.050683593749966], [-5.655175781249966, 50.07724609375006], [-5.65625, 50.13188476562499], [-5.570654296874977, 50.19697265625001], [-5.34228515625, 50.24614257812499], [-5.141796875000011, 50.37373046874998], [-5.043457031249943, 50.451513671875006], [-5.004443359374989, 50.49526367187505], [-4.956396484374977, 50.52314453125004], [-4.893554687499972, 50.53369140625006], [-4.861279296874955, 50.58203125000003], [-4.582910156249994, 50.77636718750003], [-4.559960937499937, 50.82094726562505], [-4.546093749999955, 50.900683593750045], [-4.523095703124994, 50.97744140625005], [-4.29648437499992, 51.027148437500045], [-4.188183593749955, 51.18852539062496], [-4.158398437499926, 51.201318359374994], [-3.842333984374932, 51.23090820312498], [-3.607910156249972, 51.228564453125045], [-3.375097656249977, 51.19697265625001], [-3.255761718749994, 51.194140625000045], [-3.135986328125, 51.205029296874955], [-3.04204101562496, 51.248583984375045], [-2.88125, 51.405664062499966], [-2.79082031249996, 51.47480468750001], [-2.687207031249983, 51.53725585937505], [-2.590283203124955, 51.60859375000001], [-2.433056640624983, 51.74072265625003], [-2.53935546874996, 51.695214843749994], [-2.667675781249983, 51.62299804687501], [-2.742138671874983, 51.58110351562502], [-2.978515625, 51.53886718750002], [-3.08037109374996, 51.49580078125004], [-3.258789062499972, 51.39848632812502], [-3.293115234374966, 51.39042968749999], [-3.56235351562492, 51.41381835937503], [-3.762695312499972, 51.539941406249966], [-3.890771484374937, 51.591650390625034], [-3.943652343749989, 51.59750976562498], [-3.998339843749932, 51.582128906250034], [-4.11528320312496, 51.56640625000003], [-4.234570312500011, 51.56909179687506], [-4.173681640624949, 51.62734375000002], [-4.091015624999983, 51.659912109375], [-4.27617187499996, 51.682519531249966], [-4.327636718749943, 51.700244140625045], [-4.386279296874989, 51.741064453125006], [-4.531494140625, 51.748046875], [-4.600781250000011, 51.737646484375006], [-4.71762695312492, 51.683691406250034], [-4.902294921874955, 51.62626953124996], [-5.124755859375, 51.70585937500002], [-5.16835937499999, 51.74072265625003], [-5.167236328124943, 51.80805664062498], [-5.200585937499994, 51.86137695312499], [-5.262304687499949, 51.88017578125002], [-5.183349609374943, 51.949658203124955], [-5.088085937499983, 51.99589843749996], [-4.87851562499992, 52.041845703125006], [-4.56113281249992, 52.15087890625], [-4.383154296874977, 52.19731445312496], [-4.217724609374955, 52.277441406250034], [-4.149365234374955, 52.326269531250034], [-4.099755859374994, 52.39311523437496], [-4.050537109375, 52.47514648437499], [-3.980322265624977, 52.54174804687506], [-4.0484375, 52.5576171875], [-4.078906249999989, 52.60786132812501], [-4.070703125000023, 52.65883789062502], [-4.039257812500011, 52.70405273437498], [-4.06743164062496, 52.7607421875], [-4.117529296874949, 52.82001953124998], [-4.114746093750028, 52.86616210937498], [-4.101464843749966, 52.91547851562498], [-4.229150390624966, 52.91284179687497], [-4.356445312499972, 52.89741210937504], [-4.471826171874937, 52.86245117187502], [-4.583691406249983, 52.81494140625003], [-4.683056640624983, 52.80615234375], [-4.681445312500017, 52.84414062500002], [-4.638330078125023, 52.89111328125], [-4.525683593749989, 52.95820312499998], [-4.405078124999932, 53.01381835937502], [-4.362207031249994, 53.05605468750002], [-4.328417968749932, 53.105126953124994], [-4.2685546875, 53.14453125000003], [-4.111035156249983, 53.21894531249998], [-3.809277343749955, 53.30268554687501], [-3.764208984374932, 53.30761718750003], [-3.645898437499966, 53.29790039062499], [-3.529589843749989, 53.310546875], [-3.427734374999943, 53.340673828125006], [-3.326171874999943, 53.34716796875], [-3.097558593749994, 53.26030273437499], [-3.165576171874989, 53.394677734374994], [-3.064746093749989, 53.42685546874998], [-2.918554687499949, 53.30537109375001], [-2.864160156249966, 53.29257812499998], [-2.749511718749972, 53.31020507812502], [-2.79375, 53.33071289062502], [-2.845410156249955, 53.331933593749994], [-2.9130859375, 53.350244140624994], [-2.969970703124943, 53.389208984375045], [-3.064599609374937, 53.512841796874994], [-3.059472656249966, 53.586230468750045], [-2.995703124999949, 53.66254882812504], [-2.92509765624996, 53.732763671875034], [-2.984326171874926, 53.74672851562505], [-3.031787109374932, 53.77358398437502], [-3.045361328124926, 53.843847656250034], [-3.026757812499966, 53.905908203124966], [-2.899853515624955, 53.96069335937503], [-2.862402343749977, 54.043847656249994], [-2.846484375000017, 54.13530273437499], [-2.867578124999966, 54.17724609375], [-2.993505859374949, 54.17050781250006], [-3.054736328124989, 54.153417968750034], [-3.109667968749989, 54.126318359375006], [-3.165966796874983, 54.1279296875], [-3.321533203124972, 54.229101562500006], [-3.41025390624992, 54.305615234374955], [-3.569384765624932, 54.46757812499999], [-3.592041015625028, 54.564355468749994], [-3.464599609375, 54.773095703124966], [-3.267919921874977, 54.906591796875006], [-3.036230468749949, 54.953076171874955], [-3.0810546875, 54.96196289062499], [-3.43408203125, 54.96376953125002], [-3.550439453124994, 54.947412109374966], [-3.65830078124992, 54.892871093750045], [-3.71923828125, 54.876123046874994], [-3.783251953124989, 54.86992187499999], [-3.84160156249996, 54.84277343750006], [-3.898583984374937, 54.80507812500002], [-3.957910156249937, 54.78095703124998], [-4.075781249999977, 54.787207031250006], [-4.132958984374994, 54.77924804687498], [-4.174023437499926, 54.80107421874999], [-4.208398437499994, 54.83715820312497], [-4.253417968749943, 54.84677734374998], [-4.303662109374955, 54.83569335937503], [-4.409912109375028, 54.78706054687498], [-4.517480468749994, 54.75834960937499], [-4.647558593749949, 54.78901367187501], [-4.818066406249955, 54.84614257812504], [-4.851708984374966, 54.825292968750034], [-4.889501953124949, 54.77226562499999], [-4.91123046874992, 54.689453125], [-5.032324218749977, 54.761376953124994], [-5.135498046874972, 54.857519531250034], [-5.170117187499983, 54.91791992187498], [-5.172705078124977, 54.98588867187499], [-5.116699218749943, 55.01225585937502], [-5.055859374999983, 54.988134765625006], [-4.965185546874977, 55.14946289062502], [-4.784814453125023, 55.35942382812496], [-4.721142578124926, 55.42099609374998], [-4.676757812499943, 55.501318359375006], [-4.684375, 55.55390624999998], [-4.724169921875017, 55.59829101562505], [-4.891845703124972, 55.699121093749994], [-4.889648437499972, 55.78120117187501], [-4.871679687499949, 55.873925781249994], [-4.826074218749994, 55.929541015625034], [-4.806835937499983, 55.94013671874998], [-4.584082031249977, 55.93867187500004], [-4.670947265624989, 55.967382812500006], [-4.84409179687492, 56.05117187500002], [-4.841015624999926, 56.080859375000045], [-4.800292968749972, 56.15834960937502], [-4.819140624999989, 56.150488281250006], [-4.85625, 56.11469726562501], [-4.927099609374949, 56.02807617187503], [-4.970361328124966, 56.00786132812499], [-5.09282226562496, 55.9873046875], [-5.114990234374943, 55.94462890624999], [-5.134667968749966, 55.93349609375005], [-5.195849609374989, 55.92866210937504], [-5.214599609375, 55.88886718750001], [-5.228222656249926, 55.886328125000034], [-5.24560546875, 55.92924804687496], [-5.247314453125, 56.00039062499999], [-5.222949218749932, 56.065820312499994], [-5.176416015624937, 56.11699218750002], [-4.996972656249994, 56.23334960937501], [-5.08432617187492, 56.19746093749998], [-5.282324218749949, 56.089941406250034], [-5.383447265624937, 56.01923828125001], [-5.410449218749932, 55.99536132812503], [-5.418896484374955, 55.97524414062502], [-5.41831054687492, 55.952050781249994], [-5.37290039062492, 55.82768554687499], [-5.385839843749977, 55.77011718750006], [-5.556445312500017, 55.38959960937498], [-5.588769531249937, 55.351416015625034], [-5.618457031249932, 55.33144531250005], [-5.646533203124989, 55.32685546874998], [-5.730664062499983, 55.334130859374966], [-5.768212890624994, 55.362646484375006], [-5.767871093750017, 55.39497070312501], [-5.752099609374994, 55.443457031250034], [-5.681347656249955, 55.623974609374955], [-5.650634765625, 55.674121093750045], [-5.60502929687496, 55.720751953125045], [-5.504492187500006, 55.802392578124966], [-5.506933593749949, 55.807714843750006], [-5.573876953124994, 55.79169921875001], [-5.602392578124949, 55.796972656250034], [-5.62285156249996, 55.81313476562502], [-5.609570312499983, 56.05527343749998], [-5.555273437499949, 56.134960937499955], [-5.534960937499989, 56.250830078125034], [-5.487890624999977, 56.35004882812498], [-5.433398437499989, 56.42231445312498], [-5.391943359374977, 56.514794921874994], [-5.329443359374949, 56.555908203125], [-5.312695312500011, 56.61879882812502], [-5.242578125000023, 56.686865234375034], [-5.188378906249994, 56.75805664062497], [-5.217578124999989, 56.75102539062496], [-5.564208984375, 56.56572265624996], [-5.652441406249949, 56.53198242187503], [-5.772802734374949, 56.541015625], [-5.864843749999949, 56.56186523437498], [-5.936767578124943, 56.60571289062503], [-5.968896484375023, 56.68989257812504], [-6.057714843749977, 56.69213867187506], [-6.133691406250023, 56.706689453124994], [-6.132763671875011, 56.718017578125], [-6.034716796874932, 56.76391601562503], [-5.877636718749983, 56.779638671875034], [-5.730615234374966, 56.85307617187499], [-5.861425781249977, 56.902685546875034], [-5.850390624999932, 56.918408203124955], [-5.736279296874955, 56.960644531249955], [-5.59130859375, 57.102343750000045], [-5.561914062499966, 57.23271484374996], [-5.63125, 57.2939453125], [-5.65634765624992, 57.334082031250006], [-5.794921875, 57.378808593749966], [-5.818066406249926, 57.43608398437499], [-5.801953124999926, 57.46801757812503], [-5.756738281249966, 57.49921874999998], [-5.688623046874937, 57.52353515625006], [-5.581787109375028, 57.546777343749994], [-5.67875976562496, 57.571679687499994], [-5.714941406249977, 57.60107421875003], [-5.742382812499955, 57.643652343750006], [-5.74492187499996, 57.66831054687506], [-5.694726562499937, 57.778222656249994], [-5.665478515624926, 57.82353515624999], [-5.608349609374926, 57.88134765625003], [-5.349023437499937, 57.878076171874994], [-5.319189453124977, 57.903613281250045], [-5.289794921874943, 57.90458984374996], [-5.157226562499943, 57.88134765625003], [-5.176904296874966, 57.906396484374994], [-5.39375, 58.04360351562505], [-5.413183593749949, 58.06972656250005], [-5.35136718749996, 58.14370117187502], [-5.346875, 58.176660156249966], [-5.355957031250028, 58.21191406250006], [-5.338281249999966, 58.23872070312501], [-5.26953125, 58.25141601562501], [-5.059960937499937, 58.25014648437502], [-5.008300781249972, 58.26264648437498], [-5.031835937499977, 58.29829101562498], [-5.08061523437496, 58.34516601562501], [-5.09013671874996, 58.38452148437506], [-5.078710937499949, 58.419287109375034], [-5.07602539062492, 58.48925781249997], [-5.066503906249949, 58.52021484374998], [-5.016748046875023, 58.566552734374994], [-4.975634765624989, 58.58032226562506], [-4.924658203125006, 58.58837890625], [-4.809619140625017, 58.572900390624966], [-4.765771484374966, 58.55419921874997], [-4.71542968749992, 58.51000976562503], [-4.678222656249972, 58.51357421875005], [-4.534960937500017, 58.561572265625045], [-4.491894531249926, 58.568457031250034], [-4.433251953124966, 58.512841796874994], [-4.188623046874966, 58.55722656250006], [-3.859521484374966, 58.57709960937501], [-3.661816406249926, 58.606298828125006], [-3.453564453124955, 58.616894531249955], [-3.259130859374977, 58.65], [-3.053076171875006, 58.634814453125045], [-3.046191406249932, 58.615527343750045], [-3.056982421875006, 58.588769531249994], [-3.109667968749989, 58.51547851562498]]], [[[-2.929394531249926, 58.74160156250005], [-2.938964843750028, 58.73862304687498], [-2.975390624999989, 58.75693359374998], [-3.03544921874996, 58.82265625000005], [-2.941210937499932, 58.83569335937503], [-2.896435546874983, 58.82758789062498], [-2.9130859375, 58.799609375000045], [-2.929394531249926, 58.74160156250005]]], [[[-3.164941406249966, 58.79418945312503], [-3.222119140624983, 58.78095703124998], [-3.278808593749972, 58.78193359375001], [-3.367187499999943, 58.839746093749966], [-3.400830078124955, 58.88178710937501], [-3.394726562499955, 58.90961914062498], [-3.357421875, 58.918994140625045], [-3.271923828124983, 58.9052734375], [-3.227636718749949, 58.85717773437497], [-3.222119140624983, 58.82587890624998], [-3.211621093749955, 58.81357421875006], [-3.158544921874977, 58.80122070312504], [-3.164941406249966, 58.79418945312503]]], [[[-3.057421874999989, 59.029638671875034], [-3.070703124999937, 59.00498046875006], [-2.994677734374989, 59.00556640625001], [-2.88457031249996, 58.984521484374966], [-2.81791992187496, 58.98188476562498], [-2.762451171874943, 58.955810546875], [-2.79301757812496, 58.90693359374998], [-2.82622070312496, 58.89326171875004], [-2.863769531249972, 58.89052734375002], [-2.994824218749955, 58.93935546875002], [-3.166601562499949, 58.919091796874966], [-3.200781249999977, 58.92529296875], [-3.223339843749955, 58.938769531250074], [-3.232617187499983, 58.95551757812501], [-3.232812499999937, 58.98964843750005], [-3.242138671874955, 58.999707031249955], [-3.304345703124937, 58.96743164062505], [-3.331640625, 58.97124023437502], [-3.347070312499937, 58.98671875], [-3.353710937499955, 59.01875], [-3.346826171874966, 59.06499023437502], [-3.310351562500017, 59.13081054687504], [-3.24858398437496, 59.14394531250005], [-3.156494140625028, 59.136328125], [-3.051123046874949, 59.09902343750002], [-3.019238281249955, 59.07602539062506], [-3.02001953125, 59.057666015625045], [-3.057421874999989, 59.029638671875034]]], [[[-2.54887695312496, 59.231347656249994], [-2.662060546874926, 59.23017578125001], [-2.60361328124992, 59.289306640625], [-2.53564453125, 59.30415039062498], [-2.406982421875, 59.29755859374998], [-2.429833984374937, 59.27104492187499], [-2.54887695312496, 59.231347656249994]]], [[[-2.729394531249966, 59.18676757812497], [-2.81523437499996, 59.161914062500045], [-2.85185546874996, 59.18247070312498], [-2.861425781249949, 59.24682617187503], [-2.963769531250023, 59.274365234374955], [-3.013476562499932, 59.29145507812498], [-3.05205078124996, 59.32387695312502], [-3.042236328125, 59.333837890625006], [-2.975537109374926, 59.347119140624955], [-2.861621093749989, 59.28833007812506], [-2.815039062500006, 59.24082031250006], [-2.730664062499955, 59.22675781250004], [-2.719921874999983, 59.21948242187497], [-2.729394531249966, 59.18676757812497]]], [[[-1.308105468749943, 60.5375], [-1.287402343749989, 60.46704101562503], [-1.235742187499937, 60.48530273437501], [-1.15776367187496, 60.41772460937503], [-1.117968749999932, 60.417626953124994], [-1.052441406250011, 60.44448242187505], [-1.065673828124943, 60.38159179687503], [-1.133691406249937, 60.20698242187498], [-1.152783203124926, 60.17734374999998], [-1.165722656249983, 60.124267578125], [-1.179248046874989, 60.11391601562502], [-1.199316406249977, 60.006591796875], [-1.245312499999955, 59.97124023437502], [-1.283789062499977, 59.886914062499955], [-1.299462890624966, 59.87866210937497], [-1.35585937499999, 59.91113281250003], [-1.299511718749983, 60.039843750000045], [-1.276171874999932, 60.114648437499994], [-1.290917968749994, 60.153466796874994], [-1.322802734374932, 60.18837890625002], [-1.409033203125006, 60.189501953125074], [-1.481494140624932, 60.173388671875074], [-1.496875, 60.193994140624994], [-1.499121093749949, 60.22177734374998], [-1.516601562499972, 60.23100585937499], [-1.613037109375, 60.229101562500034], [-1.641357421874972, 60.23676757812501], [-1.660058593749966, 60.262255859375045], [-1.663769531249926, 60.28251953125002], [-1.576660156249943, 60.298388671875045], [-1.494433593749989, 60.29248046875], [-1.374609375, 60.332910156249966], [-1.449560546874977, 60.468554687500074], [-1.548828124999972, 60.481298828125006], [-1.571777343750028, 60.49443359375002], [-1.552636718749937, 60.51743164062498], [-1.498144531249949, 60.52983398437502], [-1.414208984374994, 60.598730468750034], [-1.363964843749955, 60.60957031250001], [-1.301708984374983, 60.607666015625], [-1.308105468749943, 60.5375]]], [[[-1.042529296874932, 60.51386718749998], [-1.067871093749943, 60.502294921875006], [-1.165527343749943, 60.60390625000002], [-1.093310546874989, 60.72021484375], [-1.005615234374972, 60.716503906249955], [-0.991650390624955, 60.68603515625006], [-1.000341796874949, 60.65800781250002], [-1.045019531250006, 60.65551757812506], [-1.049023437499926, 60.64692382812498], [-1.035107421874926, 60.592919921874994], [-1.034228515624932, 60.53017578125002], [-1.042529296874932, 60.51386718749998]]], [[[-0.774267578125006, 60.811962890624955], [-0.774316406249994, 60.80048828125001], [-0.826171875, 60.71616210937498], [-0.82548828124996, 60.68393554687498], [-0.909130859374926, 60.68701171875], [-0.922265624999937, 60.69726562500003], [-0.938085937499977, 60.745654296875045], [-0.92753906249996, 60.797167968750045], [-0.91582031249996, 60.810449218749994], [-0.89140625, 60.81591796875006], [-0.864941406249983, 60.80581054687502], [-0.823437499999983, 60.831884765625006], [-0.801806640625017, 60.83125], [-0.774267578125006, 60.811962890624955]]]]}}, {"type": "Feature", "properties": {"scalerank": 4, "featurecla": "Admin-0 country", "LABELRANK": 6.0, "SOVEREIGNT": "United Kingdom", "SOV_A3": "GB1", "ADM0_DIF": 1.0, "LEVEL": 2.0, "TYPE": "Country", "ADMIN": "Guernsey", "ADM0_A3": "GGY", "GEOU_DIF": 0.0, "GEOUNIT": "Guernsey", "GU_A3": "GGY", "SU_DIF": 0.0, "SUBUNIT": "Guernsey", "SU_A3": "GGY", "BRK_DIFF": 0.0, "NAME": "Guernsey", "NAME_LONG": "Guernsey", "BRK_A3": "GGY", "BRK_NAME": "Guernsey", "BRK_GROUP": "Channel Islands", "ABBREV": "Guern.", "POSTAL": "GG", "FORMAL_EN": "Bailiwick of Guernsey", "FORMAL_FR": null, "NAME_CIAWF": "Guernsey", "NOTE_ADM0": "U.K. crown dependency", "NOTE_BRK": null, "NAME_SORT": "Guernsey", "NAME_ALT": null, "MAPCOLOR7": 6.0, "MAPCOLOR8": 6.0, "MAPCOLOR9": 6.0, "MAPCOLOR13": 3.0, "POP_EST": 66502.0, "POP_RANK": 8.0, "GDP_MD_EST": 3465.0, "POP_YEAR": 2017.0, "LASTCENSUS": 2001.0, "GDP_YEAR": 2015.0, "ECONOMY": "2. Developed region: nonG7", "INCOME_GRP": "2. High income: nonOECD", "WIKIPEDIA": -99.0, "FIPS_10_": "GK", "ISO_A2": "GG", "ISO_A3": "GGY", "ISO_A3_EH": "GGY", "ISO_N3": "831", "UN_A3": "831", "WB_A2": "JG", "WB_A3": "CHI", "WOE_ID": 23424827.0, "WOE_ID_EH": 23424827.0, "WOE_NOTE": "Exact WOE match as country", "ADM0_A3_IS": "GGY", "ADM0_A3_US": "GGY", "ADM0_A3_UN": -99.0, "ADM0_A3_WB": -99.0, "CONTINENT": "Europe", "REGION_UN": "Europe", "SUBREGION": "Northern Europe", "REGION_WB": "Europe & Central Asia", "NAME_LEN": 8.0, "LONG_LEN": 8.0, "ABBREV_LEN": 6.0, "TINY": -99.0, "HOMEPART": -99.0, "MIN_ZOOM": 0.0, "MIN_LABEL": 5.0, "MAX_LABEL": 10.0}, "geometry": {"type": "Polygon", "coordinates": [[[-2.512304687499977, 49.49453125], [-2.54736328125, 49.4287109375], [-2.639013671874977, 49.450927734375], [-2.646142578124994, 49.468212890625], [-2.542187499999983, 49.506591796875], [-2.520898437499994, 49.506298828125], [-2.512304687499977, 49.49453125]]]}}, {"type": "Feature", "properties": {"scalerank": 1, "featurecla": "Admin-0 country", "LABELRANK": 3.0, "SOVEREIGNT": "Greece", "SOV_A3": "GRC", "ADM0_DIF": 0.0, "LEVEL": 2.0, "TYPE": "Sovereign country", "ADMIN": "Greece", "ADM0_A3": "GRC", "GEOU_DIF": 0.0, "GEOUNIT": "Greece", "GU_A3": "GRC", "SU_DIF": 0.0, "SUBUNIT": "Greece", "SU_A3": "GRC", "BRK_DIFF": 0.0, "NAME": "Greece", "NAME_LONG": "Greece", "BRK_A3": "GRC", "BRK_NAME": "Greece", "BRK_GROUP": null, "ABBREV": "Greece", "POSTAL": "GR", "FORMAL_EN": "Hellenic Republic", "FORMAL_FR": null, "NAME_CIAWF": "Greece", "NOTE_ADM0": null, "NOTE_BRK": null, "NAME_SORT": "Greece", "NAME_ALT": null, "MAPCOLOR7": 2.0, "MAPCOLOR8": 2.0, "MAPCOLOR9": 2.0, "MAPCOLOR13": 9.0, "POP_EST": 10768477.0, "POP_RANK": 14.0, "GDP_MD_EST": 290500.0, "POP_YEAR": 2017.0, "LASTCENSUS": 2011.0, "GDP_YEAR": 2016.0, "ECONOMY": "2. Developed region: nonG7", "INCOME_GRP": "1. High income: OECD", "WIKIPEDIA": -99.0, "FIPS_10_": "GR", "ISO_A2": "GR", "ISO_A3": "GRC", "ISO_A3_EH": "GRC", "ISO_N3": "300", "UN_A3": "300", "WB_A2": "GR", "WB_A3": "GRC", "WOE_ID": 23424833.0, "WOE_ID_EH": 23424833.0, "WOE_NOTE": "Exact WOE match as country", "ADM0_A3_IS": "GRC", "ADM0_A3_US": "GRC", "ADM0_A3_UN": -99.0, "ADM0_A3_WB": -99.0, "CONTINENT": "Europe", "REGION_UN": "Europe", "SUBREGION": "Southern Europe", "REGION_WB": "Europe & Central Asia", "NAME_LEN": 6.0, "LONG_LEN": 6.0, "ABBREV_LEN": 6.0, "TINY": -99.0, "HOMEPART": 1.0, "MIN_ZOOM": 0.0, "MIN_LABEL": 3.0, "MAX_LABEL": 8.0}, "geometry": {"type": "MultiPolygon", "coordinates": [[[[20.001269531250017, 39.70942382812501], [20.022558593750006, 39.71069335937503], [20.05976562500001, 39.699121093749994], [20.131054687499983, 39.66162109375006], [20.206835937500017, 39.653515625], [20.24824218750001, 39.678369140624994], [20.272070312500006, 39.701171875], [20.28759765625, 39.73857421875002], [20.293847656250023, 39.78222656250003], [20.30615234375, 39.796679687499996], [20.364062500000017, 39.791748046875], [20.382421875, 39.802636718749994], [20.381640625000017, 39.841796875], [20.34423828125, 39.890625], [20.311328125000017, 39.95078125], [20.311132812500006, 39.979443359374955], [20.338476562500006, 39.991064453125], [20.383691406250023, 40.0171875], [20.408007812500017, 40.04946289062502], [20.4560546875, 40.065576171874994], [20.52705078125001, 40.068505859374994], [20.60625, 40.082666015624994], [20.65742187500001, 40.11738281250001], [20.664941406250023, 40.151757812499994], [20.69697265625001, 40.24638671874999], [20.717871093750006, 40.29267578125], [20.75166015625001, 40.334912109375], [20.77001953125, 40.391894531249996], [20.806054687500023, 40.44545898437505], [20.881640625000017, 40.467919921874994], [20.95019531249997, 40.49438476562497], [21.001953125, 40.563378906249994], [21.030859374999977, 40.62246093750005], [21.031054687500017, 40.658642578125], [20.987890625, 40.7177734375], [20.95576171875001, 40.775292968749994], [20.964257812499994, 40.84990234375002], [21.1, 40.85615234375], [21.147558593750006, 40.863134765625], [21.32373046875, 40.867138671875], [21.40410156249999, 40.907177734374955], [21.45966796875001, 40.903613281249996], [21.57578125, 40.868945312499996], [21.627539062500006, 40.896337890625], [21.77949218750001, 40.950439453125], [21.929492187500017, 41.107421875], [21.99335937500001, 41.13095703125], [22.13886718750001, 41.140527343749994], [22.184472656250023, 41.158642578125], [22.237695312499994, 41.15517578125005], [22.400781250000023, 41.123388671875], [22.493554687500023, 41.118505859375], [22.603613281250006, 41.140185546874996], [22.72480468750001, 41.178515625], [22.75507812500001, 41.312744140625], [22.78388671875001, 41.331982421875], [22.859277343750023, 41.337353515625], [22.916015625, 41.33627929687498], [23.02558593750001, 41.325634765625], [23.15595703125001, 41.322070312499996], [23.23984375, 41.3849609375], [23.3720703125, 41.3896484375], [23.433398437500017, 41.398730468749996], [23.53583984375001, 41.386035156249996], [23.635156250000023, 41.386767578124996], [23.762304687500006, 41.412988281249994], [23.880859375, 41.45595703125002], [23.973535156250023, 41.452294921874994], [24.011328125, 41.46005859375], [24.03291015625001, 41.469091796875], [24.056054687500023, 41.527246093749994], [24.230371093750023, 41.530810546874996], [24.289453125000023, 41.525048828124994], [24.38671875, 41.52353515625], [24.487890625, 41.555224609374996], [24.51826171875001, 41.55253906249999], [24.5693359375, 41.4673828125], [24.595996093750017, 41.442724609375], [24.65107421875001, 41.419970703124996], [24.773730468750017, 41.35610351562502], [24.795800781250023, 41.372900390625], [24.846875, 41.39423828124998], [24.993554687500023, 41.36499023437497], [25.133398437500006, 41.31577148437498], [25.25117187500001, 41.243554687499994], [25.381933593750006, 41.26435546875], [25.52705078125001, 41.2998046875], [25.621484375000023, 41.310107421874996], [25.723925781250017, 41.3150390625], [25.784960937500017, 41.330419921875], [25.92333984375, 41.311914062499994], [26.06640625, 41.35068359375], [26.135351562500006, 41.3857421875], [26.155175781250023, 41.434863281249996], [26.1435546875, 41.521533203124996], [26.111230468749994, 41.60820312499996], [26.076953125000017, 41.640185546874996], [26.066015625, 41.673242187499994], [26.085546875, 41.704150390624996], [26.107421875, 41.72568359375], [26.200585937500023, 41.743798828124994], [26.320898437500006, 41.716552734375], [26.41054687500005, 41.69633789062499], [26.4625, 41.66337890625002], [26.495019531250023, 41.63325195312501], [26.544531249999977, 41.607226562500045], [26.581347656250017, 41.60126953124998], [26.60976562500005, 41.51215820312504], [26.624902343750023, 41.401757812499994], [26.602343750000045, 41.354150390624994], [26.536425781250017, 41.34311523437506], [26.330664062500034, 41.23876953125003], [26.32568359375, 41.14326171875001], [26.328417968750017, 41.097021484375006], [26.332617187499977, 41.064306640625006], [26.354101562500006, 41.036767578124994], [26.354101562500006, 40.99707031249997], [26.33105468750003, 40.95449218750002], [26.2412109375, 40.883203124999966], [26.17890625000001, 40.82651367187506], [26.109179687500017, 40.74965820312502], [26.06972656250008, 40.74028320312499], [26.038964843750023, 40.72675781249998], [26.010742187500057, 40.769140625], [25.855664062500068, 40.844091796875006], [25.49677734375004, 40.887792968750006], [25.325292968750034, 40.943115234375], [25.250097656250063, 40.93281250000004], [25.10449218749997, 40.994726562500034], [25.004687500000074, 40.967529296875], [24.79296875000003, 40.85751953124998], [24.6787109375, 40.869482421875006], [24.55654296875008, 40.93559570312499], [24.477050781250057, 40.94775390624997], [24.383789062500057, 40.91274414062502], [24.234375, 40.7861328125], [24.082324218750017, 40.724072265624955], [23.946093750000074, 40.74833984375002], [23.762792968750034, 40.747802734375], [23.743261718750034, 40.67700195312497], [23.77871093750008, 40.62797851562502], [23.878906250000057, 40.544384765624955], [23.83193359375008, 40.481542968750034], [23.866796874999977, 40.41855468749998], [23.93203125000005, 40.40576171875006], [24.030566406250045, 40.409326171874966], [24.21279296875005, 40.327783203124966], [24.29248046875003, 40.241796875000034], [24.343359375, 40.14770507812506], [24.23242187500003, 40.215185546875034], [24.158789062500063, 40.280029296875], [24.05605468750008, 40.303564453125006], [23.913183593750006, 40.358789062499966], [23.82343750000004, 40.368017578125006], [23.727929687500023, 40.32973632812502], [23.720507812500017, 40.28627929687505], [23.82343750000004, 40.20512695312502], [23.917578125000034, 40.15522460937498], [23.967480468750068, 40.11455078124996], [24.000781250000017, 40.02460937500001], [23.98183593750005, 39.99404296875002], [23.94707031249999, 39.96557617187497], [23.83535156250005, 40.02226562499999], [23.66455078125, 40.22382812500001], [23.42626953125003, 40.26396484375002], [23.386425781249983, 40.22197265624999], [23.433203125000034, 40.115429687499955], [23.46708984374999, 40.07392578125004], [23.674121093750074, 39.95888671875005], [23.657519531250074, 39.93447265625005], [23.62734375000005, 39.92407226562506], [23.395605468750006, 39.989843750000034], [23.328222656250034, 40.089941406250006], [23.31201171875003, 40.21645507812502], [23.098144531250057, 40.30429687499998], [22.896484375, 40.39990234375], [22.851367187500045, 40.490625], [22.892871093750074, 40.524267578125034], [22.922265625000023, 40.59086914062502], [22.811425781249994, 40.57861328125], [22.74189453125004, 40.536474609375034], [22.629492187500063, 40.495556640624955], [22.624902343750023, 40.428613281249994], [22.642675781250006, 40.366601562499966], [22.605468750000057, 40.27641601562499], [22.569335937500057, 40.119335937499955], [22.592187500000023, 40.036914062500045], [22.835742187500074, 39.800585937500045], [22.919042968749977, 39.62890625000006], [22.97880859374999, 39.563818359375034], [23.10341796875008, 39.49204101562506], [23.2333984375, 39.35844726562502], [23.288476562500023, 39.28881835937506], [23.327734375000034, 39.174902343750006], [23.218359375000034, 39.10439453125005], [23.154687500000023, 39.101464843749966], [23.119433593750045, 39.132763671874955], [23.16875, 39.21044921874997], [23.161718750000034, 39.25776367187501], [22.99287109375001, 39.33105468750003], [22.92138671875003, 39.30634765624998], [22.838964843750006, 39.25859375000002], [22.886035156250017, 39.16997070312499], [22.938964843750057, 39.11152343749998], [22.96552734375004, 39.030908203124994], [23.066699218750045, 39.037939453125006], [22.930468750000017, 38.94770507812501], [22.80263671875008, 38.90161132812503], [22.676855468750034, 38.89892578125003], [22.596777343750063, 38.89057617187501], [22.569140625000017, 38.86748046875002], [22.634277343750057, 38.850683593750034], [22.6875, 38.84916992187502], [22.774023437500034, 38.800390625], [23.020312500000017, 38.74189453125001], [23.13769531250003, 38.66796875000003], [23.252929687500057, 38.661230468750006], [23.368945312500074, 38.525537109374966], [23.569628906250017, 38.489404296874994], [23.68398437500005, 38.352441406249966], [23.836035156250034, 38.32548828124999], [23.966992187500068, 38.275], [24.005371093750057, 38.22680664062506], [24.024511718750063, 38.139794921874994], [24.033007812500017, 37.95532226562497], [24.06132812499999, 37.81791992187496], [24.062304687500017, 37.774511718750006], [24.05537109375004, 37.70961914062502], [24.01972656250004, 37.677734375], [23.971582031250023, 37.67675781249997], [23.87734375, 37.777783203124955], [23.73281250000005, 37.884082031250045], [23.58046875, 38.010546875000045], [23.537207031249977, 38.032763671875045], [23.501757812500045, 38.03486328125001], [23.420214843750045, 37.99208984375002], [23.193652343750074, 37.95903320312502], [23.08740234375, 37.91284179687503], [23.047460937500034, 37.90263671874999], [23.036328124999983, 37.87836914062501], [23.08613281250001, 37.853125], [23.14716796875001, 37.795312499999966], [23.14716796875001, 37.71625976562504], [23.197558593750074, 37.620214843750006], [23.2626953125, 37.59541015625001], [23.34755859375008, 37.59755859375002], [23.39619140625004, 37.57978515625004], [23.408789062500034, 37.54155273437496], [23.458105468750034, 37.496923828125034], [23.490625, 37.46386718750006], [23.48925781249997, 37.44018554687503], [23.252539062499977, 37.377294921875006], [23.203027343750023, 37.348535156249994], [23.161523437499994, 37.333837890625034], [23.1, 37.36376953125], [23.096484375000074, 37.440576171874994], [23.01513671875003, 37.48178710937506], [22.940527343750006, 37.51708984375006], [22.85107421875, 37.53222656250003], [22.775, 37.585107421874966], [22.725390625000074, 37.542138671874994], [22.76503906250005, 37.39331054687497], [22.85107421875, 37.29082031249996], [22.995019531250023, 37.015869140625], [23.06035156249999, 36.85351562500006], [23.073535156250017, 36.77495117187502], [23.041015625000057, 36.64453125], [23.11171875000008, 36.54760742187497], [23.16015625, 36.44809570312506], [23.10683593750005, 36.45185546875001], [23.06054687500003, 36.486962890624966], [22.98291015625003, 36.52836914062496], [22.83232421874999, 36.68710937499998], [22.779882812500063, 36.78618164062502], [22.71718750000008, 36.7939453125], [22.60839843750003, 36.77973632812501], [22.489062500000045, 36.56816406249999], [22.48945312500004, 36.446923828124994], [22.427734375, 36.47578125000001], [22.374804687500045, 36.513574218749966], [22.38125, 36.64619140624998], [22.37597656250003, 36.70190429687497], [22.23115234375001, 36.882568359375], [22.164746093750068, 36.90283203125006], [22.133789062500057, 36.96391601562499], [22.080468750000023, 37.028955078124994], [22.011718750000057, 37.01650390625002], [21.95556640625, 36.99008789062498], [21.940039062500034, 36.89179687500004], [21.93427734375001, 36.80366210937501], [21.89238281249999, 36.7373046875], [21.738085937500017, 36.86323242187498], [21.582910156250023, 37.08095703125002], [21.578808593750068, 37.20039062500001], [21.692480468750034, 37.30927734374998], [21.67890625000004, 37.38720703124997], [21.57128906250003, 37.54101562500003], [21.416210937500068, 37.639941406250045], [21.32929687500004, 37.669335937499994], [21.28847656250008, 37.774511718750006], [21.205273437499983, 37.82885742187497], [21.137988281250045, 37.854150390624966], [21.12470703125001, 37.89160156250006], [21.145019531250057, 37.919287109375006], [21.30810546874997, 38.027441406250006], [21.403710937499994, 38.19667968750002], [21.451171875, 38.204736328124994], [21.54873046875005, 38.16459960937499], [21.65839843750001, 38.17509765624999], [21.74843750000008, 38.27421875000002], [21.824707031250057, 38.328125], [21.953320312500068, 38.321191406249994], [22.24375, 38.188720703125], [22.555859375000068, 38.11323242187501], [22.711523437499977, 38.04692382812499], [22.799609375000074, 37.981201171875], [22.84638671875001, 37.96757812499999], [22.92031250000008, 37.95830078124996], [22.91699218750003, 38.00747070312502], [22.893164062500034, 38.050927734374994], [22.954785156250068, 38.07460937500002], [23.122070312500057, 38.073339843750034], [23.15253906250004, 38.09638671875004], [23.18349609375005, 38.133691406249994], [23.14892578125003, 38.17607421875002], [23.093554687500017, 38.196435546874994], [23.034375, 38.20209960937498], [22.995410156250017, 38.215527343749955], [22.93251953125008, 38.201953125000045], [22.834375, 38.23471679687506], [22.78369140625003, 38.26171875000006], [22.75390625, 38.28950195312504], [22.58339843750008, 38.34492187500004], [22.421679687500017, 38.43852539062502], [22.385253906250057, 38.38554687499996], [22.319921875000063, 38.356835937499966], [22.226855468750017, 38.35283203124996], [21.96533203125003, 38.412451171875034], [21.80468749999997, 38.366943359375], [21.717089843750074, 38.35502929687496], [21.65009765625001, 38.35400390625003], [21.567675781250017, 38.333593750000034], [21.47255859375008, 38.321386718750034], [21.39013671875, 38.40781250000006], [21.35546875000003, 38.47480468750004], [21.33105468750003, 38.4873046875], [21.32978515625004, 38.42436523437496], [21.303320312500063, 38.373925781249994], [21.1826171875, 38.34555664062498], [21.11318359375005, 38.384667968749966], [21.05976562500001, 38.50327148437506], [20.9921875, 38.65400390625004], [20.87324218750004, 38.77573242187506], [20.77685546875003, 38.80751953125005], [20.76855468750003, 38.874414062499994], [20.77734375000003, 38.927880859374966], [20.893164062500006, 38.94111328124998], [21.07421875000003, 38.885156249999966], [21.111621093750017, 38.89628906250002], [21.152343750000057, 38.92207031250001], [21.144531250000057, 38.97919921875004], [21.11835937500004, 39.02998046874998], [21.06855468750004, 39.03227539062502], [21.034082031250023, 39.02626953125002], [20.92275390625008, 39.03676757812502], [20.77968750000005, 39.00854492187506], [20.713378906250057, 39.03515624999997], [20.69130859375008, 39.06748046874998], [20.57167968750005, 39.14770507812497], [20.46826171875003, 39.25527343750005], [20.30078125000003, 39.32709960937504], [20.19140625000003, 39.545800781249994], [20.099414062500017, 39.641259765624994], [20.001269531250017, 39.70942382812501]]], [[[23.85224609375004, 35.53544921875002], [23.92060546875001, 35.528173828125034], [24.013281249999977, 35.52944335937502], [24.034375, 35.535400390625], [24.093359375000034, 35.593847656250006], [24.166015625, 35.59521484375003], [24.19775390625, 35.53745117187498], [24.12402343749997, 35.51083984374998], [24.108984375000034, 35.49580078125001], [24.123144531249977, 35.48364257812503], [24.178515625000074, 35.45952148437499], [24.25537109375, 35.46860351562498], [24.25771484375005, 35.42314453124996], [24.27490234375, 35.38598632812503], [24.31289062499999, 35.363818359375045], [24.35400390625003, 35.359472656250034], [24.444921874999977, 35.36601562499996], [24.53457031250005, 35.38076171875002], [24.62695312500003, 35.40991210937503], [24.721289062499977, 35.42480468750003], [25.003125, 35.40986328125001], [25.104296875000017, 35.34692382812497], [25.29677734375008, 35.33935546875003], [25.475683593750006, 35.30620117187502], [25.569628906250074, 35.328076171874955], [25.730175781249983, 35.348583984374955], [25.755859375, 35.326367187499955], [25.735156250000045, 35.18403320312501], [25.745019531249994, 35.14272460937502], [25.791308593750017, 35.12285156249999], [25.83710937500001, 35.132568359375], [25.893359375000017, 35.17919921875], [26.02802734375001, 35.21528320312498], [26.16787109375008, 35.21508789062503], [26.28554687500008, 35.309765624999955], [26.320214843750023, 35.31513671874998], [26.298632812500074, 35.26860351562502], [26.280859375, 35.15922851562502], [26.25556640625001, 35.09516601562501], [26.24433593750004, 35.04467773437503], [26.165625, 35.01860351562496], [26.04667968749999, 35.01416015625003], [25.8296875, 35.02519531249999], [25.610937500000034, 35.00732421874997], [25.20576171875001, 34.95927734374996], [24.7998046875, 34.934472656249966], [24.745214843750063, 34.95063476562498], [24.743945312500074, 35.01435546874998], [24.735156250000045, 35.05830078124998], [24.708886718750023, 35.08906250000001], [24.58339843750005, 35.115332031250034], [24.463671875000074, 35.16035156249998], [23.99433593750004, 35.221923828125], [23.883593750000017, 35.24609375000003], [23.703906250000017, 35.23349609375006], [23.638085937500023, 35.235156250000045], [23.59277343750003, 35.257226562499994], [23.561621093749977, 35.295166015625], [23.54755859375004, 35.41557617187502], [23.569824218750057, 35.53476562500006], [23.608691406250074, 35.56625976562498], [23.626562500000063, 35.530371093750034], [23.672656250000045, 35.51391601562497], [23.715429687500063, 35.55014648437498], [23.715039062500068, 35.604736328125], [23.736914062499977, 35.65551757812506], [23.770800781250045, 35.63422851562498], [23.793359375000023, 35.55620117187499], [23.85224609375004, 35.53544921875002]]], [[[27.176074218750045, 35.46528320312501], [27.137890624999983, 35.40908203125002], [27.09912109375, 35.456445312499994], [27.115820312500034, 35.51113281250002], [27.07070312500008, 35.597753906250006], [27.156054687500045, 35.72626953124998], [27.158007812500017, 35.788671875], [27.22314453125003, 35.820458984374994], [27.207031250000057, 35.71445312499998], [27.15722656250003, 35.62949218749998], [27.20888671875008, 35.558935546875006], [27.23359375000004, 35.47856445312496], [27.176074218750045, 35.46528320312501]]], [[[23.053808593750006, 36.189794921875006], [23.04218750000004, 36.14638671875005], [22.939453125000057, 36.17622070312498], [22.91083984375001, 36.22099609374996], [22.905664062500023, 36.32031250000003], [22.9326171875, 36.36875], [22.95048828124999, 36.38393554687502], [22.997851562500045, 36.328125], [23.097070312500023, 36.24658203125003], [23.053808593750006, 36.189794921875006]]], [[[27.84277343749997, 35.92929687500006], [27.770605468750006, 35.908300781250034], [27.745703125, 35.911035156249966], [27.715527343749983, 35.95732421874999], [27.75732421874997, 36.069189453125034], [27.718652343749994, 36.14111328125003], [27.716308593750057, 36.17158203125004], [27.7744140625, 36.213769531249994], [27.815234375000045, 36.276953125], [27.914453125000023, 36.34531249999998], [28.171484375000063, 36.42622070312504], [28.231835937500023, 36.433642578125045], [28.230078125, 36.370263671874994], [28.14404296874997, 36.20986328125002], [28.067675781250045, 36.12968750000002], [28.08779296875008, 36.065332031249966], [27.96552734375004, 36.047509765624966], [27.84277343749997, 35.92929687500006]]], [[[25.482421875000057, 36.39262695312502], [25.4359375, 36.34008789062497], [25.37050781250008, 36.35893554687502], [25.39716796875001, 36.37895507812499], [25.412890625000017, 36.404882812500034], [25.414648437500006, 36.44228515625002], [25.396875, 36.46533203125], [25.408984375000017, 36.473730468750034], [25.467382812500006, 36.43505859374997], [25.482421875000057, 36.39262695312502]]], [[[26.46064453125004, 36.585400390624955], [26.381640625000017, 36.56152343749997], [26.331445312500023, 36.511376953124966], [26.27001953125003, 36.54692382812502], [26.269824218750074, 36.595410156249955], [26.337011718749977, 36.58056640625003], [26.384179687499994, 36.60786132812501], [26.37001953125005, 36.63857421875005], [26.421289062500023, 36.624218749999955], [26.46064453125004, 36.585400390624955]]], [[[27.860156250000045, 36.55390625000001], [27.83828125000005, 36.537988281249966], [27.78808593750003, 36.583691406249955], [27.785742187500006, 36.607519531250034], [27.836816406249994, 36.634863281250006], [27.8625, 36.641162109375045], [27.869824218750068, 36.622509765624955], [27.869042968749994, 36.58266601562502], [27.860156250000045, 36.55390625000001]]], [[[24.535742187500006, 36.76376953125006], [24.5375, 36.70502929687498], [24.53066406250005, 36.683984374999966], [24.325976562500017, 36.65561523437506], [24.34492187500004, 36.722998046875006], [24.35742187500003, 36.744287109374994], [24.42519531250005, 36.71293945312502], [24.4501953125, 36.72895507812498], [24.460351562500023, 36.74746093750002], [24.535742187500006, 36.76376953125006]]], [[[25.38173828125005, 36.67402343749998], [25.364355468749977, 36.658349609374994], [25.288671875000034, 36.72153320312498], [25.25996093750004, 36.75844726562505], [25.29589843749997, 36.78916015624998], [25.40693359375004, 36.71733398437502], [25.38173828125005, 36.67402343749998]]], [[[26.94960937499999, 36.72709960937496], [26.918359375000023, 36.72592773437498], [26.955566406250057, 36.77421875], [27.061132812499977, 36.840380859375045], [27.214941406250063, 36.89863281250001], [27.265625, 36.90512695312498], [27.352148437500034, 36.86889648437497], [27.193164062500074, 36.80913085937496], [27.150976562500006, 36.77758789062503], [27.03359375000005, 36.77075195312497], [26.94960937499999, 36.72709960937496]]], [[[25.859375, 36.790429687499994], [25.771093749999977, 36.7822265625], [25.74316406249997, 36.78974609375001], [25.79677734375005, 36.80703125], [25.834375, 36.82539062500001], [25.852441406250023, 36.847558593749994], [25.941992187499977, 36.886572265625034], [26.00068359375004, 36.937402343749994], [26.064453125000057, 36.90273437500002], [25.984667968750074, 36.8796875], [25.859375, 36.790429687499994]]], [[[24.720898437499983, 36.92143554687502], [24.70263671875, 36.917089843750034], [24.67646484375001, 36.95927734375002], [24.670996093750034, 36.99858398437502], [24.681445312500045, 37.02163085937502], [24.71611328124999, 37.02382812500002], [24.76318359375, 36.94921875], [24.720898437499983, 36.92143554687502]]], [[[27.019726562499983, 36.95903320312496], [26.919921875, 36.945214843749994], [26.937695312500068, 37.02460937499998], [26.88867187500003, 37.08725585937506], [26.96660156249999, 37.052099609375006], [27.016015625000023, 37.009667968749966], [27.040136718750063, 37.0015625], [27.03457031250008, 36.97597656250002], [27.019726562499983, 36.95903320312496]]], [[[25.278906249999977, 37.068408203125045], [25.19941406250004, 36.99130859375006], [25.13330078125, 36.999658203124966], [25.10546875, 37.03496093749996], [25.146484375, 37.107421875], [25.23505859375001, 37.148535156250006], [25.27529296875005, 37.137841796874966], [25.27148437499997, 37.084179687499955], [25.278906249999977, 37.068408203125045]]], [[[25.54589843750003, 36.96757812500002], [25.456738281250068, 36.92968750000003], [25.395898437500023, 36.984375], [25.361914062500034, 37.070410156250006], [25.525292968749994, 37.196386718750006], [25.56435546875005, 37.18510742187502], [25.587890625000057, 37.15253906250004], [25.584277343750017, 37.03930664062497], [25.54589843750003, 36.96757812500002]]], [[[24.523535156250006, 37.125097656250034], [24.48652343750004, 37.11005859374998], [24.42480468749997, 37.13198242187502], [24.441210937500045, 37.186865234375006], [24.483789062499994, 37.21020507812497], [24.52910156249999, 37.19233398437498], [24.535937500000045, 37.16767578125001], [24.523535156250006, 37.125097656250034]]], [[[24.435742187500068, 37.344433593749955], [24.37890625000003, 37.314111328124994], [24.397753906250074, 37.383447265624994], [24.369726562500034, 37.41962890625001], [24.39482421874999, 37.450390624999955], [24.43125, 37.475195312500034], [24.448535156250017, 37.44956054687506], [24.481445312500057, 37.408007812500045], [24.435742187500068, 37.344433593749955]]], [[[24.94287109375, 37.493505859375034], [24.93789062500005, 37.389697265625045], [24.911523437500023, 37.39057617187504], [24.89619140625001, 37.406591796875006], [24.89531249999999, 37.44633789062502], [24.906542968750074, 37.50888671874998], [24.94287109375, 37.493505859375034]]], [[[25.40273437500008, 37.41914062499998], [25.307128906250057, 37.412988281249994], [25.31269531250004, 37.48930664062499], [25.348144531250057, 37.50917968750005], [25.462988281250006, 37.47109375], [25.457421875000023, 37.44707031249999], [25.40273437500008, 37.41914062499998]]], [[[26.029296875, 37.52939453124998], [25.982421875000057, 37.52558593750001], [25.99677734375004, 37.565576171874994], [26.08632812500008, 37.634912109374994], [26.211523437500006, 37.63828125000006], [26.32558593750005, 37.67304687500004], [26.351367187500074, 37.67431640625003], [26.296875, 37.61958007812498], [26.204882812500074, 37.56850585937505], [26.029296875, 37.52939453124998]]], [[[25.255859375, 37.599609375], [25.21875, 37.53510742187498], [25.156347656250063, 37.545068359374966], [25.05195312500001, 37.61445312499998], [25.01630859375004, 37.64594726562501], [24.99648437499999, 37.67690429687502], [25.039355468750045, 37.68066406249997], [25.091796875000057, 37.64799804687499], [25.225390625000017, 37.63066406250002], [25.255859375, 37.599609375]]], [[[24.35595703124997, 37.57685546874998], [24.288964843750023, 37.52827148437501], [24.277441406250063, 37.60112304687502], [24.320410156250034, 37.677734375], [24.379101562499983, 37.682714843750034], [24.40078125000005, 37.649023437500006], [24.35595703124997, 37.57685546874998]]], [[[26.824414062499983, 37.811425781249966], [26.947363281249977, 37.77846679687502], [26.981542968750034, 37.78198242187503], [27.039648437500063, 37.77001953124997], [27.05507812500008, 37.709277343750045], [26.978125, 37.70048828125002], [26.844921874999983, 37.64472656250004], [26.78828125000001, 37.65698242187503], [26.720507812500045, 37.705468749999966], [26.612890625000063, 37.71049804687502], [26.581054687500057, 37.72373046875006], [26.63867187499997, 37.78085937500006], [26.743359374999983, 37.80976562499998], [26.824414062499983, 37.811425781249966]]], [[[20.888476562500017, 37.80537109374998], [20.993945312500017, 37.70800781250006], [20.90908203125005, 37.73212890624998], [20.818554687500068, 37.66474609375001], [20.703808593750068, 37.74345703124999], [20.63505859374999, 37.823144531249966], [20.619531250000023, 37.85502929687499], [20.691503906250034, 37.92954101562506], [20.75869140625005, 37.85297851562501], [20.839843750000057, 37.840722656249994], [20.888476562500017, 37.80537109374998]]], [[[24.99169921875, 37.75961914062498], [24.962207031250045, 37.69238281249997], [24.884082031250017, 37.7705078125], [24.79853515625001, 37.82402343749996], [24.76650390625005, 37.87070312500006], [24.71435546875, 37.89887695312504], [24.70019531250003, 37.96166992187503], [24.76337890625004, 37.9875], [24.790429687500023, 37.990136718749966], [24.855078125000063, 37.913671875000034], [24.95634765624999, 37.90478515625], [24.948437500000068, 37.85766601562497], [24.98046875000003, 37.796923828125045], [24.99169921875, 37.75961914062498]]], [[[23.55097656250004, 37.925878906250034], [23.511425781250068, 37.90117187499996], [23.46679687500003, 37.902392578125045], [23.435253906249983, 37.911474609375006], [23.41933593750005, 37.93125], [23.439062500000063, 37.94067382812503], [23.462207031250074, 37.98037109375002], [23.483691406250017, 37.991113281249994], [23.515527343749994, 37.98603515625001], [23.53486328125004, 37.97021484375], [23.55097656250004, 37.925878906250034]]], [[[20.61230468749997, 38.38334960937496], [20.62470703125001, 38.26787109374996], [20.69521484375008, 38.246191406250006], [20.788867187500074, 38.14208984375003], [20.78076171875003, 38.08881835937501], [20.761328125000063, 38.070556640625], [20.606152343750068, 38.11972656249998], [20.568945312500034, 38.09765625000003], [20.523535156250006, 38.10664062499998], [20.49550781250008, 38.16416015624998], [20.49873046875001, 38.184375], [20.47333984375001, 38.21879882812502], [20.45214843750003, 38.234179687500045], [20.391015625000023, 38.188427734374955], [20.3525390625, 38.17988281249998], [20.35224609375001, 38.22172851562499], [20.408691406250057, 38.33676757812498], [20.43505859375003, 38.35620117187503], [20.481445312500057, 38.318212890625006], [20.519628906250006, 38.33232421874996], [20.54833984375, 38.39453125000003], [20.550292968750057, 38.45654296875003], [20.56318359375001, 38.47495117187506], [20.61230468749997, 38.38334960937496]]], [[[20.75869140625005, 38.329443359375006], [20.709277343750017, 38.318603515625], [20.64638671875008, 38.41430664062506], [20.623632812500063, 38.480322265625006], [20.649707031250045, 38.483984375000034], [20.6748046875, 38.47631835937497], [20.701269531249977, 38.45141601562497], [20.701074218750023, 38.42592773437502], [20.71162109375004, 38.398632812499955], [20.73916015625008, 38.36577148437502], [20.75869140625005, 38.329443359375006]]], [[[26.094042968750045, 38.218066406250045], [25.998535156250057, 38.161523437499966], [25.891894531250074, 38.24331054687502], [25.874316406250045, 38.26962890624998], [25.95263671875003, 38.30263671875005], [25.99140625000001, 38.353515625], [25.9599609375, 38.41601562500006], [25.851269531250068, 38.508398437500034], [25.84609375000008, 38.57402343749999], [26.0125, 38.60170898437505], [26.110449218750006, 38.544628906249955], [26.160351562500068, 38.540722656249955], [26.141210937500063, 38.486181640625034], [26.14960937500001, 38.46845703124998], [26.157031250000017, 38.30292968750001], [26.11074218750008, 38.27963867187506], [26.103125, 38.234179687500045], [26.094042968750045, 38.218066406250045]]], [[[20.68671875000004, 38.608691406250045], [20.647851562500023, 38.600976562499966], [20.614355468750034, 38.60625], [20.58398437499997, 38.60170898437505], [20.554687500000057, 38.58256835937496], [20.55791015624999, 38.66186523437503], [20.59248046875004, 38.76015625], [20.634667968749994, 38.817578124999955], [20.694140625000045, 38.84423828124997], [20.71962890625008, 38.799169921875034], [20.71484375, 38.63833007812505], [20.68671875000004, 38.608691406250045]]], [[[24.67470703125008, 38.80922851562505], [24.56904296875004, 38.78481445312505], [24.54101562500003, 38.788671875000034], [24.564550781250034, 38.81943359374998], [24.566406250000057, 38.832373046875034], [24.461035156249977, 38.888623046874955], [24.473437500000017, 38.961669921875], [24.485644531250017, 38.98027343749999], [24.5640625, 38.942236328125034], [24.58125, 38.87885742187501], [24.67470703125008, 38.80922851562505]]], [[[23.41542968750005, 38.95864257812502], [23.471972656250017, 38.85009765625003], [23.525, 38.81347656250003], [23.63623046875, 38.77021484374998], [23.68847656249997, 38.76469726562502], [23.87822265624999, 38.68657226562502], [24.09902343750005, 38.670996093750034], [24.127539062499977, 38.64848632812499], [24.154687500000023, 38.588281249999966], [24.19970703125003, 38.54101562500003], [24.211035156250034, 38.50424804687498], [24.1875, 38.46342773437502], [24.220117187500023, 38.338623046875], [24.27578125000008, 38.22001953124999], [24.359667968750017, 38.1625], [24.463964843750063, 38.145117187500006], [24.563281250000045, 38.14750976562496], [24.58837890625, 38.123974609374955], [24.578515625000023, 38.02016601562505], [24.536523437499994, 37.97973632812497], [24.50234375000005, 37.96992187500001], [24.472656250000057, 37.98051757812496], [24.44580078125, 38.00498046875006], [24.416503906250057, 38.01655273437501], [24.359472656249977, 38.01855468749997], [24.317773437500023, 38.06035156249996], [24.212011718750063, 38.11752929687498], [24.19257812500001, 38.15166015625002], [24.1890625, 38.20429687499998], [24.144140625, 38.243066406249994], [24.102832031250017, 38.31684570312501], [24.063574218750006, 38.33720703124999], [24.04189453125005, 38.374121093750034], [24.040136718750034, 38.38999023437498], [23.88623046875003, 38.400732421875034], [23.7587890625, 38.40122070312506], [23.650781250000023, 38.443066406249955], [23.617382812500068, 38.55253906249996], [23.553320312500063, 38.58198242187501], [23.50527343750005, 38.61293945312502], [23.46523437500005, 38.65585937500006], [23.364062500000045, 38.73500976562502], [23.252148437499983, 38.80122070312501], [23.14394531250008, 38.844824218750006], [23.029101562500017, 38.87338867187506], [22.93574218750001, 38.83964843750002], [22.88134765625003, 38.84765625000006], [22.87031250000001, 38.870507812499994], [22.98632812500003, 38.91591796875002], [23.14580078124999, 39.00268554687503], [23.25820312500008, 39.031347656250006], [23.312695312500068, 39.034912109375], [23.41542968750005, 38.95864257812502]]], [[[23.77978515625003, 39.11440429687505], [23.735156250000074, 39.08056640624997], [23.666113281250034, 39.095361328124966], [23.593945312499983, 39.208593750000034], [23.77978515625003, 39.11440429687505]]], [[[23.887988281250045, 39.158300781250006], [23.841210937500023, 39.146582031250034], [23.88808593750005, 39.22636718750002], [23.97089843750004, 39.26772460937502], [23.939746093750017, 39.200537109375006], [23.887988281250045, 39.158300781250006]]], [[[26.410156250000057, 39.32944335937506], [26.392773437500068, 39.27011718750006], [26.53105468749999, 39.171777343749994], [26.578222656250006, 39.10952148437502], [26.595605468749994, 39.048828125], [26.58398437500003, 39.03144531250001], [26.531542968750017, 39.064355468749966], [26.48867187500008, 39.07480468750006], [26.503125, 39.03144531250001], [26.54716796874999, 38.99414062500006], [26.46875, 38.972802734374966], [26.39013671874997, 38.97392578125002], [26.160839843750068, 39.02587890625003], [26.10791015625003, 39.0810546875], [26.2451171875, 39.164111328125045], [26.27314453125004, 39.19755859375002], [26.17597656250004, 39.19428710937498], [26.072363281249977, 39.09560546875002], [25.90625, 39.13896484374999], [25.85546875000003, 39.17866210937498], [25.844140625000023, 39.20004882812498], [25.90957031250005, 39.287548828124955], [26.026464843750063, 39.28461914062498], [26.088378906250057, 39.304296875], [26.16484374999999, 39.331982421874955], [26.165429687500023, 39.37353515624997], [26.347753906250034, 39.383007812499955], [26.410156250000057, 39.32944335937506]]], [[[20.077929687500017, 39.43271484375006], [20.09960937499997, 39.376611328124994], [19.975, 39.41142578124999], [19.88398437500001, 39.46152343750006], [19.808886718750074, 39.58530273437506], [19.64892578125, 39.72617187500006], [19.64648437500003, 39.76708984375006], [19.70732421874999, 39.79809570312497], [19.83857421875001, 39.82011718750002], [19.891699218749977, 39.797265624999966], [19.926074218750074, 39.77373046874999], [19.936816406250045, 39.746728515624994], [19.862207031250023, 39.69262695312497], [19.846679687500057, 39.66811523437505], [19.904101562500017, 39.619482421875006], [19.903125, 39.6], [19.927343750000063, 39.505908203125045], [19.955273437500068, 39.47041015625001], [20.02773437500008, 39.44208984375001], [20.077929687500017, 39.43271484375006]]], [[[25.43769531250001, 39.98330078125005], [25.39990234375003, 39.949560546875006], [25.372070312500057, 39.891308593749955], [25.35703125, 39.80810546875006], [25.298730468750023, 39.80610351562501], [25.26337890625001, 39.82294921874998], [25.251757812500045, 39.854394531249994], [25.249414062500023, 39.894140625], [25.22382812500004, 39.89257812500003], [25.203222656250034, 39.849414062500045], [25.185156249999977, 39.82993164062506], [25.12646484375003, 39.82583007812502], [25.062207031250068, 39.852392578125006], [25.065234375000074, 39.90986328125001], [25.05234375, 39.97636718749996], [25.058007812500023, 39.999658203124994], [25.234179687500017, 40.00541992187502], [25.285742187500034, 39.95629882812506], [25.34804687500005, 39.98476562499999], [25.373632812500006, 40.01552734375002], [25.449121093750023, 40.034814453124966], [25.43769531250001, 39.98330078125005]]], [[[25.68574218750001, 40.42656250000002], [25.57265625000005, 40.40043945312502], [25.448046875000074, 40.48281250000002], [25.56855468750001, 40.515869140625], [25.624316406250017, 40.49199218750002], [25.664257812500068, 40.46386718749997], [25.68574218750001, 40.42656250000002]]], [[[24.774218750000017, 40.61518554687498], [24.64589843750008, 40.57944335937498], [24.51552734375008, 40.64702148437499], [24.516699218750034, 40.68720703125001], [24.585546875000034, 40.76875], [24.623339843750017, 40.792919921874955], [24.71914062500008, 40.78627929687502], [24.773632812499983, 40.73027343749999], [24.78632812500001, 40.70385742187503], [24.768652343750034, 40.65888671875001], [24.774218750000017, 40.61518554687498]]]]}}, {"type": "Feature", "properties": {"scalerank": 1, "featurecla": "Admin-0 country", "LABELRANK": 6.0, "SOVEREIGNT": "Croatia", "SOV_A3": "HRV", "ADM0_DIF": 0.0, "LEVEL": 2.0, "TYPE": "Sovereign country", "ADMIN": "Croatia", "ADM0_A3": "HRV", "GEOU_DIF": 0.0, "GEOUNIT": "Croatia", "GU_A3": "HRV", "SU_DIF": 0.0, "SUBUNIT": "Croatia", "SU_A3": "HRV", "BRK_DIFF": 0.0, "NAME": "Croatia", "NAME_LONG": "Croatia", "BRK_A3": "HRV", "BRK_NAME": "Croatia", "BRK_GROUP": null, "ABBREV": "Cro.", "POSTAL": "HR", "FORMAL_EN": "Republic of Croatia", "FORMAL_FR": null, "NAME_CIAWF": "Croatia", "NOTE_ADM0": null, "NOTE_BRK": null, "NAME_SORT": "Croatia", "NAME_ALT": null, "MAPCOLOR7": 5.0, "MAPCOLOR8": 4.0, "MAPCOLOR9": 5.0, "MAPCOLOR13": 1.0, "POP_EST": 4292095.0, "POP_RANK": 12.0, "GDP_MD_EST": 94240.0, "POP_YEAR": 2017.0, "LASTCENSUS": 2011.0, "GDP_YEAR": 2016.0, "ECONOMY": "2. Developed region: nonG7", "INCOME_GRP": "2. High income: nonOECD", "WIKIPEDIA": -99.0, "FIPS_10_": "HR", "ISO_A2": "HR", "ISO_A3": "HRV", "ISO_A3_EH": "HRV", "ISO_N3": "191", "UN_A3": "191", "WB_A2": "HR", "WB_A3": "HRV", "WOE_ID": 23424843.0, "WOE_ID_EH": 23424843.0, "WOE_NOTE": "Exact WOE match as country", "ADM0_A3_IS": "HRV", "ADM0_A3_US": "HRV", "ADM0_A3_UN": -99.0, "ADM0_A3_WB": -99.0, "CONTINENT": "Europe", "REGION_UN": "Europe", "SUBREGION": "Southern Europe", "REGION_WB": "Europe & Central Asia", "NAME_LEN": 7.0, "LONG_LEN": 7.0, "ABBREV_LEN": 4.0, "TINY": -99.0, "HOMEPART": 1.0, "MIN_ZOOM": 0.0, "MIN_LABEL": 4.0, "MAX_LABEL": 9.0}, "geometry": {"type": "MultiPolygon", "coordinates": [[[[17.667578125000034, 42.897119140624994], [17.740234375, 42.91547851562501], [17.80195312500004, 42.902246093749994], [17.84130859374997, 42.84506835937498], [17.91884765625005, 42.80742187500002], [18.04453125, 42.74125976562496], [18.123925781249994, 42.69057617187502], [18.304003906250017, 42.59941406250002], [18.34658203125008, 42.586669921875], [18.436328125000017, 42.559716796874994], [18.438085937500006, 42.52294921875], [18.476660156250006, 42.481103515624994], [18.517480468750023, 42.432910156249996], [18.333007812500057, 42.52788085937502], [18.16064453125003, 42.63403320312497], [17.823828125000063, 42.797412109375045], [17.58496093749997, 42.83715820312506], [17.258203125000023, 42.96845703124998], [17.04541015625003, 43.01489257812503], [17.12646484375, 43.02558593749998], [17.219824218750034, 43.02587890625003], [17.7236328125, 42.85068359375006], [17.667578125000034, 42.897119140624994]]], [[[19.007128906250074, 44.86918945312496], [18.94130859375008, 44.86518554687504], [18.83642578125003, 44.88325195312498], [18.788378906250017, 44.914892578125034], [18.780175781250023, 44.947216796874955], [18.779394531250034, 44.97724609375004], [18.74609375, 45.02651367187502], [18.662597656250057, 45.07744140625002], [18.48828124999997, 45.08583984375005], [18.423925781250006, 45.102001953124955], [18.35761718750001, 45.12055664062501], [18.284960937500045, 45.13427734375006], [18.217968750000068, 45.132910156250034], [18.137207031250057, 45.11938476562503], [17.99628906250001, 45.14179687499998], [17.94863281250008, 45.11186523437502], [17.87441406250005, 45.07724609374998], [17.812792968750045, 45.078125], [17.69013671875001, 45.15839843749998], [17.65351562500001, 45.163476562499966], [17.546289062499994, 45.12255859374997], [17.502636718749983, 45.12036132812497], [17.469140625000023, 45.13330078125003], [17.32412109375005, 45.163964843749966], [17.258691406250023, 45.170556640624994], [17.21064453125001, 45.15605468749996], [17.12539062500005, 45.171777343749966], [16.91865234375004, 45.27656249999998], [16.790820312500017, 45.196875], [16.53066406250005, 45.216699218749966], [16.45351562500005, 45.16201171875002], [16.365039062500045, 45.05834960937503], [16.293359375000023, 45.00883789062499], [16.231054687500034, 45.02661132812497], [16.157324218750006, 45.07221679687501], [16.02832031250003, 45.18959960937505], [15.963183593750074, 45.210791015625006], [15.88828125, 45.21572265625002], [15.822851562500006, 45.202783203124966], [15.788085937500028, 45.178955078125], [15.761523437500017, 45.00751953124998], [15.737988281250011, 44.85639648437501], [15.736621093750017, 44.765820312499955], [15.880078125000011, 44.68193359374999], [16.049023437500068, 44.53759765625], [16.10341796875005, 44.52099609375], [16.130273437499994, 44.473730468750034], [16.16982421875008, 44.35200195312501], [16.21425781250005, 44.21513671875002], [16.300097656250045, 44.12451171875003], [16.377539062500034, 44.05961914062496], [16.472070312499994, 44.002587890624966], [16.590527343750068, 43.91318359374998], [16.687695312500068, 43.81503906250006], [16.713476562500063, 43.77880859375003], [16.90185546875, 43.64902343749998], [17.084570312500006, 43.51655273437498], [17.248046875, 43.47021484374997], [17.273828125000023, 43.445751953124955], [17.27529296875005, 43.34384765624998], [17.293066406250034, 43.30561523437501], [17.40224609375005, 43.19892578125004], [17.624804687500017, 43.04277343750002], [17.650488281250006, 43.00659179687503], [17.657812499999977, 42.980078125000034], [17.64345703125008, 42.95976562499999], [17.58515625000001, 42.938378906249966], [17.53730468750004, 42.962255859375034], [17.329882812500074, 43.114892578124966], [17.12939453124997, 43.21113281250004], [16.903125, 43.392431640625006], [16.60029296875001, 43.464062499999955], [16.39394531250008, 43.54335937500002], [16.268945312500023, 43.53125], [16.131054687500068, 43.50629882812504], [16.045996093750063, 43.505517578124966], [15.985546875000011, 43.51977539062503], [15.94257812500004, 43.568945312500006], [15.949121093750051, 43.60698242187502], [15.941503906250006, 43.65664062500002], [15.820605468750074, 43.7359375], [15.655664062500051, 43.811279296875], [15.499414062499994, 43.90878906250006], [15.185839843750074, 44.17211914062497], [15.122949218750051, 44.25678710937498], [15.184667968750006, 44.27290039062498], [15.231347656250023, 44.271435546874955], [15.284277343750063, 44.28881835937503], [15.369726562500063, 44.28925781250004], [15.470996093750074, 44.27197265624997], [15.381347656250028, 44.328271484374994], [15.269824218750045, 44.383496093749955], [14.981347656250051, 44.602929687499994], [14.895214843750011, 44.70659179687496], [14.885253906250028, 44.818261718749966], [14.906542968750017, 44.97138671874998], [14.854589843750006, 45.08100585937504], [14.63203125000004, 45.222900390625], [14.55048828125004, 45.297705078125034], [14.386132812500051, 45.342138671875034], [14.312695312500011, 45.33779296875002], [14.268554687500057, 45.28251953124996], [14.236328124999972, 45.15966796874997], [14.090625, 44.99760742187502], [14.0419921875, 44.927197265624955], [13.965820312500028, 44.835644531249955], [13.89980468750008, 44.829345703125], [13.860742187500023, 44.83740234374997], [13.742480468750017, 44.99150390625002], [13.629296875000051, 45.10820312499999], [13.613476562500011, 45.163427734375034], [13.603320312500074, 45.23139648437504], [13.517187500000034, 45.48178710937498], [13.577929687500017, 45.516894531249996], [13.615234375, 45.4767578125], [13.878710937500017, 45.428369140624994], [13.935644531250006, 45.449804687500034], [13.970117187500023, 45.482617187499955], [13.9703125, 45.503369140625], [13.992773437500006, 45.509423828124994], [14.085546875, 45.47783203124996], [14.161230468750006, 45.48515625], [14.283007812500017, 45.486621093749996], [14.369921875000017, 45.4814453125], [14.42734375, 45.505761718749966], [14.505175781250017, 45.59521484375], [14.533984375000017, 45.645263671875], [14.56884765625, 45.6572265625], [14.591796875, 45.651269531249994], [14.608593750000011, 45.610107421875], [14.649511718750006, 45.571484375], [14.733593750000011, 45.50849609375], [14.793066406249977, 45.478222656249955], [14.847070312500023, 45.467333984374996], [14.9, 45.49267578125], [14.95458984375, 45.499902343749994], [15.110449218749977, 45.45078125000006], [15.242089843750023, 45.44140625], [15.339453125, 45.467041015625], [15.326660156249972, 45.50229492187498], [15.291210937500011, 45.541552734374996], [15.283593750000023, 45.5796875], [15.290136718750006, 45.61264648437498], [15.35693359375, 45.6455078125], [15.353710937500011, 45.659912109375], [15.27294921875, 45.717724609375], [15.277050781250011, 45.73261718750001], [15.4541015625, 45.797607421875], [15.624804687500017, 45.834033203124996], [15.652148437500017, 45.862158203125], [15.668066406249977, 45.90444335937502], [15.675585937500017, 45.983691406249996], [15.666210937500011, 46.048486328124994], [15.596875, 46.109228515625], [15.592578125000017, 46.139990234375], [15.608984375, 46.171923828124996], [15.635937500000011, 46.200732421874996], [15.704199218750006, 46.213232421875], [15.784277343750006, 46.233984375], [15.847558593750023, 46.257861328124996], [15.933300781250011, 46.277636718749996], [16.00068359375001, 46.30537109375], [16.066503906250006, 46.371337890625], [16.1064453125, 46.382226562499994], [16.227441406250023, 46.372851562499996], [16.253320312500023, 46.38911132812498], [16.236718750000023, 46.483837890625], [16.258398437500006, 46.507910156250034], [16.30117187499999, 46.52138671875002], [16.321191406250023, 46.534619140625], [16.427636718750023, 46.52441406250003], [16.516210937500006, 46.499902343749994], [16.569921875, 46.485009765624994], [16.748046875, 46.41640625000005], [16.871484375000023, 46.339306640625], [16.93994140625, 46.253662109375], [17.03271484375, 46.187304687499996], [17.14960937500001, 46.14033203125], [17.2421875, 46.076611328125], [17.310644531250006, 45.996142578124996], [17.406347656250006, 45.95107421875002], [17.529199218750023, 45.941308593749994], [17.60703125, 45.91376953125], [17.6396484375, 45.868359375], [17.706445312500023, 45.82724609375], [17.80712890625, 45.790429687499994], [17.9638671875, 45.770263671875], [18.263964843750017, 45.765478515625], [18.290625, 45.764453125], [18.358300781250023, 45.75302734375], [18.437304687500017, 45.767333984375], [18.533593750000023, 45.796142578125], [18.564648437499983, 45.81328125000002], [18.666015625, 45.907470703125], [18.721777343750006, 45.899365234375], [18.8330078125, 45.91083984375], [18.900292968750023, 45.93173828125], [18.905371093750006, 45.93173828125], [18.901074218750068, 45.90761718750005], [18.89355468750003, 45.86552734374999], [18.83906250000004, 45.83574218749996], [18.894531250000057, 45.76708984375], [18.947265625000057, 45.65581054687499], [18.917871093750023, 45.60083007812497], [18.953710937500034, 45.55800781250005], [19.05507812500008, 45.527246093749994], [19.064257812500074, 45.51499023437498], [19.033300781250006, 45.50219726562506], [19.00761718749999, 45.4658203125], [19.004687500000017, 45.399511718750006], [19.09306640624999, 45.33691406250003], [19.272851562500023, 45.27797851562502], [19.33027343750001, 45.26806640625003], [19.35224609375004, 45.24541015624996], [19.382324218750057, 45.230615234374966], [19.4, 45.2125], [19.400976562500034, 45.189062500000034], [19.38808593750005, 45.17299804687502], [19.303027343750045, 45.16728515625002], [19.20595703125008, 45.167773437500045], [19.13691406250004, 45.19624023437498], [19.13076171875005, 45.17548828125001], [19.12968749999999, 45.15170898437506], [19.06289062500008, 45.13720703125003], [19.1, 44.97377929687505], [19.085253906250017, 44.92675781250006], [19.06054687500003, 44.910986328125034], [19.03759765624997, 44.917529296875045], [19.009570312500045, 44.91938476562498], [18.995507812500023, 44.90400390625004], [19.007128906250074, 44.86918945312496]]], [[[17.607812500000023, 42.76904296875003], [17.744238281250006, 42.700341796874966], [17.344140625000023, 42.790380859375034], [17.38955078125005, 42.79863281250002], [17.431933593750074, 42.800390625], [17.607812500000023, 42.76904296875003]]], [[[16.650683593750074, 42.99658203125003], [16.835546875000063, 42.96865234375002], [16.97109375000005, 42.98149414062496], [17.09365234375008, 42.96435546875003], [17.16982421875005, 42.93261718750006], [17.188281250000074, 42.91704101562499], [17.08935546875, 42.91489257812498], [16.977539062500057, 42.927783203125045], [16.850683593750034, 42.89550781250003], [16.738867187500006, 42.912744140624994], [16.696386718750063, 42.933691406250006], [16.666308593750045, 42.95991210937501], [16.650683593750074, 42.99658203125003]]], [[[17.19404296875001, 43.12578125], [17.124121093750063, 43.11542968749998], [16.67919921875003, 43.123144531250034], [16.54980468750003, 43.143896484375006], [16.405859375, 43.19736328124998], [16.37646484374997, 43.21376953125002], [16.521386718750023, 43.229248046875], [16.655957031250068, 43.21376953125002], [16.697265625000057, 43.17495117187502], [17.061132812500034, 43.143896484375006], [17.19404296875001, 43.12578125]]], [[[16.785253906250034, 43.270654296874994], [16.62744140625003, 43.26806640625], [16.490332031250006, 43.28618164062496], [16.423144531250074, 43.31723632812498], [16.428125, 43.343408203124966], [16.44892578125001, 43.38706054687498], [16.6015625, 43.38188476562499], [16.834375, 43.35083007812497], [16.891308593750068, 43.31464843749998], [16.873632812500006, 43.297949218750034], [16.785253906250034, 43.270654296874994]]], [[[15.371386718750045, 43.97382812499998], [15.43720703125004, 43.899511718750034], [15.374218750000068, 43.91479492187503], [15.308593750000028, 43.96079101562498], [15.27001953125, 44.01074218750003], [15.371386718750045, 43.97382812499998]]], [[[15.231054687500034, 44.06230468749999], [15.246679687500034, 44.02705078124998], [15.121875, 44.09331054687499], [15.074609375000051, 44.137841796874994], [15.065820312500051, 44.157666015624955], [15.231054687500034, 44.06230468749999]]], [[[15.188769531250045, 43.92236328124997], [15.203027343750023, 43.90771484375], [15.20166015625, 43.89775390625002], [15.149804687500023, 43.911816406249955], [15.135839843750006, 43.90727539062502], [14.891308593750011, 44.12553710937499], [14.865039062500074, 44.16796875], [14.952539062500051, 44.11718749999997], [15.188769531250045, 43.92236328124997]]], [[[15.188476562499972, 44.33574218749999], [15.162597656250028, 44.309179687500006], [15.097949218750017, 44.35815429687503], [15.03857421875, 44.39301757812504], [14.996093750000057, 44.434326171875], [14.91279296875004, 44.48583984375003], [14.88466796875008, 44.54472656250002], [14.760449218750011, 44.664746093749955], [14.74189453125004, 44.697363281250034], [14.803808593750034, 44.64868164062497], [14.85537109375008, 44.618261718750006], [14.898046875000063, 44.61083984375], [15.006445312500034, 44.53422851562502], [15.112988281250068, 44.43574218750004], [15.239941406250068, 44.350195312500006], [15.21357421875004, 44.347558593749994], [15.188476562499972, 44.33574218749999]]], [[[14.83144531250008, 44.758935546874966], [14.856640625000068, 44.71484375000006], [14.7625, 44.75463867187497], [14.678222656250028, 44.76987304687498], [14.66035156250004, 44.79980468750003], [14.672460937500006, 44.824365234374966], [14.690527343750063, 44.84814453125003], [14.754199218750074, 44.84482421875006], [14.763769531250063, 44.82138671874998], [14.83144531250008, 44.758935546874966]]], [[[14.488085937500017, 44.660058593749994], [14.480371093750051, 44.621240234374994], [14.41953125, 44.67031250000002], [14.388867187500068, 44.75830078125003], [14.312402343750023, 44.900390625], [14.302539062500074, 44.9404296875], [14.342187500000051, 44.979931640624955], [14.340039062500068, 45.01997070312504], [14.28583984375004, 45.144628906250034], [14.33125, 45.16499023437501], [14.358203125000045, 45.167431640624955], [14.369140625000028, 45.08095703125002], [14.39375, 45.03125], [14.467382812500063, 44.97021484375003], [14.45253906250008, 44.86918945312496], [14.467578125000017, 44.72534179687506], [14.482519531250034, 44.69335937500003], [14.488085937500017, 44.660058593749994]]], [[[14.810253906250011, 44.97705078125], [14.687011718750057, 44.95561523437499], [14.62832031250008, 44.99394531249996], [14.612988281250068, 45.02543945312499], [14.511718750000057, 45.03540039062497], [14.450390625000068, 45.079199218750034], [14.437890625000023, 45.09863281249997], [14.524609375000011, 45.146826171875034], [14.571093750000074, 45.22475585937502], [14.629980468750063, 45.17802734374999], [14.701171875, 45.09003906250001], [14.739160156250023, 45.06547851562499], [14.810253906250011, 44.97705078125]]]]}}, {"type": "Feature", "properties": {"scalerank": 1, "featurecla": "Admin-0 country", "LABELRANK": 5.0, "SOVEREIGNT": "Hungary", "SOV_A3": "HUN", "ADM0_DIF": 0.0, "LEVEL": 2.0, "TYPE": "Sovereign country", "ADMIN": "Hungary", "ADM0_A3": "HUN", "GEOU_DIF": 0.0, "GEOUNIT": "Hungary", "GU_A3": "HUN", "SU_DIF": 0.0, "SUBUNIT": "Hungary", "SU_A3": "HUN", "BRK_DIFF": 0.0, "NAME": "Hungary", "NAME_LONG": "Hungary", "BRK_A3": "HUN", "BRK_NAME": "Hungary", "BRK_GROUP": null, "ABBREV": "Hun.", "POSTAL": "HU", "FORMAL_EN": "Republic of Hungary", "FORMAL_FR": null, "NAME_CIAWF": "Hungary", "NOTE_ADM0": null, "NOTE_BRK": null, "NAME_SORT": "Hungary", "NAME_ALT": null, "MAPCOLOR7": 4.0, "MAPCOLOR8": 6.0, "MAPCOLOR9": 1.0, "MAPCOLOR13": 5.0, "POP_EST": 9850845.0, "POP_RANK": 13.0, "GDP_MD_EST": 267600.0, "POP_YEAR": 2017.0, "LASTCENSUS": 2001.0, "GDP_YEAR": 2016.0, "ECONOMY": "2. Developed region: nonG7", "INCOME_GRP": "1. High income: OECD", "WIKIPEDIA": -99.0, "FIPS_10_": "HU", "ISO_A2": "HU", "ISO_A3": "HUN", "ISO_A3_EH": "HUN", "ISO_N3": "348", "UN_A3": "348", "WB_A2": "HU", "WB_A3": "HUN", "WOE_ID": 23424844.0, "WOE_ID_EH": 23424844.0, "WOE_NOTE": "Exact WOE match as country", "ADM0_A3_IS": "HUN", "ADM0_A3_US": "HUN", "ADM0_A3_UN": -99.0, "ADM0_A3_WB": -99.0, "CONTINENT": "Europe", "REGION_UN": "Europe", "SUBREGION": "Eastern Europe", "REGION_WB": "Europe & Central Asia", "NAME_LEN": 7.0, "LONG_LEN": 7.0, "ABBREV_LEN": 4.0, "TINY": -99.0, "HOMEPART": 1.0, "MIN_ZOOM": 0.0, "MIN_LABEL": 4.0, "MAX_LABEL": 9.0}, "geometry": {"type": "Polygon", "coordinates": [[[16.093066406250017, 46.86328125], [16.252539062500006, 46.971923828125], [16.331835937500017, 47.002197265625], [16.423925781250006, 46.996972656249994], [16.453417968750017, 47.006787109375], [16.461230468750017, 47.0224609375], [16.476953125000023, 47.057861328125], [16.484765625000023, 47.091259765625], [16.49267578125, 47.12265625], [16.482812500000023, 47.140380859375], [16.438378906250023, 47.145898437499994], [16.416894531250023, 47.2234375], [16.439746093750017, 47.252734375], [16.46259765625001, 47.27314453125], [16.434375, 47.367431640625], [16.44287109375, 47.39951171875], [16.514746093750006, 47.404541015625], [16.57441406250001, 47.424658203125], [16.623046875, 47.447558593749996], [16.636621093750023, 47.476611328124996], [16.676562500000017, 47.536035156249994], [16.639746093750006, 47.60888671875], [16.43212890625, 47.656298828124996], [16.421289062500023, 47.674462890624994], [16.469628906250023, 47.695068359375], [16.52109375, 47.724462890625], [16.55097656250001, 47.747363281249996], [16.590917968750006, 47.750537109374996], [16.6474609375, 47.739013671875], [16.74755859375, 47.686279296875], [16.785937500000017, 47.678662109375], [16.823046875000017, 47.693994140624994], [16.862695312500023, 47.697265625], [16.973437500000017, 47.6953125], [17.06660156250001, 47.707568359374996], [17.04560546875001, 47.76376953125], [17.0458984375, 47.804541015625], [17.030078125000017, 47.837109375], [17.039941406250023, 47.872949218749994], [17.077734375, 47.90087890625], [17.08906250000001, 47.963623046875], [17.147363281250023, 48.00595703125], [17.174609375000017, 48.012060546875], [17.277246093750023, 48.004345703125], [17.301562500000017, 47.993359375], [17.317285156250023, 47.99091796875], [17.48066406250001, 47.887597656249994], [17.63525390625, 47.809912109375], [17.76191406250001, 47.770166015624994], [17.94794921875001, 47.766894531249996], [18.145605468750006, 47.763427734375], [18.47626953125001, 47.777001953124994], [18.72421875, 47.787158203124996], [18.740625, 47.806494140625], [18.77802734375001, 47.852880859375], [18.748339843750017, 47.89267578125], [18.750097656250006, 47.939453125], [18.791894531250023, 48.000292968749996], [18.914160156250006, 48.050830078124996], [19.26513671875, 48.073046875], [19.46699218750001, 48.110693359375], [19.497460937500023, 48.162109375], [19.564257812500017, 48.212841796875], [19.625390625000023, 48.223095703125], [19.70917968750001, 48.1998046875], [19.81005859375, 48.155029296875], [19.89863281250001, 48.13134765625], [19.95039062500001, 48.146630859374994], [20.12861328125001, 48.222021484375], [20.333789062500017, 48.295556640624994], [20.475, 48.4951171875], [20.490039062500017, 48.526904296874996], [20.643164062500006, 48.549707031249994], [20.866601562500023, 48.545654296875], [20.98115234375001, 48.519677734374994], [21.067285156250023, 48.505908203124996], [21.196386718750006, 48.510595703125], [21.382421875, 48.553466796875], [21.45136718750001, 48.55224609375], [21.504687500000017, 48.521875], [21.56318359375001, 48.495703125], [21.602636718750006, 48.463671875], [21.63251953125001, 48.418505859374996], [21.64863281250001, 48.40146484375], [21.674609375000017, 48.378369140625], [21.721484375000017, 48.346582031249994], [21.766992187500023, 48.3380859375], [22.111328125, 48.393359375], [22.1318359375, 48.405322265624996], [22.227148437500006, 48.413427734375], [22.23115234375001, 48.412158203124996], [22.253710937500017, 48.407373046874994], [22.269433593750023, 48.360888671874996], [22.27216796875001, 48.3580078125], [22.29511718750001, 48.327294921874994], [22.316699218750017, 48.28662109375], [22.350195312500006, 48.2560546875], [22.423828125, 48.243310546874994], [22.520117187500006, 48.205371093749996], [22.582421875000023, 48.134033203125], [22.676367187500006, 48.104394531249994], [22.68310546875, 48.10361328125], [22.701562500000023, 48.10703125], [22.769140625, 48.109619140625], [22.7822265625, 48.09521484375], [22.836230468750017, 48.060302734375], [22.857226562500017, 48.029541015625], [22.846484375000017, 47.9970703125], [22.856054687500006, 47.960302734375], [22.87666015625001, 47.947265625], [22.85175781250001, 47.92255859375], [22.6767578125, 47.7990234375], [22.6083984375, 47.76630859375], [22.562890625000023, 47.759570312499996], [22.49140625000001, 47.77255859375], [22.41748046875, 47.762646484375], [22.351464843750023, 47.736230468749994], [22.290625, 47.727832031249996], [22.24462890625, 47.69638671875], [22.18505859375, 47.629052734374994], [22.111914062500006, 47.572021484375], [22.037988281250023, 47.53662109375], [21.99970703125001, 47.505029296874994], [21.99531250000001, 47.395703125], [21.95429687500001, 47.3642578125], [21.899218750000017, 47.332568359374996], [21.86933593750001, 47.304589843749994], [21.785449218750017, 47.138134765625], [21.721777343750006, 47.084814453125], [21.661425781250017, 47.043896484375], [21.651464843750006, 47.00654296875], [21.652636718750017, 46.963769531249994], [21.58417968750001, 46.878369140625], [21.494433593750017, 46.78974609375], [21.47705078125, 46.753369140625], [21.4970703125, 46.704296875], [21.411035156250023, 46.647851562499994], [21.361328125, 46.620751953124994], [21.320214843750023, 46.6078125], [21.29453125, 46.5724609375], [21.252246093750017, 46.486376953124996], [21.26328125, 46.44775390625], [21.264550781250023, 46.4123046875], [21.191796875000023, 46.391552734375], [21.17041015625, 46.352685546874994], [21.151953125, 46.304345703124994], [21.121679687500006, 46.282421875], [21.039843750000017, 46.242236328124996], [20.837011718750006, 46.259716796875], [20.76025390625, 46.246240234374994], [20.737402343750006, 46.21748046875], [20.732714843750017, 46.19443359375], [20.707421875000023, 46.172802734375], [20.661035156250023, 46.145654296874994], [20.613671875000023, 46.13349609375], [20.508105468750017, 46.166943359375], [20.28095703125001, 46.1330078125], [20.241796875, 46.10859375], [20.21015625000001, 46.126025390624996], [20.161425781250017, 46.141894531249996], [19.93408203125, 46.16147460937498], [19.84443359375001, 46.145898437499994], [19.724511718750023, 46.151904296874996], [19.61347656250001, 46.169189453125], [19.53076171875, 46.15517578125002], [19.45751953125, 46.087353515625], [19.421289062500023, 46.064453125], [19.392871093750017, 46.0498046875], [19.33027343750001, 46.028515625], [19.278125, 46.002880859375], [19.208398437500023, 45.984423828124996], [19.146289062500017, 45.98701171875], [19.087304687500023, 46.016162109374996], [19.066210937500017, 46.009521484375], [19.047656250000017, 45.982666015625], [19.015722656250006, 45.959716796875], [18.927832031250006, 45.931396484375], [18.905371093750006, 45.93173828125], [18.900292968750023, 45.93173828125], [18.8330078125, 45.91083984375], [18.721777343750006, 45.899365234375], [18.666015625, 45.907470703125], [18.564648437499983, 45.81328125000002], [18.533593750000023, 45.796142578125], [18.437304687500017, 45.767333984375], [18.358300781250023, 45.75302734375], [18.290625, 45.764453125], [18.263964843750017, 45.765478515625], [17.9638671875, 45.770263671875], [17.80712890625, 45.790429687499994], [17.706445312500023, 45.82724609375], [17.6396484375, 45.868359375], [17.60703125, 45.91376953125], [17.529199218750023, 45.941308593749994], [17.406347656250006, 45.95107421875002], [17.310644531250006, 45.996142578124996], [17.2421875, 46.076611328125], [17.14960937500001, 46.14033203125], [17.03271484375, 46.187304687499996], [16.93994140625, 46.253662109375], [16.871484375000023, 46.339306640625], [16.748046875, 46.41640625000005], [16.569921875, 46.485009765624994], [16.516210937500006, 46.499902343749994], [16.505664062500017, 46.5220703125], [16.41845703125, 46.607226562499996], [16.38125, 46.638671875], [16.384570312500017, 46.680810546874994], [16.3671875, 46.70478515625], [16.33544921875, 46.721630859375], [16.318457031250006, 46.782519531249996], [16.308496093750023, 46.827978515625], [16.283593750000023, 46.857275390625], [16.093066406250017, 46.86328125]]]}}, {"type": "Feature", "properties": {"scalerank": 3, "featurecla": "Admin-0 country", "LABELRANK": 6.0, "SOVEREIGNT": "United Kingdom", "SOV_A3": "GB1", "ADM0_DIF": 1.0, "LEVEL": 2.0, "TYPE": "Country", "ADMIN": "Isle of Man", "ADM0_A3": "IMN", "GEOU_DIF": 0.0, "GEOUNIT": "Isle of Man", "GU_A3": "IMN", "SU_DIF": 0.0, "SUBUNIT": "Isle of Man", "SU_A3": "IMN", "BRK_DIFF": 0.0, "NAME": "Isle of Man", "NAME_LONG": "Isle of Man", "BRK_A3": "IMN", "BRK_NAME": "Isle of Man", "BRK_GROUP": null, "ABBREV": "IoMan", "POSTAL": "IM", "FORMAL_EN": null, "FORMAL_FR": null, "NAME_CIAWF": "Isle of Man", "NOTE_ADM0": "U.K. crown dependency", "NOTE_BRK": null, "NAME_SORT": "Isle of Man", "NAME_ALT": null, "MAPCOLOR7": 6.0, "MAPCOLOR8": 6.0, "MAPCOLOR9": 6.0, "MAPCOLOR13": 3.0, "POP_EST": 88815.0, "POP_RANK": 8.0, "GDP_MD_EST": 7428.0, "POP_YEAR": 2017.0, "LASTCENSUS": 2006.0, "GDP_YEAR": 2014.0, "ECONOMY": "2. Developed region: nonG7", "INCOME_GRP": "2. High income: nonOECD", "WIKIPEDIA": -99.0, "FIPS_10_": "IM", "ISO_A2": "IM", "ISO_A3": "IMN", "ISO_A3_EH": "IMN", "ISO_N3": "833", "UN_A3": "833", "WB_A2": "IM", "WB_A3": "IMY", "WOE_ID": 23424847.0, "WOE_ID_EH": 23424847.0, "WOE_NOTE": "Exact WOE match as country", "ADM0_A3_IS": "IMN", "ADM0_A3_US": "IMN", "ADM0_A3_UN": -99.0, "ADM0_A3_WB": -99.0, "CONTINENT": "Europe", "REGION_UN": "Europe", "SUBREGION": "Northern Europe", "REGION_WB": "Europe & Central Asia", "NAME_LEN": 11.0, "LONG_LEN": 11.0, "ABBREV_LEN": 5.0, "TINY": -99.0, "HOMEPART": -99.0, "MIN_ZOOM": 0.0, "MIN_LABEL": 5.0, "MAX_LABEL": 10.0}, "geometry": {"type": "Polygon", "coordinates": [[[-4.412060546874983, 54.185351562499996], [-4.6142578125, 54.05869140625], [-4.696093749999989, 54.0814453125], [-4.765771484374994, 54.06943359375], [-4.785351562499983, 54.073046875], [-4.745556640624983, 54.118798828125], [-4.69873046875, 54.224902343749996], [-4.614843749999977, 54.266943359375], [-4.508642578124977, 54.376708984375], [-4.424707031249994, 54.407177734375], [-4.395556640624989, 54.4029296875], [-4.377197265625, 54.392578125], [-4.337988281249977, 54.269091796874996], [-4.392285156249983, 54.225390625], [-4.412060546874983, 54.185351562499996]]]}}, {"type": "Feature", "properties": {"scalerank": 1, "featurecla": "Admin-0 country", "LABELRANK": 3.0, "SOVEREIGNT": "Ireland", "SOV_A3": "IRL", "ADM0_DIF": 0.0, "LEVEL": 2.0, "TYPE": "Sovereign country", "ADMIN": "Ireland", "ADM0_A3": "IRL", "GEOU_DIF": 0.0, "GEOUNIT": "Ireland", "GU_A3": "IRL", "SU_DIF": 0.0, "SUBUNIT": "Ireland", "SU_A3": "IRL", "BRK_DIFF": 0.0, "NAME": "Ireland", "NAME_LONG": "Ireland", "BRK_A3": "IRL", "BRK_NAME": "Ireland", "BRK_GROUP": null, "ABBREV": "Ire.", "POSTAL": "IRL", "FORMAL_EN": "Ireland", "FORMAL_FR": null, "NAME_CIAWF": "Ireland", "NOTE_ADM0": null, "NOTE_BRK": null, "NAME_SORT": "Ireland", "NAME_ALT": null, "MAPCOLOR7": 2.0, "MAPCOLOR8": 3.0, "MAPCOLOR9": 2.0, "MAPCOLOR13": 2.0, "POP_EST": 5011102.0, "POP_RANK": 13.0, "GDP_MD_EST": 322000.0, "POP_YEAR": 2017.0, "LASTCENSUS": 2011.0, "GDP_YEAR": 2016.0, "ECONOMY": "2. Developed region: nonG7", "INCOME_GRP": "1. High income: OECD", "WIKIPEDIA": -99.0, "FIPS_10_": "EI", "ISO_A2": "IE", "ISO_A3": "IRL", "ISO_A3_EH": "IRL", "ISO_N3": "372", "UN_A3": "372", "WB_A2": "IE", "WB_A3": "IRL", "WOE_ID": 23424803.0, "WOE_ID_EH": 23424803.0, "WOE_NOTE": "Exact WOE match as country", "ADM0_A3_IS": "IRL", "ADM0_A3_US": "IRL", "ADM0_A3_UN": -99.0, "ADM0_A3_WB": -99.0, "CONTINENT": "Europe", "REGION_UN": "Europe", "SUBREGION": "Northern Europe", "REGION_WB": "Europe & Central Asia", "NAME_LEN": 7.0, "LONG_LEN": 7.0, "ABBREV_LEN": 4.0, "TINY": -99.0, "HOMEPART": 1.0, "MIN_ZOOM": 0.0, "MIN_LABEL": 3.0, "MAX_LABEL": 8.0}, "geometry": {"type": "MultiPolygon", "coordinates": [[[[-7.218652343749994, 55.09199218750001], [-7.376904296874983, 55.02768554687498], [-7.401416015624989, 55.003320312499994], [-7.445996093749926, 54.90512695312506], [-7.451269531249949, 54.87709960937502], [-7.502197265625028, 54.82543945312497], [-7.550390624999977, 54.76796875], [-7.606445312499943, 54.745703125], [-7.689990234374989, 54.72802734375003], [-7.7375, 54.71044921875], [-7.79726562499999, 54.71928710937502], [-7.872949218749966, 54.717871093750006], [-7.910595703124983, 54.698339843750034], [-7.90874023437496, 54.683349609375], [-7.886132812499994, 54.66606445312502], [-7.819824218749972, 54.63969726562499], [-7.746289062499926, 54.615820312500006], [-7.754394531249972, 54.59492187500001], [-7.79379882812492, 54.57124023437498], [-8.044335937499966, 54.512451171875], [-8.118945312499989, 54.47695312500005], [-8.144824218749932, 54.453515624999966], [-8.118261718749949, 54.41425781249998], [-7.91845703125, 54.29658203124998], [-7.884472656250011, 54.283789062500034], [-7.854931640624926, 54.21528320312501], [-7.678759765624932, 54.186669921874966], [-7.606542968749949, 54.143847656250045], [-7.54443359375, 54.13359374999999], [-7.409423828124943, 54.137304687500034], [-7.355175781249983, 54.12124023437505], [-7.32451171874996, 54.13344726562505], [-7.306738281249977, 54.15600585937503], [-7.193066406249926, 54.21411132812506], [-7.155468749999983, 54.23950195312497], [-7.178076171874977, 54.27490234375], [-7.202587890624983, 54.30180664062499], [-7.133496093749955, 54.355371093749966], [-7.049707031249937, 54.40825195312499], [-7.007714843749994, 54.40668945312504], [-6.936132812499977, 54.37431640625002], [-6.87724609374996, 54.32910156250003], [-6.869238281249949, 54.294042968750006], [-6.858349609374955, 54.26865234375006], [-6.802587890624949, 54.21435546875], [-6.7666015625, 54.19560546875002], [-6.6695312499999, 54.18471679687502], [-6.646875, 54.163427734375034], [-6.664208984374994, 54.08476562499999], [-6.649804687499994, 54.05864257812499], [-6.548144531249989, 54.057275390624994], [-6.440283203124949, 54.06362304687502], [-6.402587890625, 54.06064453125006], [-6.363671874999966, 54.07709960937504], [-6.303662109375011, 54.094873046874994], [-6.218017578124972, 54.088720703125006], [-6.175732421874955, 54.05351562500002], [-6.156933593749955, 54.017236328124994], [-6.230664062499955, 54.00361328124998], [-6.3076171875, 54.01103515624999], [-6.345166015624926, 53.98720703125002], [-6.347607421874983, 53.941308593749994], [-6.321582031249932, 53.882177734375006], [-6.27011718749992, 53.84023437499999], [-6.229003906249972, 53.745703125], [-6.19487304687496, 53.64086914062497], [-6.141845703125, 53.57753906250005], [-6.130957031249977, 53.49892578125002], [-6.138769531249977, 53.460302734375034], [-6.129101562499955, 53.39086914062503], [-6.151660156249932, 53.36640625000001], [-6.134716796874955, 53.301220703124955], [-6.072265624999943, 53.16630859375002], [-6.045019531249977, 53.09116210937498], [-6.027392578124932, 52.927099609375034], [-6.071484374999955, 52.865625], [-6.130664062499932, 52.807275390624966], [-6.169335937499994, 52.738134765625006], [-6.199218749999943, 52.663476562499994], [-6.217236328124983, 52.543115234374966], [-6.345410156249983, 52.402001953124994], [-6.399951171874989, 52.36694335937506], [-6.463183593749989, 52.34536132812502], [-6.325, 52.24667968749998], [-6.437939453125011, 52.20268554687499], [-6.56108398437496, 52.188818359375006], [-6.697314453124989, 52.213525390624966], [-6.782226562499972, 52.21049804687499], [-6.859716796874949, 52.178564453125034], [-6.890234374999949, 52.15922851562502], [-6.914648437499949, 52.16855468750006], [-6.965771484374983, 52.24951171875003], [-7.003271484374977, 52.16591796875005], [-7.081787109375, 52.13930664062505], [-7.216210937499937, 52.144970703124955], [-7.440869140624955, 52.12270507812502], [-7.527294921874983, 52.09887695312497], [-7.563183593749926, 52.061621093750034], [-7.589843750000028, 52.01855468750006], [-7.624902343749966, 51.99311523437501], [-7.664550781249972, 51.97973632812503], [-7.837988281249949, 51.94799804687497], [-7.872167968749977, 51.93530273437506], [-7.95249023437492, 51.86577148437502], [-8.057812499999955, 51.825585937499994], [-8.145019531249972, 51.81352539062502], [-8.222460937499932, 51.85400390625], [-8.254296874999937, 51.878320312499994], [-8.290234374999983, 51.89067382812502], [-8.409179687499972, 51.88876953124998], [-8.37163085937496, 51.87626953125002], [-8.347363281249983, 51.84770507812496], [-8.335595703124994, 51.79296875], [-8.349121093749972, 51.73930664062499], [-8.407812499999949, 51.71206054687505], [-8.477832031250017, 51.70703125], [-8.588281249999937, 51.65136718750003], [-8.734472656249977, 51.63618164062504], [-8.813427734374983, 51.58491210937498], [-9.296484374999977, 51.49824218750001], [-9.323876953124966, 51.497216796874966], [-9.390576171874983, 51.51928710937503], [-9.462890624999972, 51.52905273437497], [-9.534863281249955, 51.52216796874998], [-9.7373046875, 51.47373046874998], [-9.835351562499994, 51.48334960937498], [-9.710351562500023, 51.60371093749998], [-9.542382812499994, 51.66445312500002], [-9.524902343749972, 51.681103515624955], [-9.579833984374972, 51.68925781250002], [-9.899023437500006, 51.647070312500034], [-10.009912109374937, 51.61113281249999], [-10.120751953124966, 51.600683593750006], [-10.069433593749977, 51.65556640624999], [-9.926416015624966, 51.73071289062503], [-9.849707031249977, 51.76611328125003], [-9.802880859374937, 51.78012695312506], [-9.74951171875, 51.82426757812499], [-9.598828124999955, 51.874414062499994], [-10.084228515624972, 51.77099609374997], [-10.211718749999932, 51.78359375000005], [-10.241748046875017, 51.81245117187498], [-10.341064453125, 51.79892578124998], [-10.378710937499932, 51.86875], [-10.231591796874966, 51.97451171875005], [-10.14584960937492, 52.02001953125], [-10.044042968749949, 52.04458007812502], [-9.946044921874972, 52.079833984375], [-9.909667968749943, 52.122949218749994], [-9.955810546875028, 52.13666992187504], [-10.24951171875, 52.12573242187503], [-10.390234374999977, 52.13491210937502], [-10.382617187499932, 52.169091796874994], [-10.356689453124972, 52.206933593749966], [-10.210937499999943, 52.27167968750001], [-10.132080078124943, 52.282080078125006], [-10.061767578125028, 52.27592773437499], [-9.993115234374983, 52.25932617187499], [-9.937304687499989, 52.237646484375006], [-9.772119140624994, 52.25009765625006], [-9.841064453125, 52.291455078124955], [-9.853222656249983, 52.37548828125003], [-9.906054687500017, 52.403710937499994], [-9.83847656249992, 52.44267578125002], [-9.761132812499966, 52.46635742187496], [-9.632226562499994, 52.546923828125045], [-9.586328124999966, 52.55917968750006], [-9.33125, 52.57875976562505], [-9.056152343749972, 52.62114257812496], [-8.783447265625, 52.67963867187498], [-8.923291015624983, 52.712304687499994], [-8.99028320312496, 52.75541992187496], [-9.097900390624943, 52.66826171874999], [-9.17539062499992, 52.63491210937502], [-9.394238281249926, 52.61708984375002], [-9.463476562499977, 52.62690429687498], [-9.561035156249972, 52.653955078124994], [-9.591357421874932, 52.643652343750034], [-9.61953125, 52.62275390625004], [-9.764355468750011, 52.57998046875002], [-9.91660156249992, 52.569726562499966], [-9.73959960937492, 52.64819335937497], [-9.51499023437492, 52.781152343749966], [-9.464892578124932, 52.82319335937501], [-9.393652343749977, 52.89624023437497], [-9.415722656249955, 52.92875976562502], [-9.46196289062496, 52.94726562499997], [-9.299218750000023, 53.09755859375005], [-9.241894531249955, 53.124853515625006], [-9.137597656249937, 53.129248046875006], [-9.06113281249992, 53.15307617187497], [-9.027441406249977, 53.153173828125006], [-8.997167968749949, 53.16206054687504], [-8.930126953124955, 53.20708007812496], [-9.033544921874977, 53.23574218750005], [-9.140332031249983, 53.25048828125003], [-9.47075195312496, 53.23486328125003], [-9.514208984374932, 53.23823242187501], [-9.555175781250028, 53.25205078124998], [-9.581738281249926, 53.27197265625006], [-9.601757812499926, 53.32304687499996], [-9.625976562499972, 53.33447265625], [-9.700585937499966, 53.33447265625], [-9.774072265624937, 53.31884765625], [-9.825390625000011, 53.32036132812496], [-9.87578125, 53.34272460937498], [-9.795410156249943, 53.39497070312498], [-9.899023437500006, 53.40727539062499], [-10.003906249999943, 53.397021484375045], [-10.091259765624983, 53.41284179687497], [-10.093994140625, 53.44560546874999], [-10.054394531249926, 53.47832031249999], [-10.10625, 53.50932617187499], [-10.116992187499989, 53.54853515624998], [-10.061718749999926, 53.56782226562501], [-10.001367187499966, 53.56142578125005], [-9.878271484374949, 53.590429687500006], [-9.720654296874983, 53.60449218750003], [-9.85585937499999, 53.63310546874999], [-9.90971679687496, 53.65761718750002], [-9.912304687499955, 53.69511718750002], [-9.901611328125, 53.727197265624966], [-9.745068359374983, 53.78149414062503], [-9.57822265624992, 53.805419921875], [-9.590527343749926, 53.841162109375006], [-9.578857421874972, 53.87983398437498], [-9.747509765624955, 53.89101562500005], [-9.914062499999943, 53.86372070312498], [-9.896240234374972, 53.937597656250034], [-9.856347656249994, 54.00429687500002], [-9.84848632812492, 54.04829101562501], [-9.856445312499943, 54.09536132812502], [-9.934472656249937, 54.07524414062502], [-9.943603515625028, 54.14160156250003], [-9.977099609374989, 54.18710937500006], [-10.092675781250023, 54.15576171874997], [-10.089697265624949, 54.21582031250006], [-10.056396484375, 54.25781249999997], [-9.99594726562492, 54.276025390624966], [-9.935937499999966, 54.268115234375045], [-9.82456054687492, 54.268896484375034], [-9.717138671874977, 54.300439453124966], [-9.56230468749996, 54.30854492187501], [-9.315527343749949, 54.298632812500045], [-9.145898437499937, 54.20961914062502], [-9.102099609374989, 54.22553710937498], [-9.034277343749949, 54.28178710937499], [-9.002441406249943, 54.287988281249994], [-8.746777343749983, 54.26347656249999], [-8.588037109374994, 54.23110351562505], [-8.545556640624937, 54.24121093749997], [-8.568457031250006, 54.303613281249994], [-8.623144531249949, 54.346875], [-8.554443359374972, 54.403564453125], [-8.470996093749932, 54.44194335937502], [-8.415234374999955, 54.461083984374994], [-8.286523437499937, 54.48486328125006], [-8.230371093749937, 54.50727539062501], [-8.192968749999977, 54.58012695312502], [-8.133447265625023, 54.64082031250004], [-8.456542968750028, 54.609277343749994], [-8.763916015624943, 54.68120117187499], [-8.715185546874949, 54.73203125000006], [-8.650292968749966, 54.760888671874966], [-8.538281249999983, 54.78295898437503], [-8.527685546874949, 54.80947265625002], [-8.470996093749932, 54.83154296874997], [-8.377294921874949, 54.88945312499996], [-8.411718749999949, 54.965087890625], [-8.393261718749926, 55.020410156249994], [-8.325781249999949, 55.05644531249996], [-8.3046875, 55.108203125000045], [-8.274609374999983, 55.14628906249999], [-8.1376953125, 55.159912109375], [-8.006103515625, 55.19531250000003], [-7.9585937499999, 55.19189453125003], [-7.803173828124955, 55.200048828125006], [-7.750537109374989, 55.18579101562503], [-7.762548828124949, 55.24833984374999], [-7.667089843749949, 55.25649414062505], [-7.629785156249994, 55.24399414062498], [-7.61337890624992, 55.19965820312501], [-7.570019531249983, 55.17138671875003], [-7.556640625, 55.12221679687505], [-7.585693359374972, 55.08422851562503], [-7.63427734375, 55.05498046875002], [-7.589843750000028, 55.025048828124966], [-7.658740234374932, 54.97094726562506], [-7.584375, 54.993994140625034], [-7.478417968749966, 55.046972656250006], [-7.483935546874932, 55.09028320312504], [-7.501953124999972, 55.14472656250001], [-7.531445312499926, 55.19384765625], [-7.517871093749932, 55.247949218749994], [-7.45830078124996, 55.28178710937496], [-7.301757812499943, 55.298779296874955], [-7.365966796874972, 55.360205078125034], [-7.308789062499955, 55.365820312500034], [-7.24667968749992, 55.35302734375], [-7.15532226562496, 55.30517578125003], [-7.060253906249955, 55.26762695312502], [-6.961669921874943, 55.23789062499998], [-7.056396484374972, 55.178320312500034], [-7.172851562499972, 55.137011718750045], [-7.218652343749994, 55.09199218750001]]], [[[-9.948193359374983, 53.91313476562502], [-9.95244140624996, 53.88457031249996], [-10.026513671874937, 53.92055664062502], [-10.0625, 53.959716796875], [-10.26572265624992, 53.97768554687502], [-10.181054687499994, 54.016845703125], [-10.13974609374992, 54.005224609375034], [-9.996386718749932, 54.00361328124998], [-9.956152343750006, 53.98720703125002], [-9.948193359374983, 53.91313476562502]]]]}}, {"type": "Feature", "properties": {"scalerank": 1, "featurecla": "Admin-0 country", "LABELRANK": 3.0, "SOVEREIGNT": "Iceland", "SOV_A3": "ISL", "ADM0_DIF": 0.0, "LEVEL": 2.0, "TYPE": "Sovereign country", "ADMIN": "Iceland", "ADM0_A3": "ISL", "GEOU_DIF": 0.0, "GEOUNIT": "Iceland", "GU_A3": "ISL", "SU_DIF": 0.0, "SUBUNIT": "Iceland", "SU_A3": "ISL", "BRK_DIFF": 0.0, "NAME": "Iceland", "NAME_LONG": "Iceland", "BRK_A3": "ISL", "BRK_NAME": "Iceland", "BRK_GROUP": null, "ABBREV": "Iceland", "POSTAL": "IS", "FORMAL_EN": "Republic of Iceland", "FORMAL_FR": null, "NAME_CIAWF": "Iceland", "NOTE_ADM0": null, "NOTE_BRK": null, "NAME_SORT": "Iceland", "NAME_ALT": null, "MAPCOLOR7": 1.0, "MAPCOLOR8": 4.0, "MAPCOLOR9": 4.0, "MAPCOLOR13": 9.0, "POP_EST": 339747.0, "POP_RANK": 10.0, "GDP_MD_EST": 16150.0, "POP_YEAR": 2017.0, "LASTCENSUS": -99.0, "GDP_YEAR": 2016.0, "ECONOMY": "2. Developed region: nonG7", "INCOME_GRP": "1. High income: OECD", "WIKIPEDIA": -99.0, "FIPS_10_": "IC", "ISO_A2": "IS", "ISO_A3": "ISL", "ISO_A3_EH": "ISL", "ISO_N3": "352", "UN_A3": "352", "WB_A2": "IS", "WB_A3": "ISL", "WOE_ID": 23424845.0, "WOE_ID_EH": 23424845.0, "WOE_NOTE": "Exact WOE match as country", "ADM0_A3_IS": "ISL", "ADM0_A3_US": "ISL", "ADM0_A3_UN": -99.0, "ADM0_A3_WB": -99.0, "CONTINENT": "Europe", "REGION_UN": "Europe", "SUBREGION": "Northern Europe", "REGION_WB": "Europe & Central Asia", "NAME_LEN": 7.0, "LONG_LEN": 7.0, "ABBREV_LEN": 7.0, "TINY": -99.0, "HOMEPART": 1.0, "MIN_ZOOM": 0.0, "MIN_LABEL": 2.0, "MAX_LABEL": 7.0}, "geometry": {"type": "Polygon", "coordinates": [[[-15.543115234374994, 66.228515625], [-15.428466796875, 66.2248046875], [-15.240917968749983, 66.259130859375], [-15.162402343749989, 66.281689453125], [-14.969970703125, 66.359716796875], [-14.856103515624994, 66.3814453125], [-14.6806640625, 66.376123046875], [-14.595849609374994, 66.38154296875], [-14.593896484374994, 66.373974609375], [-14.70166015625, 66.34228515625], [-14.788232421874994, 66.3314453125], [-14.912207031249977, 66.28427734375], [-15.029980468749983, 66.177880859375], [-15.117382812499983, 66.125634765625], [-15.116406249999983, 66.10244140625], [-15.010302734374989, 66.061279296875], [-14.89404296875, 66.037890625], [-14.787158203124989, 66.05908203125], [-14.740429687499983, 66.050830078125], [-14.698193359374983, 66.02021484375], [-14.674365234374989, 65.989892578125], [-14.668994140624989, 65.95986328125], [-14.688232421875, 65.89697265625], [-14.752539062499977, 65.8337890625], [-14.839306640624983, 65.780908203125], [-14.827099609374983, 65.7642578125], [-14.757519531249983, 65.7556640625], [-14.426220703124983, 65.78994140625], [-14.391845703125, 65.78740234375], [-14.372802734375, 65.770361328125], [-14.369091796874983, 65.738720703125], [-14.350878906249989, 65.710107421875], [-14.318164062499989, 65.68447265625], [-14.328369140625, 65.658251953125], [-14.473388671875, 65.575341796875], [-14.302294921874989, 65.6275390625], [-14.166943359374983, 65.64228515625], [-13.935449218749994, 65.616064453125], [-13.840722656249994, 65.5859375], [-13.785253906249977, 65.5330078125], [-13.705126953124989, 65.550537109375], [-13.6703125, 65.54951171875], [-13.617871093749983, 65.5193359375], [-13.616015624999989, 65.487158203125], [-13.654443359374994, 65.44130859375], [-13.667773437499989, 65.398974609375], [-13.7080078125, 65.381591796875], [-13.783251953124989, 65.368994140625], [-13.804785156249977, 65.35478515625], [-13.771630859374994, 65.322509765625], [-13.722851562499983, 65.290966796875], [-13.653466796874994, 65.289501953125], [-13.64111328125, 65.275], [-13.639550781249994, 65.257470703125], [-13.64892578125, 65.236962890625], [-13.671582031249983, 65.2228515625], [-13.70742187499999, 65.21513671875], [-13.7548828125, 65.192529296875], [-13.580810546875, 65.143017578125], [-13.55859375, 65.124658203125], [-13.556103515624983, 65.09765625], [-13.569677734374977, 65.068115234375], [-13.599316406249983, 65.0359375], [-13.65185546875, 65.016845703125], [-13.777246093749994, 65.013720703125], [-13.85400390625, 64.99287109375], [-13.827832031249983, 64.9580078125], [-13.829833984375, 64.914013671875], [-13.852929687499994, 64.862158203125], [-13.95166015625, 64.783642578125], [-14.04443359375, 64.74189453125], [-14.13515625, 64.714794921875], [-14.296972656249977, 64.724365234375], [-14.385107421874977, 64.74521484375], [-14.375292968749989, 64.67744140625], [-14.465380859374989, 64.635693359375], [-14.448339843749977, 64.600830078125], [-14.4169921875, 64.58310546875], [-14.432568359374983, 64.538330078125], [-14.475390624999989, 64.493994140625], [-14.547070312499983, 64.445947265625], [-14.628222656249989, 64.415966796875], [-14.78955078125, 64.379833984375], [-14.927392578124994, 64.319677734375], [-15.021582031249977, 64.2958984375], [-15.255859375, 64.296923828125], [-15.494970703124977, 64.258203125], [-15.832910156249994, 64.17666015625], [-16.060449218749994, 64.11123046875], [-16.236035156249983, 64.03720703125], [-16.46806640624999, 63.916357421875], [-16.640332031249983, 63.865478515625], [-16.739697265624983, 63.8517578125], [-16.933056640624983, 63.84091796875], [-17.095117187499994, 63.80810546875], [-17.633447265624994, 63.74658203125], [-17.81572265624999, 63.71298828125], [-17.839257812499994, 63.682373046875], [-17.91484374999999, 63.636376953124994], [-17.919580078124994, 63.6197265625], [-17.886376953124994, 63.606884765625], [-17.880273437499994, 63.590185546875], [-17.946923828124994, 63.5357421875], [-18.080029296874983, 63.496337890625], [-18.142919921874977, 63.496972656249994], [-18.21904296874999, 63.530859375], [-18.252197265625, 63.5296875], [-18.265234374999977, 63.52451171875], [-18.26601562499999, 63.5138671875], [-18.222265624999977, 63.473193359375], [-18.302832031249977, 63.454248046874994], [-18.65361328124999, 63.406689453125], [-19.250195312499983, 63.4419921875], [-19.486572265625, 63.478515625], [-19.778271484374983, 63.536572265625], [-19.95195312499999, 63.55205078125], [-20.198144531249994, 63.555810546874994], [-20.40043945312499, 63.63710937499999], [-20.494042968749994, 63.687353515625], [-20.501562499999977, 63.708203125], [-20.49101562499999, 63.731982421875], [-20.469970703125, 63.748193359374994], [-20.4384765625, 63.756982421874994], [-20.371728515624994, 63.757861328125], [-20.363037109375, 63.76494140625], [-20.413964843749994, 63.80517578125], [-20.46269531249999, 63.792138671874994], [-20.592968749999983, 63.7353515625], [-20.65092773437499, 63.73740234375], [-20.72705078125, 63.765771484374994], [-20.729931640624983, 63.79335937499999], [-20.878759765624977, 63.80390625], [-21.00810546874999, 63.83837890625], [-21.136572265624977, 63.887939453125], [-21.15576171875, 63.9068359375], [-21.09404296874999, 63.934423828125], [-21.10595703125, 63.93984375], [-21.15239257812499, 63.94453125], [-21.246240234374994, 63.935449218749994], [-21.387597656249994, 63.872802734375], [-21.448632812499994, 63.8583984375], [-22.37255859375, 63.84375], [-22.606884765624983, 63.837255859375], [-22.652197265624977, 63.827734375], [-22.693017578124994, 63.868505859375], [-22.729394531249994, 63.95947265625], [-22.74296874999999, 64.019384765625], [-22.733642578125, 64.048388671875], [-22.701171875, 64.083203125], [-22.65092773437499, 64.077294921875], [-22.60307617187499, 64.049609375], [-22.559814453125, 64.0103515625], [-22.51005859374999, 63.991455078125], [-22.187597656249977, 64.039208984375], [-22.056640625, 64.071337890625], [-22.0009765625, 64.10185546875], [-21.935449218749994, 64.153759765625], [-21.865917968749983, 64.180322265625], [-21.832763671875, 64.205419921875], [-21.767578125, 64.28486328125], [-21.722558593749994, 64.32177734375], [-21.668652343749983, 64.3490234375], [-21.60600585937499, 64.3666015625], [-21.463330078124983, 64.379150390625], [-21.55717773437499, 64.3978515625], [-21.646679687499983, 64.3978515625], [-21.95122070312499, 64.313916015625], [-22.053369140624994, 64.313916015625], [-22.049072265625, 64.327001953125], [-22.006005859374994, 64.35068359375], [-21.901269531249994, 64.3916015625], [-21.97319335937499, 64.394677734375], [-22.000683593749983, 64.41318359375], [-22.003808593749994, 64.452197265625], [-21.950341796874994, 64.514990234375], [-21.702392578125, 64.597802734375], [-21.616650390624983, 64.610009765625], [-21.590625, 64.6263671875], [-21.623144531249977, 64.63974609375], [-21.674951171874994, 64.647705078125], [-21.924414062499977, 64.562548828125], [-22.10600585937499, 64.533056640625], [-22.15996093749999, 64.538818359375], [-22.25390625, 64.571875], [-22.2841796875, 64.586572265625], [-22.32470703125, 64.6244140625], [-22.32011718749999, 64.647216796875], [-22.233593749999983, 64.71396484375], [-22.24755859375, 64.726904296875], [-22.30703125, 64.73349609375], [-22.467041015625, 64.794970703125], [-22.720312499999977, 64.788818359375], [-23.34697265624999, 64.824365234375], [-23.476464843749994, 64.80927734375], [-23.68994140625, 64.75654296875], [-23.818994140624994, 64.73916015625], [-23.878564453124994, 64.750634765625], [-23.932763671874994, 64.778515625], [-23.98198242187499, 64.81611328125], [-24.02617187499999, 64.863427734375], [-24.007031249999983, 64.896435546875], [-23.924414062499977, 64.915234375], [-23.86381835937499, 64.924169921875], [-23.693212890624977, 64.912744140625], [-23.485302734374983, 64.945849609375], [-23.352685546874994, 64.952783203125], [-23.314599609374994, 64.9580078125], [-23.236523437499983, 64.99326171875], [-23.197998046875, 65.0021484375], [-23.137890624999983, 64.989794921875], [-23.108837890624983, 64.965869140625], [-22.899511718749977, 65.00302734375], [-22.82768554687499, 65.0216796875], [-22.819580078125, 65.03310546875], [-22.7880859375, 65.046484375], [-22.68398437499999, 65.0263671875], [-22.599707031249977, 65.025732421875], [-22.494482421874977, 65.03955078125], [-22.308447265624977, 65.045654296875], [-21.89213867187499, 65.048779296875], [-21.829785156249983, 65.0791015625], [-21.800439453124994, 65.105908203125], [-21.76372070312499, 65.17373046875], [-21.779980468749983, 65.1876953125], [-22.039990234374983, 65.125244140625], [-22.099316406249983, 65.126220703125], [-22.400292968749994, 65.159326171875], [-22.50908203124999, 65.19677734375], [-22.47343749999999, 65.22685546875], [-22.31396484375, 65.2916015625], [-22.149316406249994, 65.3435546875], [-21.906982421875, 65.39970703125], [-21.850244140624994, 65.421533203125], [-21.844384765624994, 65.44736328125], [-22.005761718749994, 65.49345703125], [-22.311474609374983, 65.480712890625], [-22.38969726562499, 65.535400390625], [-22.64360351562499, 65.5677734375], [-22.812646484374994, 65.547412109375], [-22.902490234374994, 65.58046875], [-23.1220703125, 65.534765625], [-23.60454101562499, 65.468603515625], [-23.796484374999977, 65.42275390625], [-23.89990234375, 65.407568359375], [-24.018994140624983, 65.44501953125], [-24.223974609374977, 65.48720703125], [-24.454785156249983, 65.500341796875], [-24.475683593749977, 65.5251953125], [-24.341064453125, 65.601220703125], [-24.248925781249994, 65.614990234375], [-24.156103515624977, 65.6080078125], [-23.97900390625, 65.55498046875], [-23.85673828124999, 65.53837890625], [-24.010009765625, 65.6162109375], [-24.006005859374994, 65.646142578125], [-24.017578125, 65.69091796875], [-24.065039062499977, 65.71015625], [-24.111914062499977, 65.759716796875], [-24.092626953124977, 65.77646484375], [-24.032421874999983, 65.78232421875], [-23.909082031249994, 65.765576171875], [-23.615917968749983, 65.67958984375], [-23.47197265624999, 65.69482421875], [-23.39296875, 65.726513671875], [-23.285351562499983, 65.75], [-23.31591796875, 65.762255859375], [-23.569287109374983, 65.763720703125], [-23.704736328124994, 65.781201171875], [-23.77324218749999, 65.80634765625], [-23.832617187499977, 65.84921875], [-23.811718749999983, 65.868896484375], [-23.741308593749977, 65.8845703125], [-23.52495117187499, 65.880029296875], [-23.66748046875, 65.954296875], [-23.766552734374983, 65.99697265625], [-23.77734375, 66.017578125], [-23.77055664062499, 66.04345703125], [-23.75712890624999, 66.060791015625], [-23.737158203124977, 66.06943359375], [-23.488867187499977, 66.02607421875], [-23.434472656249994, 66.02421875], [-23.48466796874999, 66.05224609375], [-23.59355468749999, 66.093408203125], [-23.598535156249994, 66.108837890625], [-23.552636718749994, 66.12158203125], [-23.529980468749983, 66.14501953125], [-23.527929687499977, 66.164404296875], [-23.452539062499994, 66.181005859375], [-23.376562499999977, 66.18173828125], [-23.3, 66.1666015625], [-23.06254882812499, 66.08623046875], [-23.028515624999983, 66.063671875], [-23.017285156249983, 66.033935546875], [-23.028906249999977, 65.9970703125], [-23.018994140624983, 65.98212890625], [-22.926220703124983, 65.99482421875], [-22.852246093749983, 65.979296875], [-22.815332031249994, 65.98349609375], [-22.723339843749983, 66.039013671875], [-22.659863281249983, 66.025927734375], [-22.62158203125, 65.999951171875], [-22.609716796874977, 65.97646484375], [-22.60405273437499, 65.944189453125], [-22.620214843749977, 65.876953125], [-22.61601562499999, 65.86748046875], [-22.55156249999999, 65.905419921875], [-22.44169921874999, 65.90830078125], [-22.42753906249999, 65.927392578125], [-22.42421875, 65.998095703125], [-22.43315429687499, 66.057666015625], [-22.4453125, 66.07001953125], [-22.80644531249999, 66.152587890625], [-22.869238281249977, 66.1720703125], [-22.947900390624994, 66.212744140625], [-22.931982421874977, 66.233203125], [-22.86162109374999, 66.25146484375], [-22.755517578124994, 66.258740234375], [-22.509375, 66.257763671875], [-22.48442382812499, 66.26630859375], [-22.532128906249994, 66.287744140625], [-22.646093749999977, 66.3015625], [-22.672753906249994, 66.313916015625], [-22.686230468749983, 66.3376953125], [-22.82133789062499, 66.32470703125], [-22.972021484374977, 66.324169921875], [-23.116943359375, 66.338720703125], [-23.11992187499999, 66.3572265625], [-23.062695312499983, 66.384375], [-22.9443359375, 66.429443359375], [-22.88920898437499, 66.440625], [-22.723730468749977, 66.432763671875], [-22.559326171875, 66.44541015625], [-22.426123046874977, 66.430126953125], [-22.320458984374994, 66.385498046875], [-22.17021484374999, 66.30712890625], [-21.966992187499983, 66.256982421875], [-21.948388671874994, 66.241259765625], [-21.84023437499999, 66.2001953125], [-21.62529296874999, 66.089697265625], [-21.406884765624994, 66.0255859375], [-21.39677734374999, 66.00927734375], [-21.432714843749977, 65.990087890625], [-21.51665039062499, 65.967578125], [-21.497460937499994, 65.955078125], [-21.387792968749977, 65.93876953125], [-21.308789062499983, 65.8953125], [-21.303466796875, 65.87646484375], [-21.374902343749994, 65.74189453125], [-21.412841796875, 65.713330078125], [-21.456640624999977, 65.6982421875], [-21.658447265625, 65.723583984375], [-21.6103515625, 65.68076171875], [-21.466259765624983, 65.63515625], [-21.43364257812499, 65.60966796875], [-21.45512695312499, 65.58466796875], [-21.439404296874983, 65.57890625], [-21.386621093749994, 65.592431640625], [-21.36474609375, 65.57822265625], [-21.373876953124977, 65.536376953125], [-21.396337890624977, 65.50166015625], [-21.43217773437499, 65.474072265625], [-21.421875, 65.462158203125], [-21.365478515625, 65.4658203125], [-21.31254882812499, 65.45869140625], [-21.22998046875, 65.42060546875], [-21.162988281249994, 65.304248046875], [-21.12968749999999, 65.2666015625], [-21.105712890625, 65.3], [-21.075585937499994, 65.3849609375], [-21.047314453124983, 65.428369140625], [-21.020849609374977, 65.4302734375], [-20.997998046874983, 65.44453125], [-20.978857421874977, 65.47119140625], [-20.93974609374999, 65.565185546875], [-20.804345703124994, 65.63642578125], [-20.739697265624983, 65.658251953125], [-20.678955078125, 65.6630859375], [-20.6494140625, 65.65419921875], [-20.54814453124999, 65.5794921875], [-20.486523437499983, 65.566943359375], [-20.454833984375, 65.571044921875], [-20.411523437499994, 65.621728515625], [-20.356640624999983, 65.71904296875], [-20.344091796874977, 65.827734375], [-20.373925781249994, 65.947705078125], [-20.356591796874994, 66.033251953125], [-20.292138671874994, 66.084375], [-20.20751953125, 66.10009765625], [-20.102685546874994, 66.08046875], [-20.026074218749983, 66.049267578125], [-19.874755859375, 65.930126953125], [-19.752636718749983, 65.8677734375], [-19.647851562499994, 65.80078125], [-19.59355468749999, 65.779052734375], [-19.489697265624983, 65.76806640625], [-19.461816406249994, 65.77236328125], [-19.443261718749994, 65.787841796875], [-19.43388671874999, 65.814453125], [-19.45625, 65.984912109375], [-19.42705078124999, 66.03798828125], [-19.382958984374994, 66.07568359375], [-19.1953125, 66.097900390625], [-19.093212890624983, 66.121533203125], [-18.99375, 66.1603515625], [-18.911328124999983, 66.18115234375], [-18.845898437499983, 66.183935546875], [-18.777539062499983, 66.168798828125], [-18.706201171874994, 66.1357421875], [-18.594921874999983, 66.071337890625], [-18.454931640624977, 65.96455078125], [-18.276953124999977, 65.884716796875], [-18.18364257812499, 65.7580078125], [-18.163720703124994, 65.736572265625], [-18.141943359374977, 65.73408203125], [-18.118408203125, 65.750537109375], [-18.10332031249999, 65.77392578125], [-18.099023437499994, 65.8302734375], [-18.148876953124983, 65.905029296875], [-18.315332031249994, 66.0931640625], [-18.318212890624977, 66.12880859375], [-18.29716796874999, 66.157421875], [-18.179882812499983, 66.160546875], [-17.906982421875, 66.143310546875], [-17.81982421875, 66.114111328125], [-17.63432617187499, 65.999169921875], [-17.582226562499983, 65.97138671875], [-17.550439453124994, 65.964404296875], [-17.539013671874983, 65.9783203125], [-17.467041015625, 65.999658203125], [-17.417236328125, 66.025537109375], [-17.33427734374999, 66.0888671875], [-17.153027343749983, 66.20283203125], [-17.115380859374994, 66.206201171875], [-17.062451171874983, 66.197216796875], [-16.96953124999999, 66.1673828125], [-16.925439453124994, 66.14345703125], [-16.838037109374994, 66.125244140625], [-16.7484375, 66.131640625], [-16.624755859375, 66.17158203125], [-16.485009765624994, 66.195947265625], [-16.437109374999977, 66.2525390625], [-16.428076171874977, 66.278369140625], [-16.540673828124994, 66.446728515625], [-16.493359374999983, 66.48115234375], [-16.24931640624999, 66.522900390625], [-16.035888671875, 66.52607421875], [-15.985400390624989, 66.5146484375], [-15.850927734374977, 66.432861328125], [-15.759765625, 66.39169921875], [-15.713769531249994, 66.35859375], [-15.702783203124994, 66.2857421875], [-15.647363281249994, 66.2587890625], [-15.543115234374994, 66.228515625]]]}}, {"type": "Feature", "properties": {"scalerank": 1, "featurecla": "Admin-0 country", "LABELRANK": 2.0, "SOVEREIGNT": "Italy", "SOV_A3": "ITA", "ADM0_DIF": 0.0, "LEVEL": 2.0, "TYPE": "Sovereign country", "ADMIN": "Italy", "ADM0_A3": "ITA", "GEOU_DIF": 0.0, "GEOUNIT": "Italy", "GU_A3": "ITA", "SU_DIF": 0.0, "SUBUNIT": "Italy", "SU_A3": "ITA", "BRK_DIFF": 0.0, "NAME": "Italy", "NAME_LONG": "Italy", "BRK_A3": "ITA", "BRK_NAME": "Italy", "BRK_GROUP": null, "ABBREV": "Italy", "POSTAL": "I", "FORMAL_EN": "Italian Republic", "FORMAL_FR": null, "NAME_CIAWF": "Italy", "NOTE_ADM0": null, "NOTE_BRK": null, "NAME_SORT": "Italy", "NAME_ALT": null, "MAPCOLOR7": 6.0, "MAPCOLOR8": 7.0, "MAPCOLOR9": 8.0, "MAPCOLOR13": 7.0, "POP_EST": 62137802.0, "POP_RANK": 16.0, "GDP_MD_EST": 2221000.0, "POP_YEAR": 2017.0, "LASTCENSUS": 2012.0, "GDP_YEAR": 2016.0, "ECONOMY": "1. Developed region: G7", "INCOME_GRP": "1. High income: OECD", "WIKIPEDIA": -99.0, "FIPS_10_": "IT", "ISO_A2": "IT", "ISO_A3": "ITA", "ISO_A3_EH": "ITA", "ISO_N3": "380", "UN_A3": "380", "WB_A2": "IT", "WB_A3": "ITA", "WOE_ID": 23424853.0, "WOE_ID_EH": 23424853.0, "WOE_NOTE": "Exact WOE match as country", "ADM0_A3_IS": "ITA", "ADM0_A3_US": "ITA", "ADM0_A3_UN": -99.0, "ADM0_A3_WB": -99.0, "CONTINENT": "Europe", "REGION_UN": "Europe", "SUBREGION": "Southern Europe", "REGION_WB": "Europe & Central Asia", "NAME_LEN": 5.0, "LONG_LEN": 5.0, "ABBREV_LEN": 5.0, "TINY": -99.0, "HOMEPART": 1.0, "MIN_ZOOM": 0.0, "MIN_LABEL": 2.0, "MAX_LABEL": 7.0}, "geometry": {"type": "MultiPolygon", "coordinates": [[[[10.452832031250011, 46.86494140625], [10.479394531250023, 46.855126953124994], [10.579785156250011, 46.8537109375], [10.689257812500017, 46.84638671875], [10.759765625, 46.793310546875], [10.828906249999989, 46.77524414062506], [10.92734375, 46.769482421875], [10.993261718750006, 46.777001953124966], [11.025097656250011, 46.796972656250034], [11.0634765625, 46.859130859375], [11.133886718750006, 46.936181640624994], [11.244433593750017, 46.97568359375], [11.433203125, 46.98305664062502], [11.527539062500011, 46.997412109375], [11.62548828125, 46.99658203125], [11.699414062500011, 46.984667968749996], [11.775683593750017, 46.986083984375], [11.969531250000017, 47.039697265624994], [12.16943359375, 47.08212890625], [12.197167968750023, 47.075], [12.201269531249977, 47.06088867187498], [12.16552734375, 47.02817382812498], [12.130761718750023, 46.98476562500002], [12.154101562500017, 46.93525390625], [12.267968750000023, 46.835888671875], [12.330078125, 46.759814453124996], [12.388281249999977, 46.70263671875], [12.479199218750011, 46.672509765624994], [12.5986328125, 46.654101562499996], [12.699804687500006, 46.6474609375], [12.805566406250023, 46.625878906249994], [13.16875, 46.57265625], [13.3515625, 46.557910156249996], [13.490039062499989, 46.555566406249966], [13.7, 46.520263671875], [13.6796875, 46.462890625], [13.637109375000023, 46.44853515625002], [13.563281249999989, 46.415087890625045], [13.478515625, 46.369189453124996], [13.399511718750006, 46.317529296874994], [13.378222656250017, 46.261621093749994], [13.399609375000011, 46.224951171875], [13.420996093750006, 46.212304687499994], [13.449804687500006, 46.223535156249994], [13.491796875, 46.21660156250002], [13.544726562500017, 46.196582031249996], [13.632519531250011, 46.177050781249996], [13.634960937500011, 46.157763671874996], [13.616601562500023, 46.133105468749996], [13.548046875000011, 46.08911132812497], [13.486425781250006, 46.03955078125], [13.480273437500017, 46.009228515625], [13.487695312500023, 45.987109375], [13.509179687500023, 45.973779296874994], [13.6005859375, 45.979785156249996], [13.613964843750011, 45.961669921875], [13.569628906250017, 45.834130859374994], [13.583398437500023, 45.812353515625], [13.663476562500023, 45.7919921875], [13.7216796875, 45.761279296874996], [13.831152343750006, 45.680419921875], [13.874707031250011, 45.61484375], [13.8447265625, 45.59287109375], [13.775976562499977, 45.581982421874955], [13.719824218750006, 45.58759765625004], [13.783300781250063, 45.62724609375002], [13.628320312500023, 45.77094726562498], [13.558203125000034, 45.77070312500004], [13.465136718750074, 45.7099609375], [13.206347656250017, 45.771386718749994], [13.156738281250057, 45.74658203125], [13.120117187500057, 45.69790039062502], [13.030273437500028, 45.6375], [12.90302734375004, 45.610791015624955], [12.761230468750028, 45.544287109375006], [12.611718750000023, 45.497216796874994], [12.497558593750057, 45.46166992187506], [12.432128906250028, 45.467919921874994], [12.5361328125, 45.54492187500006], [12.491796875000034, 45.546289062499966], [12.353808593750074, 45.49199218750002], [12.274316406250051, 45.44604492187497], [12.248828124999989, 45.368847656249955], [12.225683593749977, 45.24150390624996], [12.286328125000011, 45.20771484375001], [12.392480468750051, 45.039794921875], [12.5234375, 44.96796875000001], [12.497949218750023, 44.8994140625], [12.46357421875004, 44.84521484375006], [12.384472656250011, 44.79833984375], [12.319042968750011, 44.83310546874998], [12.27890625, 44.83222656249998], [12.248339843750074, 44.722509765625006], [12.304980468750074, 44.429443359375], [12.396289062500017, 44.22387695312503], [12.48681640625, 44.13422851562498], [12.69111328125004, 43.99472656249998], [12.907031250000074, 43.92119140625002], [13.295312500000023, 43.68608398437499], [13.508203125000051, 43.611669921875006], [13.564160156250011, 43.57128906250003], [13.693261718750023, 43.38989257812503], [13.804687500000057, 43.18037109374998], [13.924902343750034, 42.85156250000006], [14.010449218750068, 42.689550781250006], [14.182714843749977, 42.506445312500006], [14.540722656250011, 42.244287109374966], [14.866113281250023, 42.05253906249999], [15.16875, 41.93403320312501], [15.40498046875004, 41.91323242187502], [15.964062500000068, 41.93945312500003], [16.06152343750003, 41.928125], [16.164648437500006, 41.89619140625001], [16.18916015625001, 41.81401367187496], [16.151269531250023, 41.75849609375004], [16.033691406250057, 41.70078125], [15.91376953125004, 41.62084960937497], [15.900488281250006, 41.512060546875006], [16.012597656250023, 41.435400390625034], [16.551855468750006, 41.23203124999998], [17.103417968750023, 41.06215820312502], [17.275195312500017, 40.975439453125006], [17.474218750000063, 40.840576171875], [17.95498046875005, 40.655175781249966], [18.036132812500057, 40.56494140625006], [18.328222656250063, 40.37084960937503], [18.46064453125004, 40.22104492187498], [18.48583984375003, 40.104833984375034], [18.42255859375001, 39.98686523437496], [18.393457031250023, 39.90361328124996], [18.34375, 39.821386718750006], [18.219335937499977, 39.85253906250006], [18.077929687500045, 39.93696289062501], [17.865039062500017, 40.28017578125005], [17.476171875000034, 40.31494140625003], [17.395800781250074, 40.34023437500002], [17.257714843750023, 40.39907226562502], [17.249414062500023, 40.43789062500002], [17.21533203125, 40.486425781250034], [17.179980468750074, 40.502783203125006], [17.03125, 40.51347656249996], [16.92822265625003, 40.458056640625045], [16.807031250000023, 40.32646484374996], [16.66962890625001, 40.13720703125006], [16.529980468749983, 39.85966796874999], [16.521875, 39.74755859374997], [16.597753906250034, 39.63891601562506], [16.824316406250006, 39.578320312499955], [16.99921875000001, 39.481591796874966], [17.114550781250074, 39.380615234375], [17.122949218749994, 39.136572265625034], [17.174609375000045, 38.99809570312496], [17.098535156249994, 38.919335937499994], [16.951464843750074, 38.939794921875006], [16.75546875, 38.88969726562499], [16.61669921874997, 38.80014648437506], [16.55898437500005, 38.71479492187498], [16.57421875000003, 38.49355468750002], [16.545605468750068, 38.409082031249966], [16.28242187500001, 38.24956054687496], [16.144140624999977, 38.08637695312504], [16.10976562499999, 38.018652343750006], [16.056835937500068, 37.94184570312498], [15.724511718750023, 37.939111328124966], [15.645800781250074, 38.03422851562499], [15.643066406250057, 38.17539062500006], [15.700195312500057, 38.262304687500006], [15.822363281250063, 38.30297851562503], [15.90478515625, 38.483496093750034], [15.878906250000057, 38.61391601562505], [15.926953125000068, 38.671728515625006], [15.972363281250068, 38.71259765624998], [16.065527343750063, 38.736425781250034], [16.196777343750057, 38.75922851562498], [16.2099609375, 38.94111328124998], [16.107421875000057, 39.023828124999966], [16.07148437500001, 39.13945312499999], [16.02363281250004, 39.353613281250006], [15.854394531250023, 39.62651367187502], [15.763671875000028, 39.87006835937498], [15.692773437500051, 39.99018554687501], [15.585156250000068, 40.052832031250006], [15.390917968750017, 40.05214843750002], [15.29453125, 40.07001953125004], [14.950878906250068, 40.239013671875], [14.926953124999983, 40.264746093750006], [14.92910156250008, 40.3095703125], [14.986132812500074, 40.37749023437496], [14.947656250000051, 40.469335937500034], [14.906933593750011, 40.55605468750002], [14.83955078125004, 40.62998046874998], [14.765722656250006, 40.66840820312498], [14.61123046875008, 40.64477539062497], [14.556933593750017, 40.626416015624955], [14.459375, 40.632714843749994], [14.382714843750051, 40.59985351562497], [14.339941406250034, 40.59882812500004], [14.460546875, 40.72871093750001], [14.428125, 40.759326171875045], [14.308886718750017, 40.812646484374994], [14.14716796875004, 40.82070312500002], [14.102343750000045, 40.8271484375], [14.075878906250068, 40.7939453125], [14.044335937500051, 40.812255859375], [14.047656250000017, 40.87031250000001], [13.85976562499999, 41.12998046875006], [13.733398437500028, 41.23564453125002], [13.669726562500017, 41.254492187500034], [13.554785156250034, 41.232177734375], [13.361914062500006, 41.27851562500004], [13.246875, 41.28886718750002], [13.183398437500045, 41.277685546875034], [13.088671875000045, 41.24384765624998], [13.041015625, 41.266210937500006], [13.024218750000045, 41.300927734374994], [12.84921875, 41.40874023437502], [12.630859375000028, 41.46967773437498], [12.205664062500006, 41.812646484374966], [12.075292968750006, 41.94086914062498], [11.807031250000051, 42.08203125000003], [11.637304687500034, 42.28754882812498], [11.49843750000008, 42.362939453124994], [11.296289062499994, 42.42329101562501], [11.249707031250011, 42.41572265624998], [11.188867187500051, 42.39311523437499], [11.141210937500034, 42.38989257812497], [11.103222656250011, 42.41660156249998], [11.141796875000068, 42.444091796875], [11.184765625000011, 42.45659179687496], [11.167773437500017, 42.53515624999997], [10.937792968750074, 42.73872070312498], [10.803125, 42.804296875], [10.765136718750057, 42.84467773437498], [10.737109375000045, 42.89995117187496], [10.708398437500051, 42.93632812499999], [10.644628906250034, 42.957177734374994], [10.590234375000051, 42.95361328124997], [10.514843750000068, 42.96752929687506], [10.517285156250011, 43.065136718749955], [10.532324218750063, 43.14013671875006], [10.520800781250017, 43.203808593749955], [10.447558593750017, 43.371191406250034], [10.320507812500068, 43.513085937499994], [10.24580078125004, 43.85209960937496], [10.188085937500006, 43.94750976562503], [10.047656249999989, 44.019970703124955], [9.730859375000023, 44.10117187499998], [9.289355468750045, 44.319238281249994], [9.19599609375004, 44.32299804687497], [8.930371093750011, 44.40776367187502], [8.765820312500068, 44.422314453124955], [8.551953125000011, 44.34614257812498], [8.29238281250008, 44.13652343749999], [8.081640625000034, 43.9189453125], [8.004980468750063, 43.87675781250002], [7.733300781250051, 43.802587890625006], [7.493164062500057, 43.76713867187496], [7.490527343750045, 43.82294921874998], [7.48203125, 43.864892578124994], [7.522656250000011, 43.91108398437498], [7.589648437500074, 43.965429687500034], [7.651464843750063, 44.03364257812501], [7.677148437500051, 44.083154296874966], [7.6650390625, 44.11601562499999], [7.63720703125, 44.16484374999999], [7.599414062500017, 44.16835937499999], [7.370898437500017, 44.12739257812501], [7.318554687500011, 44.13798828125002], [7.1494140625, 44.20170898437496], [6.967285156250028, 44.280029296875], [6.900195312500045, 44.33574218749999], [6.874804687500017, 44.39204101562501], [6.893847656250074, 44.42817382812498], [6.878613281250011, 44.46328125000005], [6.842968750000011, 44.51069335937501], [6.875195312500011, 44.56455078124998], [6.931933593750017, 44.63164062499996], [6.960351562500051, 44.677148437499994], [7.007910156250063, 44.68896484375], [7.03066406250008, 44.716699218749966], [6.992675781250057, 44.82729492187505], [6.972851562500011, 44.84501953125002], [6.939843750000051, 44.85874023437506], [6.889355468750068, 44.86030273437501], [6.801074218750017, 44.88315429687506], [6.73818359375008, 44.92138671875003], [6.724707031250006, 44.97299804687506], [6.691406250000057, 45.02260742187505], [6.634765625000057, 45.06816406249999], [6.627734375000045, 45.11796875000002], [6.692285156250051, 45.14428710937506], [6.780371093750063, 45.14531249999999], [6.842285156250057, 45.135644531249966], [6.98125, 45.215576171875], [7.032421875000068, 45.22260742187501], [7.078320312500011, 45.23994140624998], [7.116796875000034, 45.34902343750002], [7.146386718750023, 45.38173828125002], [7.153417968750034, 45.40092773437502], [7.126074218750063, 45.423681640625034], [7.013671874999972, 45.50048828125006], [6.962402343750028, 45.58056640625003], [6.881445312500034, 45.67036132812501], [6.80625, 45.71000976562502], [6.79091796875008, 45.740869140624994], [6.789160156250063, 45.78007812499999], [6.804492187499989, 45.814550781250006], [6.940820312500051, 45.86835937500004], [7.02109375, 45.92578125], [7.055761718750006, 45.90380859375], [7.129003906250006, 45.880419921874996], [7.327929687500017, 45.912353515625], [7.451562500000023, 45.94443359374998], [7.538574218749972, 45.97817382812502], [7.592578125000017, 45.972216796874996], [7.787890625000017, 45.921826171875], [7.852343750000017, 45.9474609375], [7.9931640625, 46.015917968749996], [8.014257812499977, 46.05190429687502], [8.125195312500011, 46.1609375], [8.127246093750017, 46.18759765625], [8.08154296875, 46.256005859374994], [8.095703125, 46.271044921874996], [8.23193359375, 46.341210937499994], [8.298535156249983, 46.40341796874998], [8.370703125, 46.445117187499996], [8.422558593750011, 46.446044921875], [8.436816406250017, 46.431884765625], [8.44296875, 46.402783203125], [8.4384765625, 46.282861328124994], [8.458398437500023, 46.245898437499996], [8.5654296875, 46.159814453124994], [8.641699218750006, 46.110791015624955], [8.818554687500011, 46.0771484375], [8.826757812500006, 46.06103515625], [8.778027343750011, 45.99619140625], [8.885156250000023, 45.918701171875], [8.904296875, 45.861962890624994], [8.953710937500006, 45.830029296875], [9.023730468750017, 45.845703125], [9.046679687499989, 45.875585937500006], [9.019140624999977, 45.928125], [8.998925781250023, 45.98310546875], [9.003027343749977, 46.01489257812506], [9.022363281250023, 46.05146484375004], [9.070996093750011, 46.102441406249994], [9.203417968750017, 46.21923828125], [9.251074218749977, 46.28676757812502], [9.259765624999972, 46.391259765624994], [9.260156250000023, 46.4751953125], [9.304394531250011, 46.495556640625], [9.399316406250023, 46.4806640625], [9.427636718750023, 46.482324218749994], [9.440625, 46.430810546874994], [9.481054687500006, 46.348779296874994], [9.528710937500023, 46.306201171874996], [9.57958984375, 46.29609375], [9.639453125000017, 46.2958984375], [9.787792968749983, 46.346044921875006], [9.884472656250011, 46.3677734375], [9.939257812500017, 46.36181640625], [9.9716796875, 46.327685546874996], [10.041015624999972, 46.238085937500045], [10.08056640625, 46.227978515625], [10.128320312499994, 46.23823242187498], [10.145214843750011, 46.253515625], [10.1298828125, 46.287988281249994], [10.109667968750017, 46.36284179687496], [10.081933593750023, 46.420751953125], [10.045605468750011, 46.447900390624994], [10.038281250000011, 46.483203125], [10.061230468750011, 46.546777343749994], [10.087011718750006, 46.599902343749996], [10.1375, 46.61435546875], [10.195507812500011, 46.62109375], [10.272265625000017, 46.56484375], [10.363085937500017, 46.5470703125], [10.4306640625, 46.550048828125], [10.442480468750006, 46.582861328125], [10.438281249999989, 46.61884765624998], [10.39794921875, 46.6650390625], [10.406054687500017, 46.73486328125], [10.452832031250011, 46.86494140625]], [[12.396875, 43.9345703125], [12.426367187500006, 43.894091796874996], [12.485253906250023, 43.901416015624996], [12.5146484375, 43.952978515625], [12.503710937500017, 43.98974609375], [12.441113281250011, 43.98242187500006], [12.396875, 43.9345703125]], [[12.439160156250011, 41.898388671875], [12.438378906250023, 41.906201171875], [12.430566406250023, 41.90546875], [12.427539062500017, 41.900732421875], [12.430566406250023, 41.89755859375], [12.439160156250011, 41.898388671875]]], [[[12.051269531249972, 36.75703125000001], [12.00332031250008, 36.745996093749994], [11.940625, 36.78037109374998], [11.936425781250023, 36.82861328125003], [11.948046875000017, 36.84306640624996], [12.024218750000074, 36.820947265624994], [12.04804687500004, 36.77636718750006], [12.051269531249972, 36.75703125000001]]], [[[15.57656250000008, 38.22031250000006], [15.508886718750063, 38.10664062499998], [15.475683593750063, 38.062939453124955], [15.234472656250034, 37.784814453124966], [15.206835937500074, 37.720556640625034], [15.18984375000008, 37.650732421875006], [15.164843750000045, 37.58955078124998], [15.131054687500011, 37.53188476562505], [15.09951171875008, 37.458593750000034], [15.105664062500068, 37.37548828124997], [15.116992187500074, 37.33471679687503], [15.145996093750028, 37.308007812499994], [15.193652343750074, 37.28286132812502], [15.230273437500074, 37.24433593749998], [15.174121093750074, 37.20917968750004], [15.236035156249983, 37.13872070312496], [15.288671875000063, 37.09692382812497], [15.295703125000074, 37.05517578125], [15.29453125, 37.01328125], [15.18515625, 36.934814453125], [15.142382812500017, 36.8916015625], [15.115820312500006, 36.839257812499994], [15.104296875000074, 36.785253906250006], [15.116308593750034, 36.736474609374994], [15.112597656250074, 36.687841796875034], [15.00244140625, 36.693896484375045], [14.889648437500028, 36.72353515625002], [14.775976562500063, 36.71040039062501], [14.614355468750006, 36.7666015625], [14.555468750000074, 36.77675781250005], [14.50185546875008, 36.79868164062498], [14.367285156250006, 36.97285156250001], [14.259082031249989, 37.04643554687499], [14.142968750000051, 37.10366210937502], [14.024316406250051, 37.10712890625001], [13.905468749999983, 37.10063476562502], [13.800585937500017, 37.13588867187502], [13.587109375000068, 37.25415039062503], [13.360937499999977, 37.348730468750034], [13.264941406250074, 37.41035156249998], [13.221093750000023, 37.451806640624994], [13.169921875000057, 37.47929687499999], [13.040332031250045, 37.50654296875004], [12.924121093750074, 37.57050781250001], [12.871191406250034, 37.5751953125], [12.757324218750028, 37.5673828125], [12.699023437500045, 37.57182617187502], [12.640234375000063, 37.59433593749998], [12.526757812500051, 37.669531250000034], [12.454394531250045, 37.773779296875034], [12.435546875000028, 37.81977539062498], [12.48681640625, 37.93872070312497], [12.547656250000045, 38.05292968749998], [12.601660156250034, 38.0849609375], [12.664355468750017, 38.10791015624997], [12.702343750000011, 38.141699218750034], [12.734375, 38.18305664062501], [12.850683593750034, 38.06372070312503], [12.90273437500008, 38.03486328125001], [12.95546875000008, 38.04130859374999], [13.04902343750004, 38.084082031250006], [13.05683593750004, 38.13090820312496], [13.159960937500074, 38.190332031249994], [13.291113281250063, 38.191455078125045], [13.351660156250063, 38.180517578125034], [13.383496093750068, 38.126806640625006], [13.433496093750023, 38.11025390625002], [13.491308593750006, 38.103125], [13.681542968750023, 38.000732421875], [13.734863281250057, 37.984033203124966], [13.788867187500045, 37.981201171875], [13.936621093750034, 38.02416992187497], [14.05, 38.04052734375003], [14.287695312500063, 38.016845703125], [14.41621093750004, 38.042578125], [14.505957031250034, 38.04550781250006], [14.636718750000028, 38.085058593750034], [14.737207031250051, 38.15078125000002], [14.789648437500006, 38.16699218750003], [14.845898437500011, 38.17167968750002], [14.98193359375, 38.16757812500006], [15.11875, 38.152734374999966], [15.176074218750045, 38.16806640624998], [15.224023437500023, 38.211035156250034], [15.279589843750074, 38.230371093749966], [15.340722656249994, 38.21733398437499], [15.49873046875004, 38.290869140625034], [15.568359375000028, 38.2958984375], [15.634667968750023, 38.267578125], [15.57656250000008, 38.22031250000006]]], [[[8.478906250000051, 39.067529296874994], [8.421484375, 38.96865234375002], [8.3609375, 39.03867187499998], [8.358593750000068, 39.098779296874966], [8.366796875000034, 39.11591796874998], [8.440625, 39.090625], [8.478906250000051, 39.067529296874994]]], [[[13.938281250000017, 40.70561523437502], [13.893652343750063, 40.696972656249955], [13.867675781250028, 40.70874023437503], [13.853515625000057, 40.724072265624955], [13.871191406250034, 40.761816406250006], [13.962109375000068, 40.739404296874994], [13.96083984375008, 40.718164062499994], [13.938281250000017, 40.70561523437502]]], [[[8.286035156250023, 41.03984374999999], [8.252734375000074, 40.994140625], [8.205664062500006, 40.997460937499966], [8.224023437499994, 41.03129882812502], [8.267382812500045, 41.09912109375], [8.320214843750051, 41.121875], [8.34375, 41.10161132812496], [8.318945312500063, 41.06274414062503], [8.286035156250023, 41.03984374999999]]], [[[9.632031250000068, 40.88203124999998], [9.682031250000023, 40.81811523437503], [9.79433593750008, 40.55620117187496], [9.805273437500006, 40.49956054687496], [9.782812500000034, 40.441503906250034], [9.754199218750074, 40.400292968749994], [9.64296875000008, 40.268408203125034], [9.659472656250045, 40.15922851562499], [9.700781250000034, 40.09179687500003], [9.706738281250011, 40.01704101562498], [9.686035156250057, 39.92436523437502], [9.616992187500017, 39.354394531249994], [9.583593750000063, 39.253564453124966], [9.5625, 39.16601562499997], [9.486328125000028, 39.13955078125002], [9.388085937500023, 39.16752929687502], [9.26416015625, 39.21679687500003], [9.206933593750051, 39.213818359374955], [9.149316406250051, 39.19697265624998], [9.10175781250004, 39.21127929687506], [9.056347656250011, 39.239160156249966], [9.022656249999983, 39.04326171875002], [8.966601562500017, 38.96372070312498], [8.881347656249972, 38.91289062500002], [8.80117187500008, 38.90966796874997], [8.718554687500045, 38.92670898437498], [8.648535156250063, 38.9265625], [8.595410156249983, 38.96430664062501], [8.553320312500034, 39.03032226562496], [8.486230468750051, 39.11049804687505], [8.41816406250004, 39.205712890624994], [8.410742187500034, 39.29179687500002], [8.399121093750068, 39.481591796874966], [8.41865234375004, 39.52304687499998], [8.447070312500045, 39.56279296874999], [8.461035156250063, 39.64770507812497], [8.451171875, 39.72167968750003], [8.47109375000008, 39.74809570312499], [8.510742187500057, 39.72167968750003], [8.54052734375, 39.73159179687502], [8.538671875000063, 39.76967773437505], [8.547753906250051, 39.839208984375006], [8.495898437500045, 39.89746093750006], [8.407812500000063, 39.917236328125], [8.399316406250023, 39.978173828124966], [8.408593750000023, 40.03764648437502], [8.455078125, 40.07758789062498], [8.470800781250006, 40.13071289062506], [8.471289062500006, 40.29267578125001], [8.409179687500057, 40.35234374999999], [8.385351562500006, 40.44267578125002], [8.35322265625004, 40.50053710937499], [8.295507812500006, 40.55864257812502], [8.230273437500045, 40.60595703124997], [8.18994140625, 40.65161132812503], [8.180859375000011, 40.771044921875045], [8.203808593750068, 40.870703125], [8.224218750000034, 40.91333007812497], [8.245214843750063, 40.90703125000002], [8.310156250000063, 40.85751953124998], [8.363281250000028, 40.846337890624994], [8.468457031250068, 40.834326171875034], [8.571875, 40.850195312500006], [8.69892578125004, 40.89526367187503], [8.82119140625008, 40.949902343749955], [8.998144531250063, 41.11035156249997], [9.107226562500074, 41.142919921875034], [9.1630859375, 41.185156250000034], [9.182128906250057, 41.2421875], [9.22841796875008, 41.25708007812503], [9.283007812500017, 41.20166015625], [9.35078125000004, 41.19589843749998], [9.455175781250006, 41.150146484375], [9.500195312500011, 41.10634765625005], [9.538769531250068, 41.053662109374955], [9.575683593750028, 41.03051757812506], [9.615332031250034, 41.01728515625001], [9.621191406250063, 41.00488281249997], [9.589746093750051, 40.99248046875002], [9.5537109375, 40.93212890625], [9.574023437500045, 40.91474609375001], [9.632031250000068, 40.88203124999998]]], [[[10.395117187500006, 42.85815429687497], [10.428320312500006, 42.819189453125034], [10.432226562500006, 42.796582031249955], [10.409960937500017, 42.77099609374997], [10.419335937500051, 42.71318359375002], [10.33564453125004, 42.76113281250002], [10.208984375, 42.73691406250006], [10.13125, 42.742041015625034], [10.109765625000051, 42.785058593749994], [10.127539062500034, 42.810302734375], [10.248242187500011, 42.815771484375034], [10.285742187500006, 42.82807617187498], [10.358984375, 42.82231445312496], [10.395117187500006, 42.85815429687497]]]]}}, {"type": "Feature", "properties": {"scalerank": 4, "featurecla": "Admin-0 country", "LABELRANK": 6.0, "SOVEREIGNT": "United Kingdom", "SOV_A3": "GB1", "ADM0_DIF": 1.0, "LEVEL": 2.0, "TYPE": "Country", "ADMIN": "Jersey", "ADM0_A3": "JEY", "GEOU_DIF": 0.0, "GEOUNIT": "Jersey", "GU_A3": "JEY", "SU_DIF": 0.0, "SUBUNIT": "Jersey", "SU_A3": "JEY", "BRK_DIFF": 0.0, "NAME": "Jersey", "NAME_LONG": "Jersey", "BRK_A3": "JEY", "BRK_NAME": "Jersey", "BRK_GROUP": "Channel Islands", "ABBREV": "Jey.", "POSTAL": "JE", "FORMAL_EN": "Bailiwick of Jersey", "FORMAL_FR": null, "NAME_CIAWF": "Jersey", "NOTE_ADM0": "U.K. crown dependency", "NOTE_BRK": null, "NAME_SORT": "Jersey", "NAME_ALT": null, "MAPCOLOR7": 6.0, "MAPCOLOR8": 6.0, "MAPCOLOR9": 6.0, "MAPCOLOR13": 3.0, "POP_EST": 98840.0, "POP_RANK": 8.0, "GDP_MD_EST": 5080.0, "POP_YEAR": 2017.0, "LASTCENSUS": 2001.0, "GDP_YEAR": 2015.0, "ECONOMY": "2. Developed region: nonG7", "INCOME_GRP": "2. High income: nonOECD", "WIKIPEDIA": -99.0, "FIPS_10_": "JE", "ISO_A2": "JE", "ISO_A3": "JEY", "ISO_A3_EH": "JEY", "ISO_N3": "832", "UN_A3": "832", "WB_A2": "JG", "WB_A3": "CHI", "WOE_ID": 23424857.0, "WOE_ID_EH": 23424857.0, "WOE_NOTE": "Exact WOE match as country", "ADM0_A3_IS": "JEY", "ADM0_A3_US": "JEY", "ADM0_A3_UN": -99.0, "ADM0_A3_WB": -99.0, "CONTINENT": "Europe", "REGION_UN": "Europe", "SUBREGION": "Northern Europe", "REGION_WB": "Europe & Central Asia", "NAME_LEN": 6.0, "LONG_LEN": 6.0, "ABBREV_LEN": 4.0, "TINY": -99.0, "HOMEPART": -99.0, "MIN_ZOOM": 0.0, "MIN_LABEL": 5.0, "MAX_LABEL": 10.0}, "geometry": {"type": "Polygon", "coordinates": [[[-2.018652343749977, 49.23125], [-2.009912109374994, 49.180810546874994], [-2.053759765624989, 49.169824218749994], [-2.091015624999983, 49.187402343749994], [-2.165673828124994, 49.187402343749994], [-2.23583984375, 49.1763671875], [-2.220507812499989, 49.266357421875], [-2.082226562499983, 49.25537109375], [-2.018652343749977, 49.23125]]]}}, {"type": "Feature", "properties": {"scalerank": 1, "featurecla": "Admin-0 country", "LABELRANK": 6.0, "SOVEREIGNT": "Liechtenstein", "SOV_A3": "LIE", "ADM0_DIF": 0.0, "LEVEL": 2.0, "TYPE": "Sovereign country", "ADMIN": "Liechtenstein", "ADM0_A3": "LIE", "GEOU_DIF": 0.0, "GEOUNIT": "Liechtenstein", "GU_A3": "LIE", "SU_DIF": 0.0, "SUBUNIT": "Liechtenstein", "SU_A3": "LIE", "BRK_DIFF": 0.0, "NAME": "Liechtenstein", "NAME_LONG": "Liechtenstein", "BRK_A3": "LIE", "BRK_NAME": "Liechtenstein", "BRK_GROUP": null, "ABBREV": "Liech.", "POSTAL": "FL", "FORMAL_EN": "Principality of Liechtenstein", "FORMAL_FR": null, "NAME_CIAWF": "Liechtenstein", "NOTE_ADM0": null, "NOTE_BRK": null, "NAME_SORT": "Liechtenstein", "NAME_ALT": null, "MAPCOLOR7": 2.0, "MAPCOLOR8": 4.0, "MAPCOLOR9": 2.0, "MAPCOLOR13": 9.0, "POP_EST": 38244.0, "POP_RANK": 7.0, "GDP_MD_EST": 4978.0, "POP_YEAR": 2017.0, "LASTCENSUS": 2010.0, "GDP_YEAR": 2014.0, "ECONOMY": "2. Developed region: nonG7", "INCOME_GRP": "2. High income: nonOECD", "WIKIPEDIA": -99.0, "FIPS_10_": "LS", "ISO_A2": "LI", "ISO_A3": "LIE", "ISO_A3_EH": "LIE", "ISO_N3": "438", "UN_A3": "438", "WB_A2": "LI", "WB_A3": "LIE", "WOE_ID": 23424879.0, "WOE_ID_EH": 23424879.0, "WOE_NOTE": "Exact WOE match as country", "ADM0_A3_IS": "LIE", "ADM0_A3_US": "LIE", "ADM0_A3_UN": -99.0, "ADM0_A3_WB": -99.0, "CONTINENT": "Europe", "REGION_UN": "Europe", "SUBREGION": "Western Europe", "REGION_WB": "Europe & Central Asia", "NAME_LEN": 13.0, "LONG_LEN": 13.0, "ABBREV_LEN": 6.0, "TINY": 6.0, "HOMEPART": 1.0, "MIN_ZOOM": 0.0, "MIN_LABEL": 5.0, "MAX_LABEL": 10.0}, "geometry": {"type": "Polygon", "coordinates": [[[9.527539062500011, 47.270751953125], [9.536816406250011, 47.254638671875], [9.542187500000011, 47.234130859375], [9.551074218750017, 47.212255859375], [9.555761718750006, 47.185498046875], [9.571875, 47.15791015625], [9.601171875, 47.132080078125], [9.610546875000011, 47.10712890625], [9.595703125, 47.075830078124994], [9.580273437500011, 47.057373046875], [9.502343750000023, 47.062744140625], [9.487695312500023, 47.062255859375], [9.4794921875, 47.097509765625], [9.484277343750023, 47.17265625], [9.527539062500011, 47.270751953125]]]}}, {"type": "Feature", "properties": {"scalerank": 1, "featurecla": "Admin-0 country", "LABELRANK": 5.0, "SOVEREIGNT": "Lithuania", "SOV_A3": "LTU", "ADM0_DIF": 0.0, "LEVEL": 2.0, "TYPE": "Sovereign country", "ADMIN": "Lithuania", "ADM0_A3": "LTU", "GEOU_DIF": 0.0, "GEOUNIT": "Lithuania", "GU_A3": "LTU", "SU_DIF": 0.0, "SUBUNIT": "Lithuania", "SU_A3": "LTU", "BRK_DIFF": 0.0, "NAME": "Lithuania", "NAME_LONG": "Lithuania", "BRK_A3": "LTU", "BRK_NAME": "Lithuania", "BRK_GROUP": null, "ABBREV": "Lith.", "POSTAL": "LT", "FORMAL_EN": "Republic of Lithuania", "FORMAL_FR": null, "NAME_CIAWF": "Lithuania", "NOTE_ADM0": null, "NOTE_BRK": null, "NAME_SORT": "Lithuania", "NAME_ALT": null, "MAPCOLOR7": 6.0, "MAPCOLOR8": 3.0, "MAPCOLOR9": 3.0, "MAPCOLOR13": 9.0, "POP_EST": 2823859.0, "POP_RANK": 12.0, "GDP_MD_EST": 85620.0, "POP_YEAR": 2017.0, "LASTCENSUS": 2011.0, "GDP_YEAR": 2016.0, "ECONOMY": "2. Developed region: nonG7", "INCOME_GRP": "3. Upper middle income", "WIKIPEDIA": -99.0, "FIPS_10_": "LH", "ISO_A2": "LT", "ISO_A3": "LTU", "ISO_A3_EH": "LTU", "ISO_N3": "440", "UN_A3": "440", "WB_A2": "LT", "WB_A3": "LTU", "WOE_ID": 23424875.0, "WOE_ID_EH": 23424875.0, "WOE_NOTE": "Exact WOE match as country", "ADM0_A3_IS": "LTU", "ADM0_A3_US": "LTU", "ADM0_A3_UN": -99.0, "ADM0_A3_WB": -99.0, "CONTINENT": "Europe", "REGION_UN": "Europe", "SUBREGION": "Northern Europe", "REGION_WB": "Europe & Central Asia", "NAME_LEN": 9.0, "LONG_LEN": 9.0, "ABBREV_LEN": 5.0, "TINY": -99.0, "HOMEPART": 1.0, "MIN_ZOOM": 0.0, "MIN_LABEL": 4.0, "MAX_LABEL": 9.0}, "geometry": {"type": "MultiPolygon", "coordinates": [[[[26.593554687500017, 55.667529296874996], [26.5908203125, 55.62265625], [26.56660156250001, 55.546484375], [26.519238281249983, 55.44814453125002], [26.469531250000017, 55.371923828125], [26.457617187500006, 55.34248046875], [26.49531250000001, 55.318017578125], [26.68125, 55.306445312499996], [26.760156250000023, 55.293359375], [26.775683593750017, 55.273095703125], [26.734375, 55.24677734375], [26.675, 55.22490234375002], [26.6484375, 55.20419921875], [26.601171874999977, 55.13017578124999], [26.291796875000017, 55.13959960937504], [26.250781250000017, 55.12451171875], [26.23125, 55.09013671874999], [26.2158203125, 55.05039062499998], [26.175195312500023, 55.003271484375], [26.09296875000001, 54.9623046875], [25.964453125, 54.94716796875], [25.859277343749994, 54.919287109375006], [25.780859375, 54.833251953125], [25.722460937500017, 54.717871093750006], [25.723925781250017, 54.636035156249996], [25.73164062500001, 54.590380859374996], [25.72480468750001, 54.564257812499996], [25.68515625, 54.535791015625], [25.620312499999983, 54.460400390624955], [25.56757812500001, 54.37705078125], [25.54736328125, 54.331835937499996], [25.557519531250023, 54.310693359375], [25.61689453125001, 54.31010742187499], [25.702539062500023, 54.29296875], [25.748144531250006, 54.259667968749994], [25.765039062500023, 54.22119140625], [25.765234375, 54.17978515625], [25.74921875000001, 54.156982421875], [25.680566406250023, 54.140478515625], [25.573046875000017, 54.139892578125], [25.510351562500006, 54.159619140625], [25.49736328124999, 54.17524414062504], [25.52734375, 54.215136718749996], [25.50566406249999, 54.26494140625002], [25.46113281250001, 54.292773437499996], [25.37060546875, 54.251220703125], [25.28369140624997, 54.25126953124999], [25.179492187500017, 54.2142578125], [25.111425781250006, 54.154931640625], [25.04609375000001, 54.133056640625], [24.869531250000023, 54.145166015625], [24.82568359375, 54.118994140625], [24.78925781250001, 53.9982421875], [24.768164062500006, 53.974658203124996], [24.620703125, 53.979833984375006], [24.478515625, 53.93183593750001], [24.31796875, 53.89296875], [24.236621093750017, 53.91997070312499], [24.191308593750023, 53.950439453125], [24.103906250000023, 53.94501953125], [24.00849609375001, 53.931640625], [23.944433593749977, 53.93896484375003], [23.87255859375, 53.935693359375], [23.733691406250017, 53.912255859375], [23.55908203125, 53.91982421875], [23.484667968750017, 53.939794921875034], [23.477636718750006, 53.958935546875], [23.483007812500006, 54.00595703125], [23.481347656250023, 54.07900390625], [23.45361328125, 54.14345703125], [23.3701171875, 54.200488281249996], [23.282324218750006, 54.24033203124998], [23.170312500000023, 54.28144531250001], [23.0875, 54.299462890625], [23.04218750000001, 54.30419921875], [23.03193359375001, 54.327880859375], [23.015527343750023, 54.348339843749955], [22.97675781250001, 54.366357421874994], [22.893945312500023, 54.39052734375002], [22.82373046875, 54.395800781249996], [22.766210937500006, 54.356787109375], [22.72431640625001, 54.40561523437498], [22.67988281250004, 54.493017578125034], [22.68447265625008, 54.56293945312498], [22.709667968750068, 54.63261718749996], [22.83125, 54.83847656249998], [22.824707031250057, 54.87128906250001], [22.73652343750001, 54.928857421874994], [22.62744140625, 54.970703125], [22.567285156249994, 55.05913085937499], [22.34638671875004, 55.06425781249996], [22.13789062500001, 55.059375], [22.072363281250063, 55.06367187500001], [21.87392578125005, 55.10073242187502], [21.682714843750006, 55.16035156250001], [21.55468750000003, 55.19531250000003], [21.447070312500045, 55.23442382812499], [21.389257812500006, 55.27553710937502], [21.29755859375004, 55.26445312499999], [21.23574218750008, 55.26411132812501], [21.236328125, 55.27119140625001], [21.201074218750023, 55.34379882812499], [21.237890625000063, 55.45502929687498], [21.17109375000004, 55.61772460937502], [21.061914062499994, 55.81342773437501], [21.053808593750034, 56.02294921875006], [21.04609375000001, 56.070068359375], [21.31464843750001, 56.188134765625], [21.65351562500001, 56.314550781250034], [21.730566406250006, 56.325976562499996], [22.042871093750023, 56.40078125000002], [22.084570312500006, 56.40673828125], [22.36591796875001, 56.392871093749996], [22.5869140625, 56.375097656250034], [22.773242187500017, 56.377294921875], [22.875585937500006, 56.396435546875], [22.96826171874997, 56.38041992187496], [23.04296875, 56.324072265625], [23.11982421875001, 56.3306640625], [23.195898437500006, 56.36713867187501], [23.612695312500023, 56.333837890625], [23.70673828125001, 56.334619140625], [23.81269531250001, 56.329248046875], [24.008203125000023, 56.295263671875], [24.120703125, 56.264257812500006], [24.36787109375001, 56.28300781250002], [24.47363281249997, 56.284082031249966], [24.52900390625001, 56.2962890625], [24.699511718750017, 56.381298828125], [24.77324218749999, 56.395898437499994], [24.84101562500001, 56.411181640624996], [24.90302734375001, 56.398193359375], [24.94384765625, 56.3255859375], [25.069921875, 56.200390625], [25.206933593750023, 56.17841796875], [25.585742187500017, 56.130175781249996], [25.663183593750006, 56.104833984375], [25.876367187500023, 55.99433593750001], [26.004199218750017, 55.94013671875], [26.085546875, 55.896875], [26.209570312500006, 55.812109375], [26.28125, 55.750439453125], [26.40107421875001, 55.70380859375], [26.542871093749994, 55.67241210937496], [26.593554687500017, 55.667529296874996]]], [[[20.957812500000017, 55.27890625], [20.899804687500023, 55.28666992187499], [21.014062500000023, 55.401953125], [21.05761718750003, 55.476806640625], [21.087890625000057, 55.58310546874998], [21.114843750000034, 55.61650390625002], [21.115722656250057, 55.568164062500045], [21.103906250000023, 55.48774414062501], [21.03173828125, 55.35048828125002], [20.957812500000017, 55.27890625]]]]}}, {"type": "Feature", "properties": {"scalerank": 1, "featurecla": "Admin-0 country", "LABELRANK": 6.0, "SOVEREIGNT": "Luxembourg", "SOV_A3": "LUX", "ADM0_DIF": 0.0, "LEVEL": 2.0, "TYPE": "Sovereign country", "ADMIN": "Luxembourg", "ADM0_A3": "LUX", "GEOU_DIF": 0.0, "GEOUNIT": "Luxembourg", "GU_A3": "LUX", "SU_DIF": 0.0, "SUBUNIT": "Luxembourg", "SU_A3": "LUX", "BRK_DIFF": 0.0, "NAME": "Luxembourg", "NAME_LONG": "Luxembourg", "BRK_A3": "LUX", "BRK_NAME": "Luxembourg", "BRK_GROUP": null, "ABBREV": "Lux.", "POSTAL": "L", "FORMAL_EN": "Grand Duchy of Luxembourg", "FORMAL_FR": null, "NAME_CIAWF": "Luxembourg", "NOTE_ADM0": null, "NOTE_BRK": null, "NAME_SORT": "Luxembourg", "NAME_ALT": null, "MAPCOLOR7": 1.0, "MAPCOLOR8": 7.0, "MAPCOLOR9": 3.0, "MAPCOLOR13": 7.0, "POP_EST": 594130.0, "POP_RANK": 11.0, "GDP_MD_EST": 58740.0, "POP_YEAR": 2017.0, "LASTCENSUS": 2011.0, "GDP_YEAR": 2016.0, "ECONOMY": "2. Developed region: nonG7", "INCOME_GRP": "1. High income: OECD", "WIKIPEDIA": -99.0, "FIPS_10_": "LU", "ISO_A2": "LU", "ISO_A3": "LUX", "ISO_A3_EH": "LUX", "ISO_N3": "442", "UN_A3": "442", "WB_A2": "LU", "WB_A3": "LUX", "WOE_ID": 23424881.0, "WOE_ID_EH": 23424881.0, "WOE_NOTE": "Exact WOE match as country", "ADM0_A3_IS": "LUX", "ADM0_A3_US": "LUX", "ADM0_A3_UN": -99.0, "ADM0_A3_WB": -99.0, "CONTINENT": "Europe", "REGION_UN": "Europe", "SUBREGION": "Western Europe", "REGION_WB": "Europe & Central Asia", "NAME_LEN": 10.0, "LONG_LEN": 10.0, "ABBREV_LEN": 4.0, "TINY": 5.0, "HOMEPART": 1.0, "MIN_ZOOM": 0.0, "MIN_LABEL": 5.7, "MAX_LABEL": 10.0}, "geometry": {"type": "Polygon", "coordinates": [[[5.789746093750011, 49.53828125], [5.8154296875, 49.55380859375], [5.837597656250011, 49.57832031250001], [5.856542968750006, 49.612841796874996], [5.88037109375, 49.644775390625], [5.8037109375, 49.732177734375], [5.787988281250023, 49.75888671875], [5.725, 49.80830078125], [5.725781250000011, 49.833349609375], [5.740820312500006, 49.85717773437497], [5.735253906250023, 49.87563476562502], [5.744042968750023, 49.91962890625], [5.7880859375, 49.961230468749996], [5.817382812499972, 50.01269531250006], [5.866894531250011, 50.0828125], [5.976269531250011, 50.16718749999998], [6.054785156250006, 50.154296875], [6.089062499999983, 50.15458984374999], [6.110058593750011, 50.12377929687503], [6.116503906250017, 50.120996093749994], [6.108300781249994, 50.09423828125006], [6.109765625000023, 50.034375], [6.13818359375, 49.97431640625], [6.204882812500017, 49.91513671875], [6.256054687500011, 49.87216796875], [6.324609375000023, 49.837890625], [6.44091796875, 49.805322265624994], [6.4873046875, 49.798486328124994], [6.49375, 49.75439453125], [6.484765625000023, 49.7078125], [6.444628906250017, 49.68203125], [6.40673828125, 49.644970703125], [6.378320312500023, 49.599609375], [6.348437500000017, 49.5126953125], [6.344335937500006, 49.452734375], [6.277343749999972, 49.4775390625], [6.2421875, 49.4943359375], [6.181054687500023, 49.498925781249994], [6.119921875000017, 49.485205078125], [6.074121093750023, 49.454638671874996], [6.011425781250011, 49.445458984374994], [5.95947265625, 49.454638671874996], [5.928906250000011, 49.4775390625], [5.9013671875, 49.48974609375], [5.823437500000011, 49.505078125], [5.789746093750011, 49.53828125]]]}}, {"type": "Feature", "properties": {"scalerank": 1, "featurecla": "Admin-0 country", "LABELRANK": 5.0, "SOVEREIGNT": "Latvia", "SOV_A3": "LVA", "ADM0_DIF": 0.0, "LEVEL": 2.0, "TYPE": "Sovereign country", "ADMIN": "Latvia", "ADM0_A3": "LVA", "GEOU_DIF": 0.0, "GEOUNIT": "Latvia", "GU_A3": "LVA", "SU_DIF": 0.0, "SUBUNIT": "Latvia", "SU_A3": "LVA", "BRK_DIFF": 0.0, "NAME": "Latvia", "NAME_LONG": "Latvia", "BRK_A3": "LVA", "BRK_NAME": "Latvia", "BRK_GROUP": null, "ABBREV": "Lat.", "POSTAL": "LV", "FORMAL_EN": "Republic of Latvia", "FORMAL_FR": null, "NAME_CIAWF": "Latvia", "NOTE_ADM0": null, "NOTE_BRK": null, "NAME_SORT": "Latvia", "NAME_ALT": null, "MAPCOLOR7": 4.0, "MAPCOLOR8": 7.0, "MAPCOLOR9": 6.0, "MAPCOLOR13": 13.0, "POP_EST": 1944643.0, "POP_RANK": 12.0, "GDP_MD_EST": 50650.0, "POP_YEAR": 2017.0, "LASTCENSUS": 2011.0, "GDP_YEAR": 2016.0, "ECONOMY": "2. Developed region: nonG7", "INCOME_GRP": "3. Upper middle income", "WIKIPEDIA": -99.0, "FIPS_10_": "LG", "ISO_A2": "LV", "ISO_A3": "LVA", "ISO_A3_EH": "LVA", "ISO_N3": "428", "UN_A3": "428", "WB_A2": "LV", "WB_A3": "LVA", "WOE_ID": 23424874.0, "WOE_ID_EH": 23424874.0, "WOE_NOTE": "Exact WOE match as country", "ADM0_A3_IS": "LVA", "ADM0_A3_US": "LVA", "ADM0_A3_UN": -99.0, "ADM0_A3_WB": -99.0, "CONTINENT": "Europe", "REGION_UN": "Europe", "SUBREGION": "Northern Europe", "REGION_WB": "Europe & Central Asia", "NAME_LEN": 6.0, "LONG_LEN": 6.0, "ABBREV_LEN": 4.0, "TINY": -99.0, "HOMEPART": 1.0, "MIN_ZOOM": 0.0, "MIN_LABEL": 4.0, "MAX_LABEL": 9.0}, "geometry": {"type": "Polygon", "coordinates": [[[28.14794921874997, 56.14291992187498], [28.11787109375001, 56.145800781249996], [28.032031250000017, 56.13330078125], [27.896289062500017, 56.076171875], [27.694238281250023, 55.941552734375], [27.64228515625001, 55.91171875], [27.589453125, 55.8091796875], [27.576757812500006, 55.798779296875], [27.45917968750001, 55.803515625], [27.427148437500023, 55.805957031249996], [27.309179687500006, 55.80390625], [27.052539062500017, 55.83056640625], [26.953027343750023, 55.812939453125], [26.82246093750001, 55.709228515625], [26.771875, 55.693994140625], [26.620214843750006, 55.679638671875], [26.593554687500017, 55.667529296874996], [26.542871093749994, 55.67241210937496], [26.40107421875001, 55.70380859375], [26.28125, 55.750439453125], [26.209570312500006, 55.812109375], [26.085546875, 55.896875], [26.004199218750017, 55.94013671875], [25.876367187500023, 55.99433593750001], [25.663183593750006, 56.104833984375], [25.585742187500017, 56.130175781249996], [25.206933593750023, 56.17841796875], [25.069921875, 56.200390625], [24.94384765625, 56.3255859375], [24.90302734375001, 56.398193359375], [24.84101562500001, 56.411181640624996], [24.77324218749999, 56.395898437499994], [24.699511718750017, 56.381298828125], [24.52900390625001, 56.2962890625], [24.47363281249997, 56.284082031249966], [24.36787109375001, 56.28300781250002], [24.120703125, 56.264257812500006], [24.008203125000023, 56.295263671875], [23.81269531250001, 56.329248046875], [23.70673828125001, 56.334619140625], [23.612695312500023, 56.333837890625], [23.195898437500006, 56.36713867187501], [23.11982421875001, 56.3306640625], [23.04296875, 56.324072265625], [22.96826171874997, 56.38041992187496], [22.875585937500006, 56.396435546875], [22.773242187500017, 56.377294921875], [22.5869140625, 56.375097656250034], [22.36591796875001, 56.392871093749996], [22.084570312500006, 56.40673828125], [22.042871093750023, 56.40078125000002], [21.730566406250006, 56.325976562499996], [21.65351562500001, 56.314550781250034], [21.31464843750001, 56.188134765625], [21.04609375000001, 56.070068359375], [21.014941406250017, 56.258935546875], [21.03144531250001, 56.636572265625], [21.0712890625, 56.82373046875], [21.257421875, 56.932763671875], [21.35078125000001, 57.01767578125], [21.405078125000017, 57.131005859375], [21.421484375, 57.23583984375], [21.45917968750001, 57.3224609375], [21.72871093750001, 57.57099609375], [21.9423828125, 57.5978515625], [22.2314453125, 57.666796875], [22.554589843750023, 57.724267578125], [22.616992187500017, 57.651171875], [22.64863281250001, 57.595361328125], [23.03779296875001, 57.39208984375], [23.136816406250006, 57.323828125], [23.28730468750001, 57.08974609375], [23.647753906250017, 56.971044921875], [23.93115234375, 57.00849609375], [24.054296875, 57.06611328125], [24.28125, 57.172314453125], [24.382617187500017, 57.250048828124996], [24.403222656250023, 57.325], [24.36298828125001, 57.6453125], [24.301562500000017, 57.784130859375], [24.322558593750017, 57.87060546875], [24.3625, 57.866162109375], [24.458886718750023, 57.907861328125], [24.775781250000023, 57.98525390625], [24.839062499999983, 57.988720703124955], [24.91132812500001, 58.00458984375], [25.11103515625001, 58.063427734375], [25.175195312500023, 58.032128906249994], [25.22871093750001, 57.99658203125], [25.25830078125, 57.996142578124996], [25.27265625000001, 58.009375], [25.268652343750006, 58.0322265625], [25.282617187500023, 58.048486328124966], [25.34003906250001, 58.03945312499999], [25.5712890625, 57.9427734375], [25.66015625, 57.920166015625], [25.72089843750001, 57.913818359375], [25.79375, 57.8685546875], [25.991113281250023, 57.838183593749996], [26.015234374999977, 57.81474609374996], [26.030371093750006, 57.785546875], [26.21503906250001, 57.662744140625], [26.29804687500001, 57.60107421875], [26.46210937500001, 57.544482421874996], [26.532617187500023, 57.531005859375], [26.819726562500023, 57.588720703125006], [26.899804687500023, 57.6087890625], [26.96601562500001, 57.609130859375], [27.03339843750001, 57.57875976562502], [27.187109374999977, 57.53833007812506], [27.326562500000023, 57.52548828125], [27.351953125000023, 57.528125], [27.4697265625, 57.5240234375], [27.511132812499994, 57.508154296875034], [27.538671875, 57.42978515625006], [27.672753906250023, 57.368115234375], [27.796875, 57.316943359374996], [27.82861328125, 57.293310546875], [27.838281250000023, 57.247705078125], [27.83027343750001, 57.194482421875], [27.814550781250006, 57.16689453125005], [27.762792968750006, 57.135107421875], [27.717382812500006, 57.054638671875], [27.71113281250001, 56.978076171874996], [27.639453125000017, 56.845654296875], [27.655664062500023, 56.843212890625], [27.806054687500023, 56.86708984375], [27.8486328125, 56.85341796875], [27.88154296875001, 56.824169921875], [27.89208984375, 56.74106445312498], [27.94140625, 56.703710937500006], [27.991601562500023, 56.6453125], [28.00751953125001, 56.599853515625], [28.103125, 56.545703125], [28.11083984375, 56.510693359375], [28.169238281250017, 56.386865234375], [28.191699218750017, 56.315576171874994], [28.202050781250023, 56.260400390625], [28.17333984375, 56.19033203125005], [28.14794921874997, 56.14291992187498]]]}}, {"type": "Feature", "properties": {"scalerank": 6, "featurecla": "Admin-0 country", "LABELRANK": 6.0, "SOVEREIGNT": "Monaco", "SOV_A3": "MCO", "ADM0_DIF": 0.0, "LEVEL": 2.0, "TYPE": "Sovereign country", "ADMIN": "Monaco", "ADM0_A3": "MCO", "GEOU_DIF": 0.0, "GEOUNIT": "Monaco", "GU_A3": "MCO", "SU_DIF": 0.0, "SUBUNIT": "Monaco", "SU_A3": "MCO", "BRK_DIFF": 0.0, "NAME": "Monaco", "NAME_LONG": "Monaco", "BRK_A3": "MCO", "BRK_NAME": "Monaco", "BRK_GROUP": null, "ABBREV": "Mco.", "POSTAL": "MC", "FORMAL_EN": "Principality of Monaco", "FORMAL_FR": null, "NAME_CIAWF": "Monaco", "NOTE_ADM0": null, "NOTE_BRK": null, "NAME_SORT": "Monaco", "NAME_ALT": null, "MAPCOLOR7": 1.0, "MAPCOLOR8": 1.0, "MAPCOLOR9": 2.0, "MAPCOLOR13": 12.0, "POP_EST": 30645.0, "POP_RANK": 7.0, "GDP_MD_EST": 7672.0, "POP_YEAR": 2017.0, "LASTCENSUS": 2008.0, "GDP_YEAR": 2015.0, "ECONOMY": "2. Developed region: nonG7", "INCOME_GRP": "2. High income: nonOECD", "WIKIPEDIA": -99.0, "FIPS_10_": "MN", "ISO_A2": "MC", "ISO_A3": "MCO", "ISO_A3_EH": "MCO", "ISO_N3": "492", "UN_A3": "492", "WB_A2": "MC", "WB_A3": "MCO", "WOE_ID": 23424892.0, "WOE_ID_EH": 23424892.0, "WOE_NOTE": "Exact WOE match as country", "ADM0_A3_IS": "MCO", "ADM0_A3_US": "MCO", "ADM0_A3_UN": -99.0, "ADM0_A3_WB": -99.0, "CONTINENT": "Europe", "REGION_UN": "Europe", "SUBREGION": "Western Europe", "REGION_WB": "Europe & Central Asia", "NAME_LEN": 6.0, "LONG_LEN": 6.0, "ABBREV_LEN": 4.0, "TINY": 5.0, "HOMEPART": 1.0, "MIN_ZOOM": 0.0, "MIN_LABEL": 5.0, "MAX_LABEL": 10.0}, "geometry": {"type": "Polygon", "coordinates": [[[7.377734375000017, 43.731738281249996], [7.380078125000011, 43.75322265624999], [7.39501953125, 43.76533203125], [7.41445312499999, 43.77089843750002], [7.436914062500023, 43.761474609375], [7.438671875000011, 43.750439453125], [7.377734375000017, 43.731738281249996]]]}}, {"type": "Feature", "properties": {"scalerank": 1, "featurecla": "Admin-0 country", "LABELRANK": 6.0, "SOVEREIGNT": "Moldova", "SOV_A3": "MDA", "ADM0_DIF": 0.0, "LEVEL": 2.0, "TYPE": "Sovereign country", "ADMIN": "Moldova", "ADM0_A3": "MDA", "GEOU_DIF": 0.0, "GEOUNIT": "Moldova", "GU_A3": "MDA", "SU_DIF": 0.0, "SUBUNIT": "Moldova", "SU_A3": "MDA", "BRK_DIFF": 0.0, "NAME": "Moldova", "NAME_LONG": "Moldova", "BRK_A3": "MDA", "BRK_NAME": "Moldova", "BRK_GROUP": null, "ABBREV": "Mda.", "POSTAL": "MD", "FORMAL_EN": "Republic of Moldova", "FORMAL_FR": null, "NAME_CIAWF": "Moldova", "NOTE_ADM0": null, "NOTE_BRK": null, "NAME_SORT": "Moldova", "NAME_ALT": null, "MAPCOLOR7": 3.0, "MAPCOLOR8": 5.0, "MAPCOLOR9": 4.0, "MAPCOLOR13": 12.0, "POP_EST": 3474121.0, "POP_RANK": 12.0, "GDP_MD_EST": 18540.0, "POP_YEAR": 2017.0, "LASTCENSUS": 2004.0, "GDP_YEAR": 2016.0, "ECONOMY": "6. Developing region", "INCOME_GRP": "4. Lower middle income", "WIKIPEDIA": -99.0, "FIPS_10_": "MD", "ISO_A2": "MD", "ISO_A3": "MDA", "ISO_A3_EH": "MDA", "ISO_N3": "498", "UN_A3": "498", "WB_A2": "MD", "WB_A3": "MDA", "WOE_ID": 23424885.0, "WOE_ID_EH": 23424885.0, "WOE_NOTE": "Exact WOE match as country", "ADM0_A3_IS": "MDA", "ADM0_A3_US": "MDA", "ADM0_A3_UN": -99.0, "ADM0_A3_WB": -99.0, "CONTINENT": "Europe", "REGION_UN": "Europe", "SUBREGION": "Eastern Europe", "REGION_WB": "Europe & Central Asia", "NAME_LEN": 7.0, "LONG_LEN": 7.0, "ABBREV_LEN": 4.0, "TINY": -99.0, "HOMEPART": 1.0, "MIN_ZOOM": 0.0, "MIN_LABEL": 5.0, "MAX_LABEL": 10.0}, "geometry": {"type": "Polygon", "coordinates": [[[28.2125, 45.450439453125], [28.1625, 45.51376953125], [28.111914062500006, 45.569140625], [28.07470703125, 45.598974609375], [28.09033203125, 45.612744140625], [28.130859375, 45.628271484375], [28.159765625, 45.647119140624994], [28.15625, 45.7130859375], [28.13496093750001, 45.788867187499996], [28.115527343750017, 45.825537109375], [28.113574218750017, 45.883056640625], [28.099707031250006, 45.972607421875], [28.119140625, 46.138671875], [28.199609375000023, 46.347558593749994], [28.24433593750001, 46.45126953125], [28.22265625, 46.508056640625], [28.23945312500001, 46.6408203125], [28.2046875, 46.706396484375], [28.15, 46.79208984375], [28.07177734375, 46.978417968749994], [27.97421875, 47.043212890625], [27.853808593750017, 47.114501953125], [27.80234375, 47.168310546875], [27.767968750000023, 47.227587890624996], [27.696191406250023, 47.286425781249996], [27.614062500000017, 47.34052734375], [27.51582031250001, 47.475634765624996], [27.46484375, 47.536669921874996], [27.44921875, 47.553125], [27.3369140625, 47.63974609375], [27.277929687500006, 47.71796875], [27.248144531250006, 47.7822265625], [27.230859375000023, 47.841748046875], [27.15205078125001, 47.959277343749996], [27.080371093750017, 48.04765625], [27.01220703125, 48.110498046874994], [26.980761718750017, 48.155029296875], [26.900976562500006, 48.2111328125], [26.78730468750001, 48.255810546875], [26.713769531250023, 48.263476562499996], [26.618945312500017, 48.25986328125], [26.640429687500017, 48.294140625], [26.847070312500023, 48.387158203125], [26.90058593750001, 48.371923828125], [27.00849609375001, 48.36826171875], [27.228515625, 48.371435546875], [27.3369140625, 48.43271484375], [27.40380859375, 48.415625], [27.458398437500023, 48.44306640625], [27.549218750000023, 48.477734375], [27.56220703125001, 48.47041015625], [27.57373046875, 48.464892578124996], [27.714453125, 48.449511718749996], [27.82001953125001, 48.416259765625], [27.890625, 48.365234375], [27.96337890625, 48.333544921874996], [28.038476562500023, 48.3212890625], [28.080078125, 48.295800781249994], [28.088476562500006, 48.25703125], [28.158789062500006, 48.23798828125], [28.291015625, 48.238574218749996], [28.34716796875, 48.213037109374994], [28.326953125000017, 48.161425781249996], [28.34052734375001, 48.144433593749994], [28.3875, 48.162109375], [28.42304687500001, 48.146875], [28.441992187500006, 48.108691406249996], [28.46308593750001, 48.09052734375], [28.53046875000001, 48.150292968749994], [28.601660156250006, 48.144384765625], [28.773828125000023, 48.119580078125], [28.865820312500006, 47.995654296874996], [28.923144531250017, 47.951123046875], [28.97333984375001, 47.933007812499994], [29.036914062500017, 47.95234375], [29.09296875000001, 47.975439453125], [29.125390625000023, 47.96455078125], [29.19482421875, 47.882421875], [29.21113281250001, 47.775], [29.210742187500017, 47.73154296875], [29.18603515625, 47.65859375], [29.15087890625, 47.580859375], [29.122949218750023, 47.53037109375], [29.134863281250006, 47.489697265625], [29.159765625, 47.4556640625], [29.200585937500023, 47.444482421874994], [29.333789062500017, 47.375732421875], [29.383398437500006, 47.328027343749994], [29.455664062500006, 47.292626953124994], [29.510644531250023, 47.29072265625], [29.539160156250006, 47.27099609375], [29.54931640625, 47.246826171875], [29.541796875000017, 47.185546875], [29.51093750000001, 47.12802734375], [29.515039062500023, 47.091113281249996], [29.5634765625, 47.047509765624994], [29.568652343750017, 46.996728515624994], [29.57197265625001, 46.964013671874994], [29.597753906250006, 46.938818359375], [29.7197265625, 46.88291015625], [29.877832031250023, 46.82890625], [29.918066406250006, 46.782421875], [29.942480468750006, 46.723779296874994], [29.93476562500001, 46.625], [29.92431640625, 46.538867187499996], [30.13105468750001, 46.423095703125], [30.107519531250006, 46.4015625], [30.07568359375, 46.377832031249994], [29.878027343750006, 46.360205078125], [29.837890625, 46.350537109375], [29.751953125, 46.437792968749996], [29.706835937500017, 46.44873046875], [29.66455078125, 46.416748046875], [29.61494140625001, 46.39882812499999], [29.555078125000023, 46.407763671874996], [29.491015625000017, 46.43466796875], [29.458789062500017, 46.453759765624994], [29.43281250000001, 46.455957031249994], [29.392871093750017, 46.436914062499994], [29.33955078125001, 46.445068359375], [29.30488281250001, 46.466601562499996], [29.25458984375001, 46.392626953124996], [29.22382812500001, 46.376953125], [29.20458984375, 46.379345703125], [29.20078125, 46.50498046875], [29.18623046875001, 46.523974609374996], [29.146289062500017, 46.526904296874996], [29.049902343750006, 46.497021484375], [28.958398437500023, 46.45849609375], [28.92744140625001, 46.424121093749996], [28.930566406250023, 46.362255859375], [28.94375, 46.288427734375], [29.00625, 46.17646484375], [28.971875, 46.12763671875], [28.94775390625, 46.049951171874994], [28.849511718750023, 45.978662109374994], [28.73876953125, 45.937158203124994], [28.729296875000017, 45.852001953125], [28.667578125, 45.793847656249994], [28.562304687500017, 45.735791015625], [28.491601562500023, 45.665771484375], [28.50947265625001, 45.617822265624994], [28.513769531250006, 45.572412109374994], [28.501757812500017, 45.541552734374996], [28.4990234375, 45.517724609374994], [28.47138671875001, 45.507177734375], [28.310351562500017, 45.498583984374996], [28.26484375000001, 45.48388671875], [28.2125, 45.450439453125]]]}}, {"type": "Feature", "properties": {"scalerank": 1, "featurecla": "Admin-0 country", "LABELRANK": 6.0, "SOVEREIGNT": "North Macedonia", "SOV_A3": "MKD", "ADM0_DIF": 0.0, "LEVEL": 2.0, "TYPE": "Sovereign country", "ADMIN": "North Macedonia", "ADM0_A3": "MKD", "GEOU_DIF": 0.0, "GEOUNIT": "Macedonia", "GU_A3": "MKD", "SU_DIF": 0.0, "SUBUNIT": "Macedonia", "SU_A3": "MKD", "BRK_DIFF": 0.0, "NAME": "Macedonia", "NAME_LONG": "Macedonia", "BRK_A3": "MKD", "BRK_NAME": "Macedonia", "BRK_GROUP": null, "ABBREV": "Mkd.", "POSTAL": "MK", "FORMAL_EN": "Former Yugoslav Republic of Macedonia", "FORMAL_FR": null, "NAME_CIAWF": "Macedonia", "NOTE_ADM0": null, "NOTE_BRK": null, "NAME_SORT": "Macedonia, FYR", "NAME_ALT": null, "MAPCOLOR7": 5.0, "MAPCOLOR8": 3.0, "MAPCOLOR9": 7.0, "MAPCOLOR13": 3.0, "POP_EST": 2103721.0, "POP_RANK": 12.0, "GDP_MD_EST": 29520.0, "POP_YEAR": 2017.0, "LASTCENSUS": 2010.0, "GDP_YEAR": 2016.0, "ECONOMY": "6. Developing region", "INCOME_GRP": "3. Upper middle income", "WIKIPEDIA": -99.0, "FIPS_10_": "MK", "ISO_A2": "MK", "ISO_A3": "MKD", "ISO_A3_EH": "MKD", "ISO_N3": "807", "UN_A3": "807", "WB_A2": "MK", "WB_A3": "MKD", "WOE_ID": 23424890.0, "WOE_ID_EH": 23424890.0, "WOE_NOTE": "Exact WOE match as country", "ADM0_A3_IS": "MKD", "ADM0_A3_US": "MKD", "ADM0_A3_UN": -99.0, "ADM0_A3_WB": -99.0, "CONTINENT": "Europe", "REGION_UN": "Europe", "SUBREGION": "Southern Europe", "REGION_WB": "Europe & Central Asia", "NAME_LEN": 9.0, "LONG_LEN": 9.0, "ABBREV_LEN": 4.0, "TINY": -99.0, "HOMEPART": 1.0, "MIN_ZOOM": 0.0, "MIN_LABEL": 5.0, "MAX_LABEL": 10.0}, "geometry": {"type": "Polygon", "coordinates": [[[20.964257812499994, 40.84990234375002], [20.95859375, 40.871533203125], [20.933496093750023, 40.903125], [20.870214843750006, 40.917919921875], [20.740820312500006, 40.9052734375], [20.709277343750017, 40.928369140624994], [20.656054687500017, 41.061669921874994], [20.61445312500001, 41.083056640624996], [20.56787109375, 41.127832031249994], [20.48896484375001, 41.272607421874994], [20.48701171875001, 41.336083984374994], [20.49238281250001, 41.39140625], [20.448632812500023, 41.521289062499996], [20.4755859375, 41.554101562499994], [20.516210937500006, 41.574755859374996], [20.5166015625, 41.62705078125], [20.505175781250017, 41.706494140625], [20.553125, 41.862353515624996], [20.566210937500017, 41.873681640624994], [20.578515625000023, 41.8662109375], [20.694921875, 41.853808593749996], [20.725, 41.87353515625], [20.744140625, 41.904296875], [20.750390625000023, 42.018359375], [20.778125, 42.071044921875], [21.05976562500001, 42.171289062499994], [21.142480468750023, 42.175], [21.2060546875, 42.128955078124996], [21.25634765625, 42.099511718749994], [21.28662109375, 42.100390625], [21.29755859375001, 42.130078125], [21.33173828125001, 42.187158203124994], [21.389550781250023, 42.21982421875], [21.560839843750017, 42.24765625], [21.5625, 42.247509765625], [21.618261718750006, 42.24213867187498], [21.7392578125, 42.267724609374994], [21.81464843750001, 42.303125], [21.85302734375, 42.308398437499996], [21.904101562500017, 42.322070312499996], [21.9775390625, 42.320068359375], [22.052050781250017, 42.30463867187501], [22.14667968750001, 42.325], [22.23974609375, 42.358154296875], [22.27705078125001, 42.349853515625], [22.31738281249997, 42.32172851562501], [22.34404296874999, 42.31396484375003], [22.49824218750001, 42.165087890624996], [22.58271484375001, 42.104833984375], [22.68232421875001, 42.059130859374996], [22.79609375000001, 42.025683593749996], [22.836816406250023, 41.993603515625], [22.9091796875, 41.835205078125], [22.943945312500006, 41.77509765625], [22.991992187500017, 41.757177734375], [23.00361328125001, 41.73984375], [23.005664062500017, 41.716943359374994], [22.951464843750017, 41.605615234374994], [22.9296875, 41.356103515624994], [22.916015625, 41.33627929687498], [22.859277343750023, 41.337353515625], [22.78388671875001, 41.331982421875], [22.75507812500001, 41.312744140625], [22.72480468750001, 41.178515625], [22.603613281250006, 41.140185546874996], [22.493554687500023, 41.118505859375], [22.400781250000023, 41.123388671875], [22.237695312499994, 41.15517578125005], [22.184472656250023, 41.158642578125], [22.13886718750001, 41.140527343749994], [21.99335937500001, 41.13095703125], [21.929492187500017, 41.107421875], [21.77949218750001, 40.950439453125], [21.627539062500006, 40.896337890625], [21.57578125, 40.868945312499996], [21.45966796875001, 40.903613281249996], [21.40410156249999, 40.907177734374955], [21.32373046875, 40.867138671875], [21.147558593750006, 40.863134765625], [21.1, 40.85615234375], [20.964257812499994, 40.84990234375002]]]}}, {"type": "Feature", "properties": {"scalerank": 3, "featurecla": "Admin-0 country", "LABELRANK": 5.0, "SOVEREIGNT": "Malta", "SOV_A3": "MLT", "ADM0_DIF": 0.0, "LEVEL": 2.0, "TYPE": "Sovereign country", "ADMIN": "Malta", "ADM0_A3": "MLT", "GEOU_DIF": 0.0, "GEOUNIT": "Malta", "GU_A3": "MLT", "SU_DIF": 0.0, "SUBUNIT": "Malta", "SU_A3": "MLT", "BRK_DIFF": 0.0, "NAME": "Malta", "NAME_LONG": "Malta", "BRK_A3": "MLT", "BRK_NAME": "Malta", "BRK_GROUP": null, "ABBREV": "Malta", "POSTAL": "M", "FORMAL_EN": "Republic of Malta", "FORMAL_FR": null, "NAME_CIAWF": "Malta", "NOTE_ADM0": null, "NOTE_BRK": null, "NAME_SORT": "Malta", "NAME_ALT": null, "MAPCOLOR7": 1.0, "MAPCOLOR8": 4.0, "MAPCOLOR9": 1.0, "MAPCOLOR13": 8.0, "POP_EST": 416338.0, "POP_RANK": 10.0, "GDP_MD_EST": 16320.0, "POP_YEAR": 2017.0, "LASTCENSUS": 2005.0, "GDP_YEAR": 2016.0, "ECONOMY": "2. Developed region: nonG7", "INCOME_GRP": "2. High income: nonOECD", "WIKIPEDIA": -99.0, "FIPS_10_": "MT", "ISO_A2": "MT", "ISO_A3": "MLT", "ISO_A3_EH": "MLT", "ISO_N3": "470", "UN_A3": "470", "WB_A2": "MT", "WB_A3": "MLT", "WOE_ID": 23424897.0, "WOE_ID_EH": 23424897.0, "WOE_NOTE": "Exact WOE match as country", "ADM0_A3_IS": "MLT", "ADM0_A3_US": "MLT", "ADM0_A3_UN": -99.0, "ADM0_A3_WB": -99.0, "CONTINENT": "Europe", "REGION_UN": "Europe", "SUBREGION": "Southern Europe", "REGION_WB": "Middle East & North Africa", "NAME_LEN": 5.0, "LONG_LEN": 5.0, "ABBREV_LEN": 5.0, "TINY": 3.0, "HOMEPART": 1.0, "MIN_ZOOM": 0.0, "MIN_LABEL": 4.0, "MAX_LABEL": 9.0}, "geometry": {"type": "MultiPolygon", "coordinates": [[[[14.566210937500045, 35.85273437499998], [14.532714843750057, 35.82021484375002], [14.43642578125008, 35.821679687499966], [14.352343750000074, 35.87226562499998], [14.35126953125004, 35.97841796875002], [14.448339843750006, 35.95742187499999], [14.537011718750051, 35.88627929687499], [14.566210937500045, 35.85273437499998]]], [[[14.313476562499972, 36.027587890625], [14.25361328125004, 36.012158203124955], [14.194238281250023, 36.04223632812506], [14.18037109375004, 36.060400390625034], [14.263281250000063, 36.07578125000006], [14.303710937500028, 36.06230468749996], [14.320898437500063, 36.03623046874998], [14.313476562499972, 36.027587890625]]]]}}, {"type": "Feature", "properties": {"scalerank": 1, "featurecla": "Admin-0 country", "LABELRANK": 6.0, "SOVEREIGNT": "Montenegro", "SOV_A3": "MNE", "ADM0_DIF": 0.0, "LEVEL": 2.0, "TYPE": "Sovereign country", "ADMIN": "Montenegro", "ADM0_A3": "MNE", "GEOU_DIF": 0.0, "GEOUNIT": "Montenegro", "GU_A3": "MNE", "SU_DIF": 0.0, "SUBUNIT": "Montenegro", "SU_A3": "MNE", "BRK_DIFF": 0.0, "NAME": "Montenegro", "NAME_LONG": "Montenegro", "BRK_A3": "MNE", "BRK_NAME": "Montenegro", "BRK_GROUP": null, "ABBREV": "Mont.", "POSTAL": "ME", "FORMAL_EN": "Montenegro", "FORMAL_FR": null, "NAME_CIAWF": "Montenegro", "NOTE_ADM0": null, "NOTE_BRK": null, "NAME_SORT": "Montenegro", "NAME_ALT": null, "MAPCOLOR7": 4.0, "MAPCOLOR8": 1.0, "MAPCOLOR9": 4.0, "MAPCOLOR13": 5.0, "POP_EST": 642550.0, "POP_RANK": 11.0, "GDP_MD_EST": 10610.0, "POP_YEAR": 2017.0, "LASTCENSUS": 2011.0, "GDP_YEAR": 2016.0, "ECONOMY": "6. Developing region", "INCOME_GRP": "3. Upper middle income", "WIKIPEDIA": -99.0, "FIPS_10_": "MJ", "ISO_A2": "ME", "ISO_A3": "MNE", "ISO_A3_EH": "MNE", "ISO_N3": "499", "UN_A3": "499", "WB_A2": "ME", "WB_A3": "MNE", "WOE_ID": 20069817.0, "WOE_ID_EH": 20069817.0, "WOE_NOTE": "Exact WOE match as country", "ADM0_A3_IS": "MNE", "ADM0_A3_US": "MNE", "ADM0_A3_UN": -99.0, "ADM0_A3_WB": -99.0, "CONTINENT": "Europe", "REGION_UN": "Europe", "SUBREGION": "Southern Europe", "REGION_WB": "Europe & Central Asia", "NAME_LEN": 10.0, "LONG_LEN": 10.0, "ABBREV_LEN": 5.0, "TINY": -99.0, "HOMEPART": 1.0, "MIN_ZOOM": 0.0, "MIN_LABEL": 5.0, "MAX_LABEL": 10.0}, "geometry": {"type": "Polygon", "coordinates": [[[20.06396484375, 42.54726562499999], [20.045703125000017, 42.54990234375], [19.9390625, 42.506689453125], [19.859765625000023, 42.486328125], [19.78828125000001, 42.476171875], [19.754492187500006, 42.496923828125], [19.73779296875, 42.525146484375], [19.74072265625, 42.60693359375], [19.727832031250017, 42.634521484375], [19.703417968750017, 42.64794921875], [19.65449218750001, 42.628564453124994], [19.597460937500017, 42.5654296875], [19.54453125, 42.491943359375], [19.465136718750017, 42.415380859375], [19.39960937500001, 42.34189453125], [19.329003906250023, 42.249267578125], [19.280664062500023, 42.17255859375], [19.330859375000017, 42.12929687499999], [19.361425781250006, 42.069091796875], [19.352148437500006, 42.0240234375], [19.361132812500017, 41.99775390625], [19.345507812500017, 41.918847656249994], [19.342382812500006, 41.869091796875], [19.186425781250023, 41.948632812499994], [19.12226562500001, 42.060498046875], [18.89423828125001, 42.249462890625], [18.632910156250006, 42.378076171874994], [18.619042968750023, 42.398388671875], [18.633398437500006, 42.423144531249996], [18.645898437500023, 42.442724609375], [18.591601562500017, 42.444189453125], [18.553515625000017, 42.428515625], [18.517480468750023, 42.432910156249996], [18.476660156250006, 42.481103515624994], [18.438085937500006, 42.52294921875], [18.436328125000017, 42.559716796874994], [18.453906250000017, 42.564501953124996], [18.480078125, 42.57919921875], [18.534960937500017, 42.6201171875], [18.5458984375, 42.6416015625], [18.543261718750017, 42.674169921875], [18.46601562500001, 42.777246093749994], [18.455078125, 42.844091796875], [18.44384765625, 42.96845703125], [18.46015625000001, 42.997900390625], [18.48847656250001, 43.012158203125], [18.623632812500006, 43.027685546875], [18.621875, 43.12460937499998], [18.629980468750006, 43.153662109375], [18.656835937500006, 43.1939453125], [18.674218750000023, 43.230810546875034], [18.74921875000001, 43.283544921875], [18.85107421875, 43.346337890624994], [18.895605468750006, 43.34819335937499], [18.934667968750006, 43.339453125], [18.97871093750001, 43.285400390625], [19.026660156250017, 43.292431640625], [19.03671875, 43.357324218749994], [18.97382812500001, 43.4423828125], [18.940234375000017, 43.496728515624994], [18.95068359375, 43.526660156249996], [18.97421875, 43.542333984375], [19.0283203125, 43.532519531249996], [19.080078125, 43.517724609374994], [19.11279296875, 43.52773437499999], [19.164355468750017, 43.535449218749996], [19.1943359375, 43.53330078125], [19.19160156250001, 43.52104492187502], [19.19648437500001, 43.485009765624994], [19.21875, 43.449951171875], [19.298242187500023, 43.413964843749994], [19.414648437500006, 43.342822265624996], [19.551562500000017, 43.212255859375], [19.614453124999983, 43.17343749999998], [19.670996093750006, 43.163964843749994], [19.781152343750023, 43.10976562499999], [19.858007812500006, 43.096533203125], [19.944042968749983, 43.081640625000034], [20.167871093750023, 42.96850585937497], [20.268457031249994, 42.935449218749994], [20.339941406250006, 42.892871093749996], [20.34765625, 42.852783203125], [20.344335937500006, 42.827929687499996], [20.215136718750017, 42.798828125], [20.19257812500001, 42.754638671875], [20.129980468750006, 42.759765625], [20.054296875, 42.760058593749996], [20.02949218750001, 42.73203125], [20.065722656250017, 42.685839843749996], [20.089257812500023, 42.63154296875], [20.0703125, 42.557080078125], [20.06396484375, 42.54726562499999]]]}}, {"type": "Feature", "properties": {"scalerank": 1, "featurecla": "Admin-0 country", "LABELRANK": 5.0, "SOVEREIGNT": "Netherlands", "SOV_A3": "NL1", "ADM0_DIF": 1.0, "LEVEL": 2.0, "TYPE": "Country", "ADMIN": "Netherlands", "ADM0_A3": "NLD", "GEOU_DIF": 0.0, "GEOUNIT": "Netherlands", "GU_A3": "NLD", "SU_DIF": 0.0, "SUBUNIT": "Netherlands", "SU_A3": "NLD", "BRK_DIFF": 0.0, "NAME": "Netherlands", "NAME_LONG": "Netherlands", "BRK_A3": "NLD", "BRK_NAME": "Netherlands", "BRK_GROUP": null, "ABBREV": "Neth.", "POSTAL": "NL", "FORMAL_EN": "Kingdom of the Netherlands", "FORMAL_FR": null, "NAME_CIAWF": "Netherlands", "NOTE_ADM0": null, "NOTE_BRK": null, "NAME_SORT": "Netherlands", "NAME_ALT": null, "MAPCOLOR7": 4.0, "MAPCOLOR8": 2.0, "MAPCOLOR9": 2.0, "MAPCOLOR13": 9.0, "POP_EST": 17084719.0, "POP_RANK": 14.0, "GDP_MD_EST": 870800.0, "POP_YEAR": 2017.0, "LASTCENSUS": 2011.0, "GDP_YEAR": 2016.0, "ECONOMY": "2. Developed region: nonG7", "INCOME_GRP": "1. High income: OECD", "WIKIPEDIA": -99.0, "FIPS_10_": "NL", "ISO_A2": "NL", "ISO_A3": "NLD", "ISO_A3_EH": "NLD", "ISO_N3": "528", "UN_A3": "528", "WB_A2": "NL", "WB_A3": "NLD", "WOE_ID": -90.0, "WOE_ID_EH": 23424909.0, "WOE_NOTE": "Doesn't include new former units of Netherlands Antilles (24549811, 24549808, and 24549809)", "ADM0_A3_IS": "NLD", "ADM0_A3_US": "NLD", "ADM0_A3_UN": -99.0, "ADM0_A3_WB": -99.0, "CONTINENT": "Europe", "REGION_UN": "Europe", "SUBREGION": "Western Europe", "REGION_WB": "Europe & Central Asia", "NAME_LEN": 11.0, "LONG_LEN": 11.0, "ABBREV_LEN": 5.0, "TINY": -99.0, "HOMEPART": 1.0, "MIN_ZOOM": 0.0, "MIN_LABEL": 5.0, "MAX_LABEL": 10.0}, "geometry": {"type": "MultiPolygon", "coordinates": [[[[5.993945312500074, 50.75043945312498], [5.797363281249972, 50.75454101562502], [5.747070312500028, 50.75957031249996], [5.693652343749989, 50.77465820312503], [5.693554687500068, 50.774755859375034], [5.669140625000068, 50.80595703125002], [5.639453125000045, 50.843603515625034], [5.647558593750006, 50.86665039062504], [5.736621093750045, 50.93212890625006], [5.75, 50.95024414062502], [5.740820312500006, 50.95991210937501], [5.749804687500074, 50.98876953125003], [5.81826171875008, 51.08642578125003], [5.8271484375, 51.12563476562502], [5.796484374999977, 51.15307617187503], [5.752343750000051, 51.16948242187499], [5.608789062500023, 51.19843750000004], [5.540429687500051, 51.23930664062502], [5.5087890625, 51.275], [5.476855468750045, 51.285058593749994], [5.429785156250063, 51.272998046875045], [5.310839843750074, 51.25971679687498], [5.214160156250017, 51.278955078124994], [5.099902343749989, 51.34648437499999], [5.07343750000004, 51.406835937500034], [5.059472656250023, 51.453125], [5.030957031249983, 51.469091796875006], [4.99257812500008, 51.44536132812499], [4.943945312500034, 51.407763671875045], [4.848046875000023, 51.40327148437501], [4.820703125000051, 51.41206054687504], [4.816015624999977, 51.43281249999998], [4.810546875000028, 51.45273437500006], [4.784179687499972, 51.477392578125006], [4.755664062500045, 51.491113281249966], [4.63398437500004, 51.421728515625034], [4.588769531250051, 51.42192382812499], [4.531640625000051, 51.448583984375006], [4.503417968749972, 51.474707031250006], [4.440917968750028, 51.45981445312498], [4.384765625000057, 51.427587890625006], [4.404003906250068, 51.36708984375002], [4.37373046875004, 51.35600585937499], [4.304492187500045, 51.36152343750004], [4.226171874999977, 51.38647460937497], [4.138867187500068, 51.40151367187502], [4.006542968750011, 51.44321289062498], [3.821875, 51.409375], [3.693554687500011, 51.44990234375001], [3.586914062500057, 51.45390625000002], [3.520507812500028, 51.486181640625034], [3.448925781250011, 51.54077148437506], [3.499609375000034, 51.57666015625], [3.548632812500074, 51.58911132812503], [3.743945312500074, 51.596044921875034], [3.886035156250074, 51.57421875000003], [4.141308593750011, 51.455761718749955], [4.205761718750011, 51.456689453124966], [4.274121093749983, 51.47163085937501], [4.239355468750006, 51.50390625], [4.175488281250068, 51.51928710937503], [4.080468750000051, 51.551123046875034], [4.004785156249994, 51.595849609374994], [4.1826171875, 51.61030273437501], [4.158007812500045, 51.63344726562502], [4.134570312500074, 51.67290039062496], [3.946875, 51.81054687500003], [3.978906250000051, 51.847802734374994], [4.026074218749983, 51.92773437500003], [4.08486328125008, 51.99409179687504], [4.131738281250023, 52.01191406250001], [4.208789062499989, 52.05898437500002], [4.376269531250017, 52.196826171875045], [4.482812500000051, 52.309179687500006], [4.562109375000034, 52.44257812500001], [4.678320312500006, 52.80976562500004], [4.712695312500074, 52.872119140625045], [4.76875, 52.941308593749994], [4.839062500000068, 52.92827148437502], [4.887988281249989, 52.90834960937505], [5.06123046875004, 52.96064453125004], [5.3583984375, 53.09648437499999], [5.445996093749983, 53.21406249999998], [5.532031250000017, 53.268701171874994], [5.873535156250057, 53.37519531250004], [6.06220703125004, 53.407080078125034], [6.353222656250068, 53.41528320312503], [6.563574218750034, 53.43427734374998], [6.816210937500074, 53.44116210937506], [6.912402343750045, 53.375390624999966], [6.968164062500023, 53.32729492187505], [7.058007812500051, 53.30058593750002], [7.197265625, 53.28227539062502], [7.18896484375, 53.18720703125001], [7.18994140625, 52.99951171875006], [7.179492187500017, 52.96621093750002], [7.11708984375008, 52.88701171874996], [7.050878906250006, 52.74477539062502], [7.033007812500017, 52.6513671875], [7.013183593750057, 52.633544921875], [6.748437500000023, 52.634082031250045], [6.710742187500074, 52.61787109375001], [6.705371093750045, 52.59765624999997], [6.71875, 52.57358398437506], [6.712402343750057, 52.54965820312498], [6.691601562500011, 52.530175781249994], [6.702929687499989, 52.49921875000001], [6.748828125000017, 52.46401367187502], [6.832519531250028, 52.44228515625005], [6.922070312500068, 52.44028320312498], [6.968164062500023, 52.44409179687506], [7.001855468750051, 52.41899414062499], [7.03515625, 52.380224609375006], [7.032617187500023, 52.33149414062504], [7.019628906250034, 52.26601562500002], [6.977246093750011, 52.20551757812504], [6.855078125, 52.135791015625045], [6.800390625000063, 52.111230468749994], [6.749023437500057, 52.09868164062502], [6.724511718750051, 52.080224609374994], [6.712988281250006, 52.05688476562503], [6.715625, 52.03618164062499], [6.802441406250011, 51.980175781249955], [6.800390625000063, 51.967382812500006], [6.775195312500074, 51.938281250000045], [6.741796875, 51.91088867187506], [6.517578125, 51.85395507812498], [6.425, 51.8583984375], [6.372167968750034, 51.83002929687501], [6.35566406250004, 51.82465820312498], [6.297070312500011, 51.85073242187505], [6.166503906250057, 51.88076171875005], [6.117187500000028, 51.87041015624996], [6.089843750000057, 51.85395507812498], [6.007617187500017, 51.833984375], [5.94873046875, 51.80268554687504], [5.948535156250045, 51.76240234374998], [6.052734375000057, 51.65825195312502], [6.089355468750057, 51.637792968750006], [6.091113281250045, 51.59892578124999], [6.141601562500028, 51.55009765624999], [6.19326171875008, 51.488916015624966], [6.198828125000063, 51.45], [6.19287109375, 51.41059570312501], [6.166210937499983, 51.354833984375006], [6.075878906250068, 51.22412109375003], [6.074804687500034, 51.19902343749996], [6.082421875000051, 51.17998046874999], [6.113378906250063, 51.174707031249994], [6.136914062500068, 51.16484375000002], [6.129980468750063, 51.14741210937504], [5.961035156250034, 51.05668945312502], [5.939257812500017, 51.04082031249999], [5.868359375000068, 51.04531250000002], [5.857519531249977, 51.030126953125034], [5.8671875, 51.00566406250002], [5.894726562500011, 50.984228515625006], [5.955078125000057, 50.97294921875002], [6.006835937500028, 50.94995117187503], [6.048437500000063, 50.904882812500006], [5.993945312500074, 50.75043945312498]]], [[[4.226171874999977, 51.38647460937497], [4.21142578125, 51.348730468750006], [4.172558593749983, 51.307080078124955], [4.0400390625, 51.2470703125], [3.90205078125004, 51.20766601562505], [3.830761718749983, 51.21259765624998], [3.781933593749983, 51.23320312500002], [3.755664062500045, 51.25483398437498], [3.68183593750004, 51.27568359374996], [3.58027343750004, 51.28618164062496], [3.517089843750028, 51.26362304687498], [3.471972656249989, 51.24223632812499], [3.432519531250051, 51.245751953124994], [3.402832031250028, 51.26362304687498], [3.380078125000011, 51.291113281250006], [3.350097656250028, 51.37768554687506], [3.42578125, 51.39350585937498], [3.589453125000034, 51.39941406250003], [3.716503906250068, 51.369140625], [3.883398437500063, 51.35449218750003], [4.011035156250045, 51.39594726562504], [4.111523437499983, 51.360644531250045], [4.226171874999977, 51.38647460937497]]], [[[-68.20581054687497, 12.144580078125003], [-68.25434570312501, 12.032080078125006], [-68.2822265625, 12.082275390625014], [-68.28725585937497, 12.171728515625034], [-68.30712890625003, 12.206738281249969], [-68.34843749999999, 12.22807617187496], [-68.37109375, 12.257519531250011], [-68.36923828124998, 12.301953125000011], [-68.21948242187503, 12.23125], [-68.20581054687497, 12.144580078125003]]], [[[-62.9375, 17.495654296875017], [-62.96171875000002, 17.475048828124983], [-62.98310546875001, 17.476904296875006], [-62.997167968750034, 17.496826171875], [-62.999609375, 17.530371093749977], [-62.97934570312495, 17.521191406249983], [-62.971777343750006, 17.51606445312501], [-62.96542968749998, 17.50927734375003], [-62.9375, 17.495654296875017]]], [[[-63.23266601562497, 17.623144531250063], [-63.241601562499994, 17.61958007812504], [-63.25449218749998, 17.62866210937503], [-63.252148437499926, 17.64526367187503], [-63.241650390624926, 17.65180664062504], [-63.23349609374995, 17.64721679687497], [-63.226904296875034, 17.634130859374977], [-63.23266601562497, 17.623144531250063]]], [[[3.949121093750023, 51.73945312500004], [4.046777343750023, 51.684912109375006], [4.067578125000011, 51.66748046875003], [4.075097656250023, 51.648779296875034], [3.950976562500045, 51.627050781250034], [3.819042968750011, 51.693994140624994], [3.731835937499994, 51.67822265625], [3.699023437500074, 51.709912109374955], [3.698535156250045, 51.72968749999998], [3.789062500000028, 51.746435546875034], [3.949121093750023, 51.73945312500004]]], [[[4.886132812500051, 53.07070312499999], [4.787109375000057, 52.99980468750002], [4.726757812500011, 53.01962890624998], [4.709179687500068, 53.03603515625002], [4.73984375, 53.09130859375], [4.88642578125004, 53.18330078125001], [4.886132812500051, 53.07070312499999]]], [[[5.108593749999983, 53.30800781250002], [4.92373046875008, 53.23457031249998], [4.907910156250068, 53.24624023437505], [5.027050781249983, 53.31020507812502], [5.108593749999983, 53.30800781250002]]], [[[5.32578125, 53.38574218750006], [5.23261718750004, 53.377783203125034], [5.190234375000017, 53.39179687500004], [5.415136718750006, 53.43144531250002], [5.557421875000045, 53.44355468750001], [5.582617187500034, 53.43808593750006], [5.32578125, 53.38574218750006]]], [[[5.929296875000034, 53.458837890625006], [5.73203125, 53.442626953125], [5.665332031249989, 53.45488281250002], [5.654296875000057, 53.46650390624998], [5.708105468750006, 53.47338867187506], [5.876269531250074, 53.47509765625003], [5.92822265625, 53.46499023437502], [5.929296875000034, 53.458837890625006]]], [[[6.333398437500023, 53.51074218750003], [6.19326171875008, 53.47680664062503], [6.159277343750006, 53.48393554687499], [6.167675781250011, 53.49375], [6.29091796875008, 53.514990234375006], [6.333398437500023, 53.51074218750003]]], [[[6.73476562499999, 53.58251953125], [6.642089843750028, 53.579199218750034], [6.668554687500006, 53.60566406249998], [6.75458984375004, 53.62548828125003], [6.800878906250063, 53.62548828125003], [6.73476562499999, 53.58251953125]]]]}}, {"type": "Feature", "properties": {"scalerank": 1, "featurecla": "Admin-0 country", "LABELRANK": 3.0, "SOVEREIGNT": "Norway", "SOV_A3": "NOR", "ADM0_DIF": 0.0, "LEVEL": 2.0, "TYPE": "Sovereign country", "ADMIN": "Norway", "ADM0_A3": "NOR", "GEOU_DIF": 0.0, "GEOUNIT": "Norway", "GU_A3": "NOR", "SU_DIF": 0.0, "SUBUNIT": "Norway", "SU_A3": "NOR", "BRK_DIFF": 0.0, "NAME": "Norway", "NAME_LONG": "Norway", "BRK_A3": "NOR", "BRK_NAME": "Norway", "BRK_GROUP": null, "ABBREV": "Nor.", "POSTAL": "N", "FORMAL_EN": "Kingdom of Norway", "FORMAL_FR": null, "NAME_CIAWF": "Norway", "NOTE_ADM0": null, "NOTE_BRK": null, "NAME_SORT": "Norway", "NAME_ALT": null, "MAPCOLOR7": 5.0, "MAPCOLOR8": 3.0, "MAPCOLOR9": 8.0, "MAPCOLOR13": 12.0, "POP_EST": 5320045.0, "POP_RANK": 13.0, "GDP_MD_EST": 364700.0, "POP_YEAR": 2017.0, "LASTCENSUS": 2001.0, "GDP_YEAR": 2016.0, "ECONOMY": "2. Developed region: nonG7", "INCOME_GRP": "1. High income: OECD", "WIKIPEDIA": -99.0, "FIPS_10_": "-99", "ISO_A2": "-99", "ISO_A3": "-99", "ISO_A3_EH": "-99", "ISO_N3": "-99", "UN_A3": "-99", "WB_A2": "-99", "WB_A3": "-99", "WOE_ID": -90.0, "WOE_ID_EH": 23424910.0, "WOE_NOTE": "Does not include Svalbard, Jan Mayen, or Bouvet Islands (28289410).", "ADM0_A3_IS": "NOR", "ADM0_A3_US": "NOR", "ADM0_A3_UN": -99.0, "ADM0_A3_WB": -99.0, "CONTINENT": "Europe", "REGION_UN": "Europe", "SUBREGION": "Northern Europe", "REGION_WB": "Europe & Central Asia", "NAME_LEN": 6.0, "LONG_LEN": 6.0, "ABBREV_LEN": 4.0, "TINY": -99.0, "HOMEPART": 1.0, "MIN_ZOOM": 0.0, "MIN_LABEL": 3.0, "MAX_LABEL": 7.0}, "geometry": {"type": "MultiPolygon", "coordinates": [[[[28.96582031249997, 69.02197265625003], [28.891894531250017, 69.06059570312499], [28.832617187500006, 69.11899414062498], [28.846289062500063, 69.17690429687497], [29.02490234375003, 69.28798828125005], [29.19179687499999, 69.36669921875], [29.238867187500006, 69.39394531250005], [29.333398437499994, 69.47299804687498], [29.1416015625, 69.67143554687499], [28.800390625000034, 69.73149414062507], [28.411718750000063, 69.82275390625], [28.269140625000063, 69.87143554687498], [28.04726562500008, 69.97167968749997], [27.88994140624999, 70.061669921875], [27.74785156249999, 70.06484375000002], [27.59169921875008, 70.04223632812506], [27.34804687500008, 69.96005859375], [27.205664062500034, 69.918701171875], [27.127539062500006, 69.906494140625], [27.10869140624999, 69.9046875], [26.934277343749983, 69.928125], [26.74023437499997, 69.93305664062501], [26.584277343750017, 69.92631835937505], [26.525390625, 69.91503906249997], [26.308203124999977, 69.78193359374995], [26.156152343749994, 69.714697265625], [26.07246093750001, 69.69155273437502], [26.011523437500017, 69.65263671874999], [25.961523437500063, 69.588623046875], [25.850195312500034, 69.36650390625005], [25.767187499999977, 69.28266601562501], [25.748632812500034, 69.23144531249997], [25.768164062500006, 69.07612304687495], [25.748339843750045, 68.99013671875002], [25.64667968750004, 68.91914062500004], [25.575292968750063, 68.88715820312501], [25.48085937499999, 68.880615234375], [25.35712890625001, 68.86245117187502], [25.249121093750034, 68.82133789062502], [25.172851562500057, 68.76528320312505], [25.08691406250003, 68.63959960937501], [24.941406250000057, 68.59326171875], [24.802441406249983, 68.60649414062502], [24.703222656250034, 68.65283203125006], [24.490527343750045, 68.68867187499998], [24.33203125, 68.7115234375], [24.154101562500074, 68.76088867187502], [23.997363281250017, 68.79843750000003], [23.85400390625003, 68.80590820312497], [23.772558593750063, 68.75839843749998], [23.70703125000003, 68.71386718750006], [23.4625, 68.67763671875005], [23.324023437500074, 68.64897460937507], [23.144335937500045, 68.642578125], [23.07167968750008, 68.67436523437499], [22.81103515625, 68.6953125], [22.50068359375001, 68.72021484375], [22.410937500000045, 68.71987304687502], [22.382910156250006, 68.77661132812503], [22.300390624999977, 68.85585937500002], [22.079687500000063, 68.99277343750003], [21.989453125000068, 69.04111328125], [21.819726562500023, 69.15449218750001], [21.62177734375001, 69.27070312499998], [21.59375, 69.27358398437502], [21.46123046874999, 69.27749023437502], [21.26679687500001, 69.27368164062497], [21.14375, 69.24726562500001], [21.066113281250068, 69.214111328125], [21.05263671875008, 69.18657226562499], [21.127832031250023, 69.08081054687503], [21.104492187500057, 69.05444335937497], [21.065722656250074, 69.04174804687497], [20.889257812500006, 69.07143554687497], [20.675878906250063, 69.06948242187502], [20.622167968750034, 69.03686523437503], [20.491992187500074, 69.03330078125003], [20.11669921875, 69.0208984375], [20.282324218749977, 68.93432617187503], [20.33710937500004, 68.89965820312497], [20.34804687500005, 68.84873046874998], [20.319433593750006, 68.75405273437497], [20.240039062500074, 68.67314453125002], [20.147460937500057, 68.60732421875002], [19.968847656249977, 68.54204101562505], [20.240039062500074, 68.47753906250003], [20.055957031250045, 68.39038085937506], [19.969824218750006, 68.35639648437495], [19.870019531250023, 68.36225585937501], [19.69121093749999, 68.39243164062503], [19.25898437500004, 68.46533203125003], [19.052636718750023, 68.49272460937502], [18.868261718750034, 68.50112304687497], [18.769824218750045, 68.50004882812502], [18.37861328125001, 68.56240234375002], [18.303027343750074, 68.555419921875], [18.162597656250057, 68.52841796875], [18.147070312500006, 68.4677734375], [18.15595703125004, 68.31684570312498], [18.17666015625008, 68.20063476562504], [18.125, 68.13344726562502], [18.07324218749997, 68.08784179687495], [17.916699218750068, 67.96489257812505], [17.564746093750045, 68.0484375], [17.32460937500005, 68.10380859375002], [17.170507812500006, 68.030126953125], [16.78359375000005, 67.89501953125003], [16.585546875000034, 67.62832031249997], [16.574121093750023, 67.61958007812495], [16.457128906250063, 67.5517578125], [16.307128906250057, 67.52060546875003], [16.19355468750001, 67.50517578125002], [16.127441406250057, 67.42583007812502], [16.281542968750017, 67.31206054687502], [16.360644531250045, 67.25200195312505], [16.43427734375004, 67.15507812500002], [16.420703125000017, 67.09335937500003], [16.403515625000068, 67.05498046875005], [16.23769531250005, 66.97641601562503], [15.884179687500051, 66.76884765625002], [15.557031250000023, 66.552099609375], [15.422949218750063, 66.48984375], [15.483789062500023, 66.30595703125005], [15.374902343750051, 66.25205078124998], [15.153320312500028, 66.191064453125], [15.040039062500028, 66.16752929687499], [14.917968750000028, 66.15371093750002], [14.543261718750074, 66.12934570312501], [14.609960937499977, 65.93227539062502], [14.635156250000051, 65.84501953125002], [14.634570312500017, 65.79326171875005], [14.595800781250034, 65.74287109374998], [14.549511718750011, 65.64638671875005], [14.479687500000011, 65.30146484375004], [14.426269531250057, 65.26435546875001], [14.352441406250023, 65.17084960937498], [14.11513671875008, 64.94614257812503], [13.924804687500028, 64.79677734374997], [13.650292968750051, 64.58154296875], [13.873535156250057, 64.51357421875], [14.077636718749972, 64.46401367187502], [14.119921875000074, 64.38774414062505], [14.148046875000034, 64.26030273437502], [14.141210937500063, 64.17353515625001], [14.063281250000074, 64.09550781250002], [14.002734374999989, 64.04072265624995], [13.960546875000034, 64.014013671875], [13.670703125000045, 64.040625], [13.299609375000017, 64.07480468750006], [13.20351562500008, 64.07509765625002], [12.987597656250045, 64.05048828124998], [12.792773437500045, 64.0], [12.690039062500006, 63.95742187500002], [12.6625, 63.940478515625045], [12.53271484375, 63.84355468750002], [12.301953125000068, 63.67119140624999], [12.175195312499994, 63.59594726562503], [12.212109375000068, 63.492236328125045], [11.99990234375008, 63.29169921875004], [12.138671875000028, 63.089160156250074], [12.144628906250006, 63.08251953125006], [12.218164062500051, 63.000634765624966], [12.141015625000051, 62.94785156250006], [12.10859375000004, 62.919482421875045], [12.119628906250057, 62.825927734375], [12.139843750000011, 62.72133789062502], [12.121875, 62.660009765625034], [12.114550781249989, 62.591894531250006], [12.303515625000045, 62.285595703124955], [12.301367187500034, 62.213769531249994], [12.2919921875, 62.167431640624955], [12.233691406250017, 61.976855468750045], [12.155371093750063, 61.72075195312499], [12.292089843750006, 61.653466796874966], [12.48681640625, 61.572998046875], [12.596093750000051, 61.541308593750045], [12.757519531250068, 61.44570312500002], [12.880761718750051, 61.352294921875], [12.863671875000023, 61.29028320312506], [12.828222656250006, 61.221826171874966], [12.7763671875, 61.173974609374994], [12.727832031250074, 61.108251953125006], [12.706054687500057, 61.05986328125002], [12.68300781250008, 61.04682617187501], [12.467578125000074, 61.04150390625], [12.35371093750004, 61.023193359375], [12.294140624999983, 61.002685546875], [12.314648437499983, 60.892138671875045], [12.445312500000057, 60.68964843749998], [12.553808593750034, 60.54565429687506], [12.588671875000045, 60.45073242187499], [12.552832031250034, 60.3544921875], [12.51582031250004, 60.30522460937502], [12.514648437500057, 60.238867187500006], [12.486132812500017, 60.106787109375006], [12.40205078125004, 60.0400390625], [12.2919921875, 59.96723632812498], [12.169238281250045, 59.91289062500002], [12.071875, 59.89760742187502], [11.988281250000028, 59.89130859374998], [11.932128906250057, 59.86367187500002], [11.88125, 59.782470703125], [11.834277343750017, 59.69716796875002], [11.680761718750006, 59.59228515624997], [11.684863281250045, 59.555761718750006], [11.74335937500004, 59.43144531249999], [11.798144531250017, 59.289892578125006], [11.751855468749994, 59.15756835937506], [11.712207031250017, 59.018652343750006], [11.642773437500068, 58.926074218750074], [11.543554687500034, 58.89301757812498], [11.470703125, 58.90952148437498], [11.38828125, 59.036523437499994], [11.386425781250068, 59.06572265624999], [11.365917968750068, 59.10454101562502], [11.132128906250045, 59.143212890624966], [11.090820312499972, 59.141796874999955], [10.99892578125008, 59.16445312500005], [10.94501953125004, 59.17084960937501], [10.834472656249972, 59.183935546875006], [10.74257812500008, 59.295996093750006], [10.64492187500008, 59.38920898437499], [10.631054687500011, 59.42817382812504], [10.634375, 59.60249023437501], [10.604492187500028, 59.680029296875006], [10.5953125, 59.764550781249994], [10.53388671875004, 59.69580078125003], [10.569531250000011, 59.58710937499998], [10.49375, 59.54150390625003], [10.398144531249983, 59.519335937500045], [10.407128906250051, 59.455664062500034], [10.446386718750063, 59.44360351562497], [10.454589843750028, 59.37749023437502], [10.431347656250011, 59.27963867187506], [10.243164062500028, 59.062060546875045], [10.205175781250034, 59.038671875], [10.179394531250011, 59.00927734375006], [10.083105468750034, 59.02880859375003], [9.959570312500006, 58.96821289062504], [9.842578125000045, 58.95849609375], [9.800195312500023, 59.02705078125004], [9.63515625000008, 59.117773437500034], [9.557226562500006, 59.112695312499966], [9.62714843750004, 59.06791992187502], [9.696093750000045, 59.009716796874955], [9.656933593750068, 58.97119140625003], [9.618457031250045, 58.94604492187506], [9.551074218749989, 58.933007812499966], [9.30996093750008, 58.856835937499994], [9.395800781250074, 58.80566406250006], [9.322949218750068, 58.74755859375003], [9.238671875000023, 58.73901367187506], [9.19375, 58.71186523437504], [9.178125, 58.675], [8.928417968750068, 58.569970703124994], [8.521386718750023, 58.30058593749999], [8.31220703125004, 58.224462890625034], [8.166113281250006, 58.145312500000074], [8.037402343749989, 58.14726562500002], [7.875585937500063, 58.079980468749994], [7.465917968750006, 58.020947265624955], [7.194140625000074, 58.047656250000074], [7.004882812500057, 58.02421875000002], [6.903417968749977, 58.07050781250001], [6.890234375000063, 58.102294921875], [6.895312500000017, 58.12075195312505], [6.912304687500011, 58.14287109375002], [6.877050781250034, 58.150732421875034], [6.802832031250006, 58.154541015625], [6.771093750000034, 58.132226562499994], [6.76679687500004, 58.08154296875006], [6.731445312500028, 58.06831054687501], [6.590527343750011, 58.097314453124966], [6.55507812500008, 58.123437499999966], [6.605761718750017, 58.176367187500006], [6.692480468750006, 58.22402343750002], [6.6767578125, 58.233789062499966], [6.659863281250011, 58.26274414062502], [6.617578125000023, 58.266406250000045], [6.491503906250017, 58.25942382812505], [6.3890625, 58.26796875000002], [6.0546875, 58.375146484374994], [5.9765625, 58.43232421875001], [5.706835937500017, 58.523632812499955], [5.5859375, 58.620410156250045], [5.51728515625004, 58.72651367187498], [5.522460937500028, 58.82265625000005], [5.555566406250023, 58.975195312500034], [5.612207031250023, 59.01289062499998], [5.854296875000045, 58.95947265625003], [6.09902343750008, 58.870263671874966], [6.137304687500063, 58.874658203124966], [6.214160156250074, 58.944677734375034], [6.36328125, 59.00092773437504], [6.321093750000017, 59.016455078125006], [6.099414062500074, 58.95195312500002], [6.016992187500051, 58.987695312499994], [5.889160156250028, 59.06049804687501], [5.889160156250028, 59.09794921874999], [5.94873046875, 59.13544921874998], [5.968554687500045, 59.186132812500006], [5.937304687500074, 59.233984375], [5.951855468750011, 59.29907226562503], [6.05068359375008, 59.36816406249997], [6.198925781249983, 59.438085937500006], [6.305664062499972, 59.50556640624998], [6.415332031250017, 59.54711914062503], [6.40390625, 59.56098632812501], [6.27851562500004, 59.534521484375034], [6.158593750000051, 59.48964843750002], [6.017382812500045, 59.41445312499999], [5.845214843750057, 59.35346679687501], [5.717968750000068, 59.32983398437497], [5.657324218750063, 59.31025390624998], [5.564062500000063, 59.29121093750001], [5.467578125000045, 59.20380859374998], [5.3623046875, 59.16635742187498], [5.173242187500023, 59.16254882812501], [5.131640625000074, 59.226464843749966], [5.185058593750028, 59.45366210937499], [5.242187500000028, 59.56430664062506], [5.304882812500011, 59.64257812500003], [5.40351562500004, 59.65576171875003], [5.472460937500045, 59.71308593749998], [5.52968750000008, 59.71308593749998], [5.579492187499994, 59.686621093750006], [5.772167968750011, 59.66093750000002], [5.867285156250006, 59.73398437499998], [5.991015625000017, 59.744677734375045], [6.216601562500045, 59.81835937500003], [6.211914062500057, 59.83178710937503], [6.059277343750068, 59.815576171874994], [5.966699218750023, 59.813183593749955], [5.833984374999972, 59.794677734375], [5.763476562500017, 59.807910156250045], [5.730468750000028, 59.86308593749999], [5.783593750000023, 59.91279296875001], [5.996484375000051, 60.03149414062503], [6.069921875, 60.08349609375006], [6.11181640625, 60.132080078125], [6.105175781249983, 60.16513671874998], [6.14052734375008, 60.23349609375006], [6.348730468750063, 60.35297851562498], [6.51806640625, 60.40756835937498], [6.573632812500051, 60.360595703125], [6.5263671875, 60.213623046875], [6.52685546875, 60.15292968749998], [6.660937500000074, 60.367236328125045], [6.719921875000011, 60.41816406250001], [6.787109375, 60.45410156250006], [6.94970703125, 60.47822265624998], [6.995703125000063, 60.51196289062503], [6.806347656250011, 60.500781250000074], [6.346972656250045, 60.41909179687502], [6.153320312500028, 60.34624023437502], [6.101757812500011, 60.290136718750034], [5.967382812499977, 60.20556640625006], [5.904394531250034, 60.15063476562506], [5.876562500000034, 60.070019531249955], [5.800878906249977, 60.026220703125006], [5.698828124999977, 60.010009765625], [5.557031250000051, 59.907763671875045], [5.494531250000023, 59.825585937499994], [5.353417968750051, 59.76010742187498], [5.263867187500011, 59.70976562500002], [5.234472656250063, 59.69179687499999], [5.186035156250057, 59.642285156249955], [5.145800781250017, 59.63881835937505], [5.11074218750008, 59.667822265625006], [5.104882812500051, 59.73168945312506], [5.119238281250034, 59.833691406249955], [5.187109375, 59.90708007812498], [5.219531250000045, 59.97875976562503], [5.174414062500006, 60.04570312499999], [5.205664062500063, 60.087939453125074], [5.265429687500074, 60.086474609375045], [5.376464843750028, 60.067236328125034], [5.494531250000023, 60.07031250000003], [5.688574218750034, 60.123193359374966], [5.657617187500023, 60.154101562500045], [5.573828125, 60.158496093750045], [5.417382812500023, 60.154101562500045], [5.28583984375004, 60.205712890624994], [5.18359375, 60.308398437500045], [5.137109375000023, 60.44560546875002], [5.16816406250004, 60.48481445312501], [5.546484375000034, 60.624560546875045], [5.648339843749994, 60.68798828125], [5.589355468750057, 60.694287109374955], [5.447363281250006, 60.617333984374994], [5.244042968750051, 60.56958007812506], [5.115820312500034, 60.63598632812497], [5.049121093750045, 60.70751953125], [5.010742187500057, 60.85854492187502], [5.02460937500004, 60.936132812500034], [5.008593750000045, 61.038183593750034], [5.095410156250068, 61.071337890625045], [5.192480468750034, 61.0537109375], [5.288183593749977, 61.04716796874999], [5.50527343750008, 61.056103515624955], [5.983984375, 61.117333984374994], [6.292578125000063, 61.08095703125005], [6.417968750000028, 61.08427734375002], [6.609863281250057, 61.13701171875002], [6.777832031249972, 61.142431640625034], [6.903417968749977, 61.102148437500006], [6.972070312500023, 61.05595703125002], [6.980566406249977, 60.99414062500003], [7.038671875, 60.952929687500074], [7.077929687500017, 60.96630859375006], [7.046679687500045, 61.015283203124994], [7.040136718750034, 61.09116210937498], [7.545019531250063, 61.17714843750002], [7.6044921875, 61.21054687499998], [7.403906249999977, 61.22216796875003], [7.346582031250023, 61.30058593750002], [7.452539062500051, 61.419238281250045], [7.44257812500004, 61.434619140625074], [7.331152343750006, 61.37202148437501], [7.276269531250023, 61.283935546875], [7.298046875000011, 61.21362304687497], [7.275976562500034, 61.18095703124999], [7.17353515625004, 61.165966796874955], [6.942578125000068, 61.16054687499999], [6.794335937500051, 61.190380859374955], [6.657031250000074, 61.206591796875045], [6.610253906250051, 61.229101562500034], [6.625878906250023, 61.27929687500003], [6.599902343750074, 61.289648437500006], [6.543066406250034, 61.244531249999966], [6.492578125000051, 61.154589843750045], [6.38349609375004, 61.13388671874998], [6.08251953125, 61.167285156250045], [5.646777343750045, 61.14760742187502], [5.451269531250006, 61.102343750000045], [5.324609375000051, 61.108251953125006], [5.106738281250074, 61.18754882812499], [5.02167968750004, 61.25058593750006], [4.989941406250068, 61.377685546875], [5.002734375000017, 61.43359375000003], [5.172460937500034, 61.457128906250034], [5.258300781250028, 61.45546875000005], [5.338671875000074, 61.48549804687502], [5.267578125000057, 61.50502929687502], [5.167578125000034, 61.54335937500002], [5.099414062500074, 61.62016601562502], [4.996679687500034, 61.64521484374998], [4.927832031250034, 61.710693359375], [4.910351562500011, 61.80957031249997], [4.930078125000051, 61.87832031250005], [4.98505859375004, 61.90043945312502], [5.116992187500017, 61.885400390624966], [5.465332031250028, 61.89692382812501], [5.793261718750045, 61.82709960937498], [6.015820312499983, 61.7875], [6.466699218750023, 61.807421875000074], [6.730761718750074, 61.869775390624994], [6.682324218750068, 61.887011718750045], [6.39589843750008, 61.850976562499966], [6.131152343750045, 61.852441406249994], [5.66445312500008, 61.922900390625074], [5.47304687500008, 61.945605468750074], [5.266894531250017, 61.935595703125074], [5.15957031250008, 61.95698242187498], [5.096484375000017, 62.026660156250074], [5.143164062500034, 62.15991210937503], [5.24091796875004, 62.18867187500004], [5.29384765625008, 62.15390625000006], [5.357714843750045, 62.151708984375034], [5.422363281250057, 62.207373046875006], [5.484277343750051, 62.239111328125006], [5.533300781250006, 62.31088867187506], [5.718164062500023, 62.37890624999997], [5.796289062500023, 62.384667968749994], [5.908300781250034, 62.41601562499997], [5.979785156250017, 62.40712890625002], [6.02558593750004, 62.37568359375001], [6.083496093750028, 62.34960937500003], [6.208984375, 62.35278320312497], [6.580078125000028, 62.407275390625074], [6.62001953125008, 62.423291015624955], [6.692382812499972, 62.46806640625002], [6.457128906250006, 62.448095703125034], [6.26171875, 62.416308593750045], [6.13613281250008, 62.40747070312503], [6.118457031250045, 62.44716796875002], [6.16474609375004, 62.482421875], [6.2375, 62.51992187500002], [6.272851562500051, 62.58383789062498], [6.352929687500023, 62.61113281250002], [6.439453125000057, 62.60966796874999], [6.618359375000011, 62.621289062499955], [6.744628906250057, 62.63789062499998], [6.961132812500011, 62.62675781250002], [7.283789062500034, 62.602294921875], [7.491796875000034, 62.54282226562506], [7.570117187500017, 62.548193359375006], [7.653125, 62.56401367187502], [7.690722656250074, 62.585595703124966], [7.527441406250034, 62.61030273437504], [7.518164062500006, 62.64550781250003], [7.538378906250017, 62.67207031250001], [7.804687500000028, 62.72099609375002], [8.095507812500017, 62.73183593750002], [8.045507812500063, 62.77124023437506], [7.408398437500011, 62.711767578125006], [7.242089843750051, 62.75234375000002], [7.110839843750057, 62.752001953125045], [7.024902343750057, 62.72880859375002], [6.779980468750068, 62.70073242187499], [6.734960937500034, 62.72070312499997], [6.781542968750017, 62.78964843749998], [6.928222656249972, 62.90273437500002], [6.940429687499972, 62.930468750000074], [7.008496093749983, 62.95766601562502], [7.38906250000008, 63.02329101562498], [7.571875, 63.09951171875005], [7.654296875000028, 63.109179687500074], [7.736035156250068, 63.103857421875034], [7.8603515625, 63.11279296875], [8.1005859375, 63.090966796874994], [8.21113281250004, 62.995507812499994], [8.310546875000057, 62.96552734375001], [8.623144531250034, 62.846240234375045], [8.609179687500045, 62.88056640625004], [8.338574218750068, 63.04218750000001], [8.235156250000045, 63.082177734374994], [8.158007812500045, 63.161523437499994], [8.184472656250023, 63.23652343749998], [8.271484375, 63.286572265624955], [8.580175781250006, 63.31337890625002], [8.635546874999989, 63.342333984375045], [8.641015625000051, 63.39208984374997], [8.59375, 63.42612304687498], [8.48017578125004, 63.424169921875034], [8.386523437500074, 63.445263671874955], [8.360742187500051, 63.49887695312506], [8.39814453125004, 63.53510742187498], [8.576171874999972, 63.601171875000034], [8.673632812500017, 63.622607421875045], [8.842382812500034, 63.645898437499994], [9.135839843750034, 63.593652343749994], [9.158105468750051, 63.566259765625006], [9.075878906250011, 63.50039062499999], [9.084179687500011, 63.46342773437502], [9.156054687500074, 63.45932617187498], [9.323632812500023, 63.570361328125045], [9.52070312500004, 63.58569335937497], [9.60224609375004, 63.609570312499955], [9.696875, 63.62456054687499], [9.832226562500068, 63.52416992187506], [9.89150390625008, 63.492041015625006], [9.93603515625, 63.47885742187506], [9.979199218750011, 63.395263671875], [10.02099609375, 63.39082031249998], [10.080566406250057, 63.43271484374998], [10.188574218750034, 63.454785156249955], [10.340039062500068, 63.46933593749998], [10.590917968750006, 63.44721679687501], [10.704492187500051, 63.463574218749955], [10.760156250000023, 63.461279296875034], [10.706738281250068, 63.536328124999955], [10.673632812500074, 63.55800781250002], [10.72529296875004, 63.625], [10.77919921875008, 63.65117187499999], [10.952539062500051, 63.69819335937498], [11.117871093750068, 63.71918945312498], [11.22578125000004, 63.76381835937502], [11.370703125000063, 63.80483398437502], [11.347949218750045, 63.837695312500074], [11.3076171875, 63.875732421875], [11.2138671875, 63.878125], [11.175585937500017, 63.89887695312501], [11.294628906250011, 63.94819335937501], [11.457617187500006, 64.00297851562499], [11.42919921875, 64.02451171875003], [11.306640624999972, 64.04887695312502], [11.21357421875004, 64.030517578125], [11.0751953125, 63.98813476562498], [10.914257812500068, 63.92109375000001], [10.966699218749994, 63.90156250000001], [11.04726562500008, 63.84521484375], [10.934863281250017, 63.77021484375001], [10.339160156250045, 63.571044921875], [10.05507812499999, 63.51269531250003], [9.92402343750004, 63.52177734375002], [9.892773437500068, 63.57622070312499], [9.832324218750017, 63.616503906250045], [9.767480468750023, 63.699511718750074], [9.657226562500028, 63.697314453125074], [9.59462890625008, 63.67895507812497], [9.567285156250023, 63.706152343750006], [9.61474609375, 63.79482421875005], [9.7080078125, 63.86489257812502], [9.864453125000068, 63.91782226562506], [9.939453124999972, 63.98173828125002], [10.00996093750004, 64.083154296875], [10.236230468750051, 64.17963867187501], [10.565625, 64.41831054687506], [10.833984375000057, 64.49448242187503], [10.932324218750011, 64.57773437500003], [11.090429687499977, 64.61455078125007], [11.225390625000045, 64.67949218750005], [11.331347656250045, 64.68593750000005], [11.52382812500008, 64.74438476562506], [11.632910156250006, 64.81391601562501], [11.561718749999983, 64.81826171875], [11.392480468750051, 64.77299804687502], [11.296777343750023, 64.75478515625002], [11.303515625000045, 64.82939453125005], [11.349902343750017, 64.905908203125], [11.489355468750006, 64.97583007812503], [12.159667968750028, 65.17895507812503], [12.2265625, 65.14536132812503], [12.306542968750023, 65.08598632812502], [12.508398437500034, 65.09941406249999], [12.738378906249977, 65.21440429687505], [12.915527343750028, 65.3392578125], [12.819824218750057, 65.31748046875], [12.71533203125, 65.26635742187497], [12.51171875, 65.19531249999997], [12.417578125, 65.18408203125], [12.363867187499977, 65.19331054687501], [12.333984375000028, 65.24072265625], [12.26337890625004, 65.25610351562503], [12.19960937499999, 65.24545898437498], [12.133886718750034, 65.279150390625], [12.122167968750034, 65.36235351562499], [12.20625, 65.48623046875002], [12.272851562499994, 65.56816406250002], [12.344824218750006, 65.63017578125002], [12.627734375000017, 65.80615234375], [12.688867187500023, 65.90219726562503], [12.81679687500008, 65.95288085937506], [12.983007812500006, 65.94160156249995], [13.03310546875008, 65.95625], [12.97607421875, 66.01918945312497], [12.794921875000057, 66.069091796875], [12.783789062500006, 66.100439453125], [13.38710937500008, 66.182763671875], [13.674414062500006, 66.17998046875005], [13.759667968750051, 66.22104492187506], [13.915820312500045, 66.24736328124999], [14.0341796875, 66.29755859375001], [13.97314453125, 66.3197265625], [13.681347656250068, 66.27358398437502], [13.498925781250023, 66.25190429687504], [13.416406250000023, 66.252587890625], [13.352050781250057, 66.23671874999997], [13.11884765625004, 66.23066406249998], [13.068164062500017, 66.43081054687497], [13.104687500000011, 66.53940429687498], [13.19160156250004, 66.53715820312507], [13.21142578125, 66.64082031249995], [13.311816406250017, 66.70185546874995], [13.450390625000011, 66.71552734374998], [13.520214843750011, 66.74165039062498], [13.621093750000057, 66.79482421874997], [13.787988281250051, 66.78247070312503], [13.959472656249972, 66.79433593749997], [13.916992187500028, 66.81938476562502], [13.7041015625, 66.85166015625], [13.65156250000004, 66.907080078125], [13.726660156250063, 66.93803710937502], [13.808398437500017, 66.96079101562503], [13.880175781250074, 66.96489257812499], [14.022363281249994, 67.073095703125], [14.108789062500023, 67.11923828124998], [14.205566406250028, 67.11123046875005], [14.340332031250028, 67.158935546875], [14.47265625, 67.14267578125006], [14.600683593750063, 67.17387695312502], [14.775585937500068, 67.19448242187505], [15.415722656250011, 67.20244140625007], [15.434765625000068, 67.2466796875], [15.300097656250074, 67.25693359374998], [14.824414062500068, 67.26831054687497], [14.581542968750057, 67.26743164062498], [14.479296875000017, 67.25595703125003], [14.441699218750074, 67.27138671875], [14.448339843750006, 67.29785156250006], [14.536621093750057, 67.33974609374997], [14.578515625000051, 67.38603515624999], [14.754980468750034, 67.4990234375], [14.9619140625, 67.57426757812505], [15.12050781250008, 67.55502929687503], [15.289160156250063, 67.48315429687506], [15.409375, 67.47416992187499], [15.46533203125, 67.45092773437497], [15.552929687500068, 67.35175781250001], [15.594433593750011, 67.34853515625], [15.57568359375, 67.44384765625003], [15.691503906250063, 67.52138671875002], [15.66132812500004, 67.54282226562503], [15.487304687500028, 67.51479492187502], [15.354003906250057, 67.5439453125], [15.248730468750011, 67.60214843750003], [15.218652343749994, 67.65537109375006], [15.284082031250023, 67.70795898437501], [15.345800781250063, 67.73442382812499], [15.30390625000004, 67.76528320312497], [15.040820312500017, 67.68256835937501], [14.854687500000011, 67.663330078125], [14.781347656250006, 67.67490234375003], [14.821093750000017, 67.74985351562503], [14.798925781250034, 67.80932617187497], [15.048437500000063, 67.95576171874995], [15.134277343750057, 67.97270507812505], [15.2744140625, 67.96093750000006], [15.40087890625, 67.91962890624998], [15.506640625000045, 67.92622070312498], [15.621386718750074, 67.94829101562505], [15.605761718749989, 67.98789062500003], [15.356933593750028, 68.00361328125004], [15.292871093750023, 68.03647460937498], [15.316015625000034, 68.06875], [15.48681640625, 68.10283203124999], [15.656640625000051, 68.16435546875002], [15.851269531250011, 68.18217773437499], [16.007910156250034, 68.22871093749998], [16.038085937500057, 68.21816406250005], [16.064550781250034, 68.19990234374995], [16.12080078125004, 68.02734374999997], [16.26074218750003, 67.886572265625], [16.312304687500045, 67.8814453125], [16.258593750000045, 68.001220703125], [16.308691406250034, 68.03564453125], [16.372167968750006, 68.06181640624999], [16.391992187500023, 68.09160156250002], [16.31923828125005, 68.10175781249995], [16.259765625, 68.14453124999997], [16.17480468750003, 68.28125], [16.203808593750068, 68.31674804687506], [16.38789062500001, 68.38955078124997], [16.618847656250068, 68.40629882812502], [16.86494140625001, 68.35527343749999], [16.95136718750004, 68.35468749999998], [17.094042968750074, 68.368408203125], [17.33613281250001, 68.41035156250004], [17.478515625000057, 68.42631835937499], [17.552832031250006, 68.42626953125], [17.571191406250023, 68.44746093749995], [17.502343750000023, 68.46108398437497], [17.48017578125004, 68.47431640625001], [17.42617187500005, 68.48193359375006], [17.20234375000001, 68.45927734375005], [16.58486328125008, 68.466455078125], [16.525292968750023, 68.49067382812495], [16.51435546875001, 68.53256835937498], [16.579882812500045, 68.59267578124997], [16.65185546875003, 68.62578125000005], [16.88466796875005, 68.68540039062503], [17.131152343750074, 68.69345703124998], [17.39082031250004, 68.79936523437505], [17.490039062500017, 68.87875976562498], [17.546289062499994, 69.00112304687505], [17.70458984375003, 69.10004882812504], [18.10146484375005, 69.15629882812505], [18.117480468750017, 69.18120117187505], [18.075390625000068, 69.23261718749995], [18.078710937500034, 69.32524414062499], [18.1875, 69.43310546875003], [18.259765625000057, 69.47060546875002], [18.29316406250001, 69.47509765624997], [18.378710937500045, 69.43984374999997], [18.482617187500068, 69.36484374999998], [18.64550781250003, 69.321875], [18.858984375, 69.314453125], [18.91591796875005, 69.33559570312497], [18.75, 69.37841796875], [18.624414062499994, 69.434375], [18.61445312500001, 69.490576171875], [18.674023437500068, 69.52036132812503], [18.76660156250003, 69.51704101562498], [18.882812500000057, 69.52333984375002], [18.991113281250023, 69.5611328125], [19.00683593750003, 69.58769531249999], [19.011328125000034, 69.62373046874995], [19.038378906250045, 69.66040039062497], [19.197265625, 69.74785156250002], [19.68701171875003, 69.80473632812507], [19.722460937500074, 69.78164062499997], [19.69599609375001, 69.612939453125], [19.639746093750006, 69.50380859375005], [19.64150390625008, 69.42402343749995], [19.736816406250057, 69.50380859375005], [19.86464843750008, 69.72211914062501], [19.960546875000063, 69.82460937500002], [20.068945312500034, 69.88344726562502], [20.146386718749994, 69.89672851562497], [20.22304687500008, 69.92719726562495], [20.32421875, 69.94531250000003], [20.35517578125001, 69.92192382812505], [20.38720703125003, 69.86762695312501], [20.33271484375004, 69.67695312499995], [20.33818359374999, 69.61665039062504], [20.27714843749999, 69.53583984374998], [20.04375, 69.35566406249998], [20.054492187500017, 69.332666015625], [20.107226562500017, 69.34121093750005], [20.19765625000005, 69.37094726562498], [20.48671875000005, 69.54208984375003], [20.73945312500004, 69.52050781249997], [20.74257812500005, 69.534521484375], [20.66152343750005, 69.584716796875], [20.5625, 69.63281250000003], [20.53271484375003, 69.69233398437498], [20.545996093750063, 69.85107421875], [20.62207031250003, 69.913916015625], [20.84033203124997, 69.90732421875], [20.97109375000008, 69.916015625], [21.03212890625008, 69.88745117187503], [21.1630859375, 69.889501953125], [21.25371093749999, 70.00322265624999], [21.432910156250017, 70.01318359375], [21.59023437500008, 69.93803710937505], [21.779589843750017, 69.88745117187503], [21.931738281250034, 69.81469726562506], [21.974707031250063, 69.8345703125], [21.89257812500003, 70.00424804687503], [21.80273437500003, 70.06606445312502], [21.607812500000023, 70.09819335937499], [21.40039062500003, 70.174462890625], [21.346289062500034, 70.20825195312503], [21.355761718750017, 70.2333984375], [21.538769531250068, 70.25766601562506], [21.78027343749997, 70.2298828125], [21.99550781250005, 70.29335937500005], [22.05439453125004, 70.27597656250006], [22.21943359375001, 70.30917968749998], [22.32197265625004, 70.26450195312503], [22.38476562500003, 70.27773437499997], [22.421191406250074, 70.33759765625001], [22.6845703125, 70.37475585937503], [22.851660156250034, 70.34047851562497], [22.941210937500074, 70.30498046875002], [22.982812500000023, 70.23676757812498], [23.046484375, 70.10185546875002], [23.17695312500004, 70.02905273437503], [23.257910156250006, 69.99331054687502], [23.353906250000023, 69.98339843750006], [23.400195312500045, 70.019775390625], [23.31025390625001, 70.06357421875003], [23.28603515625005, 70.104833984375], [23.32910156250003, 70.20722656249998], [23.37939453124997, 70.24746093750002], [23.661230468750034, 70.39975585937506], [23.89716796875004, 70.47875976562497], [24.03847656250005, 70.4853515625], [24.285546875000023, 70.66240234374999], [24.355566406250006, 70.69458007812497], [24.420019531250063, 70.70200195312498], [24.403515624999983, 70.74531250000001], [24.268164062500034, 70.772705078125], [24.263476562500074, 70.826318359375], [24.44179687500005, 70.89155273437495], [24.658007812500045, 71.00102539062507], [24.764746093750034, 71.00844726562497], [24.831640625, 70.97802734375], [25.042187499999983, 70.92861328124997], [25.171191406250074, 70.87202148437498], [25.2646484375, 70.84350585937503], [25.32539062500004, 70.84941406249999], [25.375585937500063, 70.89194335937503], [25.4359375, 70.91186523437503], [25.56982421875, 70.90068359375005], [25.649707031250045, 70.87333984374999], [25.7119140625, 70.86972656250006], [25.768164062500006, 70.85317382812497], [25.78144531250004, 70.81679687500002], [25.665625, 70.77714843750002], [25.46826171875003, 70.67197265625], [25.273535156250034, 70.55239257812497], [25.209277343750017, 70.48940429687502], [25.14638671875008, 70.32402343749999], [24.994238281249977, 70.21821289062501], [24.982714843750045, 70.14399414062498], [25.04384765625005, 70.10903320312497], [25.21181640625008, 70.13647460937497], [25.41884765625008, 70.235498046875], [25.470507812500017, 70.34057617187497], [25.988085937500045, 70.62539062500002], [26.230859375000023, 70.78261718749997], [26.506933593750063, 70.91279296875004], [26.661328125000068, 70.93974609375002], [26.733984375000034, 70.85356445312505], [26.67548828125001, 70.74096679687503], [26.558203125000034, 70.66914062499995], [26.644628906250034, 70.63623046875], [26.628125, 70.55087890625], [26.601171874999977, 70.50346679687505], [26.58398437500003, 70.45380859374995], [26.585058593749977, 70.410009765625], [26.666113281250063, 70.42167968749999], [26.989355468750006, 70.51137695312497], [27.0712890625, 70.60844726562502], [27.147265625000045, 70.68120117187502], [27.183691406250006, 70.74404296875002], [27.309375, 70.80356445312498], [27.546484375, 70.80400390624999], [27.55566406250003, 70.82739257812503], [27.26904296874997, 70.910009765625], [27.235253906250023, 70.94721679687504], [27.331640625000034, 70.996728515625], [27.597070312500023, 71.09130859374997], [27.733496093750006, 71.08085937499999], [27.815039062500006, 71.059375], [28.141699218750034, 71.04301757812502], [28.39228515625001, 70.97529296874998], [28.382714843750023, 70.86943359374999], [28.32685546875001, 70.82519531250003], [28.271875, 70.79794921875], [27.95097656249999, 70.71757812500005], [27.898046875000034, 70.67792968749995], [27.998828125000074, 70.66425781250001], [28.215625, 70.70434570312503], [28.271777343750074, 70.66796874999997], [28.202734375000034, 70.576904296875], [28.191015625000034, 70.44018554687503], [28.16601562500003, 70.36040039062502], [28.16601562500003, 70.28764648437505], [28.19296875, 70.24858398437499], [28.280078125000074, 70.40341796875], [28.309863281250017, 70.44306640624998], [28.437304687500045, 70.50136718749997], [28.484765625000023, 70.618798828125], [28.609375, 70.75966796875002], [28.749804687500017, 70.84150390624998], [28.83154296874997, 70.86396484375004], [29.102343750000074, 70.8607421875], [29.218554687500017, 70.82993164062503], [29.321093750000074, 70.76147460937503], [29.39765625000004, 70.73413085937506], [29.6390625, 70.70502929687498], [29.721972656250017, 70.6685546875], [29.7375, 70.64682617187503], [29.796484375, 70.64252929687495], [29.959375, 70.69438476562505], [30.06513671875004, 70.702978515625], [30.237695312499994, 70.62216796874998], [30.20302734375005, 70.56230468750005], [30.213183593750074, 70.54331054687498], [30.422070312500097, 70.54716796875007], [30.595898437500097, 70.52368164062497], [30.926367187500063, 70.40112304687497], [30.96064453125004, 70.34384765625003], [30.944140625000074, 70.2744140625], [30.46894531250004, 70.19785156250003], [30.262988281250017, 70.12470703124998], [29.925878906250006, 70.09648437499999], [28.781152343750023, 70.14541015625002], [28.804296875000034, 70.092529296875], [29.601367187500074, 69.97675781250004], [29.646875, 69.94370117187503], [29.621386718750017, 69.87407226562507], [29.62099609375005, 69.81821289062506], [29.635937500000097, 69.78012695312503], [29.694628906250017, 69.74458007812498], [29.792089843750006, 69.72788085937503], [29.990332031250063, 69.73666992187506], [30.08828125000005, 69.71757812499999], [30.155175781249994, 69.74594726562498], [30.18007812499999, 69.84116210937503], [30.237597656250074, 69.86220703124997], [30.348828125000097, 69.8345703125], [30.397265625000017, 69.73281249999997], [30.428320312500063, 69.72226562500006], [30.484375, 69.79487304687501], [30.594531250000074, 69.7896484375], [30.714453125000063, 69.79570312499999], [30.869726562500006, 69.783447265625], [30.924121093750074, 69.6517578125], [30.922460937500006, 69.60581054687503], [30.89667968750004, 69.56123046875001], [30.86074218750005, 69.53842773437498], [30.788867187500017, 69.52851562500001], [30.61542968750004, 69.53256835937503], [30.379687500000074, 69.584716796875], [30.22753906249997, 69.63378906249997], [30.18017578125003, 69.63583984375003], [30.159765625000063, 69.62988281249997], [30.19648437500004, 69.58056640625006], [30.18671875000004, 69.54277343749999], [30.16376953125004, 69.50161132812505], [30.13183593750003, 69.46425781249997], [30.087304687499994, 69.43286132812497], [29.99404296875005, 69.39248046875002], [29.83271484375004, 69.36044921875006], [29.388281250000063, 69.29814453125007], [29.35302734374997, 69.27060546875006], [29.20996093749997, 69.09702148437503], [29.1708984375, 69.071533203125], [29.118554687499994, 69.04995117187505], [28.96582031249997, 69.02197265625003]]], [[[5.08583984375008, 60.307568359374955], [5.089062500000011, 60.18876953124999], [4.99697265625008, 60.19775390625006], [4.95556640625, 60.24331054687502], [4.94355468750004, 60.27241210937498], [4.95078125, 60.34116210937506], [4.930078125000051, 60.41206054687501], [4.957226562500068, 60.447265625], [4.990625, 60.452050781249994], [5.050195312499994, 60.38896484375002], [5.08583984375008, 60.307568359374955]]], [[[4.958691406250011, 61.08457031249998], [4.8701171875, 61.071923828124966], [4.799023437499983, 61.082714843749955], [4.824414062500011, 61.17822265625006], [4.861621093750045, 61.19384765625003], [4.91542968750008, 61.199365234374994], [4.973242187500034, 61.148242187500074], [4.958691406250011, 61.08457031249998]]], [[[8.102734375000068, 63.33759765624998], [8.004687500000074, 63.3369140625], [7.88828125, 63.352343750000045], [7.815332031250051, 63.385058593750045], [7.804003906250045, 63.41391601562498], [7.93837890625008, 63.449804687500006], [8.073535156250074, 63.470800781250006], [8.136132812500051, 63.43134765624998], [8.140917968750045, 63.36640624999998], [8.102734375000068, 63.33759765624998]]], [[[8.470800781250006, 63.66713867187505], [8.356152343750011, 63.66479492187503], [8.287109375000057, 63.68715820312505], [8.451269531250034, 63.731835937499994], [8.708886718750023, 63.77431640625002], [8.733398437500028, 63.80131835937502], [8.7646484375, 63.80463867187498], [8.809179687500034, 63.77143554687498], [8.814843750000023, 63.72597656250005], [8.786523437500023, 63.70346679687498], [8.470800781250006, 63.66713867187505]]], [[[11.231445312500028, 64.86586914062502], [11.179003906250017, 64.83803710937502], [11.0625, 64.86040039062505], [10.832519531250028, 64.843115234375], [10.739843750000063, 64.87031250000004], [10.813476562500057, 64.92324218749997], [11.020996093750057, 64.97871093750001], [11.132617187500045, 64.976171875], [11.246191406250006, 64.90791015624995], [11.231445312500028, 64.86586914062502]]], [[[11.967968750000068, 65.62651367187499], [11.90185546875, 65.59570312500003], [11.778320312500057, 65.60454101562505], [11.765136718750057, 65.63095703125], [11.800390625000034, 65.68388671875005], [11.875390625000023, 65.705908203125], [11.972363281250068, 65.7015625], [12.003222656250045, 65.67944335937503], [11.967968750000068, 65.62651367187499]]], [[[12.509570312500017, 65.90195312499998], [12.429492187500045, 65.899072265625], [12.43017578125, 65.93994140624997], [12.476074218750028, 65.97709960937502], [12.548828125, 66.00190429687498], [12.642382812500074, 66.00854492187503], [12.747070312499972, 66.01137695312497], [12.778808593750057, 65.99169921875006], [12.718652343750051, 65.96386718749997], [12.509570312500017, 65.90195312499998]]], [[[12.419921875000028, 66.04326171874999], [12.327343750000011, 66.03662109375006], [12.342773437500028, 66.08076171874998], [12.417675781250011, 66.12265625], [12.446386718750006, 66.15131835937498], [12.461328125000023, 66.18500976562498], [12.527441406250006, 66.21054687500003], [12.620800781250011, 66.17792968749998], [12.622656250000034, 66.12246093750005], [12.576367187500011, 66.07192382812497], [12.419921875000028, 66.04326171874999]]], [[[12.971777343750034, 67.87412109375003], [12.824023437500017, 67.82124023437501], [12.8779296875, 67.91777343750005], [12.957714843750011, 68.01547851562506], [13.068066406250011, 68.07133789062507], [13.122851562500074, 68.04941406250003], [13.097753906250006, 68.00268554687503], [13.098242187500034, 67.95644531250002], [13.074609375000023, 67.9345703125], [12.971777343750034, 67.87412109375003]]], [[[13.872851562500017, 68.26533203124998], [13.93232421875004, 68.24824218749995], [14.087695312500074, 68.25322265624999], [14.11884765625004, 68.24682617187503], [14.096777343750063, 68.21860351562503], [14.029296875, 68.18754882812502], [13.8876953125, 68.16850585937505], [13.824023437500017, 68.12109375], [13.778417968750034, 68.10498046875], [13.656152343749994, 68.10478515625005], [13.583984375000057, 68.09384765625003], [13.495214843749977, 68.05166015624997], [13.42421875, 68.082763671875], [13.404394531250063, 68.06069335937502], [13.39150390625008, 68.02124023437497], [13.352050781250057, 68.00966796875002], [13.229394531250023, 67.99536132812503], [13.199511718750045, 68.08725585937503], [13.255957031250006, 68.12060546874997], [13.300195312500051, 68.16044921875002], [13.367968749999989, 68.16655273437502], [13.428710937500028, 68.16323242187505], [13.53798828125008, 68.24902343750003], [13.68769531250004, 68.27338867187501], [13.784082031250051, 68.27612304687503], [13.872851562500017, 68.26533203124998]]], [[[15.207128906250063, 68.94311523437503], [15.337207031249989, 68.84243164062505], [15.396582031250006, 68.78359375000005], [15.348437500000074, 68.67241210937505], [15.22207031250008, 68.61630859374998], [15.02705078125004, 68.60634765625], [14.890234375000063, 68.61098632812497], [14.804003906250074, 68.63798828125005], [14.793261718750017, 68.66826171874999], [14.743457031250017, 68.67719726562495], [14.612109375000074, 68.63833007812502], [14.520800781250017, 68.63305664062503], [14.40468750000008, 68.66323242187502], [14.373437500000023, 68.71142578125], [14.496679687500006, 68.771875], [14.553710937499972, 68.81884765625003], [14.690429687500028, 68.81469726562497], [14.724609374999972, 68.80009765625002], [14.801855468750006, 68.79096679687504], [14.848828125000068, 68.84755859375002], [14.837988281249977, 68.88666992187498], [14.872363281250074, 68.91386718750002], [15.0375, 68.89428710937503], [15.037792968750011, 69.00053710937502], [15.101855468750017, 69.00800781250001], [15.128125, 69.00395507812499], [15.175585937500017, 68.98154296875003], [15.207128906250063, 68.94311523437503]]], [[[15.760351562500063, 68.56123046874995], [15.772363281250023, 68.55419921875003], [15.908593750000051, 68.65048828125], [16.0595703125, 68.680517578125], [16.068945312500034, 68.714013671875], [16.127441406250057, 68.74643554687503], [16.12080078125004, 68.79936523437505], [16.150585937500068, 68.84238281250003], [16.22753906250003, 68.85375976562503], [16.27558593750004, 68.868310546875], [16.328906250000074, 68.876318359375], [16.42519531250005, 68.84155273437503], [16.47968750000004, 68.80292968749998], [16.54736328124997, 68.71655273437497], [16.51923828125001, 68.63300781250001], [16.337988281250034, 68.56787109374997], [16.193945312500006, 68.53847656250002], [16.048437500000034, 68.46367187500005], [15.97529296875004, 68.40249023437502], [15.9125, 68.3892578125], [15.87275390625004, 68.39423828125004], [15.837402343750028, 68.40903320312503], [15.763671875000028, 68.40908203125005], [15.682519531249994, 68.35600585937507], [15.4375, 68.31284179687498], [15.341406250000063, 68.32529296875003], [15.337011718750034, 68.37822265625005], [15.2796875, 68.37382812500005], [15.187890625000051, 68.310400390625], [15.098046875000023, 68.28920898437505], [15.037695312500006, 68.28271484375006], [14.926855468750063, 68.30659179687504], [14.628906250000028, 68.19848632812503], [14.349511718750051, 68.17827148437499], [14.25751953125004, 68.19077148437498], [14.25722656250008, 68.25693359375003], [14.437792968750074, 68.34155273437506], [14.585839843750051, 68.40034179687504], [15.0953125, 68.44140625000006], [15.41259765625, 68.61582031250006], [15.489257812500057, 68.80532226562502], [15.564257812500074, 68.87373046875001], [15.529003906249983, 68.91240234374999], [15.443652343750017, 68.91918945312506], [15.438476562500028, 68.97856445312507], [15.483007812500034, 69.04345703125006], [15.649511718750034, 69.132568359375], [15.741992187500045, 69.1705078125], [15.892675781250006, 69.27788085937502], [15.965332031250057, 69.30205078125007], [16.04804687500004, 69.30205078125007], [16.129492187500034, 69.27392578125003], [16.114843750000063, 69.21640625000003], [15.992675781250028, 69.11264648437503], [15.81171875000004, 69.02421875000005], [15.833789062499989, 68.96074218749999], [15.905859375000034, 68.90849609374999], [15.923535156250068, 68.819189453125], [15.927929687499983, 68.73320312499999], [15.790722656250011, 68.61704101562503], [15.760351562500063, 68.56123046874995]]], [[[17.503027343749977, 69.59624023437505], [17.62324218750004, 69.53906250000003], [17.677343750000063, 69.55654296875005], [17.783691406250057, 69.56303710937502], [17.86279296875, 69.54296875000003], [17.92744140625004, 69.50664062499999], [18.00410156250001, 69.50498046875], [18.052246093750057, 69.45751953125003], [18.076757812499977, 69.39575195312497], [18.02109375, 69.34960937499997], [17.942089843749983, 69.32871093749998], [17.920703125000074, 69.27431640625], [17.950683593750057, 69.19814453125002], [17.773535156250034, 69.17202148437505], [17.568164062500017, 69.16040039062497], [17.487890625, 69.19682617187502], [17.323632812500023, 69.13002929687502], [17.160937500000017, 69.02592773437502], [17.08251953125003, 69.01367187500003], [17.07705078125008, 69.04663085937497], [16.960156250000068, 69.06938476562499], [16.810449218750023, 69.070703125], [16.815429687500057, 69.0951171875], [16.842578125000074, 69.11235351562505], [16.971777343750034, 69.13789062500001], [16.99755859375003, 69.190625], [16.974121093750057, 69.28471679687499], [16.996875, 69.33037109375005], [17.001757812500017, 69.3619140625], [17.08300781250003, 69.39882812499997], [17.360839843750057, 69.381494140625], [17.39453125, 69.41669921874998], [17.37343750000005, 69.43886718750005], [17.229882812500023, 69.47768554687497], [17.251953125, 69.50380859375005], [17.355566406250063, 69.52714843749999], [17.453613281250057, 69.53017578125], [17.48310546875001, 69.56967773437506], [17.48818359375008, 69.58686523437501], [17.503027343749977, 69.59624023437505]]], [[[29.956152343750006, 69.79677734375005], [29.766210937500063, 69.76752929687504], [29.744238281250006, 69.79160156250006], [29.785937500000074, 69.82905273437495], [29.83583984375005, 69.90556640624999], [29.91396484375005, 69.90244140624998], [29.992968750000074, 69.87324218749998], [30.05517578124997, 69.83837890625], [29.956152343750006, 69.79677734375005]]], [[[20.77919921875005, 70.08974609375005], [20.725292968749983, 70.06650390625], [20.64257812500003, 70.05703125000005], [20.59804687499999, 70.07143554687505], [20.534667968750057, 70.080908203125], [20.464257812500023, 70.07656250000002], [20.405078125000045, 70.119140625], [20.411718750000063, 70.15488281249998], [20.492773437500063, 70.20332031250001], [20.654882812500034, 70.23085937500002], [20.786035156250023, 70.21953125000002], [20.819433593749977, 70.20546875], [20.77919921875005, 70.08974609375005]]], [[[19.255078125000068, 70.06640625], [19.34375, 70.011962890625], [19.422265625000023, 70.0171875], [19.445898437500034, 70.03774414062502], [19.49951171875003, 70.04790039062505], [19.60781250000005, 70.01914062500003], [19.59228515625, 69.97016601562501], [19.44238281250003, 69.90839843749995], [19.334765625000045, 69.82026367187504], [19.197070312500045, 69.79980468750003], [19.130859375000057, 69.81044921875], [19.00781250000003, 69.75957031250002], [18.90917968750003, 69.706689453125], [18.806933593750074, 69.63984374999995], [18.800683593750023, 69.60537109375005], [18.784765624999977, 69.57900390625], [18.410253906250063, 69.55283203125], [18.27412109375004, 69.535498046875], [18.129882812500057, 69.55786132812503], [18.0615234375, 69.60209960937499], [18.08349609375003, 69.626123046875], [18.22744140625005, 69.6357421875], [18.23203125, 69.67675781250003], [18.26845703125005, 69.70180664062497], [18.315039062500034, 69.715478515625], [18.34931640625001, 69.76787109375002], [18.40625, 69.78154296875005], [18.51240234375001, 69.76865234375], [18.58398437500003, 69.80659179687501], [18.624316406250074, 69.81303710937507], [18.674023437500068, 69.78164062499997], [18.697949218750068, 69.824853515625], [18.674023437500068, 69.86430664062505], [18.686523437500057, 69.89091796875005], [18.823828125000034, 69.96010742187502], [18.88320312500005, 70.01054687499999], [18.96865234375005, 70.04301757812502], [19.05097656250004, 70.03784179687503], [19.07490234375004, 70.08569335937503], [19.05097656250004, 70.13466796875005], [19.06005859375003, 70.16660156249998], [19.13271484375008, 70.24414062499997], [19.212695312500045, 70.24746093750002], [19.24941406250005, 70.178564453125], [19.255078125000068, 70.06640625]]], [[[19.76748046875008, 70.21669921874997], [19.818359375000057, 70.20498046875], [19.86865234375, 70.21225585937503], [19.910449218750074, 70.20190429687497], [19.994140625, 70.149267578125], [20.084277343750045, 70.12856445312505], [20.088476562500034, 70.10205078124997], [20.005957031250006, 70.07622070312505], [19.897265625000045, 70.06845703125006], [19.780859375000063, 70.07744140625002], [19.746679687500034, 70.110498046875], [19.710839843749994, 70.16533203124999], [19.613476562500068, 70.219091796875], [19.59902343750005, 70.26616210937502], [19.68378906250001, 70.27358398437502], [19.76748046875008, 70.21669921874997]]], [[[23.615332031250006, 70.54931640624997], [23.633984375000068, 70.50253906250003], [23.64101562500008, 70.46396484374998], [23.547753906249994, 70.40815429687498], [23.33281249999999, 70.3349609375], [23.345117187500023, 70.31528320312498], [23.27070312500004, 70.29648437499998], [23.159179687500057, 70.2826171875], [23.100292968750068, 70.29609374999998], [23.10839843750003, 70.35883789062498], [23.090625, 70.37763671874998], [23.005957031250034, 70.35278320312497], [22.917871093750023, 70.38466796875], [22.91777343749999, 70.41674804687506], [22.941015625000034, 70.44458007812503], [23.0224609375, 70.48691406250003], [23.158398437499983, 70.51606445312504], [23.248046875000057, 70.50512695312503], [23.546679687500045, 70.61708984375], [23.578906250000045, 70.59365234375002], [23.615332031250006, 70.54931640624997]]], [[[24.017578125000057, 70.5673828125], [23.8271484375, 70.52749023437497], [23.716601562500017, 70.56186523437503], [23.670117187500068, 70.59707031250002], [23.66328125000001, 70.67524414062495], [23.68916015625004, 70.72280273437497], [23.778417968750006, 70.74736328124999], [23.836523437500034, 70.72939453124997], [23.85205078125, 70.71435546875003], [23.95644531250005, 70.69960937500002], [24.07832031250001, 70.65058593749998], [24.017578125000057, 70.5673828125]]], [[[23.440527343750006, 70.81577148437498], [23.4208984375, 70.784423828125], [23.38710937500005, 70.75390625], [23.305175781250057, 70.7216796875], [23.068164062500074, 70.59409179687503], [22.92890625000004, 70.57353515625002], [22.88476562500003, 70.55351562500002], [22.829101562500057, 70.54155273437499], [22.656054687500045, 70.55903320312498], [22.605371093750023, 70.53315429687495], [22.55751953125005, 70.515869140625], [22.432226562500034, 70.50917968749997], [22.358691406250045, 70.51479492187505], [22.16875, 70.562109375], [22.055761718750063, 70.61333007812505], [21.994531250000023, 70.65712890625], [22.170019531250063, 70.65629882812499], [22.23261718750004, 70.66689453125002], [22.35029296875004, 70.65766601562501], [22.420996093750034, 70.70258789062501], [22.57070312500008, 70.69716796874997], [22.85810546875001, 70.72841796875005], [22.96357421875001, 70.71098632812505], [23.2046875, 70.81547851562502], [23.280175781250023, 70.812744140625], [23.395605468750006, 70.84257812500002], [23.440527343750006, 70.81577148437498]]], [[[25.58632812499999, 71.14208984375003], [25.853515625, 71.10385742187506], [25.945019531250068, 71.10463867187502], [26.07763671875, 71.03315429687495], [26.146875, 71.03950195312501], [26.13378906249997, 70.99580078124998], [25.99970703125001, 70.97509765625003], [25.791308593750017, 70.9625], [25.76015625000005, 70.95380859374995], [25.58203125, 70.96079101562503], [25.482031250000063, 71.01958007812502], [25.314941406250057, 71.03413085937498], [25.315234375000017, 71.052978515625], [25.423437500000034, 71.09741210937497], [25.58632812499999, 71.14208984375003]]], [[[-8.953564453124926, 70.83916015625005], [-9.045800781249994, 70.83266601562497], [-9.098876953124972, 70.85488281250005], [-8.96464843749996, 70.91591796875005], [-8.52080078124996, 71.03066406249997], [-8.343701171874955, 71.14013671874997], [-8.001367187500023, 71.17768554687498], [-7.97880859374996, 71.11689453124995], [-8.002099609374994, 71.041259765625], [-8.302343749999949, 70.98115234375001], [-8.635351562499949, 70.94042968749997], [-8.953564453124926, 70.83916015625005]]], [[[19.219335937500063, 74.39101562499997], [19.09853515625005, 74.35214843750003], [18.917578125000034, 74.41064453125006], [18.797460937500006, 74.48569335937498], [18.861230468750023, 74.51416015625], [19.182910156250017, 74.51791992187506], [19.261523437500045, 74.47895507812504], [19.274707031250045, 74.45673828125004], [19.219335937500063, 74.39101562499997]]], [[[21.608105468749983, 78.595703125], [21.74560546875003, 78.57202148437497], [22.043164062500068, 78.57695312500002], [22.207324218750045, 78.40766601562498], [22.299511718750068, 78.22817382812502], [22.449316406250034, 78.21523437500005], [22.734570312500068, 78.23994140625001], [22.988867187500006, 78.25195312499997], [23.119238281250006, 78.238623046875], [23.351660156250006, 78.186279296875], [23.451953125000017, 78.14946289062505], [23.36464843750008, 78.12050781250002], [23.151953125, 78.08808593749998], [23.11669921875003, 77.99150390625002], [23.33056640624997, 77.957861328125], [23.68398437500005, 77.87543945312501], [23.88300781250001, 77.86474609375006], [24.23828125, 77.89853515625], [24.57148437500001, 77.83442382812498], [24.90185546875, 77.75659179687503], [24.129785156249994, 77.65825195312499], [24.061914062500023, 77.63061523437503], [23.954980468749994, 77.55771484375003], [23.841210937500023, 77.49775390624998], [23.736132812500017, 77.46235351562495], [23.505175781250017, 77.40141601562507], [23.38085937500003, 77.38032226562504], [23.101367187500017, 77.38505859375002], [22.996679687500006, 77.36079101562495], [22.899511718750006, 77.311376953125], [22.8017578125, 77.27578125000005], [22.5537109375, 77.26665039062505], [22.42695312500001, 77.31591796875006], [22.468847656250034, 77.33110351562505], [22.48662109374999, 77.360107421875], [22.442480468750063, 77.429345703125], [22.67890625000001, 77.50014648437502], [22.73261718750001, 77.53935546875002], [22.685351562500074, 77.55351562500005], [22.620312500000068, 77.54960937500005], [22.4482421875, 77.571142578125], [22.397265625000017, 77.57011718750007], [22.254589843750068, 77.52885742187502], [22.05683593750001, 77.50117187499995], [21.856152343750068, 77.49414062500003], [21.049902343750034, 77.44096679687505], [20.928125, 77.45966796875004], [20.873144531250006, 77.56533203124997], [21.201074218750023, 77.619482421875], [21.25146484375, 77.71093749999997], [21.33417968750004, 77.77177734375002], [21.43085937500004, 77.81210937499998], [21.608398437500057, 77.91606445312502], [21.653125, 77.92353515625004], [21.21044921874997, 78.00576171875], [21.035449218750045, 78.05917968750003], [20.84492187500004, 78.165869140625], [20.786425781250017, 78.25214843750001], [20.5283203125, 78.32558593750005], [20.56025390625004, 78.41938476562498], [20.37275390625004, 78.41201171875], [20.227929687500023, 78.47783203125007], [20.362695312500023, 78.51479492187505], [21.046875, 78.55673828124998], [21.45478515625001, 78.59755859375002], [21.608105468749983, 78.595703125]]], [[[26.8759765625, 78.64892578125003], [26.7294921875, 78.64648437500006], [26.459570312500006, 78.72026367187499], [26.40771484375, 78.784326171875], [26.45576171875001, 78.81049804687498], [26.5859375, 78.81147460937501], [26.78876953125001, 78.72397460937503], [27.007617187500017, 78.69750976562497], [26.8759765625, 78.64892578125003]]], [[[11.250292968750045, 78.61069335937503], [11.261718749999972, 78.54169921875001], [11.424218750000051, 78.548583984375], [11.616308593750006, 78.47509765625006], [11.825683593750028, 78.43608398437499], [11.884863281250006, 78.40932617187497], [11.929394531250011, 78.37490234374997], [12.05615234375, 78.30561523437498], [12.116406250000011, 78.23256835937502], [11.965039062500011, 78.22485351562506], [11.756542968750068, 78.32900390625002], [11.586523437500063, 78.38823242187502], [11.37246093750008, 78.43876953125002], [11.199218750000028, 78.44125976562498], [11.121289062500068, 78.46328125000002], [10.840625, 78.64472656249995], [10.788867187500017, 78.68652343750003], [10.62841796875, 78.75385742187498], [10.557617187500057, 78.8375], [10.558203125, 78.90292968749998], [10.772851562500051, 78.8875], [10.960839843750051, 78.84638671875001], [11.123925781250051, 78.75336914062498], [11.152929687500034, 78.72446289062503], [11.078222656249977, 78.68603515625003], [11.154980468749983, 78.64057617187501], [11.250292968750045, 78.61069335937503]]], [[[29.04707031250001, 78.91206054687498], [29.34541015625004, 78.90576171875003], [29.645117187500006, 78.92163085937497], [29.696679687499994, 78.90473632812501], [29.31054687499997, 78.85209960937502], [28.881152343750045, 78.88007812500004], [28.49453125000005, 78.88720703124997], [28.037890625000017, 78.82871093750006], [27.88906250000008, 78.85214843750003], [28.12099609375008, 78.90844726562506], [28.37402343750003, 78.92705078125002], [28.414746093750068, 78.96142578125], [28.51113281250008, 78.96733398437505], [28.84521484375, 78.97084960937497], [29.04707031250001, 78.91206054687498]]], [[[16.786718750000063, 79.90673828125003], [16.838476562500034, 79.90478515625], [16.888964843750017, 79.91542968750002], [16.925585937500017, 79.94345703125006], [16.96640625, 79.95893554687501], [17.21943359375004, 79.94077148437503], [17.578222656250034, 79.88466796874997], [17.684765625000068, 79.85703125000003], [17.834570312500034, 79.80004882812506], [17.956152343750006, 79.704248046875], [17.859765625000023, 79.635009765625], [17.73261718750004, 79.56953124999998], [17.6875, 79.533349609375], [17.733984375000063, 79.48134765624997], [17.71503906250001, 79.43076171875006], [17.66875, 79.38593749999998], [17.86103515625001, 79.43706054687499], [18.272070312499977, 79.6005859375], [18.333300781250017, 79.61069335937503], [18.397363281250023, 79.60517578124995], [18.58144531250005, 79.57158203125005], [18.74843750000005, 79.48818359375002], [18.785253906250006, 79.460595703125], [18.815234375000074, 79.42666015625002], [18.832421875000023, 79.384765625], [18.82294921875004, 79.33666992187497], [18.807421875000074, 79.30317382812498], [18.720019531250017, 79.28149414062503], [18.677832031250063, 79.26171874999997], [18.772265625000017, 79.26025390625003], [18.88007812500004, 79.23427734375], [18.97900390625003, 79.17915039062504], [19.089453125000063, 79.15703125000007], [19.490234375, 79.17568359375005], [19.75087890625008, 79.14682617187503], [19.8935546875, 79.05620117187505], [20.11376953125003, 79.07670898437505], [20.114453125000068, 79.125], [20.162695312500034, 79.14565429687497], [20.45820312500004, 79.129248046875], [20.611035156250068, 79.10664062500001], [20.7671875, 79.05913085937502], [20.500683593750068, 78.98139648437498], [20.720312500000034, 78.90668945312495], [21.089648437500074, 78.85263671875003], [21.31220703125001, 78.79584960937501], [21.352539062500057, 78.77202148437505], [21.388769531250063, 78.74042968750001], [21.243945312500045, 78.69941406250001], [21.096289062500006, 78.67626953125], [20.724804687500068, 78.67231445312498], [20.38701171874999, 78.64326171875001], [19.76875, 78.622705078125], [19.6767578125, 78.60957031249998], [19.654980468749983, 78.59785156250001], [19.618554687500023, 78.56215820312502], [19.380664062500074, 78.47978515625002], [19.150488281250063, 78.37939453125], [19.05566406250003, 78.31894531250003], [18.983789062500023, 78.234228515625], [18.957617187500034, 78.18247070312503], [19.00869140625005, 78.13227539062501], [18.99511718750003, 78.08149414062498], [18.822070312500045, 78.04169921875004], [18.71230468750005, 78.04008789062507], [18.57460937500008, 78.047998046875], [18.439257812500017, 78.02504882812502], [18.430664062500057, 77.990576171875], [18.43867187500001, 77.942041015625], [18.40400390625004, 77.7939453125], [18.361914062500006, 77.682275390625], [18.29873046875008, 77.57856445312501], [18.22792968750005, 77.52260742187497], [18.137402343749983, 77.50703125000001], [17.84707031250008, 77.49677734374995], [17.623339843750074, 77.39936523437501], [17.442480468750006, 77.22524414062497], [17.348632812500057, 77.156884765625], [17.152539062499983, 77.04892578125], [17.18789062500008, 77.01064453125002], [17.24902343750003, 76.96918945312504], [17.14199218750005, 76.894921875], [16.976660156250034, 76.81162109374998], [16.97988281250008, 76.77939453125], [17.03554687500005, 76.72036132812505], [17.062695312500068, 76.65898437500007], [16.935156250000034, 76.60615234374995], [16.70048828124999, 76.57929687500001], [16.46191406249997, 76.60932617187498], [16.345800781250034, 76.64477539062503], [16.238085937500045, 76.70151367187503], [16.123828125000017, 76.73852539062503], [16.004492187500063, 76.76074218750003], [15.546777343750051, 76.88642578124995], [15.12421875000004, 77.08510742187502], [14.738476562500068, 77.16235351562503], [14.486914062500063, 77.19902343750005], [14.365820312499977, 77.23447265624998], [14.247558593750057, 77.28212890625002], [14.145312500000017, 77.33559570312497], [14.050390625000034, 77.40322265625], [14.004199218750045, 77.44521484375002], [13.995703124999977, 77.50820312499997], [14.02607421875004, 77.54516601562503], [14.071289062500028, 77.564111328125], [14.377636718749983, 77.57963867187505], [14.487792968750057, 77.57084960937505], [14.596289062500034, 77.53793945312498], [14.695019531249983, 77.52504882812502], [14.92080078125008, 77.688818359375], [16.20595703125005, 77.78247070312497], [16.61914062500003, 77.798681640625], [17.033300781250034, 77.79770507812498], [16.96875, 77.84194335937502], [16.9140625, 77.89799804687507], [16.85292968750005, 77.91157226562498], [16.539648437500006, 77.880224609375], [16.06005859375, 77.84711914062501], [15.826367187500011, 77.8470703125], [15.585351562500023, 77.86914062500006], [15.344824218750034, 77.85698242187507], [15.096875, 77.80903320312498], [14.846875, 77.778662109375], [14.60390625000008, 77.766455078125], [14.089941406250006, 77.77138671875002], [13.9625, 77.79624023437503], [13.791113281250063, 77.85380859375005], [13.749609375000034, 77.88330078125], [13.714160156250017, 77.91943359375], [13.680566406249994, 78.028125], [13.717675781250023, 78.0576171875], [13.770117187500034, 78.074609375], [13.824023437500017, 78.08500976562507], [13.936914062499994, 78.085546875], [14.047753906250023, 78.06684570312501], [14.307226562500034, 78.00507812500004], [14.248144531250006, 78.07138671875003], [14.994726562500034, 78.15122070312506], [15.341406250000063, 78.22094726562506], [15.51943359375008, 78.23271484375005], [15.698046875000045, 78.22758789062507], [15.658691406250028, 78.26469726562499], [15.65712890625008, 78.29902343749995], [15.78388671875004, 78.32705078125], [15.875390625000051, 78.33911132812506], [16.15029296875008, 78.352880859375], [16.776953125000034, 78.35043945312506], [17.002929687500057, 78.369384765625], [17.171972656250034, 78.41713867187505], [16.991796875, 78.40048828125003], [16.81123046875001, 78.39726562499999], [16.72656249999997, 78.40717773437498], [16.53535156250001, 78.44887695312502], [16.448632812500023, 78.503564453125], [16.696582031250017, 78.61289062500006], [16.782617187500023, 78.66362304687499], [16.53046875000001, 78.65629882812502], [16.4462890625, 78.63852539062503], [16.157519531250045, 78.53813476562502], [15.944042968749983, 78.49301757812506], [15.680664062499972, 78.471337890625], [15.41738281250008, 78.47324218750003], [15.359960937500006, 78.487548828125], [15.279394531250034, 78.55410156249997], [15.254199218750045, 78.58906249999998], [15.264941406250017, 78.60830078125], [15.34833984375004, 78.66313476562507], [15.391601562500057, 78.72119140625], [15.384179687500051, 78.77119140624998], [15.322753906249972, 78.78120117187495], [15.225292968750011, 78.73232421875005], [15.137304687500034, 78.66425781250004], [15.016308593749983, 78.630126953125], [14.89179687500004, 78.63945312500005], [14.838671875000045, 78.66557617187505], [14.792382812500023, 78.70556640625], [14.743554687500023, 78.72094726562503], [14.689257812500074, 78.72094726562503], [14.577636718750057, 78.70498046875], [14.467187500000023, 78.675390625], [14.505273437500051, 78.630517578125], [14.515429687499989, 78.58056640625003], [14.467773437500057, 78.54091796875005], [14.431835937500011, 78.49248046875005], [14.545605468750011, 78.46196289062505], [14.638281250000063, 78.41459960937507], [14.499511718750057, 78.39238281250007], [14.36328125, 78.35991210937502], [14.238281250000028, 78.30986328125005], [14.110449218750006, 78.27089843750002], [13.90761718750008, 78.26674804687497], [13.65498046875004, 78.24516601562502], [13.150195312500045, 78.2375], [12.912792968749983, 78.30107421875002], [12.869531250000051, 78.33125], [12.822167968749994, 78.35146484375], [12.664648437500063, 78.38476562500003], [12.43476562500004, 78.48295898437505], [12.257910156250063, 78.59467773437498], [12.138281250000034, 78.60551757812505], [11.961718750000045, 78.64238281250002], [11.865527343750074, 78.67421875000002], [11.773828125000051, 78.71640625], [11.746289062500011, 78.76625976562502], [11.755175781250045, 78.81166992187505], [11.86103515625004, 78.83188476562498], [11.611035156250011, 78.882958984375], [11.365429687500068, 78.95039062499998], [11.456152343750063, 78.97299804687506], [11.54755859375004, 78.98295898437505], [12.274902343749972, 78.90449218750004], [12.323437500000011, 78.91425781249998], [12.403320312500028, 78.95322265625], [12.375, 78.96635742187502], [12.253125, 78.975341796875], [12.087304687500051, 78.97509765625003], [12.045800781250023, 78.983154296875], [11.981835937500051, 79.02529296875005], [11.92568359375008, 79.07724609375006], [11.901953125000034, 79.11186523437502], [11.892773437500011, 79.15234375], [12.016113281250028, 79.21308593750001], [12.083984375, 79.26752929687501], [11.978320312500045, 79.29267578124998], [11.679296875000063, 79.29116210937502], [11.57978515625004, 79.28349609375007], [11.61640625000004, 79.20527343750004], [11.521191406249983, 79.15126953125005], [11.338867187500057, 79.10913085937497], [11.208105468750063, 79.129638671875], [11.107226562500045, 79.23295898437499], [10.975390624999989, 79.30488281249998], [10.925781250000028, 79.35019531249998], [10.88808593750008, 79.41542968750002], [10.834375, 79.46284179687501], [10.737597656250045, 79.52016601562497], [10.725, 79.55551757812498], [10.737011718750011, 79.58164062500006], [10.81074218750004, 79.64091796875005], [10.75458984375004, 79.69033203125], [10.686230468750068, 79.73359375000001], [10.682128906250028, 79.75825195312498], [10.746386718750074, 79.78867187500003], [10.804003906250074, 79.79877929687498], [10.865917968749983, 79.79658203124998], [11.049609375000017, 79.76030273437505], [11.150390625000028, 79.71699218750001], [11.18525390625004, 79.720458984375], [11.250585937500034, 79.78486328124998], [11.343652343750051, 79.7994140625], [11.70234375000004, 79.82060546875007], [12.101757812500068, 79.73754882812503], [12.205175781249977, 79.719091796875], [12.28779296875004, 79.71313476562503], [12.245214843750063, 79.75], [12.21914062500008, 79.79790039062507], [12.27998046875004, 79.81596679687502], [12.602441406249994, 79.77324218750002], [12.753515625000063, 79.77578125], [13.107519531250063, 79.83173828125004], [13.692871093750028, 79.86098632812502], [13.914160156249977, 79.81694335937505], [13.925683593750023, 79.79340820312504], [13.921093750000068, 79.76171874999997], [13.907031250000045, 79.752197265625], [13.77753906250004, 79.71528320312501], [13.039257812500011, 79.68515625], [12.555371093750011, 79.56948242187497], [13.215136718750045, 79.58808593750004], [13.333789062500045, 79.5748046875], [13.383593750000074, 79.48076171875002], [13.431640625, 79.47089843749995], [13.601269531250011, 79.45722656250001], [13.71621093750008, 79.42915039062498], [13.833691406250011, 79.37568359375001], [13.957226562500068, 79.33964843750005], [14.029589843750045, 79.344140625], [14.055859375000068, 79.38310546875002], [14.026367187500028, 79.429296875], [14.011132812500023, 79.48193359375], [14.019824218750017, 79.538671875], [14.039843750000017, 79.58564453124998], [14.178417968750011, 79.61870117187505], [14.37978515625008, 79.72597656249997], [14.593652343750051, 79.79873046874997], [14.831835937500074, 79.76640625000005], [15.052343750000063, 79.67534179687505], [15.251269531250074, 79.54545898437505], [15.443945312500063, 79.40678710937505], [15.660156250000057, 79.23486328125003], [15.7640625, 79.17426757812501], [15.858496093750063, 79.15991210937503], [16.294531249999977, 78.9810546875], [16.34375, 78.97612304687507], [16.253515625000063, 79.11210937500005], [16.02753906250004, 79.34238281249998], [15.875097656250063, 79.51923828124995], [15.84072265625008, 79.58686523437495], [15.81611328125004, 79.68183593749995], [15.825781250000063, 79.70903320312499], [15.84511718750008, 79.73359375000001], [15.955761718750068, 79.835107421875], [16.100195312500006, 79.88442382812502], [16.05664062500003, 79.95395507812506], [16.093847656250034, 80.00732421875], [16.245703124999977, 80.04946289062497], [16.386621093749994, 80.05258789062498], [16.524023437500034, 80.02050781250003], [16.786718750000063, 79.90673828125003]]], [[[32.525976562500006, 80.11914062500006], [31.57763671874997, 80.0814453125], [31.48193359375003, 80.10791015624997], [33.019140625, 80.21796875000001], [33.09863281249997, 80.22871093749998], [33.3839843750001, 80.24233398437502], [33.62929687500005, 80.217431640625], [33.55664062500003, 80.19814453124997], [32.525976562500006, 80.11914062500006]]], [[[18.74160156250008, 80.30092773437505], [18.525, 80.24560546875006], [18.162207031249977, 80.28818359375003], [18.20556640625003, 80.33178710937503], [18.291699218750068, 80.35834960937501], [18.51933593749999, 80.34833984375001], [18.74160156250008, 80.30092773437505]]], [[[20.89785156250008, 80.24995117187495], [20.99843750000005, 80.23881835937502], [21.54921875000008, 80.24291992187503], [21.654882812500006, 80.21845703125004], [21.696679687499994, 80.15917968750003], [21.78066406250005, 80.13876953125006], [21.897753906250017, 80.13247070312502], [22.190234375000017, 80.05971679687502], [22.28974609375004, 80.04921875000002], [22.376367187500023, 80.08964843749999], [22.442675781250017, 80.19028320312498], [22.446191406250023, 80.30834960937506], [22.417871093750023, 80.36552734375007], [22.450781250000063, 80.40224609375], [22.548828125000057, 80.41645507812495], [22.67207031250004, 80.41264648437507], [22.792578125000063, 80.43300781250005], [22.896875, 80.468994140625], [23.008007812499983, 80.47397460937503], [23.251367187500023, 80.4466796875], [23.3154296875, 80.42524414062498], [23.250097656250034, 80.380859375], [23.22460937499997, 80.31762695312497], [23.114550781250017, 80.18696289062501], [23.35332031249999, 80.17885742187505], [23.687988281250057, 80.20654296875], [23.772949218750057, 80.24438476562497], [23.952929687500045, 80.30458984375], [24.142968750000023, 80.29516601562503], [24.23408203125001, 80.303125], [24.280175781249994, 80.32929687499995], [24.297558593749983, 80.36040039062499], [24.402636718750074, 80.35517578124998], [24.546679687500017, 80.29516601562503], [24.61367187500008, 80.28583984374998], [24.73632812500003, 80.30131835937505], [24.785937500000017, 80.30068359375], [24.907031250000074, 80.27666015624999], [25.471289062500006, 80.23310546874998], [25.66689453125008, 80.20976562500005], [25.75117187500001, 80.18803710937505], [25.83632812500005, 80.175146484375], [26.43671875000004, 80.17548828124998], [26.86083984375003, 80.16000976562503], [27.0171875, 80.12548828125], [27.14833984375008, 80.05922851562502], [27.198632812500023, 79.906591796875], [27.079882812500074, 79.86538085937505], [26.22109375, 79.67744140625004], [26.00585937500003, 79.61704101562498], [25.90205078125001, 79.561376953125], [25.726367187500017, 79.43974609375002], [25.641210937499977, 79.40302734374998], [25.239062500000045, 79.345068359375], [25.145117187500006, 79.33886718749997], [24.842871093750063, 79.36723632812499], [24.750585937500006, 79.36459960937498], [24.383398437500063, 79.30161132812503], [24.25683593750003, 79.26347656249999], [24.132910156250006, 79.21547851562497], [23.947753906250057, 79.19428710937501], [23.7587890625, 79.20561523437502], [22.90371093750005, 79.23066406249995], [22.789160156250006, 79.26435546874998], [22.69570312500005, 79.32905273437501], [22.865527343750017, 79.41186523437503], [21.911425781250045, 79.38105468749995], [20.861132812500045, 79.3978515625], [20.805566406249994, 79.40952148437498], [20.760839843750034, 79.44150390625], [20.399511718750063, 79.46337890625003], [20.128222656250045, 79.48959960937503], [19.900195312500045, 79.53378906249998], [19.674609375000074, 79.59116210937503], [19.746679687500034, 79.61796874999999], [19.821093750000074, 79.633642578125], [20.01484375000004, 79.640234375], [20.187109375000034, 79.63227539062498], [20.493457031250017, 79.63276367187498], [20.56484375000008, 79.69052734375003], [20.686816406250074, 79.70717773437497], [20.78408203125008, 79.74858398437505], [20.460742187500017, 79.77465820312503], [20.12343750000005, 79.77856445312503], [19.898632812500068, 79.74418945312505], [19.638085937500023, 79.72861328124998], [19.4, 79.7265625], [18.942089843750068, 79.73632812500003], [18.725, 79.76074218750003], [18.428027343750045, 79.82451171875007], [18.324707031250057, 79.85971679687503], [18.284765625, 79.887353515625], [18.255371093750057, 79.92919921875], [18.59462890625005, 79.96669921875], [18.726464843750023, 79.99624023437497], [18.85595703125, 80.03662109375003], [18.343847656250034, 80.0595703125], [18.129492187500063, 80.09340820312505], [17.916894531250023, 80.14311523437505], [18.089453125, 80.17114257812497], [18.77929687500003, 80.19350585937502], [18.96191406250003, 80.17480468750003], [19.14296875000005, 80.13867187500003], [19.343359375, 80.11640625000001], [19.537109375000057, 80.16323242187497], [19.35468750000001, 80.18540039062503], [19.191406250000057, 80.26323242187502], [19.15693359375004, 80.30185546875006], [19.178320312500063, 80.33154296874997], [19.263769531250063, 80.33598632812499], [19.327441406250045, 80.32309570312503], [19.568457031250034, 80.25], [19.751074218750034, 80.22719726562502], [19.802246093750057, 80.29472656250002], [19.810351562500017, 80.326806640625], [19.777148437500017, 80.35336914062498], [19.691308593750023, 80.40234375], [19.614355468750063, 80.46254882812502], [19.73330078125005, 80.47783203125002], [19.851171875, 80.47119140625], [20.104296875000045, 80.42998046875005], [20.359375, 80.40092773437499], [20.475878906250074, 80.37163085937507], [20.693457031250006, 80.29868164062503], [20.89785156250008, 80.24995117187495]]]]}}, {"type": "Feature", "properties": {"scalerank": 1, "featurecla": "Admin-0 country", "LABELRANK": 3.0, "SOVEREIGNT": "Poland", "SOV_A3": "POL", "ADM0_DIF": 0.0, "LEVEL": 2.0, "TYPE": "Sovereign country", "ADMIN": "Poland", "ADM0_A3": "POL", "GEOU_DIF": 0.0, "GEOUNIT": "Poland", "GU_A3": "POL", "SU_DIF": 0.0, "SUBUNIT": "Poland", "SU_A3": "POL", "BRK_DIFF": 0.0, "NAME": "Poland", "NAME_LONG": "Poland", "BRK_A3": "POL", "BRK_NAME": "Poland", "BRK_GROUP": null, "ABBREV": "Pol.", "POSTAL": "PL", "FORMAL_EN": "Republic of Poland", "FORMAL_FR": null, "NAME_CIAWF": "Poland", "NOTE_ADM0": null, "NOTE_BRK": null, "NAME_SORT": "Poland", "NAME_ALT": null, "MAPCOLOR7": 3.0, "MAPCOLOR8": 7.0, "MAPCOLOR9": 1.0, "MAPCOLOR13": 2.0, "POP_EST": 38476269.0, "POP_RANK": 15.0, "GDP_MD_EST": 1052000.0, "POP_YEAR": 2017.0, "LASTCENSUS": 2011.0, "GDP_YEAR": 2016.0, "ECONOMY": "2. Developed region: nonG7", "INCOME_GRP": "1. High income: OECD", "WIKIPEDIA": -99.0, "FIPS_10_": "PL", "ISO_A2": "PL", "ISO_A3": "POL", "ISO_A3_EH": "POL", "ISO_N3": "616", "UN_A3": "616", "WB_A2": "PL", "WB_A3": "POL", "WOE_ID": 23424923.0, "WOE_ID_EH": 23424923.0, "WOE_NOTE": "Exact WOE match as country", "ADM0_A3_IS": "POL", "ADM0_A3_US": "POL", "ADM0_A3_UN": -99.0, "ADM0_A3_WB": -99.0, "CONTINENT": "Europe", "REGION_UN": "Europe", "SUBREGION": "Eastern Europe", "REGION_WB": "Europe & Central Asia", "NAME_LEN": 6.0, "LONG_LEN": 6.0, "ABBREV_LEN": 4.0, "TINY": -99.0, "HOMEPART": 1.0, "MIN_ZOOM": 0.0, "MIN_LABEL": 3.0, "MAX_LABEL": 7.0}, "geometry": {"type": "Polygon", "coordinates": [[[23.484667968750017, 53.939794921875034], [23.598925781250017, 53.59921875], [23.78925781250001, 53.270947265625], [23.859179687500017, 53.112109375], [23.887109375000023, 53.0275390625], [23.909375, 52.9048828125], [23.916308593750017, 52.81875], [23.915429687500023, 52.770263671875], [23.901269531250023, 52.70361328125], [23.8447265625, 52.664208984375], [23.479589843750006, 52.5515625], [23.410937500000017, 52.5162109375], [23.303320312500006, 52.428369140625], [23.2041015625, 52.337890625], [23.18125, 52.306982421875], [23.175097656250017, 52.28662109375], [23.19697265625001, 52.25693359375], [23.3271484375, 52.208447265625], [23.458398437500023, 52.16953125], [23.50117187500001, 52.140380859375], [23.597949218750017, 52.103076171874996], [23.63330078125, 52.069580078125], [23.652441406250006, 52.040380859375], [23.65107421875001, 51.972998046875], [23.607421875, 51.87978515625], [23.62568359375001, 51.809326171875], [23.581347656250017, 51.76240234375], [23.544824218750023, 51.710253906249996], [23.539648437500006, 51.618896484375], [23.605273437500017, 51.517919921875], [23.65888671875001, 51.448974609375], [23.6796875, 51.39492187499999], [23.657617187500023, 51.352490234375], [23.664453125000023, 51.31005859375], [23.712207031250017, 51.26513671875], [23.86347656250001, 51.126220703125], [23.938085937500006, 50.992529296875], [23.985742187500023, 50.9404296875], [24.095800781250006, 50.87275390625], [24.105761718750017, 50.844970703125], [24.061621093750006, 50.81953125], [24.025976562500006, 50.816162109375], [23.9970703125, 50.809375], [23.978417968750023, 50.785595703125], [24.00732421875, 50.76015625], [24.046289062500023, 50.722802734374994], [24.0947265625, 50.617041015625], [24.089941406250006, 50.53046875], [24.052636718750023, 50.508447265624994], [24.004980468750006, 50.45703125], [23.97265625, 50.410058593749994], [23.711718750000017, 50.37734375], [23.649023437500006, 50.327050781249994], [23.506152343750017, 50.229833984375], [23.408593750000023, 50.17392578125], [23.264453125000017, 50.0728515625], [23.03632812500001, 49.899072265624994], [22.952246093750006, 49.8263671875], [22.890722656250006, 49.766259765624994], [22.706152343750006, 49.606201171875], [22.6494140625, 49.539013671875], [22.66064453125, 49.483691406249996], [22.71992187500001, 49.353808593749996], [22.732421875, 49.295166015625], [22.721972656250017, 49.240966796875], [22.70234375000001, 49.192724609375], [22.705664062500006, 49.171191406249996], [22.760156250000023, 49.13623046875], [22.847070312500023, 49.08125], [22.85205078125, 49.062744140625], [22.839746093750023, 49.038916015625], [22.80976562500001, 49.020751953125], [22.701269531250006, 49.039941406249994], [22.579980468750023, 49.077197265624996], [22.538671875, 49.072705078125], [22.473046875000023, 49.081298828125], [22.202539062500023, 49.153222656249994], [22.020117187500006, 49.209521484374996], [22.00214843750001, 49.24609375], [21.967675781250023, 49.299072265625], [21.89013671875, 49.34345703125], [21.71210937500001, 49.38193359375], [21.6396484375, 49.411962890625], [21.350488281250023, 49.428759765624996], [21.225, 49.429443359375], [21.136132812500023, 49.417041015624996], [21.079394531250017, 49.418261718749996], [21.00117187500001, 49.33984375], [20.947265625, 49.31708984375], [20.868457031250017, 49.314697265625], [20.79951171875001, 49.328662109374996], [20.72900390625, 49.369921875], [20.616113281250023, 49.39169921875], [20.534570312500023, 49.381201171875], [20.474511718750023, 49.390185546874996], [20.422656250000017, 49.392333984375], [20.404687500000023, 49.384082031249996], [20.36298828125001, 49.38525390625], [20.302539062500017, 49.365527343749996], [20.23652343750001, 49.337646484375], [20.163671875, 49.31640625], [20.10761718750001, 49.270751953125], [20.0576171875, 49.181298828124994], [19.916113281250006, 49.22138671875], [19.868945312500017, 49.204003906249994], [19.80224609375, 49.192333984375], [19.756640625000017, 49.204394531249996], [19.767382812500017, 49.235205078125], [19.787988281250023, 49.269970703125], [19.787011718750023, 49.3185546875], [19.77392578125, 49.37216796875], [19.730078125, 49.389599609375], [19.664160156250006, 49.396044921874996], [19.630273437500023, 49.40664062499999], [19.62666015625001, 49.424365234374996], [19.593066406250017, 49.447119140625], [19.534765625, 49.504785156249994], [19.47968750000001, 49.5763671875], [19.44160156250001, 49.597705078124996], [19.38623046875, 49.563623046874994], [19.30234375, 49.524853515625], [19.25019531250001, 49.51142578125], [19.1494140625, 49.4], [18.968359375, 49.396240234375], [18.95722656250001, 49.448291015624996], [18.93818359375001, 49.498291015625], [18.83222656250001, 49.510791015624996], [18.82929687500001, 49.54013671875], [18.806933593750017, 49.613720703125], [18.594628906250023, 49.7578125], [18.56884765625, 49.817919921874996], [18.5771484375, 49.841113281249996], [18.562402343750023, 49.879345703125], [18.516210937500006, 49.902392578124996], [18.348437500000017, 49.929833984374994], [18.305273437500006, 49.9140625], [18.26630859375001, 49.9302734375], [18.20527343750001, 49.964746093749994], [18.09921875, 49.9927734375], [18.087695312500017, 50.007275390625], [18.04951171875001, 50.03193359375], [18.0283203125, 50.03525390625], [18.0146484375, 50.020263671875], [17.983789062500023, 49.999072265624996], [17.874804687500017, 49.972265625], [17.83125, 49.983300781249994], [17.79169921875001, 50.006591796875], [17.74658203125, 50.056787109374994], [17.681054687500023, 50.10078125], [17.627050781250006, 50.11640625], [17.596289062500006, 50.139501953125], [17.58935546875, 50.157470703125], [17.709277343750017, 50.1935546875], [17.735449218750006, 50.230761718749996], [17.720117187500023, 50.298632812499996], [17.702246093750006, 50.307177734374996], [17.654687500000023, 50.284228515624996], [17.554589843750023, 50.2640625], [17.462304687500023, 50.254785156249994], [17.41523437500001, 50.254785156249994], [17.151953125, 50.378320312499994], [16.980761718750017, 50.41611328125], [16.88007812500001, 50.427050781249996], [16.869140625, 50.414501953125], [16.91474609375001, 50.34521484375], [16.99335937500001, 50.259716796875], [16.989648437500023, 50.2369140625], [16.895312500000017, 50.201953125], [16.841796875, 50.18671875], [16.778613281250017, 50.15703125], [16.72529296875001, 50.116064453125], [16.679101562500023, 50.097460937499996], [16.63916015625, 50.1021484375], [16.5966796875, 50.121923828125], [16.487597656250017, 50.248388671875], [16.350488281250023, 50.34521484375], [16.33417968750001, 50.36689453125], [16.291308593750017, 50.371875], [16.230761718750017, 50.394091796874996], [16.210351562500023, 50.423730468749994], [16.24072265625, 50.4546875], [16.282519531250017, 50.4830078125], [16.35664062500001, 50.50048828125], [16.37910156250001, 50.516894531249996], [16.39228515625001, 50.541650390624994], [16.419726562500017, 50.573632812499994], [16.4125, 50.58515625], [16.359960937500006, 50.621386718749996], [16.2822265625, 50.655615234375], [16.06640625, 50.629931640624996], [16.007226562500023, 50.611621093749996], [15.973828125000011, 50.63544921875], [15.948535156250017, 50.670263671875], [15.893945312500023, 50.676904296874994], [15.819238281250023, 50.70869140625], [15.730566406250006, 50.739697265625], [15.643945312500023, 50.748876953125], [15.463964843750006, 50.793847656249994], [15.394628906250006, 50.796289062499994], [15.354394531250023, 50.811767578125], [15.312597656250006, 50.845751953124996], [15.277050781250011, 50.8830078125], [15.258593750000017, 50.958544921874996], [15.1259765625, 50.99287109375], [14.99375, 51.01435546875], [14.984472656250006, 51.00341796875], [14.989941406250011, 50.92724609375], [14.98291015625, 50.886572265625], [14.895800781250017, 50.861376953124996], [14.809375, 50.858984375], [14.814257812500017, 50.871630859374996], [14.91748046875, 51.008740234375], [14.9638671875, 51.095117187499994], [15.0166015625, 51.252734375], [14.953125, 51.3771484375], [14.935546875, 51.435351562499996], [14.905957031250011, 51.463330078125], [14.724707031250006, 51.523876953125], [14.7109375, 51.544921875], [14.73867187499999, 51.62714843749998], [14.724902343750017, 51.66171875], [14.681347656250011, 51.698193359375], [14.623925781250023, 51.770800781249996], [14.601660156250006, 51.832373046875], [14.674902343750006, 51.904833984374996], [14.69296875, 51.9580078125], [14.724804687500011, 52.030859375], [14.748144531250006, 52.07080078125], [14.752539062499977, 52.08183593749996], [14.70458984375, 52.110205078125], [14.6923828125, 52.150048828125], [14.705371093750017, 52.207470703125], [14.679882812500011, 52.25], [14.615625, 52.277636718749996], [14.573925781250011, 52.31416015625], [14.554589843750023, 52.359667968749996], [14.569726562500023, 52.431103515625], [14.619433593750017, 52.528515625], [14.514062500000023, 52.64560546875], [14.253710937500017, 52.782519531249996], [14.128613281250011, 52.878222656249996], [14.138867187500011, 52.932861328125], [14.193652343750017, 52.98232421875], [14.293164062500011, 53.0267578125], [14.368554687500023, 53.10556640624998], [14.410937500000017, 53.199023437499996], [14.412304687500011, 53.216748046875], [14.41455078125, 53.283496093749996], [14.298730468750023, 53.556445312499996], [14.279882812500006, 53.624755859375], [14.26611328125, 53.70712890625], [14.258886718750006, 53.729638671875], [14.487597656250017, 53.671875], [14.58349609375, 53.63935546875], [14.571582031250017, 53.67587890625], [14.552148437500023, 53.707324218749996], [14.56494140625, 53.753515625], [14.558398437500017, 53.823193359375], [14.350878906250017, 53.858740234375], [14.213671875000017, 53.870751953125], [14.1982421875, 53.91904296875], [14.21142578125, 53.950341796875], [14.249316406250017, 53.931933593749996], [14.384179687500023, 53.92470703125], [14.715722656250023, 54.018310546875], [15.288378906250017, 54.139892578125], [15.9, 54.253955078124996], [16.042773437500017, 54.266357421875], [16.186328125000017, 54.290380859375], [16.239355468750006, 54.333056640624996], [16.292285156250017, 54.361621093749996], [16.375585937500006, 54.436865234375], [16.55976562500001, 54.55380859375], [16.88544921875001, 54.59638671875], [17.00703125000001, 54.65185546875], [17.26191406250001, 54.729541015624996], [17.84296875000001, 54.816699218749996], [18.08564453125001, 54.83583984375], [18.32343750000001, 54.838183593749996], [18.53515625, 54.76943359375], [18.75927734375, 54.6845703125], [18.799609375000017, 54.633349609374996], [18.678320312500006, 54.665283203125], [18.5015625, 54.741503906249996], [18.43623046875001, 54.7447265625], [18.58710937500001, 54.512890625], [18.66962890625001, 54.430908203125], [18.83642578125, 54.369580078125], [18.97626953125001, 54.348925781249996], [19.407128906250023, 54.386083984375], [19.56015625, 54.434619140624996], [19.604394531250023, 54.4591796875], [19.64423828125001, 54.44707031249999], [19.92431640625, 54.433984375], [20.20820312500001, 54.420751953125], [20.66474609375001, 54.406640625], [21.140527343750023, 54.39179687500001], [21.634179687500023, 54.37646484375], [22.16845703125, 54.35986328125], [22.731835937500023, 54.35009765625], [22.766210937500006, 54.356787109375], [22.82373046875, 54.395800781249996], [22.893945312500023, 54.39052734375002], [22.97675781250001, 54.366357421874994], [23.015527343750023, 54.348339843749955], [23.03193359375001, 54.327880859375], [23.04218750000001, 54.30419921875], [23.0875, 54.299462890625], [23.170312500000023, 54.28144531250001], [23.282324218750006, 54.24033203124998], [23.3701171875, 54.200488281249996], [23.45361328125, 54.14345703125], [23.481347656250023, 54.07900390625], [23.483007812500006, 54.00595703125], [23.477636718750006, 53.958935546875], [23.484667968750017, 53.939794921875034]]]}}, {"type": "Feature", "properties": {"scalerank": 1, "featurecla": "Admin-0 country", "LABELRANK": 2.0, "SOVEREIGNT": "Portugal", "SOV_A3": "PRT", "ADM0_DIF": 0.0, "LEVEL": 2.0, "TYPE": "Sovereign country", "ADMIN": "Portugal", "ADM0_A3": "PRT", "GEOU_DIF": 0.0, "GEOUNIT": "Portugal", "GU_A3": "PRT", "SU_DIF": 1.0, "SUBUNIT": "Portugal", "SU_A3": "PR1", "BRK_DIFF": 0.0, "NAME": "Portugal", "NAME_LONG": "Portugal", "BRK_A3": "PR1", "BRK_NAME": "Portugal", "BRK_GROUP": null, "ABBREV": "Port.", "POSTAL": "P", "FORMAL_EN": "Portuguese Republic", "FORMAL_FR": null, "NAME_CIAWF": "Portugal", "NOTE_ADM0": null, "NOTE_BRK": null, "NAME_SORT": "Portugal", "NAME_ALT": null, "MAPCOLOR7": 1.0, "MAPCOLOR8": 7.0, "MAPCOLOR9": 1.0, "MAPCOLOR13": 4.0, "POP_EST": 10839514.0, "POP_RANK": 14.0, "GDP_MD_EST": 297100.0, "POP_YEAR": 2017.0, "LASTCENSUS": 2011.0, "GDP_YEAR": 2016.0, "ECONOMY": "2. Developed region: nonG7", "INCOME_GRP": "1. High income: OECD", "WIKIPEDIA": -99.0, "FIPS_10_": "PO", "ISO_A2": "PT", "ISO_A3": "PRT", "ISO_A3_EH": "PRT", "ISO_N3": "620", "UN_A3": "620", "WB_A2": "PT", "WB_A3": "PRT", "WOE_ID": 23424925.0, "WOE_ID_EH": 23424925.0, "WOE_NOTE": "Exact WOE match as country", "ADM0_A3_IS": "PRT", "ADM0_A3_US": "PRT", "ADM0_A3_UN": -99.0, "ADM0_A3_WB": -99.0, "CONTINENT": "Europe", "REGION_UN": "Europe", "SUBREGION": "Southern Europe", "REGION_WB": "Europe & Central Asia", "NAME_LEN": 8.0, "LONG_LEN": 8.0, "ABBREV_LEN": 5.0, "TINY": -99.0, "HOMEPART": 1.0, "MIN_ZOOM": 0.0, "MIN_LABEL": 3.0, "MAX_LABEL": 8.0}, "geometry": {"type": "MultiPolygon", "coordinates": [[[[-8.77714843749996, 41.94106445312502], [-8.682958984374949, 42.00849609374998], [-8.58964843749996, 42.05273437500003], [-8.538085937499943, 42.06933593750003], [-8.322558593749989, 42.115087890625034], [-8.266064453124926, 42.137402343749955], [-8.213085937499983, 42.133691406249994], [-8.204199218749949, 42.11186523437499], [-8.173583984375028, 42.069384765625045], [-8.139306640624966, 42.039941406249994], [-8.12998046874992, 42.018164062500006], [-8.213330078124955, 41.927099609375006], [-8.224755859374966, 41.895849609375034], [-8.18125, 41.83696289062502], [-8.173535156249926, 41.81997070312502], [-8.152490234374994, 41.81196289062501], [-8.094433593749955, 41.814208984375], [-7.990966796874943, 41.85190429687506], [-7.920849609374955, 41.883642578125034], [-7.896386718749937, 41.87055664062504], [-7.693066406250011, 41.88847656249996], [-7.644677734374994, 41.87397460937501], [-7.61259765624996, 41.85795898437496], [-7.512597656249994, 41.83598632812502], [-7.403613281250017, 41.83369140624998], [-7.268554687499943, 41.86440429687502], [-7.209619140624994, 41.895263671875], [-7.19833984374992, 41.92939453125004], [-7.195361328124932, 41.955224609374966], [-7.177929687499955, 41.97167968750003], [-7.147119140624966, 41.98115234375001], [-7.099121093749972, 41.964208984375006], [-7.030468749999926, 41.95063476562501], [-6.865527343749989, 41.94526367187498], [-6.833203124999983, 41.96416015625002], [-6.777294921874955, 41.95849609375], [-6.703613281249943, 41.93457031250003], [-6.618261718749977, 41.9423828125], [-6.575341796874937, 41.9130859375], [-6.557519531249937, 41.87412109375006], [-6.55258789062492, 41.78955078125006], [-6.558984374999966, 41.704052734374955], [-6.542187499999926, 41.67250976562502], [-6.484667968749932, 41.664404296875034], [-6.391699218750006, 41.66538085937498], [-6.308056640624926, 41.64218750000006], [-6.243115234374926, 41.601806640625], [-6.2216796875, 41.560449218749994], [-6.2125, 41.53203124999999], [-6.244335937499983, 41.51591796874999], [-6.289355468749932, 41.45502929687501], [-6.403125, 41.375390624999966], [-6.565917968749972, 41.30371093750003], [-6.690136718749955, 41.21450195312505], [-6.77578125, 41.10771484374996], [-6.882812499999943, 41.062402343749966], [-6.915527343749943, 41.03803710937498], [-6.928466796875028, 41.009130859375034], [-6.857714843749989, 40.87832031250005], [-6.835888671874983, 40.77749023437502], [-6.818359374999972, 40.654052734375], [-6.829833984375, 40.61909179687498], [-6.835693359374943, 40.483154296875], [-6.85205078125, 40.44326171875005], [-6.84794921874996, 40.410986328125034], [-6.821777343749943, 40.37626953124999], [-6.810156249999977, 40.34311523437498], [-6.858886718749972, 40.300732421874955], [-6.948437500000011, 40.251611328124994], [-7.014697265624989, 40.20834960937506], [-7.032617187499994, 40.16791992187498], [-7.02783203125, 40.14262695312499], [-6.916406249999966, 40.05683593750001], [-6.89609375, 40.02182617187498], [-6.91118164062496, 39.937109375000034], [-6.975390624999989, 39.79838867187502], [-7.036718749999949, 39.71396484375006], [-7.047412109374989, 39.70556640625003], [-7.117675781250028, 39.68168945312496], [-7.4541015625, 39.68066406250003], [-7.535693359374989, 39.661572265624955], [-7.52421875, 39.64472656249998], [-7.445117187499932, 39.53618164062499], [-7.362695312499937, 39.47832031250002], [-7.335449218749972, 39.46513671874999], [-7.305761718749977, 39.33813476562506], [-7.172412109374989, 39.13520507812501], [-7.042968749999972, 39.107080078124966], [-6.997949218749966, 39.056445312500045], [-7.00625, 38.98525390625002], [-7.046044921874994, 38.90703124999999], [-7.12548828125, 38.82695312500002], [-7.219921874999983, 38.77050781250006], [-7.281542968750017, 38.71455078125001], [-7.286376953125, 38.64936523437498], [-7.305957031250017, 38.566845703124955], [-7.335791015624949, 38.50146484375006], [-7.343017578125, 38.45742187500005], [-7.106396484374926, 38.181005859375034], [-6.974804687499955, 38.194433593750034], [-6.957568359374989, 38.18789062500002], [-6.981103515624994, 38.121972656249994], [-7.022851562499966, 38.04472656249999], [-7.072509765624972, 38.030029296875], [-7.185449218749966, 38.00634765624997], [-7.292236328124972, 37.90644531249998], [-7.378906249999943, 37.78637695312503], [-7.443945312499949, 37.728271484375], [-7.50351562499992, 37.585498046875045], [-7.496044921874926, 37.52358398437505], [-7.4671875, 37.42802734375002], [-7.406152343749994, 37.179443359375], [-7.493603515624955, 37.16831054687506], [-7.834130859374966, 37.00571289062506], [-7.939697265624972, 37.00541992187499], [-8.136767578124989, 37.07705078125002], [-8.484326171874983, 37.10004882812501], [-8.59765625, 37.12133789062497], [-8.739111328124949, 37.074609374999966], [-8.848437499999932, 37.07568359375], [-8.93535156249996, 37.01601562500002], [-8.997802734374972, 37.03227539062496], [-8.926269531249972, 37.166064453125045], [-8.814160156249955, 37.430810546874966], [-8.818554687499955, 37.59243164062502], [-8.791845703124949, 37.73281250000002], [-8.82265625, 37.871875], [-8.878955078124932, 37.958691406249955], [-8.802246093750028, 38.183837890625], [-8.810937500000023, 38.29975585937498], [-8.881103515625, 38.446679687499994], [-8.668310546875006, 38.42431640625006], [-8.733984374999977, 38.48242187499997], [-8.79887695312496, 38.51816406249998], [-8.861621093749932, 38.50996093750001], [-8.914794921874943, 38.51210937499999], [-9.095996093749989, 38.45522460937505], [-9.186718749999926, 38.43818359375004], [-9.21328125, 38.448095703125006], [-9.203369140624943, 38.53896484375005], [-9.250390625000023, 38.65673828124997], [-9.177832031249977, 38.68779296874999], [-9.093310546874989, 38.69667968750002], [-9.021484375, 38.746875], [-8.97705078125, 38.80292968750001], [-9.00048828125, 38.903027343749955], [-8.938085937499977, 38.99809570312496], [-8.791601562499977, 39.07817382812502], [-8.867480468749989, 39.06596679687502], [-8.954296874999983, 39.01606445312498], [-9.091015624999955, 38.83466796874998], [-9.135791015624932, 38.742773437500006], [-9.252294921874949, 38.71279296875002], [-9.356738281250017, 38.697900390624994], [-9.41020507812496, 38.70751953125], [-9.474121093749943, 38.730859374999966], [-9.479736328125028, 38.798779296874955], [-9.474755859374966, 38.852929687499966], [-9.43144531249996, 38.96044921875003], [-9.414355468749932, 39.11210937500002], [-9.352832031250017, 39.248144531250006], [-9.357226562499932, 39.284277343750006], [-9.374755859374943, 39.33828125], [-9.319628906249989, 39.39111328125], [-9.251416015624955, 39.42602539062503], [-9.148291015625006, 39.54257812500006], [-9.004052734374994, 39.82055664062503], [-8.837841796874983, 40.11567382812501], [-8.851318359374972, 40.15180664062501], [-8.886621093749966, 40.17944335937503], [-8.872656249999977, 40.25908203125002], [-8.772412109374983, 40.60566406250001], [-8.731591796875023, 40.65092773437499], [-8.684619140624932, 40.752539062500006], [-8.673974609374994, 40.91650390625], [-8.655566406249989, 41.02949218750001], [-8.659814453124966, 41.086279296875034], [-8.67460937499996, 41.15449218749998], [-8.738378906249977, 41.28466796875006], [-8.8056640625, 41.56000976562501], [-8.810839843749989, 41.651953125], [-8.755419921874989, 41.69838867187505], [-8.846386718749955, 41.705175781250006], [-8.887597656249994, 41.76459960937504], [-8.87822265624996, 41.83208007812502], [-8.77714843749996, 41.94106445312502]]], [[[-17.190869140624983, 32.86860351562501], [-17.05449218749999, 32.81586914062501], [-16.929199218749943, 32.84140625000006], [-16.77397460937496, 32.773535156250006], [-16.693261718749937, 32.75800781250004], [-16.765283203124966, 32.70971679687506], [-16.83740234375, 32.64829101562498], [-17.018261718749983, 32.66279296875001], [-17.17119140624996, 32.721875], [-17.226025390624926, 32.76684570312497], [-17.24101562499996, 32.80737304687506], [-17.190869140624983, 32.86860351562501]]], [[[-25.02734374999997, 36.95996093749997], [-25.031542968749932, 36.94155273437505], [-25.08837890624997, 36.94887695312502], [-25.15991210937497, 36.94335937500006], [-25.198388671874994, 36.996533203124955], [-25.163525390624926, 37.0185546875], [-25.082910156250023, 37.02402343750006], [-25.044335937499966, 37.00019531249998], [-25.02734374999997, 36.95996093749997]]], [[[-25.64897460937496, 37.840917968750034], [-25.58549804687499, 37.83403320312496], [-25.266601562499943, 37.8486328125], [-25.181933593749932, 37.83789062500003], [-25.19072265624996, 37.76435546874998], [-25.251123046874994, 37.73500976562505], [-25.43901367187499, 37.71533203125003], [-25.734472656249977, 37.76289062500004], [-25.833691406249926, 37.82607421875002], [-25.847851562499983, 37.87241210937506], [-25.845898437499926, 37.89404296875003], [-25.78374023437496, 37.91113281250003], [-25.64897460937496, 37.840917968750034]]], [[[-28.147265625000017, 38.45268554687496], [-28.064794921874977, 38.412744140624994], [-28.18974609374996, 38.404150390625034], [-28.231152343749955, 38.384667968749966], [-28.332421874999966, 38.41289062500002], [-28.454492187499966, 38.408642578124955], [-28.531152343749966, 38.46254882812502], [-28.548828125, 38.51855468749997], [-28.51025390624997, 38.55302734374999], [-28.40214843749996, 38.55336914062505], [-28.147265625000017, 38.45268554687496]]], [[[-28.641308593749926, 38.525], [-28.743847656249955, 38.52236328125005], [-28.84204101562497, 38.59843749999999], [-28.69775390624997, 38.63847656249999], [-28.655419921874966, 38.61406249999999], [-28.62421875000001, 38.58632812500002], [-28.605810546874977, 38.550732421874955], [-28.641308593749926, 38.525]]], [[[-27.778466796875023, 38.55561523437498], [-27.825878906249983, 38.543554687500006], [-28.092333984375017, 38.62055664062498], [-28.18725585937497, 38.655371093750034], [-28.310644531249977, 38.74389648437506], [-27.96264648437497, 38.63632812499998], [-27.778466796875023, 38.55561523437498]]], [[[-27.075244140625017, 38.64345703125002], [-27.0953125, 38.63403320312506], [-27.302832031250006, 38.66103515625005], [-27.361914062499977, 38.697851562500006], [-27.385937499999983, 38.76582031249998], [-27.351025390624983, 38.788964843749994], [-27.259667968750023, 38.80268554687504], [-27.12700195312499, 38.78984374999999], [-27.041943359374983, 38.74121093750003], [-27.04199218749997, 38.678906249999955], [-27.075244140625017, 38.64345703125002]]], [[[-31.13710937499999, 39.40693359375004], [-31.181347656249955, 39.35893554687502], [-31.25761718749996, 39.37597656250003], [-31.28295898437497, 39.39409179687499], [-31.260839843749977, 39.496777343749955], [-31.199853515624994, 39.52084960937498], [-31.138623046874955, 39.47944335937498], [-31.13710937499999, 39.40693359375004]]]]}}, {"type": "Feature", "properties": {"scalerank": 1, "featurecla": "Admin-0 country", "LABELRANK": 3.0, "SOVEREIGNT": "Romania", "SOV_A3": "ROU", "ADM0_DIF": 0.0, "LEVEL": 2.0, "TYPE": "Sovereign country", "ADMIN": "Romania", "ADM0_A3": "ROU", "GEOU_DIF": 0.0, "GEOUNIT": "Romania", "GU_A3": "ROU", "SU_DIF": 0.0, "SUBUNIT": "Romania", "SU_A3": "ROU", "BRK_DIFF": 0.0, "NAME": "Romania", "NAME_LONG": "Romania", "BRK_A3": "ROU", "BRK_NAME": "Romania", "BRK_GROUP": null, "ABBREV": "Rom.", "POSTAL": "RO", "FORMAL_EN": "Romania", "FORMAL_FR": null, "NAME_CIAWF": "Romania", "NOTE_ADM0": null, "NOTE_BRK": null, "NAME_SORT": "Romania", "NAME_ALT": null, "MAPCOLOR7": 1.0, "MAPCOLOR8": 4.0, "MAPCOLOR9": 3.0, "MAPCOLOR13": 13.0, "POP_EST": 21529967.0, "POP_RANK": 15.0, "GDP_MD_EST": 441000.0, "POP_YEAR": 2017.0, "LASTCENSUS": 2011.0, "GDP_YEAR": 2016.0, "ECONOMY": "2. Developed region: nonG7", "INCOME_GRP": "3. Upper middle income", "WIKIPEDIA": -99.0, "FIPS_10_": "RO", "ISO_A2": "RO", "ISO_A3": "ROU", "ISO_A3_EH": "ROU", "ISO_N3": "642", "UN_A3": "642", "WB_A2": "RO", "WB_A3": "ROM", "WOE_ID": 23424933.0, "WOE_ID_EH": 23424933.0, "WOE_NOTE": "Exact WOE match as country", "ADM0_A3_IS": "ROU", "ADM0_A3_US": "ROU", "ADM0_A3_UN": -99.0, "ADM0_A3_WB": -99.0, "CONTINENT": "Europe", "REGION_UN": "Europe", "SUBREGION": "Eastern Europe", "REGION_WB": "Europe & Central Asia", "NAME_LEN": 7.0, "LONG_LEN": 7.0, "ABBREV_LEN": 4.0, "TINY": -99.0, "HOMEPART": 1.0, "MIN_ZOOM": 0.0, "MIN_LABEL": 3.0, "MAX_LABEL": 8.0}, "geometry": {"type": "Polygon", "coordinates": [[[28.585351562500023, 43.742236328124996], [28.4234375, 43.740478515625], [28.37519531250001, 43.744775390624994], [28.221972656250017, 43.772851562499994], [28.05, 43.822412109374994], [27.94892578125001, 43.918603515624994], [27.88427734375, 43.987353515624996], [27.738574218750017, 43.956298828125], [27.710742187500017, 43.964599609375], [27.6708984375, 43.997802734375], [27.56103515625, 44.020068359374996], [27.425390625, 44.0205078125], [27.120703125, 44.146142578124994], [27.0869140625, 44.167382812499994], [26.847753906250006, 44.14619140625], [26.4892578125, 44.083984375], [26.2158203125, 44.007275390625], [25.933398437500017, 43.870556640625], [25.81884765625, 43.766845703125], [25.686132812500006, 43.711767578125], [25.4970703125, 43.670800781249994], [25.15966796875, 43.686328125], [24.808203125, 43.738427734374994], [24.430566406250023, 43.794384765625], [24.22675781250001, 43.763476562499996], [23.95078125, 43.786669921874996], [23.534570312500023, 43.853564453124996], [23.224609375, 43.873876953125], [22.919042968750006, 43.83447265625], [22.86767578125, 43.864550781249996], [22.8564453125, 43.8990234375], [22.868261718750006, 43.947900390624994], [22.91132812500001, 43.987207031249994], [22.9853515625, 44.016992187499994], [23.0244140625, 44.047216796875], [23.02851562500001, 44.077978515625], [22.945410156250006, 44.127294921875], [22.775195312500017, 44.195214843749994], [22.705078125, 44.23779296875003], [22.687890625000023, 44.248291015625], [22.68330078125001, 44.286474609375], [22.64794921875, 44.31645507812496], [22.581835937500017, 44.338330078125], [22.530664062499994, 44.37797851562499], [22.494531250000023, 44.435449218749994], [22.50234375, 44.48959960937498], [22.554003906250017, 44.540332031249996], [22.6201171875, 44.562353515625], [22.70078125, 44.555517578125], [22.734375, 44.569921875], [22.72089843750001, 44.605517578124996], [22.64208984375, 44.6509765625], [22.49765625, 44.70625], [22.350683593750006, 44.676123046875], [22.200976562500017, 44.560693359374994], [22.093066406250017, 44.54194335937498], [22.026953125, 44.619873046875], [21.909277343750006, 44.66611328125], [21.740234375, 44.6806640625], [21.636132812500023, 44.71044921875], [21.597070312500023, 44.755419921874996], [21.52314453125001, 44.790087890624996], [21.360058593749983, 44.82666015625], [21.35791015625, 44.86181640624997], [21.384375, 44.870068359375], [21.442187500000017, 44.873388671875], [21.519921875000023, 44.880810546875], [21.532324218750006, 44.90068359374999], [21.533203125, 44.91884765625005], [21.471972656250017, 44.9419921875], [21.409960937500017, 44.95771484375], [21.377734375000017, 44.9734375], [21.35703125, 44.990771484374996], [21.352929687500023, 45.008984375], [21.37109375, 45.021386718749994], [21.395898437500023, 45.02221679687506], [21.420703125000017, 45.03295898437503], [21.434472656250023, 45.075146484375], [21.467871093750006, 45.10986328125], [21.491796875, 45.12226562500001], [21.490234375, 45.147900390625], [21.465429687500006, 45.171875], [21.431445312500017, 45.192529296874994], [21.381738281250023, 45.205078125], [21.226464843750023, 45.24130859375], [21.147851562500023, 45.291748046875], [21.099902343750017, 45.2935546875], [21.023828125000023, 45.321533203125], [20.941796875000023, 45.36533203125], [20.87080078125001, 45.427539062499996], [20.794042968750006, 45.46787109375], [20.774218750000017, 45.484423828124996], [20.7724609375, 45.50009765625], [20.786523437500023, 45.517480468749966], [20.786035156250023, 45.536474609375], [20.765820312499983, 45.59746093749999], [20.77929687499997, 45.662011718749994], [20.775781250000023, 45.722509765625], [20.775, 45.749804687499996], [20.760156250000023, 45.758105468749996], [20.746875, 45.748974609375], [20.727832031250017, 45.73740234375], [20.709277343750017, 45.735253906249994], [20.652734375000023, 45.77939453125], [20.581152343750006, 45.869482421875], [20.532617187500023, 45.89951171875], [20.43798828125, 45.940771484375], [20.35859375000001, 45.975488281249994], [20.301367187500006, 46.050683593749994], [20.241796875, 46.10859375], [20.28095703125001, 46.1330078125], [20.508105468750017, 46.166943359375], [20.613671875000023, 46.13349609375], [20.661035156250023, 46.145654296874994], [20.707421875000023, 46.172802734375], [20.732714843750017, 46.19443359375], [20.737402343750006, 46.21748046875], [20.76025390625, 46.246240234374994], [20.837011718750006, 46.259716796875], [21.039843750000017, 46.242236328124996], [21.121679687500006, 46.282421875], [21.151953125, 46.304345703124994], [21.17041015625, 46.352685546874994], [21.191796875000023, 46.391552734375], [21.264550781250023, 46.4123046875], [21.26328125, 46.44775390625], [21.252246093750017, 46.486376953124996], [21.29453125, 46.5724609375], [21.320214843750023, 46.6078125], [21.361328125, 46.620751953124994], [21.411035156250023, 46.647851562499994], [21.4970703125, 46.704296875], [21.47705078125, 46.753369140625], [21.494433593750017, 46.78974609375], [21.58417968750001, 46.878369140625], [21.652636718750017, 46.963769531249994], [21.651464843750006, 47.00654296875], [21.661425781250017, 47.043896484375], [21.721777343750006, 47.084814453125], [21.785449218750017, 47.138134765625], [21.86933593750001, 47.304589843749994], [21.899218750000017, 47.332568359374996], [21.95429687500001, 47.3642578125], [21.99531250000001, 47.395703125], [21.99970703125001, 47.505029296874994], [22.037988281250023, 47.53662109375], [22.111914062500006, 47.572021484375], [22.18505859375, 47.629052734374994], [22.24462890625, 47.69638671875], [22.290625, 47.727832031249996], [22.351464843750023, 47.736230468749994], [22.41748046875, 47.762646484375], [22.49140625000001, 47.77255859375], [22.562890625000023, 47.759570312499996], [22.6083984375, 47.76630859375], [22.6767578125, 47.7990234375], [22.85175781250001, 47.92255859375], [22.87666015625001, 47.947265625], [22.912890625000017, 47.964257812499994], [23.054785156250006, 48.00654296875], [23.0908203125, 48.049121093749996], [23.139453125000017, 48.08740234375], [23.20263671875, 48.084521484374996], [23.408203125, 47.989990234375], [23.628710937500017, 47.995849609375], [23.669042968750006, 47.992333984374994], [23.682031250000023, 47.990380859374994], [23.708984375, 47.9826171875], [24.001855468750023, 47.935791015625], [24.04736328125, 47.941015625], [24.05976562500001, 47.944775390625], [24.177734375, 47.906054687499996], [24.28193359375001, 47.911181640624996], [24.380957031250006, 47.938037109374996], [24.48408203125001, 47.947119140625], [24.578906250000017, 47.931054687499994], [24.650976562500006, 47.876513671874996], [24.837890625, 47.76083984375], [24.893359375000017, 47.7177734375], [24.979101562500006, 47.72412109375], [25.073828125, 47.745703125], [25.16962890625001, 47.823095703125], [25.464257812500023, 47.910791015624994], [25.689257812500017, 47.932470703125], [25.90869140625, 47.967578125], [26.162695312500006, 47.992529296875], [26.236230468750023, 48.064355468749994], [26.276953125, 48.113232421875], [26.3056640625, 48.203759765624994], [26.4423828125, 48.22998046875], [26.57246093750001, 48.248486328125], [26.618945312500017, 48.25986328125], [26.713769531250023, 48.263476562499996], [26.78730468750001, 48.255810546875], [26.900976562500006, 48.2111328125], [26.980761718750017, 48.155029296875], [27.01220703125, 48.110498046874994], [27.080371093750017, 48.04765625], [27.15205078125001, 47.959277343749996], [27.230859375000023, 47.841748046875], [27.248144531250006, 47.7822265625], [27.277929687500006, 47.71796875], [27.3369140625, 47.63974609375], [27.44921875, 47.553125], [27.46484375, 47.536669921874996], [27.51582031250001, 47.475634765624996], [27.614062500000017, 47.34052734375], [27.696191406250023, 47.286425781249996], [27.767968750000023, 47.227587890624996], [27.80234375, 47.168310546875], [27.853808593750017, 47.114501953125], [27.97421875, 47.043212890625], [28.07177734375, 46.978417968749994], [28.15, 46.79208984375], [28.2046875, 46.706396484375], [28.23945312500001, 46.6408203125], [28.22265625, 46.508056640625], [28.24433593750001, 46.45126953125], [28.199609375000023, 46.347558593749994], [28.119140625, 46.138671875], [28.099707031250006, 45.972607421875], [28.113574218750017, 45.883056640625], [28.115527343750017, 45.825537109375], [28.13496093750001, 45.788867187499996], [28.15625, 45.7130859375], [28.159765625, 45.647119140624994], [28.130859375, 45.628271484375], [28.09033203125, 45.612744140625], [28.07470703125, 45.598974609375], [28.111914062500006, 45.569140625], [28.1625, 45.51376953125], [28.2125, 45.450439453125], [28.317675781250017, 45.347119140625], [28.451269531250006, 45.2921875], [28.7607421875, 45.234130859375], [28.78828125000001, 45.240966796875], [28.791406250000023, 45.251904296875], [28.769824218750017, 45.266894531249996], [28.7666015625, 45.28623046875], [28.78173828125, 45.309863281249996], [28.824316406250006, 45.311083984374996], [28.894335937500017, 45.289941406249994], [29.027441406250006, 45.320556640625], [29.223535156250023, 45.4029296875], [29.403710937500023, 45.419677734375], [29.567675781250017, 45.37080078125], [29.651953125, 45.313916015625], [29.705859375000017, 45.259912109374994], [29.6890625, 45.193212890625], [29.678613281250023, 45.151660156249996], [29.635351562500006, 44.979638671874994], [29.60546875, 44.915478515625], [29.557519531250023, 44.843408203124994], [29.048242187500023, 44.757568359375], [29.0810546875, 44.798828125], [29.069140625000017, 44.871142578124996], [29.047753906250023, 44.925683593749994], [29.0953125, 44.975048828125], [28.98066406250001, 44.992919921875], [28.930566406250023, 44.9658203125], [28.891503906250023, 44.91865234375], [28.926171875000023, 44.810009765625], [28.870410156250017, 44.749951171875], [28.849023437500023, 44.71630859375], [28.846484375000017, 44.636865234374994], [28.813574218750006, 44.602490234375], [28.807031250000023, 44.5650390625], [28.88818359375, 44.574755859374996], [28.85175781250001, 44.506103515625], [28.69921875, 44.37421875], [28.645410156250023, 44.295654296875], [28.658593750000023, 43.983837890625], [28.590722656250023, 43.797412109374996], [28.585351562500023, 43.742236328124996]]]}}, {"type": "Feature", "properties": {"scalerank": 1, "featurecla": "Admin-0 country", "LABELRANK": 2.0, "SOVEREIGNT": "Russia", "SOV_A3": "RUS", "ADM0_DIF": 0.0, "LEVEL": 2.0, "TYPE": "Sovereign country", "ADMIN": "Russia", "ADM0_A3": "RUS", "GEOU_DIF": 0.0, "GEOUNIT": "Russia", "GU_A3": "RUS", "SU_DIF": 0.0, "SUBUNIT": "Russia", "SU_A3": "RUS", "BRK_DIFF": 0.0, "NAME": "Russia", "NAME_LONG": "Russian Federation", "BRK_A3": "RUS", "BRK_NAME": "Russia", "BRK_GROUP": null, "ABBREV": "Rus.", "POSTAL": "RUS", "FORMAL_EN": "Russian Federation", "FORMAL_FR": null, "NAME_CIAWF": "Russia", "NOTE_ADM0": null, "NOTE_BRK": null, "NAME_SORT": "Russian Federation", "NAME_ALT": null, "MAPCOLOR7": 2.0, "MAPCOLOR8": 5.0, "MAPCOLOR9": 7.0, "MAPCOLOR13": 7.0, "POP_EST": 142257519.0, "POP_RANK": 17.0, "GDP_MD_EST": 3745000.0, "POP_YEAR": 2017.0, "LASTCENSUS": 2010.0, "GDP_YEAR": 2016.0, "ECONOMY": "3. Emerging region: BRIC", "INCOME_GRP": "3. Upper middle income", "WIKIPEDIA": -99.0, "FIPS_10_": "RS", "ISO_A2": "RU", "ISO_A3": "RUS", "ISO_A3_EH": "RUS", "ISO_N3": "643", "UN_A3": "643", "WB_A2": "RU", "WB_A3": "RUS", "WOE_ID": 23424936.0, "WOE_ID_EH": 23424936.0, "WOE_NOTE": "Exact WOE match as country", "ADM0_A3_IS": "RUS", "ADM0_A3_US": "RUS", "ADM0_A3_UN": -99.0, "ADM0_A3_WB": -99.0, "CONTINENT": "Europe", "REGION_UN": "Europe", "SUBREGION": "Eastern Europe", "REGION_WB": "Europe & Central Asia", "NAME_LEN": 6.0, "LONG_LEN": 18.0, "ABBREV_LEN": 4.0, "TINY": -99.0, "HOMEPART": 1.0, "MIN_ZOOM": 0.0, "MIN_LABEL": 1.7, "MAX_LABEL": 5.2}, "geometry": {"type": "MultiPolygon", "coordinates": [[[[48.57285156250006, 41.84448242187506], [48.518652343750006, 41.77934570312502], [48.43066406249997, 41.663330078125], [48.39140625000002, 41.601904296875006], [48.29814453125002, 41.54501953125006], [48.1422851562501, 41.48476562500005], [48.056054687499994, 41.45869140624998], [47.96367187500002, 41.33398437500006], [47.86113281250002, 41.212744140625034], [47.79101562500003, 41.19926757812496], [47.59179687500003, 41.21811523437498], [47.520605468750006, 41.22905273437499], [47.317675781250074, 41.28242187500004], [47.261132812499994, 41.31508789062502], [47.20527343750004, 41.45561523437496], [47.14257812499997, 41.51606445312501], [47.06396484374997, 41.5546875], [47.01015625, 41.5875], [46.98779296874997, 41.62138671874999], [46.93085937500004, 41.67041015625003], [46.825585937499994, 41.74340820312497], [46.749316406250074, 41.812597656250034], [46.69033203125005, 41.831347656250045], [46.61601562500002, 41.806933593750045], [46.57128906249997, 41.80009765624999], [46.55214843750005, 41.81230468749999], [46.53769531250006, 41.87041015625002], [46.42988281250001, 41.890966796875], [46.411523437499994, 41.90463867187506], [46.26777343750001, 41.960351562499994], [46.21269531250002, 41.98989257812502], [46.159765625, 41.992041015625], [46.0484375, 42.00874023437504], [45.95400390625002, 42.035400390625], [45.91035156250001, 42.07070312499999], [45.84599609375002, 42.1099609375], [45.72656249999997, 42.15888671874998], [45.638574218749994, 42.20507812499997], [45.63427734375, 42.234716796875], [45.68837890625002, 42.357373046875], [45.7275390625, 42.475048828125], [45.70527343750001, 42.498095703124996], [45.65556640625002, 42.51767578125], [45.56289062500002, 42.5357421875], [45.34375, 42.52978515625006], [45.20820312500001, 42.648242187499996], [45.160253906250006, 42.675], [45.07158203125002, 42.694140625], [44.943359375, 42.730273437499996], [44.87099609375002, 42.756396484374996], [44.85048828125002, 42.746826171875], [44.77109375, 42.616796875], [44.69179687500002, 42.709619140624994], [44.64433593750002, 42.734716796875], [44.57646484375002, 42.748486328125], [44.50585937499997, 42.748632812500034], [44.32949218750002, 42.70351562499999], [44.19970703124997, 42.65361328124996], [44.10273437500001, 42.616357421874994], [44.00468750000002, 42.595605468749994], [43.95742187499999, 42.566552734374994], [43.82597656250002, 42.57153320312503], [43.759863281250006, 42.59384765625], [43.738378906250006, 42.616992187499996], [43.749902343749994, 42.65751953124996], [43.79541015625, 42.702978515625], [43.798730468749994, 42.72778320312497], [43.782617187499994, 42.74702148437498], [43.62304687499997, 42.807714843750006], [43.55781250000001, 42.844482421875], [43.34794921875002, 42.8966796875], [43.08916015625002, 42.9890625], [43.00019531250001, 43.049658203125], [42.99160156250002, 43.09150390625], [42.89003906250002, 43.132617187499996], [42.760644531249994, 43.169580078124994], [42.660253906250006, 43.159082031249994], [42.566015625, 43.15512695312498], [42.419042968750006, 43.22421875], [42.27968750000002, 43.228076171874996], [42.12226562500001, 43.207324218749996], [42.08779296875002, 43.199121093749994], [42.05, 43.19013671875], [41.58056640624997, 43.21923828125], [41.46074218750002, 43.27631835937498], [41.35820312500002, 43.333398437499994], [41.083105468750006, 43.37446289062501], [40.941992187500006, 43.418066406250006], [40.80166015625002, 43.479931640625], [40.648046875, 43.53388671875], [40.518945312499994, 43.51201171874996], [40.34228515624997, 43.542724609375], [40.15019531250002, 43.569775390625], [40.084570312500006, 43.553125], [40.02373046875002, 43.48486328125003], [39.97832031250002, 43.419824218749994], [39.87363281250006, 43.472802734374966], [39.516699218750006, 43.72788085937506], [39.32939453125002, 43.89726562500002], [38.71728515625003, 44.28808593749997], [38.63583984375006, 44.31801757812502], [38.31181640625002, 44.37446289062498], [38.18125, 44.41967773437503], [37.85146484375005, 44.69882812499998], [37.70488281250002, 44.661376953125], [37.57246093750004, 44.670849609374955], [37.49511718749997, 44.695263671874955], [37.41132812500004, 44.73535156250006], [37.35234375000002, 44.78837890625002], [37.284082031249994, 44.90502929687497], [37.2047851562501, 44.97197265625002], [36.94443359375006, 45.06958007812503], [36.65078125, 45.12646484374997], [36.6276367187501, 45.15131835937498], [36.61914062499997, 45.18549804687501], [36.87304687500003, 45.25175781250002], [36.94121093750002, 45.289697265624994], [36.81103515624997, 45.340039062499955], [36.76162109375005, 45.348339843749955], [36.7204101562501, 45.371875], [36.79375, 45.409716796875045], [36.86591796875004, 45.42705078125002], [36.97783203125002, 45.383593750000045], [37.10351562499997, 45.30288085937502], [37.2135742187501, 45.272314453125006], [37.26425781250006, 45.3109375], [37.64716796875004, 45.37719726562497], [37.672949218750006, 45.42973632812502], [37.671875, 45.48837890624998], [37.634375, 45.486328125], [37.609960937500006, 45.49951171875003], [37.612402343750006, 45.564697265625], [37.66923828125002, 45.65405273437497], [37.840917968750006, 45.79956054687506], [37.93310546874997, 46.00170898437503], [38.01425781250006, 46.047753906249994], [38.073828125, 46.01708984375006], [38.069726562499994, 45.96987304687502], [38.07958984374997, 45.93481445312497], [38.13281249999997, 46.002832031249994], [38.18359375000003, 46.09482421874998], [38.31181640625002, 46.095361328124994], [38.40039062500003, 46.08002929687498], [38.492285156250006, 46.09052734375001], [38.31523437500002, 46.24194335937503], [38.077734375, 46.39433593749999], [37.97753906249997, 46.38286132812496], [37.91386718750002, 46.40649414062497], [37.80957031250003, 46.53208007812498], [37.76650390625005, 46.63613281250005], [37.8673828125001, 46.6337890625], [37.96796875000004, 46.618017578125006], [38.159472656250074, 46.69067382812506], [38.22998046874997, 46.70126953124998], [38.3434570312501, 46.678320312500034], [38.50097656250003, 46.66367187500006], [38.48798828125004, 46.73217773437497], [38.43867187500004, 46.813085937500034], [38.630761718749994, 46.873046875], [38.80107421875002, 46.906152343749994], [39.126757812500074, 47.0234375], [39.27070312500004, 47.04414062500004], [39.28906249999997, 47.07089843749998], [39.29345703124997, 47.10576171874996], [39.24453125000005, 47.19951171874999], [39.19570312500005, 47.26884765624999], [39.02373046875002, 47.27221679687506], [38.928320312500006, 47.175683593749994], [38.66816406250004, 47.14394531250002], [38.5524414062501, 47.15034179687498], [38.64433593750002, 47.21220703124999], [38.73603515625004, 47.23583984375], [38.76191406250004, 47.26162109375002], [38.577246093750006, 47.23911132812506], [38.48476562499999, 47.17553710937497], [38.21435546874997, 47.091455078124994], [38.20585937500002, 47.135595703125006], [38.2013671875001, 47.17524414062501], [38.22119140625003, 47.212744140625006], [38.26533203125004, 47.236962890624966], [38.28076171875003, 47.25903320312503], [38.28076171875003, 47.27666015624996], [38.241015625000074, 47.287695312500006], [38.20800781250003, 47.29653320312502], [38.2013671875001, 47.32080078125], [38.21240234375003, 47.34277343750003], [38.243261718750006, 47.37368164062502], [38.25654296875004, 47.408935546875], [38.25878906249997, 47.47954101562502], [38.28740234375002, 47.55917968749998], [38.3688476562501, 47.609960937500006], [38.5109375000001, 47.62241210937498], [38.640625, 47.665917968749966], [38.7189453125001, 47.7141113281252], [38.82226562500003, 47.837011718750006], [38.900292968749994, 47.855126953124966], [39.05781250000004, 47.848486328125034], [39.15849609375002, 47.83740234375], [39.39101562500005, 47.83374023437506], [39.65849609375002, 47.841210937499966], [39.7359375, 47.844824218750006], [39.778710937499994, 47.887548828125006], [39.77578125, 47.964453125000034], [39.81396484374997, 48.035302734374994], [39.885058593750074, 48.16835937499999], [39.961035156250006, 48.237939453124966], [39.957910156249994, 48.26889648437506], [39.9181640625001, 48.281933593749955], [39.866308593750006, 48.288427734375034], [39.847460937500074, 48.302783203125045], [39.84990234375002, 48.33193359375002], [39.8898437500001, 48.36044921875006], [39.88261718750002, 48.41909179687502], [39.85751953125006, 48.48422851562523], [39.83564453125004, 48.54277343749999], [39.76542968750002, 48.571875], [39.64472656250004, 48.591210937499994], [39.67041015624997, 48.662451171875034], [39.70458984374997, 48.73935546874998], [39.75585937499997, 48.78208007812498], [39.79287109375005, 48.80771484375006], [39.904101562500074, 48.79375], [39.984472656250006, 48.80737304687497], [40.0036132812501, 48.82207031249996], [39.98916015625005, 48.85141601562498], [39.86376953125003, 48.87797851562499], [39.753320312499994, 48.91445312500002], [39.70566406250006, 48.95957031249998], [39.68652343749997, 49.00791015624998], [39.7594726562501, 49.036572265624955], [39.88974609375006, 49.06406250000006], [39.97636718750002, 49.129833984374955], [40.0700195312501, 49.200292968750006], [40.108789062499994, 49.25156250000006], [40.128320312499994, 49.307226562500034], [40.1261718750001, 49.36884765625015], [40.0578125000001, 49.43154296875005], [40.0578125000001, 49.49707031249997], [40.09492187500004, 49.54267578125004], [40.08066406250006, 49.57685546875024], [40.030664062499994, 49.596728515625045], [39.95849609375003, 49.59077148437498], [39.876855468749994, 49.56767578124999], [39.78056640625002, 49.57202148437497], [39.6265625, 49.65068359375002], [39.46279296875005, 49.72802734375006], [39.368457031250074, 49.730664062499955], [39.30292968750004, 49.74204101562498], [39.245996093749994, 49.78193359375001], [39.21181640625005, 49.83320312499998], [39.17480468749997, 49.85595703125], [39.11494140625004, 49.84174804687504], [39.02773437500005, 49.81840820312499], [38.91835937500005, 49.82470703125003], [38.77666015625002, 49.88432617187502], [38.647753906250074, 49.95288085937503], [38.5519531250001, 49.95458984375003], [38.45117187499997, 49.96406249999998], [38.25859375000002, 50.052343750000034], [38.20869140625004, 50.051464843749955], [38.17753906250002, 50.02539062499997], [38.162695312500006, 49.95454101562501], [38.146777343750074, 49.93940429687504], [38.1125, 49.92783203124998], [38.046875, 49.920019531250006], [37.950292968750006, 49.964208984375034], [37.70419921875006, 50.109082031249955], [37.605078125, 50.214941406250034], [37.58232421875002, 50.29184570312498], [37.50136718750005, 50.340722656249994], [37.42285156250003, 50.411474609375034], [37.34316406250005, 50.41762695312502], [37.25488281249997, 50.39497070312504], [37.17109375000004, 50.36088867187502], [37.13125, 50.35151367187498], [36.9884765625001, 50.33955078125001], [36.759082031250074, 50.29184570312498], [36.696386718750006, 50.24624023437502], [36.61943359375002, 50.20922851562503], [36.559667968750006, 50.23486328125], [36.499804687500074, 50.28046874999998], [36.36884765625004, 50.29682617187501], [36.30605468750005, 50.28046874999998], [36.24335937500004, 50.31176757812506], [36.18945312500003, 50.36782226562502], [36.11640625000004, 50.408544921875034], [36.00781250000003, 50.419677734375], [35.89023437500006, 50.43710937500009], [35.79619140625002, 50.40576171875], [35.673730468749994, 50.34599609375002], [35.591113281250074, 50.36875], [35.545507812500006, 50.43999023437496], [35.4884765625001, 50.45991210937521], [35.41162109374997, 50.53969726562502], [35.391699218750006, 50.61093749999998], [35.41162109374997, 50.64223632812505], [35.44013671875004, 50.68208007812498], [35.44013671875004, 50.72768554687505], [35.417382812499994, 50.767578125], [35.38320312499999, 50.798925781250006], [35.34609375000005, 50.90429687499997], [35.314746093750074, 50.94990234375001], [35.30908203124997, 50.986914062500006], [35.334765625000074, 51.021142578124966], [35.311914062499994, 51.04389648437498], [35.269140625, 51.04677734375005], [35.19804687500002, 51.04389648437498], [35.15810546875005, 51.06098632812501], [35.115332031250006, 51.12084960937503], [35.09257812500002, 51.18066406250006], [35.06406250000006, 51.20341796874999], [34.99023437500003, 51.201757812500006], [34.868554687499994, 51.18920898437503], [34.760351562500006, 51.169335937499966], [34.712304687499994, 51.172216796875006], [34.61679687500006, 51.203125], [34.49101562500002, 51.237060546875], [34.23417968750002, 51.24379882812502], [34.21386718749997, 51.25537109375], [34.228417968749994, 51.27685546875003], [34.280664062499994, 51.311669921874994], [34.275, 51.340185546875034], [34.22988281250005, 51.36323242187504], [34.20654296874997, 51.41992187500003], [34.20927734375002, 51.484082031249955], [34.20087890625004, 51.553808593750034], [34.146777343750074, 51.60795898437496], [34.11542968750004, 51.644970703124955], [34.12109374999997, 51.67915039062501], [34.23916015625005, 51.692236328125006], [34.37929687499999, 51.71650390624998], [34.40273437499999, 51.74150390624999], [34.39785156250005, 51.78041992187502], [34.11308593750002, 51.97963867187502], [34.0153320312501, 52.15595703124998], [33.92207031250004, 52.25146484374997], [33.81884765624997, 52.315625], [33.735253906249994, 52.34477539062499], [33.613378906250006, 52.33261718749998], [33.45185546875004, 52.33378906249996], [33.28710937499997, 52.35356445312499], [33.14843749999997, 52.34042968749998], [32.89970703125002, 52.25634765625], [32.80644531250002, 52.25263671875004], [32.645410156249994, 52.27910156250002], [32.50791015625006, 52.30854492187498], [32.43544921875005, 52.30722656250006], [32.3913085937501, 52.29482421875019], [32.3629882812501, 52.27211914062502], [32.2828125, 52.11401367187503], [32.21679687499997, 52.08295898437501], [32.1222656250001, 52.05058593749999], [32.041601562500006, 52.045019531250006], [31.97382812500004, 52.046630859375], [31.875585937500006, 52.07089843750006], [31.78242187500004, 52.09941406249999], [31.76337890625001, 52.10107421875], [31.758593750000017, 52.125830078125], [31.690625, 52.220654296875], [31.64990234375, 52.26220703125], [31.60156249999997, 52.28481445312502], [31.57734375000001, 52.312304687499996], [31.5765625, 52.426025390625], [31.585546875, 52.532470703125], [31.61591796875001, 52.546191406249996], [31.526171875000017, 52.6330078125], [31.519433593749994, 52.69873046874997], [31.5634765625, 52.7314453125], [31.564843750000023, 52.759228515625], [31.53515625, 52.7982421875], [31.442773437500023, 52.86181640625], [31.35302734374997, 52.933447265625006], [31.29511718750001, 52.989794921874996], [31.2587890625, 53.01669921875], [31.30292968750001, 53.060888671875], [31.364550781250017, 53.138964843749996], [31.38837890625001, 53.184814453125], [31.417871093749994, 53.19604492187503], [31.56298828125, 53.202490234375], [31.668261718750017, 53.200927734375], [31.747460937499994, 53.184179687500006], [31.777441406250006, 53.146875], [31.849707031250006, 53.106201171875], [32.05546875000002, 53.089453125], [32.141992187499994, 53.09116210937498], [32.25068359375001, 53.128369140625], [32.42626953125, 53.210595703125], [32.469335937500006, 53.2703125], [32.57802734375002, 53.31240234375], [32.64443359375002, 53.32890625], [32.70429687500001, 53.336328125], [32.71025390625002, 53.371435546875], [32.706445312499994, 53.41943359374997], [32.68574218750001, 53.44814453125], [32.46962890625002, 53.54697265625], [32.4423828125, 53.579248046875], [32.425195312499994, 53.61728515625006], [32.45097656250002, 53.6533203125], [32.4501953125, 53.692919921874996], [32.20039062500001, 53.78125], [31.99218749999997, 53.796875], [31.82080078125, 53.791943359375], [31.754199218750017, 53.81044921875], [31.783007812500017, 53.85498046875], [31.825292968750006, 53.935009765625], [31.837792968750023, 54.00078125], [31.825976562500017, 54.030712890625], [31.7919921875, 54.055908203125], [31.62841796875, 54.111181640625], [31.403613281250017, 54.195947265625], [31.299121093750017, 54.29169921875], [31.245507812499994, 54.39165039062499], [31.18476562500001, 54.452978515625], [31.074804687500006, 54.491796875], [31.081933593750023, 54.51708984375], [31.154882812500006, 54.6109375], [31.152148437500017, 54.625341796875], [31.12128906250001, 54.648486328124996], [30.984179687500017, 54.69589843750006], [30.798828125, 54.783251953124996], [30.791015625, 54.806005859375], [30.804492187500017, 54.8609375], [30.829882812500017, 54.914990234375], [30.866796875, 54.940722656249996], [30.97773437500001, 55.05048828125], [30.97773437500001, 55.08779296875], [30.958886718750023, 55.13759765625], [30.87744140624997, 55.22343749999999], [30.814453125, 55.2787109375], [30.810546875, 55.306982421875], [30.82099609375001, 55.3302734375], [30.86181640624997, 55.36040039062499], [30.90058593750001, 55.397412109375], [30.908789062500006, 55.525341796875], [30.906835937500006, 55.57001953125], [30.882226562500023, 55.59638671875], [30.85595703125, 55.60751953125], [30.80078124999997, 55.60112304687502], [30.7216796875, 55.622119140624996], [30.66230468750001, 55.65546875], [30.625585937500006, 55.666259765625], [30.586718750000017, 55.70029296875], [30.475390625000017, 55.768798828125], [30.45625, 55.78681640625], [30.23359375000001, 55.84521484375], [30.04267578125001, 55.83642578125], [29.93701171874997, 55.84526367187502], [29.881640625000017, 55.832324218749996], [29.82392578125001, 55.7951171875], [29.744140625, 55.77041015625], [29.6845703125, 55.7697265625], [29.63007812500001, 55.751171875], [29.482226562500017, 55.6845703125], [29.412988281250023, 55.724853515625], [29.353417968749994, 55.784375], [29.373144531250006, 55.834716796875], [29.39794921874997, 55.88105468750001], [29.39609375, 55.91220703125], [29.375, 55.938720703125], [29.283007812500017, 55.967871093750034], [29.08740234375, 56.021142578125], [29.03173828125, 56.02177734374999], [28.94746093750001, 56.002099609375], [28.794726562500017, 55.94257812500001], [28.740820312500006, 55.955371093749996], [28.690820312500023, 56.00263671875], [28.63691406250001, 56.061767578125], [28.56396484375, 56.0919921875], [28.40703124999999, 56.08901367187502], [28.39208984374997, 56.08671874999999], [28.316308593750023, 56.052539062499996], [28.284277343750006, 56.055908203125], [28.14794921874997, 56.14291992187498], [28.17333984375, 56.19033203125005], [28.202050781250023, 56.260400390625], [28.191699218750017, 56.315576171874994], [28.169238281250017, 56.386865234375], [28.11083984375, 56.510693359375], [28.103125, 56.545703125], [28.00751953125001, 56.599853515625], [27.991601562500023, 56.6453125], [27.94140625, 56.703710937500006], [27.89208984375, 56.74106445312498], [27.88154296875001, 56.824169921875], [27.8486328125, 56.85341796875], [27.806054687500023, 56.86708984375], [27.655664062500023, 56.843212890625], [27.639453125000017, 56.845654296875], [27.71113281250001, 56.978076171874996], [27.717382812500006, 57.054638671875], [27.762792968750006, 57.135107421875], [27.814550781250006, 57.16689453125005], [27.83027343750001, 57.194482421875], [27.838281250000023, 57.247705078125], [27.82861328125, 57.293310546875], [27.796875, 57.316943359374996], [27.672753906250023, 57.368115234375], [27.538671875, 57.42978515625006], [27.511132812499994, 57.508154296875034], [27.4697265625, 57.5240234375], [27.351953125000023, 57.528125], [27.354296875000017, 57.55029296875], [27.37177734375004, 57.61254882812497], [27.4, 57.66679687500002], [27.491992187500017, 57.72495117187506], [27.514746093750034, 57.76420898437496], [27.542089843750006, 57.799414062500034], [27.75283203125005, 57.84101562499998], [27.776953125000063, 57.85673828124999], [27.77851562500004, 57.870703125], [27.76875, 57.88413085937498], [27.721972656250045, 57.90546874999998], [27.673437500000034, 57.93461914062496], [27.644140625, 58.01391601562503], [27.571093750000045, 58.13808593750002], [27.50244140625, 58.22133789062502], [27.487792968750057, 58.27006835937499], [27.50556640625001, 58.32626953124998], [27.530078125000045, 58.38149414062505], [27.531347656250034, 58.43525390624998], [27.427050781250017, 58.733056640624994], [27.434179687500034, 58.78725585937502], [27.464453125, 58.84130859375003], [27.51308593750005, 58.886279296875045], [27.621777343750068, 58.944970703124994], [27.757617187500045, 59.05200195312506], [27.849511718750023, 59.19267578125002], [27.897656250000068, 59.27763671875002], [27.93818359375004, 59.29702148437505], [28.01640624999999, 59.30170898437504], [28.04609375000001, 59.32783203125001], [28.061328125000017, 59.34326171875006], [28.12832031250005, 59.35756835937505], [28.151074218749983, 59.374414062499994], [28.13300781250004, 59.40307617187497], [28.065820312500023, 59.453173828125074], [28.0125, 59.484277343749994], [28.06396484375, 59.55400390624999], [28.04628906250005, 59.64716796874998], [28.013964843750045, 59.724755859374966], [28.05800781250005, 59.78154296874999], [28.131152343750017, 59.78652343750002], [28.2125, 59.724658203125045], [28.334570312499977, 59.692529296874966], [28.423730468750023, 59.73408203125001], [28.453906250000045, 59.81425781249999], [28.518164062500006, 59.84956054687498], [28.60390625000005, 59.81806640624998], [28.747656250000034, 59.806689453125045], [28.866894531250068, 59.811914062499966], [28.94726562500003, 59.82875976562502], [28.981542968749977, 59.85478515624999], [29.013378906250068, 59.90156250000001], [29.079101562500057, 59.960986328125045], [29.14726562499999, 59.99975585937503], [29.669726562500017, 59.955664062500034], [30.12255859375003, 59.87358398437502], [30.156835937500063, 59.90429687500006], [30.172656250000017, 59.95712890625006], [30.05996093750005, 60.002587890624994], [29.97675781250004, 60.02636718750006], [29.872265625000097, 60.12084960937503], [29.72119140625003, 60.1953125], [29.56933593750003, 60.20185546875001], [29.370410156250074, 60.17592773437505], [29.069140625000074, 60.19145507812502], [28.81269531250004, 60.33154296875006], [28.643164062500063, 60.37529296874999], [28.522265625000017, 60.482958984375074], [28.491601562499994, 60.540136718750006], [28.622460937500023, 60.491601562499966], [28.64033203125001, 60.54287109375002], [28.650585937500068, 60.61098632812505], [28.577832031250068, 60.65253906249998], [28.512792968750063, 60.677294921875045], [28.179296875000063, 60.57099609374998], [27.797656250000017, 60.53613281249997], [28.151953125, 60.74584960937497], [28.407421874999983, 60.89692382812504], [28.45507812500003, 60.91962890625004], [28.568164062500045, 60.96020507812506], [28.662890625000074, 61.00283203125002], [28.739062500000045, 61.05874023437505], [28.99296874999999, 61.169042968750034], [29.25166015625004, 61.28779296874998], [29.49238281250004, 61.444238281249966], [29.579394531250017, 61.493457031250045], [29.690136718750097, 61.54609375000004], [29.933203125000063, 61.711572265624994], [30.009960937500097, 61.75737304687499], [30.306445312500074, 61.96484375], [30.47968750000004, 62.068212890625006], [30.565625, 62.12758789062502], [30.93574218750004, 62.32377929687502], [31.186718750000097, 62.48139648437498], [31.28564453124997, 62.56782226562501], [31.382421875, 62.691650390625], [31.437304687500074, 62.77612304687497], [31.533984375000074, 62.88540039062505], [31.53652343750005, 62.92163085937506], [31.50927734374997, 62.95532226562497], [31.43701171875003, 63.007714843749994], [31.336718750000017, 63.06806640625004], [31.24746093750005, 63.141894531250074], [31.18085937500004, 63.20830078125002], [30.974804687500097, 63.30063476562498], [30.65527343749997, 63.41748046875], [30.418554687500006, 63.50405273437505], [30.055371093750097, 63.689013671875074], [29.991503906250017, 63.735156250000045], [30.00410156250004, 63.74731445312503], [30.210253906250017, 63.803320312500006], [30.415332031250074, 63.94750976562497], [30.50390624999997, 64.02060546875003], [30.52607421875004, 64.07729492187502], [30.527929687500006, 64.14111328124997], [30.513769531250063, 64.2], [30.487890625, 64.23652343749995], [30.390625, 64.28242187499998], [30.108105468750097, 64.36611328125], [30.041894531249994, 64.443359375], [29.986621093750017, 64.52426757812506], [29.985546875000097, 64.55771484375003], [30.12011718749997, 64.64462890625006], [30.12617187500004, 64.68808593750003], [30.110253906249994, 64.73256835937502], [30.072851562500006, 64.7650390625], [29.78320312499997, 64.804296875], [29.70166015624997, 64.84575195312499], [29.6375, 64.91176757812505], [29.604199218750097, 64.96840820312502], [29.600878906250017, 65.00195312500003], [29.622460937499994, 65.03950195312495], [29.720019531250074, 65.080322265625], [29.810839843750017, 65.10791015625003], [29.826953125000017, 65.14506835937505], [29.82617187500003, 65.185302734375], [29.81054687500003, 65.20473632812505], [29.629687500000074, 65.22387695312503], [29.612402343750006, 65.23476562500002], [29.608007812500063, 65.24868164062502], [29.61718749999997, 65.26533203124995], [29.71484374999997, 65.33696289062507], [29.72802734375003, 65.47343750000007], [29.819433593750063, 65.56875], [29.715917968750006, 65.62456054687505], [29.723925781250074, 65.634375], [29.882617187500074, 65.66362304687499], [30.02900390625004, 65.67070312500002], [30.095312500000063, 65.68168945312505], [30.10273437500004, 65.72626953124998], [30.0875, 65.7865234375], [29.936621093750063, 66.02294921875003], [29.903417968750063, 66.09106445312503], [29.803515625000017, 66.17705078125007], [29.72070312500003, 66.23486328125003], [29.67089843750003, 66.276123046875], [29.590722656249994, 66.3568359375], [29.544335937499994, 66.439697265625], [29.46435546875003, 66.53217773437501], [29.371191406250063, 66.617041015625], [29.293261718750074, 66.69550781249998], [29.093066406250045, 66.84921875000003], [29.06621093749999, 66.891748046875], [29.06904296875004, 66.93022460937502], [29.087011718750063, 66.97094726562497], [29.24335937500004, 67.09658203125], [29.38769531249997, 67.20141601562503], [29.57226562499997, 67.32436523437502], [29.750585937500006, 67.42641601562505], [29.941210937500017, 67.5474609375], [29.988085937500074, 67.66826171875002], [29.97919921875004, 67.68857421874998], [29.821582031250074, 67.75400390624998], [29.524218750000074, 67.92910156250005], [29.343847656250006, 68.061865234375], [29.062988281250057, 68.11796875000007], [28.68515625, 68.18979492187503], [28.560156250000034, 68.35136718750002], [28.470703125, 68.48837890625003], [28.479296875000074, 68.53764648437502], [28.752050781250034, 68.77143554687495], [28.777636718750017, 68.81381835937498], [28.772851562500023, 68.84003906249998], [28.744824218750068, 68.85644531250006], [28.70595703125005, 68.86552734375005], [28.45351562500005, 68.87226562499998], [28.4140625, 68.904150390625], [28.566015625000063, 68.92822265625003], [28.692187500000017, 68.96103515625003], [28.89892578125003, 69.00966796875], [28.96582031249997, 69.02197265625003], [29.118554687499994, 69.04995117187505], [29.1708984375, 69.071533203125], [29.20996093749997, 69.09702148437503], [29.35302734374997, 69.27060546875006], [29.388281250000063, 69.29814453125007], [29.83271484375004, 69.36044921875006], [29.99404296875005, 69.39248046875002], [30.087304687499994, 69.43286132812497], [30.13183593750003, 69.46425781249997], [30.16376953125004, 69.50161132812505], [30.18671875000004, 69.54277343749999], [30.19648437500004, 69.58056640625006], [30.159765625000063, 69.62988281249997], [30.18017578125003, 69.63583984375003], [30.22753906249997, 69.63378906249997], [30.379687500000074, 69.584716796875], [30.61542968750004, 69.53256835937503], [30.788867187500017, 69.52851562500001], [30.86074218750005, 69.53842773437498], [30.89667968750004, 69.56123046875001], [30.922460937500006, 69.60581054687503], [30.924121093750074, 69.6517578125], [30.869726562500006, 69.783447265625], [31.04951171875004, 69.76923828125004], [31.452734375, 69.68959960937497], [31.546972656250006, 69.69692382812505], [31.666210937500097, 69.72099609375005], [31.78857421874997, 69.815771484375], [31.87939453124997, 69.83198242187501], [31.997949218749994, 69.80991210937506], [32.030566406250074, 69.83530273437498], [31.969335937500006, 69.913916015625], [31.984570312500097, 69.95366210937502], [32.39160156249997, 69.86870117187505], [32.56542968750003, 69.80649414062498], [32.94169921875002, 69.75185546875005], [33.00781250000003, 69.72211914062501], [33.012597656249994, 69.67050781249998], [32.99462890624997, 69.62617187500001], [32.91503906250003, 69.601708984375], [32.75429687500005, 69.60571289062503], [32.17675781249997, 69.67402343749998], [32.09150390625004, 69.63256835937497], [32.16132812500004, 69.59663085937504], [32.33056640624997, 69.55424804687502], [32.377734375000074, 69.47910156249998], [32.636816406250006, 69.48945312499995], [32.88378906249997, 69.46083984375], [32.999804687500074, 69.47011718750002], [33.02099609375003, 69.44560546874999], [32.94160156250004, 69.38334960937502], [32.97890625, 69.36733398437505], [33.25585937500003, 69.427734375], [33.384863281250006, 69.44428710937498], [33.45429687500004, 69.42817382812501], [33.463671875000074, 69.37817382812503], [33.41796874999997, 69.315283203125], [33.41298828125005, 69.26743164062503], [33.327734375, 69.15185546875003], [33.19638671875006, 69.116845703125], [33.141210937500006, 69.06870117187503], [33.333398437499994, 69.09819335937502], [33.43564453125006, 69.13037109375], [33.62705078125006, 69.28916015625], [33.684375, 69.31025390624995], [34.229394531249994, 69.31313476562502], [34.3527343750001, 69.30292968749998], [34.86396484375004, 69.22807617187499], [35.009570312500074, 69.22124023437502], [35.175878906250006, 69.23081054687503], [35.233203125000074, 69.26557617187501], [35.289843750000074, 69.27543945312505], [35.85791015624997, 69.19174804687498], [36.61826171875006, 69.00346679687499], [37.730566406250006, 68.69213867187497], [38.35761718750004, 68.41513671875003], [38.43017578124997, 68.355615234375], [38.65683593750006, 68.321875], [38.70556640625003, 68.34472656249997], [38.83154296875003, 68.32490234375004], [39.56894531250006, 68.07172851562495], [39.823339843750006, 68.05859375000006], [39.78974609375004, 68.11215820312503], [39.74628906250004, 68.16220703125], [39.8092773437501, 68.15083007812501], [39.895605468750006, 68.11450195312497], [40.03574218750006, 68.01538085937503], [40.20664062500006, 67.94189453124997], [40.380664062500074, 67.83188476562503], [40.52578125000005, 67.78969726562497], [40.65654296875002, 67.774072265625], [40.76630859375004, 67.74301757812506], [40.96640625, 67.71347656249998], [41.0609375, 67.444189453125], [41.13388671875006, 67.38603515624999], [41.13388671875006, 67.26694335937506], [41.26171874999997, 67.21845703124995], [41.35878906250005, 67.20966796875001], [41.35429687500002, 67.12143554687498], [41.27558593750004, 66.91430664062497], [41.18896484374997, 66.82617187499997], [40.521582031250006, 66.446630859375], [40.103320312500074, 66.29995117187497], [39.28906249999997, 66.13203124999995], [38.65390625, 66.06904296874998], [38.397558593750006, 66.06445312500003], [37.90068359375002, 66.09560546875], [37.62822265625002, 66.12958984374998], [37.29482421875005, 66.22504882812498], [36.983691406250074, 66.27255859374998], [36.76992187500005, 66.2935546875], [36.3734375, 66.30229492187499], [35.513476562500074, 66.39580078125005], [35.36396484375004, 66.42866210937498], [34.82460937500005, 66.61113281250005], [34.610253906249994, 66.55961914062502], [34.4826171875001, 66.55034179687499], [34.39609375000006, 66.61318359375], [34.43085937500004, 66.62978515625002], [34.4515625, 66.65122070312503], [34.14609375, 66.70327148437497], [33.893652343750006, 66.70673828124998], [33.75957031250002, 66.7509765625], [33.5954101562501, 66.78461914062504], [33.52294921874997, 66.76435546874998], [33.48203125, 66.76455078125002], [33.150195312500074, 66.84394531250004], [33.00195312499997, 66.90830078125], [32.84755859375005, 67.02153320312507], [32.88525390625003, 67.06113281250006], [32.930468750000074, 67.08681640625005], [32.39990234374997, 67.15268554687506], [31.895312500000017, 67.16142578125005], [31.983007812500063, 67.12983398437501], [32.2015625, 67.11323242187501], [32.340625, 67.06787109375], [32.50097656249997, 67.00385742187501], [32.46367187500002, 66.91630859375005], [32.686425781249994, 66.82954101562504], [32.857324218749994, 66.74692382812498], [32.86240234375006, 66.72138671875001], [32.92871093749997, 66.70410156249997], [33.18056640625005, 66.67993164062503], [33.22441406250002, 66.60385742187498], [33.182910156250074, 66.573876953125], [33.217382812500006, 66.531640625], [33.40527343749997, 66.48427734375002], [33.51767578125006, 66.47138671874998], [33.6559570312501, 66.442626953125], [33.59326171875003, 66.38457031250007], [33.47695312499999, 66.346875], [33.36054687500004, 66.32954101562495], [33.41582031250002, 66.315625], [33.56669921875002, 66.32099609374998], [34.11269531250005, 66.22524414062502], [34.399804687499994, 66.12841796875], [34.69179687499999, 65.95185546875001], [34.78632812500004, 65.86455078124999], [34.79316406250004, 65.81635742187504], [34.776953125, 65.76826171875001], [34.73476562500005, 65.71630859375], [34.71552734375004, 65.6640625], [34.61572265625003, 65.50991210937505], [34.5441406250001, 65.45668945312502], [34.40644531250004, 65.39575195312506], [34.53593750000002, 65.27792968750003], [34.67109375000004, 65.16811523437505], [34.80351562500002, 64.98598632812497], [34.82714843750003, 64.91269531250006], [34.83261718750006, 64.80019531250005], [34.952246093750006, 64.75595703125], [34.9054687500001, 64.73867187500002], [34.858300781249994, 64.706689453125], [34.86953125000005, 64.56000976562495], [35.0353515625001, 64.44023437499999], [35.28408203125005, 64.36254882812497], [35.43203125, 64.34677734375003], [35.647070312500006, 64.3783203125], [35.80205078125002, 64.33535156250002], [36.14648437499997, 64.18901367187505], [36.3019531250001, 64.034375], [36.36494140625004, 64.00283203125005], [36.713769531249994, 63.945068359375], [36.975195312500006, 63.909521484375034], [37.37275390625004, 63.81674804687498], [37.442187500000074, 63.813378906249994], [37.63535156250006, 63.89340820312506], [37.96796875000004, 63.94912109375002], [38.07080078125003, 64.02583007812504], [38.06220703125004, 64.09101562499998], [37.97714843750006, 64.20703125], [37.953710937500006, 64.32011718750002], [37.84355468750002, 64.36630859375003], [37.740625, 64.39697265625006], [37.42958984375005, 64.37358398437499], [37.28955078125003, 64.3779296875], [37.18369140625006, 64.40849609375002], [37.040429687499994, 64.48916015625], [36.76933593750002, 64.68525390624998], [36.62421875000004, 64.75053710937505], [36.578710937500006, 64.79096679687504], [36.528222656249994, 64.84736328124998], [36.53457031250005, 64.938623046875], [36.652929687500006, 64.93544921874997], [36.78593750000002, 64.98715820312503], [36.88281249999997, 65.17236328125003], [37.05019531250005, 65.1958984375], [37.14082031250004, 65.19428710937495], [37.528125, 65.108251953125], [38.009375, 64.87875976562498], [38.11572265624997, 64.85458984375003], [38.22822265625004, 64.85122070312505], [38.41210937500003, 64.857080078125], [38.441992187500006, 64.82714843750003], [38.540917968749994, 64.791259765625], [38.61308593750002, 64.78666992187505], [39.053515625000074, 64.71391601562505], [39.56738281250003, 64.57055664062497], [39.75800781250004, 64.57705078124997], [39.83300781249997, 64.65639648437497], [39.84863281250003, 64.69052734375], [40.0578125000001, 64.770751953125], [40.20371093750006, 64.78403320312503], [40.4078125, 64.75488281250006], [40.444921875, 64.77871093750002], [40.37539062500005, 64.89628906249999], [40.28125, 64.99809570312505], [40.14267578125006, 65.06328124999999], [39.89648437500003, 65.25478515625002], [39.79804687500004, 65.34985351562503], [39.749121093750006, 65.44794921875004], [39.78115234375005, 65.53471679687502], [39.81650390625006, 65.59794921875005], [40.32783203125004, 65.751708984375], [40.51279296875006, 65.84379882812502], [40.6916015625001, 65.96342773437507], [40.77441406249997, 65.98789062499998], [41.076074218749994, 66.02109375], [41.47578125000004, 66.12343749999997], [41.78085937500006, 66.25932617187505], [42.08359375000006, 66.46591796875003], [42.210546875, 66.51967773437497], [42.31367187500004, 66.51474609375003], [42.45078125, 66.482421875], [42.602148437500006, 66.42250976562497], [42.806542968749994, 66.41132812500001], [43.00595703125006, 66.42094726562502], [43.233203125000074, 66.41552734374997], [43.55087890625006, 66.32128906250006], [43.603320312500074, 66.29121093749995], [43.653125, 66.25097656250003], [43.550390625, 66.17338867187502], [43.541894531249994, 66.12338867187506], [43.623925781249994, 66.146728515625], [43.73701171875004, 66.15839843749998], [43.84375, 66.14238281250002], [43.94414062500002, 66.09868164062499], [44.016699218750006, 66.04975585937498], [44.104394531249994, 66.00859375000002], [44.132421875, 66.06455078125006], [44.145312500000074, 66.11274414062501], [44.09716796874997, 66.23505859374998], [44.22070312499997, 66.40708007812503], [44.31640625000003, 66.48168945312503], [44.48867187500005, 66.67177734375005], [44.437109375, 66.79462890625001], [44.429296875, 66.93774414062506], [44.40390625, 67.00419921874999], [44.291796875000074, 67.09965820312499], [44.07441406250004, 67.167333984375], [43.855371093749994, 67.188623046875], [43.78242187500004, 67.2544921875], [43.79570312500002, 67.32958984375003], [43.856347656249994, 67.439306640625], [44.03642578125002, 67.67065429687497], [44.225390625000074, 67.99560546875], [44.23154296875006, 68.07124023437495], [44.21386718750003, 68.11259765625005], [44.226464843749994, 68.15444335937502], [44.2046875, 68.253759765625], [44.16914062500004, 68.32709960937504], [43.40400390625004, 68.608544921875], [43.358007812500006, 68.63579101562505], [43.3332031250001, 68.67338867187507], [43.4132812500001, 68.68173828124998], [43.47197265625002, 68.67983398437505], [44.0480468750001, 68.548828125], [44.17529296874997, 68.54174804687497], [45.078125, 68.57817382812502], [45.519433593749994, 68.54653320312497], [45.89199218750005, 68.47968750000004], [46.15839843750004, 68.29135742187503], [46.42968749999997, 68.11884765624998], [46.68359375000003, 67.97045898437503], [46.69042968749997, 67.84882812500004], [46.4289062500001, 67.82368164062498], [46.17421875, 67.81816406249999], [45.528710937499994, 67.757568359375], [45.37412109375006, 67.68886718750005], [44.93945312499997, 67.47744140625005], [44.902148437500074, 67.41313476562499], [44.93945312499997, 67.35078124999998], [45.1388671875001, 67.28471679687505], [45.5622070312501, 67.18559570312502], [45.75253906250006, 66.98916015625005], [45.885351562500006, 66.89106445312495], [45.9860351562501, 66.853125], [46.08398437499997, 66.84350585937503], [46.297753906249994, 66.84282226562499], [46.448535156250074, 66.81899414062502], [46.49238281250004, 66.8001953125], [46.55234375, 66.81899414062502], [46.690820312499994, 66.825537109375], [47.49648437499999, 66.92983398437502], [47.655859375, 66.975927734375], [47.709082031250006, 67.04501953125006], [47.76806640624997, 67.27563476562506], [47.839257812499994, 67.35571289062503], [47.90820312500003, 67.45468750000003], [47.88261718750002, 67.51533203125004], [47.87470703125004, 67.58417968750004], [48.278710937499994, 67.65039062500003], [48.65380859375003, 67.69526367187501], [48.8332031250001, 67.68149414062503], [48.87792968750003, 67.73134765625], [48.76269531250003, 67.82700195312503], [48.69570312500005, 67.87421874999995], [48.75429687499999, 67.89594726562495], [48.840625, 67.86972656250003], [48.953906250000074, 67.85380859375007], [49.15527343749997, 67.87041015624999], [49.93125, 68.06513671874995], [50.23320312500002, 68.17534179687502], [50.41406249999997, 68.218359375], [50.69941406250004, 68.31772460937498], [50.83886718750003, 68.34995117187498], [51.07851562499999, 68.36333007812505], [51.3361328125001, 68.40244140625], [51.61669921874997, 68.47631835937497], [51.99472656250006, 68.53876953124998], [52.05566406250003, 68.54130859375007], [52.128808593749994, 68.53203125000005], [52.28535156250004, 68.459375], [52.22744140625005, 68.41860351562502], [52.18349609375005, 68.37426757812506], [52.259179687499994, 68.350927734375], [52.32226562499997, 68.33969726562503], [52.39667968750004, 68.351708984375], [52.475, 68.38212890625005], [52.669726562500074, 68.4267578125], [52.72265625000003, 68.48403320312502], [52.64765625000004, 68.50615234375002], [52.55009765625002, 68.592431640625], [52.43505859374997, 68.61020507812498], [52.344042968750074, 68.608154296875], [52.68359374999997, 68.73120117187503], [53.412890625000074, 68.91254882812501], [53.8019531250001, 68.99589843750005], [54.18583984375002, 69.00332031250005], [54.49121093749997, 68.99233398437502], [54.37626953125002, 68.96474609375], [53.874414062499994, 68.92661132812503], [53.79765625000002, 68.90747070312497], [53.79824218750005, 68.88466796875002], [53.91953125000006, 68.87124023437505], [53.970605468749994, 68.84428710937507], [53.929296875, 68.81186523437503], [53.89121093750006, 68.80151367187506], [53.833886718749994, 68.70893554687501], [53.758886718750006, 68.63398437500004], [53.91767578125004, 68.53696289062498], [53.93085937500004, 68.435546875], [53.829492187499994, 68.38266601562498], [53.690039062500006, 68.40253906249995], [53.56669921875002, 68.36708984375002], [53.34257812500002, 68.34321289062504], [53.29335937500005, 68.311669921875], [53.26054687500002, 68.26748046874997], [53.403125, 68.25683593750003], [53.51513671875003, 68.25966796874997], [53.913671875, 68.23120117187503], [53.96787109375006, 68.22734375000005], [54.09921875000006, 68.25903320312503], [54.23291015624997, 68.26630859374998], [54.393945312499994, 68.27509765625001], [54.47617187500006, 68.29414062499998], [54.56123046875004, 68.27304687500003], [54.7179687500001, 68.18417968750006], [54.86132812499997, 68.20185546875001], [54.92304687500004, 68.37382812500005], [55.15087890625003, 68.48002929687502], [55.418066406250006, 68.56782226562495], [55.67529296874997, 68.57587890625001], [55.924609375000074, 68.6373046875], [56.0436523437501, 68.64887695312495], [56.27568359375002, 68.62407226562505], [56.620214843750006, 68.61904296875], [56.909375, 68.56669921874999], [57.12685546875005, 68.55400390624999], [57.44433593749997, 68.64150390624997], [58.1730468750001, 68.88974609375], [58.2370117187501, 68.83393554687498], [58.35390625, 68.91621093749998], [58.91894531250003, 69.00380859374997], [59.05732421875004, 69.00605468749998], [59.05986328125002, 68.97255859375], [59.110156250000074, 68.89628906249999], [59.22041015625004, 68.849609375], [59.370507812499994, 68.73837890624998], [59.29833984375003, 68.70844726562501], [59.22255859375005, 68.69130859375], [59.11230468749997, 68.61630859374998], [59.099023437499994, 68.44433593750003], [59.3107421875001, 68.40029296875002], [59.60429687500002, 68.35112304687505], [59.72568359375006, 68.35161132812505], [59.827539062499994, 68.38032226562495], [59.858789062499994, 68.39604492187505], [59.89736328125005, 68.42192382812499], [59.92285156249997, 68.47133789062502], [59.94140625000003, 68.510498046875], [59.86513671875005, 68.60493164062498], [59.89599609375003, 68.70634765625002], [60.160253906250006, 68.69951171875005], [60.489160156249994, 68.72895507812501], [60.63769531249997, 68.78701171875002], [60.81513671875004, 68.89521484374995], [60.93359375000003, 68.98676757812495], [60.8585937500001, 69.14550781249997], [60.66455078125003, 69.11025390624997], [60.33730468750005, 69.45703125000003], [60.1706054687501, 69.59091796875003], [60.276464843750006, 69.65263671874999], [60.558691406250006, 69.69233398437498], [60.81298828124997, 69.82114257812503], [60.909082031249994, 69.84711914062498], [61.01591796875002, 69.85146484375], [61.77050781249997, 69.763037109375], [62.63125, 69.74311523437504], [63.361425781250006, 69.67529296874997], [64.19042968749997, 69.53466796875003], [64.5921875, 69.43564453125], [64.92851562500007, 69.32539062500001], [64.89628906250007, 69.24780273437503], [65.03154296875007, 69.26982421875007], [65.3267578125, 69.20136718749998], [65.52792968750006, 69.17343749999998], [65.7357421875, 69.13232421875003], [65.81269531250004, 69.07700195312503], [66.08476562500007, 69.03632812500001], [66.365625, 68.96132812500002], [66.41611328125006, 68.94785156250003], [66.75644531250006, 68.89199218750002], [67.00244140624997, 68.87358398437499], [67.14921875000002, 68.75395507812505], [67.63964843750003, 68.57929687499998], [67.73076171875002, 68.51367187500003], [68.1569335937501, 68.403662109375], [68.37119140625, 68.31425781249999], [68.50419921875002, 68.34843750000002], [68.82949218750005, 68.56743164062505], [69.02431640625005, 68.81796875000003], [69.14052734375, 68.95063476562495], [68.9244140625, 68.95620117187502], [68.76289062500004, 68.91738281250002], [68.6595703125, 68.92739257812502], [68.54277343750007, 68.96708984375005], [68.355078125, 69.06757812499998], [68.1173828125001, 69.23623046874997], [68.07304687500002, 69.42080078125], [68.00585937500003, 69.48002929687499], [67.77431640625, 69.52998046874995], [67.62412109375006, 69.58442382812504], [67.06445312499997, 69.693701171875], [66.96406250000004, 69.65556640625005], [66.9341796875, 69.59667968750006], [66.8966796875001, 69.55380859375], [66.84023437500005, 69.60917968750002], [66.80400390625007, 69.65922851562499], [66.8029296875001, 69.74013671874997], [66.83222656250004, 69.84218749999997], [66.9263671875, 70.01425781250003], [67.06904296875004, 70.00561523437506], [67.14443359375005, 70.03061523437498], [67.23925781249997, 70.10805664062505], [67.1974609375001, 70.17163085937503], [67.14648437500003, 70.21992187500001], [67.1568359375, 70.29511718749995], [67.246875, 70.50009765624998], [67.284765625, 70.73872070312501], [67.2115234375, 70.7984375], [67.14335937500007, 70.83754882812497], [66.8224609375001, 70.79736328125006], [66.70224609375, 70.818505859375], [66.6751953125, 70.86469726562501], [66.66611328125, 70.90058593750004], [66.75878906249997, 70.96235351562501], [66.84707031250005, 71.06372070312506], [66.6925781250001, 71.04169921875001], [66.63964843749997, 71.081396484375], [66.76806640625003, 71.13989257812503], [66.917578125, 71.282373046875], [67.27421875000002, 71.34785156250001], [67.54179687500007, 71.41201171875005], [67.959375, 71.54838867187502], [68.26923828125004, 71.68281249999995], [68.46943359375004, 71.85263671875], [68.60742187500003, 72.01274414062505], [68.8296875, 72.39155273437501], [69.03906250000003, 72.66992187499997], [69.39140625000002, 72.95551757812498], [69.61181640624997, 72.98193359375003], [69.69433593750003, 72.97753906250003], [69.70898437499997, 72.95639648437498], [69.65878906250006, 72.93183593749995], [69.6451171875, 72.89755859375], [69.73828125000003, 72.88496093750001], [69.8875, 72.88256835937506], [70.17216796875002, 72.90117187500002], [70.65537109375006, 72.89038085937503], [71.50019531250004, 72.91367187499998], [71.61699218750002, 72.90209960937503], [71.92958984375005, 72.81967773437503], [72.10097656250005, 72.82900390624997], [72.44638671875, 72.79033203124999], [72.63378906249997, 72.74448242187498], [72.81210937500006, 72.69140625], [72.78740234375002, 72.48295898437499], [72.75292968749997, 72.34316406250002], [72.6244140625, 72.07944335937503], [72.57412109375, 72.012548828125], [72.375, 71.821630859375], [72.2794921875001, 71.69550781249998], [72.12968750000002, 71.60917968750007], [71.91201171875, 71.54794921875003], [71.884375, 71.51137695312502], [71.86728515625006, 71.45737304687503], [72.0792968750001, 71.30668945312499], [72.58134765625002, 71.151123046875], [72.7044921875, 70.963232421875], [72.7316406250001, 70.8228515625], [72.7, 70.45732421875005], [72.65332031249997, 70.40341796875], [72.5619140625, 70.34555664062503], [72.46943359375004, 70.27495117187502], [72.5296875, 70.17250976562502], [72.59941406250007, 69.79321289062503], [72.615625, 69.48403320312502], [72.55732421875004, 69.37841796875], [72.5270507812501, 69.15424804687498], [72.52734374999997, 69.08051757812495], [72.5767578125, 68.96870117187501], [72.6783203125, 68.87485351562498], [72.8119140625, 68.81523437500002], [73.19072265625002, 68.70678710937503], [73.54804687500004, 68.57451171874999], [73.5734375000001, 68.5326171875], [73.59169921875, 68.48188476562495], [73.465234375, 68.43076171875], [73.26640625000007, 68.29448242187505], [73.13945312500007, 68.18134765625001], [73.12939453124997, 68.09091796875006], [73.17304687500004, 67.97304687500002], [73.15214843750007, 67.86503906250005], [73.066796875, 67.76694335937503], [72.94873046875003, 67.69624023437504], [72.5943359375, 67.58696289062507], [71.84746093750002, 67.00761718749999], [71.66816406250004, 66.939697265625], [71.36523437499997, 66.9615234375], [71.4489257812501, 66.87895507812507], [71.55117187500005, 66.76044921874998], [71.53955078124997, 66.68310546875003], [71.34199218750004, 66.68671874999998], [71.065625, 66.6044921875], [70.93945312500003, 66.54814453124999], [70.72490234375002, 66.51943359375], [70.56142578125, 66.548681640625], [70.38281249999997, 66.60249023437495], [70.40888671875004, 66.647607421875], [70.44257812500004, 66.66826171875005], [70.56796875, 66.70087890625001], [70.69072265625007, 66.74531250000001], [70.63076171875, 66.75419921875005], [70.57910156249997, 66.75375976562503], [70.44394531250006, 66.69731445312502], [70.28339843750004, 66.68579101562497], [70.09375, 66.75434570312498], [69.94863281250005, 66.82998046875002], [69.87714843750004, 66.845458984375], [69.7404296875001, 66.814599609375], [69.21777343750003, 66.82861328125003], [69.0787109375, 66.81591796875], [69.01347656250007, 66.78833007812497], [69.051171875, 66.76635742187503], [69.09111328125007, 66.72358398437504], [69.1439453125, 66.64072265625003], [69.19433593750003, 66.57866210937499], [69.41201171875005, 66.5107421875], [69.70097656250002, 66.48457031250001], [69.98242187500003, 66.40141601562502], [70.339453125, 66.3423828125], [71.14550781249997, 66.36665039062495], [71.3580078125, 66.35942382812499], [71.565625, 66.333740234375], [71.91699218749997, 66.24672851562505], [72.0675781250001, 66.25332031249997], [72.32158203125007, 66.33212890625003], [72.38398437500004, 66.50654296874995], [72.41738281250005, 66.560791015625], [73.34160156250002, 66.80683593750001], [73.51357421875, 66.86108398437497], [73.79208984375006, 66.99531249999995], [73.88330078124997, 67.08496093750003], [73.98623046875, 67.32768554687499], [74.07451171875002, 67.41411132812502], [74.67607421875002, 67.69462890625005], [74.76953124999997, 67.76635742187503], [74.78730468750004, 67.89750976562499], [74.77822265625005, 67.98593749999998], [74.74267578124997, 68.07353515625007], [74.632421875, 68.21831054687499], [74.51123046875003, 68.30307617187503], [74.39140625000002, 68.42060546874998], [74.48095703124997, 68.65888671874995], [74.57958984374997, 68.75122070312503], [75.124609375, 68.86171874999997], [75.58955078125004, 68.90117187500002], [76.10751953125006, 68.97573242187502], [76.31601562500006, 68.99150390625005], [76.45917968750004, 68.978271484375], [76.60576171875002, 68.897607421875], [76.7350585937501, 68.77690429687502], [77.11171875, 68.59619140624997], [77.23847656250004, 68.469580078125], [77.26103515625002, 68.315576171875], [77.24843750000005, 67.94101562499998], [77.17441406250006, 67.77851562500001], [77.32509765625005, 67.73564453125007], [77.39560546875012, 67.69868164062498], [77.57919921875012, 67.64394531250002], [77.67509765625002, 67.58959960937497], [77.77158203125006, 67.57026367187504], [77.98554687500004, 67.5591796875], [78.5895507812501, 67.578466796875], [78.92246093750012, 67.58911132812497], [78.88759765625005, 67.61313476562498], [78.8390625000001, 67.631201171875], [78.55908203124997, 67.63911132812504], [78.16123046875012, 67.67836914062502], [77.58828125, 67.75190429687501], [77.52011718750006, 67.90961914062498], [77.53593750000002, 68.00766601562498], [77.66484375000007, 68.19038085937498], [77.75683593749997, 68.22236328125001], [77.86826171875012, 68.23471679687503], [77.99511718750003, 68.25947265625001], [77.95869140625004, 68.37705078125], [77.90683593750006, 68.48227539062503], [77.78525390625006, 68.63046875000003], [77.65068359375002, 68.90302734374995], [77.46630859375003, 68.90512695312503], [77.3283203125001, 68.958642578125], [76.64492187500005, 69.11738281250001], [76.00097656250003, 69.23505859375001], [75.5611328125, 69.25180664062503], [75.42001953125006, 69.238623046875], [75.05351562500002, 69.11630859375006], [74.81484375000005, 69.09057617187497], [74.36259765625002, 69.14458007812505], [73.97744140625, 69.1146484375], [73.83603515625, 69.14321289062502], [73.77568359375007, 69.19824218750006], [73.89091796875002, 69.41796875000006], [73.83271484375004, 69.50390624999997], [73.6632812500001, 69.61708984375002], [73.56015625000006, 69.70722656250001], [73.578125, 69.80297851562497], [73.83017578125, 70.17568359374997], [73.93740234375, 70.27285156250005], [74.20673828125004, 70.44545898437502], [74.343359375, 70.5787109375], [74.31093750000005, 70.65361328124999], [73.73154296875006, 71.068701171875], [73.5765625, 71.21650390625001], [73.5072265625, 71.26352539062498], [73.36523437499997, 71.31977539062498], [73.15048828125, 71.38520507812498], [73.08623046875002, 71.444921875], [73.67177734375005, 71.84506835937498], [73.93945312499997, 71.91474609374995], [74.31123046875004, 71.95781250000005], [74.48906250000002, 71.99702148437504], [74.8041015625, 72.07739257812497], [74.99218750000003, 72.14482421875002], [75.05322265625003, 72.19921875], [75.08994140625006, 72.26313476562498], [75.0970703125, 72.420654296875], [75.06035156250007, 72.54877929687498], [75.00800781250004, 72.61943359374999], [74.896875, 72.710107421875], [74.78681640625004, 72.81186523437503], [74.86494140625004, 72.83842773437502], [74.94218750000007, 72.85380859375005], [75.15244140625, 72.85273437500001], [75.36933593750004, 72.79663085937503], [75.47490234375002, 72.68500976562504], [75.60351562499997, 72.5810546875], [75.603125, 72.51215820312498], [75.59140625000006, 72.45722656249998], [75.64433593750002, 72.38227539062501], [75.69111328125004, 72.35], [75.7414062500001, 72.29624023437506], [75.69443359375, 72.25351562500006], [75.64433593750002, 72.23232421875], [75.5501953125, 72.17080078125], [75.39453125000003, 71.98320312500005], [75.27382812500005, 71.95893554687498], [75.2474609375, 71.81337890625], [75.50322265625002, 71.654638671875], [75.46855468750002, 71.534375], [75.4171875000001, 71.49467773437502], [75.28027343750003, 71.430078125], [75.2980468750001, 71.37846679687505], [75.33203124999997, 71.34174804687501], [75.7335937500001, 71.26591796875002], [76.11044921875012, 71.21855468750007], [76.74199218750007, 71.20205078125], [76.92900390625007, 71.12788085937498], [76.99521484375006, 71.18105468749997], [77.58964843750002, 71.16791992187495], [78.06826171875, 70.986328125], [78.32060546875007, 70.93041992187497], [78.52578125000005, 70.91181640625001], [78.94218750000007, 70.93378906249995], [79.01542968750007, 70.9501953125], [79.08388671875005, 71.00200195312499], [78.88867187499997, 70.99716796874998], [78.80351562500007, 70.97353515624997], [78.72392578125002, 70.97597656250002], [78.58769531250007, 70.99389648437503], [78.49140625000004, 71.02539062499997], [78.38652343750002, 71.08710937500001], [78.2125976562501, 71.26630859375001], [77.90839843750004, 71.32407226562498], [77.70664062500006, 71.30058593749999], [77.48105468750012, 71.31157226562502], [77.11367187500005, 71.409375], [76.87119140625012, 71.44658203125007], [76.43339843750002, 71.55249023437497], [76.31210937500006, 71.59545898437503], [76.21572265625, 71.68286132812497], [76.10361328125006, 71.82900390625], [76.03242187500004, 71.91040039062497], [76.12402343749997, 71.92661132812498], [76.42167968750002, 72.006005859375], [76.87138671875007, 72.03300781249999], [77.06132812500002, 72.00419921875007], [77.55078125000003, 71.84208984374999], [77.77753906250004, 71.83642578125], [78.1869140625, 71.907080078125], [78.23242187499997, 71.95229492187497], [78.14082031250004, 72.04467773437497], [78.01640625000002, 72.09204101562503], [77.78066406250005, 72.11430664062502], [77.49287109375004, 72.07172851562498], [77.4108398437501, 72.10776367187503], [77.43974609375002, 72.15654296875002], [77.47158203125005, 72.192138671875], [77.62529296875002, 72.201416015625], [77.73320312500007, 72.22919921874998], [77.96816406250005, 72.3287109375], [78.22539062500002, 72.37744140625], [78.48261718750004, 72.39497070312501], [79.42207031250004, 72.38076171875005], [79.95390625000002, 72.22304687499997], [80.47402343750005, 72.153125], [80.69921874999997, 72.09829101562497], [80.7625, 72.08916015625005], [80.81474609375007, 72.05429687499998], [80.85605468750006, 71.97021484374997], [81.51123046875003, 71.74614257812499], [81.66162109375003, 71.71596679687497], [82.07988281250007, 71.70683593750007], [82.547265625, 71.75859375000005], [82.75781249999997, 71.76411132812501], [82.98613281250002, 71.74868164062497], [83.1066406250001, 71.72050781250002], [83.2335937500001, 71.66816406250001], [83.16552734374997, 71.60219726562497], [83.10566406250004, 71.56245117187495], [82.97705078124997, 71.45136718749998], [82.91796875000003, 71.41992187500006], [82.49316406249997, 71.29287109375002], [82.32285156250012, 71.26000976562497], [82.27695312500006, 71.09345703124998], [82.254296875, 71.05620117187502], [82.23916015625, 70.99770507812502], [82.31601562500012, 70.87944335937499], [82.33593750000003, 70.80737304687506], [82.27070312500004, 70.70673828124998], [82.16318359375006, 70.59814453124997], [82.18242187500002, 70.51147460937497], [82.22119140624997, 70.39570312500001], [82.23583984374997, 70.43027343750006], [82.23144531250003, 70.48291015625003], [82.25839843750012, 70.54360351562505], [82.45166015624997, 70.69008789062505], [82.59248046875004, 70.88994140624999], [82.73779296874997, 70.94208984374995], [82.86914062500003, 70.95483398437497], [83.01015625000005, 70.89541015625005], [83.05107421875002, 70.81523437500005], [83.05839843750002, 70.69472656250002], [83.03017578125005, 70.58051757812501], [82.91982421875005, 70.40742187500001], [82.74248046875007, 70.28647460937498], [82.68232421875004, 70.21772460937501], [82.76728515625004, 70.154052734375], [82.85654296875012, 70.10454101562505], [82.96103515625006, 70.08828125000002], [83.08076171875004, 70.093017578125], [83.10957031250004, 70.10957031249998], [83.1320312500001, 70.15717773437501], [83.094140625, 70.22109374999997], [83.07382812500006, 70.27670898437503], [83.29345703125003, 70.32133789062507], [83.49707031249997, 70.34526367187505], [83.6598632812501, 70.41835937500002], [83.70048828125002, 70.46640625000003], [83.73593750000012, 70.546484375], [83.65126953125, 70.67221679687503], [83.57890625000002, 70.76591796875005], [83.33388671875, 70.988525390625], [83.15126953125005, 71.10361328125], [83.26601562500005, 71.27587890625003], [83.45761718750006, 71.46752929687497], [83.53105468750002, 71.5142578125], [83.5504882812501, 71.54365234375004], [83.57128906249997, 71.59438476562497], [83.55351562500007, 71.6498046875], [83.534375, 71.683935546875], [83.34042968750012, 71.82753906249997], [83.20029296875006, 71.87470703124998], [82.75507812500004, 71.90283203125003], [82.64541015625, 71.92524414062498], [82.31914062500007, 72.07182617187499], [82.28066406250005, 72.10512695312502], [82.20927734375007, 72.21118164062506], [82.18359374999997, 72.237548828125], [82.09365234375005, 72.26542968749999], [81.79287109375005, 72.32661132812504], [81.58623046875002, 72.351708984375], [81.28271484375003, 72.35883789062501], [81.09814453124997, 72.38974609375], [80.82705078125, 72.48828125], [80.79775390625, 72.51997070312498], [80.71962890625005, 72.64790039062501], [80.65625, 72.71201171875003], [80.67539062500012, 72.75917968750005], [80.77373046875007, 72.86079101562495], [80.84160156250002, 72.94916992187504], [80.75742187500012, 73.02524414062498], [80.63867187499997, 73.04916992187498], [80.50966796875, 73.08608398437502], [80.45546875, 73.15522460937498], [80.42451171875004, 73.23115234375001], [80.41894531249997, 73.28964843750003], [80.39804687500012, 73.35683593750002], [80.45830078125002, 73.413720703125], [80.5958984375001, 73.47402343750002], [80.5619140625, 73.514990234375], [80.58320312500004, 73.56845703124998], [81.46884765625012, 73.64042968749999], [81.81699218750006, 73.65883789062502], [83.54472656250007, 73.66650390624997], [83.66699218750003, 73.68647460937495], [84.41738281250005, 73.722021484375], [84.73789062500006, 73.76284179687497], [85.07744140625002, 73.71953125000005], [85.2005859375, 73.721533203125], [85.44833984375012, 73.734619140625], [85.61142578125012, 73.82158203125005], [85.97929687500002, 73.85693359375006], [86.59140625000012, 73.89428710937503], [86.89296875, 73.88710937499997], [86.96132812500005, 73.86074218750002], [87.0294921875001, 73.82416992187504], [86.69765625, 73.71684570312502], [86.3659179687501, 73.61977539062505], [86.09414062500005, 73.57832031249995], [85.82705078125, 73.4927734375], [85.8004882812501, 73.45893554687495], [85.79257812500006, 73.43833007812503], [85.80244140625004, 73.37167968750003], [85.81816406250002, 73.32695312499999], [86.09814453124997, 73.27260742187502], [86.30791015625007, 73.19575195312498], [86.51435546875004, 73.140478515625], [86.67705078125007, 73.10678710937498], [86.71503906250004, 73.12583007812503], [86.12167968750006, 73.30673828125003], [85.97080078125006, 73.3470703125], [85.91005859375005, 73.39042968750005], [85.93896484374997, 73.45649414062501], [85.99892578125, 73.48583984375003], [86.09238281250006, 73.51914062499998], [86.15507812500002, 73.53466796875003], [86.37626953125007, 73.56884765624997], [87.12011718749997, 73.61503906250005], [87.29443359374997, 73.70468750000003], [87.36953125, 73.75590820312507], [87.57119140625005, 73.81074218749995], [87.50322265625007, 73.83247070312504], [87.3375, 73.84604492187506], [87.20966796875004, 73.87866210937503], [86.69707031250002, 74.19531249999997], [86.57109375000007, 74.24375], [86.17783203125006, 74.27939453125006], [86.0013671875, 74.31601562500006], [86.18291015625002, 74.42304687500001], [86.39580078125002, 74.45009765625002], [86.5384765625, 74.44423828124997], [86.66474609375004, 74.41425781249998], [86.89794921875003, 74.325341796875], [87.2296875000001, 74.36386718750003], [87.1061523437501, 74.40356445312503], [86.89423828125004, 74.44970703125003], [86.70009765625005, 74.5224609375], [86.42568359375, 74.58549804687507], [86.11611328125, 74.62856445312505], [85.79101562500003, 74.64511718750003], [85.88076171875, 74.74023437500006], [86.05888671875007, 74.72822265625001], [86.11953125, 74.757421875], [86.20126953125012, 74.81621093749999], [86.65146484375006, 74.68242187499999], [86.86289062500006, 74.71787109375003], [87.04179687500002, 74.77885742187502], [87.4193359375, 74.94091796875], [87.46757812500007, 75.01323242187507], [87.28740234375007, 75.05253906249999], [87.14072265625012, 75.07226562500003], [86.93906250000006, 75.06811523437497], [86.92167968750007, 75.11279296875003], [87.00595703125006, 75.16982421875], [87.17080078125, 75.19174804687503], [87.67138671875003, 75.12958984374998], [88.50371093750002, 75.29047851562498], [88.73310546875004, 75.36918945312502], [89.31025390625004, 75.4701171875], [89.5951171875, 75.45825195312506], [90.1849609375, 75.59106445312503], [91.00468750000002, 75.64956054687502], [91.47949218750003, 75.64965820312506], [91.84541015625004, 75.72368164062505], [92.40751953125007, 75.749658203125], [92.60253906250003, 75.77910156250005], [93.54980468750003, 75.85410156250006], [94.07519531250003, 75.91289062500005], [94.15634765625012, 75.95922851562497], [93.68701171874997, 75.92158203125004], [93.57402343750007, 75.956298828125], [93.47548828125005, 75.93286132812503], [93.40605468750002, 75.90126953124997], [93.178125, 75.958984375], [93.11630859375006, 75.94462890625002], [93.06865234375002, 75.91284179687503], [92.98662109375002, 75.902685546875], [92.89042968750007, 75.90996093750007], [92.85859375000004, 75.97949218750003], [92.97158203125, 76.07509765625005], [93.10488281250005, 76.02583007812495], [93.25927734374997, 76.098779296875], [93.35957031250004, 76.10073242187502], [93.64843750000003, 76.05415039062504], [93.84287109375012, 76.10131835937506], [94.10234375000002, 76.12358398437507], [94.38828125000012, 76.102783203125], [94.50673828125, 76.10795898437499], [94.5755859375, 76.15175781250002], [95.0384765625, 76.11352539062506], [95.35927734375005, 76.13959960937504], [95.57871093750006, 76.1373046875], [95.91992187499997, 76.11313476562498], [96.07548828125002, 76.08198242187501], [95.9860351562501, 76.00966796875002], [95.65332031249997, 75.8921875], [95.74384765625004, 75.87231445312503], [95.93476562500004, 75.92602539062506], [96.50859375000007, 76.00556640625001], [96.60058593749997, 75.989892578125], [96.53769531250006, 75.92163085937503], [96.49707031250003, 75.89121093750006], [96.87919921875007, 75.9310546875], [97.20546875, 76.01870117187502], [97.35068359375012, 76.03339843749998], [97.4992187500001, 75.980224609375], [97.63769531249997, 76.029052734375], [97.66982421875005, 76.07802734375002], [97.91835937500005, 76.08867187500005], [98.02001953124997, 76.13369140625], [98.19462890625002, 76.16640625], [98.3419921875001, 76.18056640625002], [98.66201171875, 76.24267578125], [98.77128906250007, 76.2240234375], [98.98466796875002, 76.20756835937502], [99.18730468750002, 76.17763671874997], [99.5626953125001, 76.10932617187501], [99.615625, 76.08232421875002], [99.66318359375006, 76.07802734375002], [99.77041015625005, 76.02875976562501], [99.68925781250002, 75.95634765625002], [99.60234375000002, 75.85205078125], [99.44218750000007, 75.80317382812498], [99.5407226562501, 75.79858398437503], [99.609375, 75.81127929687503], [99.7375, 75.88066406250005], [99.85136718750002, 75.93027343750003], [99.82539062500004, 76.13593750000001], [99.61679687500012, 76.24018554687501], [99.4606445312501, 76.27509765625001], [99.09384765625006, 76.38432617187507], [98.96953125000007, 76.43081054687502], [98.80566406249997, 76.48066406249998], [98.86943359375002, 76.50957031250002], [99.57626953125012, 76.47143554687506], [99.9357421875001, 76.489892578125], [100.32236328125006, 76.47915039062502], [100.84375, 76.52519531249999], [101.06074218750004, 76.47724609374998], [101.3107421875001, 76.47890624999997], [101.59775390625012, 76.43920898437497], [101.68378906250004, 76.485498046875], [101.21298828125006, 76.53569335937499], [101.0026367187501, 76.530517578125], [100.92802734375007, 76.55673828125003], [101.00625, 76.615087890625], [101.0993164062501, 76.70400390625], [101.008203125, 76.78134765625003], [100.92041015624997, 76.822509765625], [100.90585937500012, 76.90068359375002], [100.9899414062501, 76.990478515625], [101.1857421875001, 77.02856445312506], [101.29287109375, 77.1015625], [101.51767578125012, 77.19809570312503], [102.61015625000002, 77.50854492187503], [103.13144531250012, 77.62646484375], [103.33125, 77.64106445312504], [103.56074218750004, 77.63193359375003], [104.01455078125005, 77.73041992187504], [104.18486328125002, 77.73046875000006], [104.81425781250002, 77.65209960937497], [104.96523437500005, 77.5947265625], [105.308984375, 77.54921874999997], [105.71025390625002, 77.52524414062498], [105.89453124999997, 77.48886718750003], [105.98339843749997, 77.44760742187506], [106.05957031249997, 77.39052734374997], [105.73417968750002, 77.35200195312504], [105.38457031250002, 77.23784179687505], [104.91191406250002, 77.17470703124997], [104.32363281250005, 77.13266601562503], [104.20244140625007, 77.10180664062506], [105.32021484375005, 77.09233398437507], [105.64589843750005, 77.10068359375], [105.71201171875012, 77.00146484375003], [105.82216796875, 76.99750976562501], [106.14541015625005, 77.0453125], [106.33867187500007, 77.04785156249997], [106.70507812500003, 77.01376953125006], [106.78369140625003, 77.03178710937499], [106.94160156250004, 77.034375], [107.27890625000012, 76.99096679687503], [107.42978515625012, 76.92656250000005], [107.19023437500007, 76.82202148437497], [106.94091796875003, 76.73046874999997], [106.63876953125006, 76.57338867187505], [106.54550781250012, 76.586279296875], [106.38466796875, 76.58945312500003], [106.41357421874997, 76.51225585937502], [106.68320312500006, 76.51469726562507], [106.8253906250001, 76.48007812500003], [107.15771484375003, 76.52407226562502], [107.62421875000004, 76.51010742187503], [107.72216796875003, 76.52231445312503], [107.90224609375, 76.569677734375], [107.94990234375004, 76.66064453125006], [108.02792968750012, 76.71845703125001], [108.18164062499997, 76.73784179687505], [108.35205078124997, 76.71953125000005], [108.63837890625004, 76.7201171875], [109.36933593750004, 76.74921874999998], [109.98115234375004, 76.71186523437501], [110.47148437500002, 76.75839843749998], [111.11484375000012, 76.72304687499997], [111.39248046875, 76.68666992187502], [111.60058593750003, 76.62231445312497], [111.78613281249997, 76.60356445312505], [111.93867187500004, 76.55341796874995], [112.0939453125001, 76.480322265625], [112.0167968750001, 76.420556640625], [111.94267578125007, 76.38046875], [112.1427734375001, 76.42397460937497], [112.2970703125001, 76.43466796875003], [112.41328125000004, 76.40830078124998], [112.61953125000005, 76.383544921875], [112.68417968750006, 76.21884765625], [112.74257812500005, 76.1869140625], [112.79843750000006, 76.12963867187506], [112.721875, 76.07719726562502], [112.65625, 76.053564453125], [112.81894531250006, 76.05859375000006], [113.04667968750002, 76.114111328125], [113.09404296875007, 76.13291015625], [113.15039062500003, 76.17451171874995], [113.06601562500006, 76.215234375], [112.98798828125004, 76.23974609375], [113.08603515625006, 76.25810546875002], [113.27265625000004, 76.25166015624995], [113.36552734375007, 76.17885742187505], [113.42773437500003, 76.11210937500005], [113.56386718750005, 75.89165039062507], [113.85722656250002, 75.92128906249997], [113.87099609375, 75.85600585937499], [113.74873046875004, 75.70478515625001], [113.61992187500002, 75.59267578125], [113.5675781250001, 75.56840820312502], [113.48593750000006, 75.56396484375], [113.51718750000012, 75.621875], [113.46904296875002, 75.65668945312498], [113.39160156250003, 75.67788085937502], [113.1263671875, 75.69868164062501], [112.62919921875007, 75.83540039062498], [112.49667968750006, 75.84990234374999], [112.46611328125007, 75.84365234374997], [112.45302734375005, 75.83017578125006], [112.72958984375006, 75.73764648437503], [112.95566406250012, 75.57192382812502], [113.16152343750005, 75.62050781249997], [113.24296875000002, 75.61142578125], [113.35625, 75.53427734375], [113.55888671875002, 75.50205078125], [113.72617187500006, 75.45063476562501], [113.61357421875007, 75.29296875000003], [112.92490234375006, 75.0150390625], [112.19199218750006, 74.85317382812497], [111.86826171875012, 74.74003906250002], [111.29902343750004, 74.658447265625], [110.89277343750004, 74.548095703125], [110.37353515624997, 74.46606445312497], [110.22587890625002, 74.37866210937503], [109.84033203124997, 74.32197265625001], [109.86640625000004, 74.29306640625], [109.91132812500004, 74.261328125], [109.86386718750006, 74.20888671875], [109.81025390625004, 74.16918945312497], [109.51083984375006, 74.08881835937504], [109.075, 74.03232421874998], [108.19951171875002, 73.694091796875], [107.76542968750002, 73.625], [107.27109375000012, 73.62104492187495], [107.16699218749997, 73.58940429687499], [106.79423828125007, 73.37666015624998], [106.6793945312501, 73.33066406250003], [106.18867187500004, 73.30800781250002], [105.67714843750005, 72.95927734375005], [105.3927734375001, 72.84101562500001], [105.1439453125, 72.77705078124995], [105.402734375, 72.78994140625], [105.70820312500004, 72.83666992187503], [106.06669921875007, 72.949853515625], [106.1595703125, 73.00200195312505], [106.20878906250007, 73.06054687499997], [106.31503906250012, 73.10639648437498], [106.4779296875, 73.13940429687497], [107.1087890625, 73.17729492187505], [107.36875000000012, 73.16313476562502], [107.750390625, 73.17314453125002], [108.00126953125002, 73.23559570312503], [108.15097656250006, 73.25791015625003], [108.2853515625001, 73.26586914062497], [108.35146484375005, 73.31020507812505], [108.5753906250001, 73.31904296874998], [109.08994140625012, 73.37841796875], [109.165625, 73.39960937499995], [109.33105468749997, 73.487451171875], [109.63710937500005, 73.45400390625002], [109.85527343750007, 73.47246093750005], [110.42871093750003, 73.62890625000006], [110.77333984375, 73.68916015624998], [110.86816406250003, 73.730712890625], [110.79921875, 73.75976562499997], [110.7223632812501, 73.779931640625], [110.38828125000006, 73.72602539062501], [110.0912109375, 73.70854492187502], [109.75273437500007, 73.72255859375002], [109.7067382812501, 73.74375], [109.665625, 73.80024414062495], [109.77412109375004, 73.88125], [109.86914062499997, 73.93061523437495], [110.08388671875005, 73.99438476562497], [110.26142578125004, 74.01743164062506], [110.92011718750004, 73.94790039062502], [111.05625, 73.93935546874997], [111.13085937499997, 74.05283203124998], [111.34140625000006, 74.04736328125003], [111.55058593750007, 74.02851562500001], [111.45996093749997, 74.00483398437498], [111.228125, 73.96855468750005], [111.29951171875004, 73.88486328125006], [111.40039062500003, 73.82773437500006], [111.80371093750003, 73.74526367187502], [112.14726562500002, 73.70893554687501], [112.4, 73.71113281250001], [112.79541015624997, 73.74609375000003], [112.85595703124997, 73.77114257812497], [112.93964843750004, 73.83564453124998], [112.83593749999997, 73.96206054687497], [112.9349609375, 73.94570312500002], [113.03281250000012, 73.91386718750002], [113.18154296875005, 73.83740234374997], [113.3268554687501, 73.70742187499997], [113.4162109375001, 73.64760742187502], [113.3644531250001, 73.58276367187497], [113.1569335937501, 73.4595703125], [113.27695312500012, 73.39150390625], [113.4909179687501, 73.34609374999997], [113.48759765625007, 73.14511718749998], [113.47460937499997, 73.04785156249997], [113.36933593750004, 72.94189453124997], [113.24736328125007, 72.897216796875], [113.12783203125005, 72.83066406250003], [113.15820312500003, 72.76948242187501], [113.18613281250012, 72.73017578125001], [113.31220703125004, 72.657373046875], [113.66455078124997, 72.63452148437506], [113.71191406250003, 72.65415039062506], [113.63007812500004, 72.67709960937503], [113.39140625000007, 72.71103515625], [113.29814453125002, 72.7388671875], [113.21552734375004, 72.80585937499995], [113.31152343749997, 72.8783203125], [113.41748046874997, 72.93217773437502], [113.54277343750002, 73.05434570312497], [113.5814453125, 73.14223632812502], [113.55888671875002, 73.23261718749995], [113.63916015625003, 73.27358398437505], [113.76523437500012, 73.31796875000003], [113.82929687500004, 73.3265625], [113.88623046874997, 73.34580078125], [113.7951171875001, 73.36743164062497], [113.711328125, 73.37856445312502], [113.53945312500005, 73.43364257812505], [113.51035156250006, 73.50498046875], [113.85693359374997, 73.53339843750004], [114.06054687499997, 73.58466796875001], [114.81601562500006, 73.60717773437497], [115.33769531250002, 73.70258789062495], [116.4955078125, 73.67607421875007], [117.30859375000003, 73.59916992187502], [118.45019531249997, 73.58979492187498], [118.87089843750007, 73.53789062500007], [118.91123046875012, 73.51835937499999], [118.93642578125, 73.48120117187497], [118.75449218750006, 73.46450195312502], [118.45703125000003, 73.46440429687502], [118.37656250000006, 73.36723632812502], [118.43027343750006, 73.24653320312504], [118.9603515625, 73.11728515625], [119.42529296875003, 73.06396484374997], [119.750390625, 72.9791015625], [119.92167968750007, 72.97133789062502], [120.59794921875002, 72.98110351562497], [120.99716796875006, 72.93671874999998], [121.35429687500007, 72.970849609375], [121.74785156250007, 72.96967773437504], [121.88603515625007, 72.96088867187501], [122.02978515625003, 72.897216796875], [122.26015625, 72.88056640624998], [122.5375, 72.87778320312506], [122.69208984375004, 72.89082031249995], [122.75195312499997, 72.90649414062503], [122.73085937500005, 72.93129882812502], [122.50195312500003, 72.97065429687495], [122.52675781250005, 73.01669921875], [122.61523437500003, 73.0279296875], [122.99931640625002, 72.96464843749999], [123.16035156250004, 72.95488281250005], [123.30117187500005, 73.001806640625], [123.40458984375007, 73.08564453125004], [123.46162109375004, 73.14418945312497], [123.521875, 73.17290039062505], [123.5724609375001, 73.17734374999998], [123.6222656250001, 73.19326171875002], [123.50097656249997, 73.26162109375], [123.38388671875012, 73.34731445312497], [123.35527343750007, 73.40249023437502], [123.32265625, 73.430810546875], [123.30507812500005, 73.53291015625001], [123.41621093750004, 73.63686523437497], [123.49111328125005, 73.66635742187503], [123.796875, 73.62675781250005], [123.93388671875007, 73.689306640625], [124.01904296875003, 73.7123046875], [124.3880859375, 73.75483398437504], [124.5412109375001, 73.75126953125002], [124.7962890625, 73.71176757812506], [125.61708984375, 73.52060546875], [125.59853515625, 73.44741210937502], [125.79443359374997, 73.46845703124995], [125.8878906250001, 73.49809570312505], [126.10742187499997, 73.51748046875], [126.25449218750006, 73.54819335937503], [126.29599609375006, 73.53666992187499], [126.34492187500004, 73.50629882812501], [126.30888671875007, 73.46367187500005], [126.25742187500006, 73.41977539062498], [126.29248046874997, 73.394189453125], [126.33544921874997, 73.38876953125006], [126.55253906250002, 73.33491210937501], [126.83847656250012, 73.43417968749998], [126.95517578125006, 73.52822265625005], [127.03134765625006, 73.54746093750006], [127.74033203125006, 73.48154296875003], [127.95507812499997, 73.445556640625], [127.996875, 73.425634765625], [128.02568359375002, 73.39077148437502], [128.14169921875006, 73.352392578125], [128.2814453125001, 73.33056640625], [128.26416015624997, 73.30073242187498], [128.25781249999997, 73.26748046875005], [128.58701171875012, 73.26240234374998], [128.73046875000003, 73.23339843750003], [128.88867187499997, 73.19023437500002], [128.87167968750006, 73.13935546874995], [128.91337890625007, 73.11059570312506], [129.05917968750012, 73.10751953125003], [129.10058593750003, 73.11235351562505], [129.05371093749997, 73.04541015625], [128.85351562500003, 72.97260742187501], [128.73525390625, 72.94326171874997], [128.59902343750005, 72.89516601562505], [128.67402343750004, 72.88588867187502], [129.0172851562501, 72.87246093750002], [129.22910156250006, 72.77573242187503], [129.25039062500005, 72.70517578125006], [129.117578125, 72.67695312499998], [128.81533203125, 72.58588867187501], [128.63339843750012, 72.550146484375], [128.5084960937501, 72.54731445312495], [128.41826171875002, 72.53515624999997], [128.54941406250006, 72.49584960937506], [129.1166015625, 72.48574218750002], [129.28134765625006, 72.43769531250001], [129.41171875000006, 72.31547851562507], [129.41064453125003, 72.16630859375005], [129.28349609375007, 72.09204101562503], [128.9349609375, 72.07949218750005], [128.47519531250006, 72.24555664062504], [128.19697265625004, 72.30961914062502], [127.80341796875004, 72.43403320312498], [127.72607421875003, 72.41318359374998], [127.84140625000006, 72.30825195312502], [128.02656250000004, 72.25], [128.35878906250005, 72.08833007812498], [128.91142578125002, 71.75532226562498], [129.04013671875012, 71.78242187500001], [129.1166015625, 71.824609375], [129.15419921875, 71.87866210937497], [129.12158203125003, 71.95322265624998], [129.21025390625007, 71.91694335937495], [129.29179687500007, 71.85019531250003], [129.46083984375005, 71.73930664062502], [129.23417968750002, 71.74482421874998], [128.94902343750002, 71.70756835937505], [128.84326171874997, 71.66347656250002], [128.92265625000007, 71.60175781249998], [129.13427734375003, 71.59287109375003], [129.22451171875005, 71.50883789062505], [129.38984375000004, 71.4048828125], [129.7619140625001, 71.11953124999997], [130.02597656250006, 71.06538085937504], [130.28125, 70.94731445312505], [130.53710937500003, 70.89252929687498], [130.66845703125003, 70.88833007812502], [130.75712890625007, 70.96235351562501], [130.83193359375005, 70.93588867187503], [130.89804687500006, 70.80356445312498], [131.02158203125012, 70.74609375], [131.1574218750001, 70.7421875], [131.2682617187501, 70.76552734374997], [131.43232421875004, 70.82827148437505], [131.56201171874997, 70.90102539062502], [131.76904296874997, 71.101416015625], [131.9064453125001, 71.20263671875003], [132.03535156250004, 71.24404296875002], [131.99082031250006, 71.293212890625], [132.00371093750002, 71.35019531250006], [132.09882812500004, 71.48398437500003], [132.22763671875006, 71.64277343749998], [132.32578125000006, 71.72622070312502], [132.56230468750002, 71.89531249999999], [132.65390625000006, 71.92597656250004], [132.71582031249997, 71.87148437500002], [132.76855468749997, 71.79873046875005], [132.80361328125, 71.767578125], [132.83925781250005, 71.75517578125005], [133.13085937499997, 71.606689453125], [133.426171875, 71.49096679687506], [133.68886718750005, 71.43422851562502], [134.10283203125002, 71.37895507812505], [134.70273437500012, 71.38681640625006], [134.8138671875, 71.460595703125], [135.02236328125, 71.51503906249997], [135.359375, 71.54350585937502], [135.55917968750006, 71.61035156250003], [135.88476562500003, 71.63056640624998], [136.09033203124997, 71.61958007812495], [136.40615234375005, 71.57075195312495], [137.11582031250012, 71.415673828125], [137.31542968749997, 71.35942382812499], [137.41748046875003, 71.29902343750001], [137.65058593750004, 71.208154296875], [137.79785156249997, 71.16391601562503], [137.93964843750004, 71.13339843750003], [137.99169921875003, 71.14272460937497], [137.97373046875006, 71.16865234375001], [137.90195312500012, 71.19404296874995], [137.84404296875002, 71.22680664062497], [138.01269531250003, 71.26083984374998], [138.03251953125007, 71.28583984375001], [138.090625, 71.30742187500005], [138.31406250000006, 71.325537109375], [138.09716796875003, 71.35859374999998], [138.0221679687501, 71.363427734375], [137.918359375, 71.38408203125005], [137.92734375000006, 71.42978515625], [137.99570312500012, 71.46352539062497], [138.04833984375003, 71.52597656249998], [138.11845703125007, 71.566162109375], [138.23417968750002, 71.59633789062502], [138.31806640625004, 71.60283203125002], [138.52519531250007, 71.56274414062503], [138.67001953125012, 71.63481445312505], [138.78017578125, 71.62900390625], [139.00488281250003, 71.5560546875], [139.209375, 71.44477539062495], [139.32021484375005, 71.44472656250005], [139.63212890625007, 71.48925781249997], [139.98417968750002, 71.49150390625007], [139.93876953125002, 71.55766601562505], [139.69511718750002, 71.700439453125], [139.72294921875002, 71.88496093750001], [139.55234375000006, 71.92670898437501], [139.35927734375, 71.95136718749995], [139.64023437500006, 71.99833984375002], [139.8470703125, 72.148583984375], [140.0140625, 72.162109375], [140.18769531250004, 72.19130859375], [140.134375, 72.209619140625], [139.61699218750002, 72.22568359374998], [139.5052734375, 72.20766601562505], [139.43046875000002, 72.16347656250002], [139.17636718750006, 72.16347656250002], [139.14501953124997, 72.26440429687497], [139.1408203125001, 72.32973632812505], [139.47363281250003, 72.46650390625001], [139.60117187500006, 72.49609375], [140.4505859375, 72.49311523437501], [140.70507812499997, 72.51894531250005], [141.07929687500004, 72.58691406250003], [140.98320312500002, 72.63002929687502], [140.97285156250004, 72.71699218749998], [140.65234375000003, 72.84282226562505], [140.67597656250004, 72.87163085937505], [140.70810546875006, 72.89003906249997], [140.80820312500006, 72.89096679687498], [141.3097656250001, 72.85771484375005], [141.51835937500002, 72.788671875], [142.06142578125, 72.72080078125003], [143.5158203125001, 72.69824218749997], [143.68095703125002, 72.67319335937503], [144.3039062500001, 72.64301757812501], [144.56865234375002, 72.60991210937502], [145.19931640625006, 72.57021484375], [145.4857421875, 72.54208984375006], [145.71416015625007, 72.49736328124999], [146.08330078125002, 72.47138671875004], [146.25292968749997, 72.44223632812503], [146.234765625, 72.34970703125003], [145.46708984375007, 72.36206054687497], [145.21289062499997, 72.39267578124998], [144.89746093750003, 72.396240234375], [144.77636718749997, 72.38227539062501], [144.58759765625004, 72.305517578125], [144.36093750000006, 72.26533203124998], [144.16923828125002, 72.25878906249997], [144.29492187500003, 72.192626953125], [144.47070312499997, 72.17475585937501], [145.03916015625012, 72.25986328125], [146.594140625, 72.30244140624998], [146.83183593750002, 72.29541015624997], [146.80703125000005, 72.23657226562497], [146.59921875000006, 72.12353515625006], [146.40166015625007, 72.03549804687506], [146.11328125000003, 71.944970703125], [146.00585937499997, 71.945458984375], [146.23027343750002, 72.1375], [146.13730468750012, 72.146484375], [146.05146484375004, 72.14228515624995], [145.79941406250012, 72.221875], [145.75859375000007, 72.22587890625002], [145.70966796875004, 72.20634765625005], [145.71015625000004, 72.17758789062503], [145.66406249999997, 72.06699218749998], [145.75673828125005, 72.02065429687505], [145.75673828125005, 71.94130859375005], [145.40722656249997, 71.89013671875], [145.27119140625004, 71.89462890625003], [145.12578125000002, 71.9271484375], [145.06396484375003, 71.92607421875005], [145.046875, 71.90102539062502], [145.07773437500006, 71.85463867187497], [145.07373046874997, 71.83085937500002], [145.01787109375002, 71.793701171875], [144.9896484375, 71.75336914062495], [145.0755859375, 71.707373046875], [145.18857421875012, 71.69580078125003], [145.80478515625006, 71.74648437499997], [146.07324218750003, 71.80834960937506], [146.36796875000002, 71.92207031250004], [146.89472656250004, 72.19750976562503], [147.12705078125006, 72.29204101562499], [147.26181640625006, 72.32788085937503], [147.43398437500005, 72.34091796875], [148.4020507812501, 72.31196289062498], [148.96484374999997, 72.25234375], [149.50156250000012, 72.164306640625], [149.76621093750012, 72.09125976562495], [149.96308593750004, 71.99218750000003], [149.99814453125012, 71.95048828125005], [150.01689453125002, 71.895654296875], [149.88105468750004, 71.843017578125], [149.2796875, 71.825537109375], [149.04873046875005, 71.79575195312506], [148.96533203125003, 71.76279296875], [148.95488281250002, 71.74414062500003], [148.92333984374997, 71.71464843750005], [148.96816406250005, 71.69047851562502], [149.23789062500012, 71.68793945312504], [149.49804687499997, 71.66401367187495], [149.85712890625004, 71.60146484375], [149.91269531250012, 71.58071289062502], [150.02646484375012, 71.521337890625], [150.06083984375007, 71.51083984375], [150.5998046875001, 71.52011718750003], [150.63486328125006, 71.49887695312498], [150.66777343750002, 71.45522460937497], [150.5250976562501, 71.38583984375003], [150.38476562499997, 71.33881835937495], [150.09765625000003, 71.2265625], [150.24296875000007, 71.26718750000003], [150.8216796875, 71.36289062499998], [150.96777343750003, 71.38046875], [151.14531250000002, 71.37373046874995], [151.582421875, 71.28696289062506], [151.75976562499997, 71.21782226562499], [152.09277343749997, 71.02329101562498], [151.99980468750002, 71.00249023437502], [151.76201171875002, 70.98247070312502], [152.50878906249997, 70.83447265624997], [152.79833984375003, 70.83564453125004], [153.46064453125004, 70.87861328124998], [153.7941406250001, 70.87998046875], [154.41396484375, 70.97446289062498], [155.0294921875001, 71.03422851562499], [155.5958984375001, 71.03862304687499], [155.89521484375004, 71.09550781250005], [156.68457031250003, 71.09375], [157.44736328125006, 71.07451171875002], [158.03701171875005, 71.03925781249995], [158.70214843749997, 70.93500976562504], [159.35068359375006, 70.79072265625004], [159.7279296875, 70.64965820312497], [159.80468749999997, 70.60493164062501], [159.91181640625004, 70.50610351562506], [159.95859375000006, 70.42363281250002], [160.00644531250006, 70.30966796875], [159.98339843749997, 70.22138671874995], [159.88964843749997, 70.15878906249998], [159.83144531250005, 70.08144531250005], [159.83916015625002, 69.98999023437497], [159.72939453125, 69.87021484375], [159.83251953124997, 69.78496093750005], [160.11914062500003, 69.72978515624999], [160.7394531250001, 69.65517578124997], [160.91074218750006, 69.60634765624997], [160.92890625000004, 69.45854492187505], [160.98203125000006, 69.33447265625], [161.035546875, 69.09819335937502], [161.14082031250004, 69.03886718749999], [161.30986328125002, 68.982275390625], [161.340625, 68.90517578125002], [161.12900390625006, 68.65385742187499], [160.99667968750012, 68.60751953125006], [160.85605468750006, 68.538330078125], [161.10449218750003, 68.5625], [161.23017578125004, 68.65390625], [161.36513671875, 68.822998046875], [161.4953125000001, 68.84985351562503], [161.565625, 68.90517578125002], [161.565625, 69.06396484375006], [161.48007812500006, 69.20170898437505], [161.48007812500006, 69.30009765625002], [161.53691406250002, 69.37954101562505], [161.94511718750007, 69.54511718750001], [162.16601562500003, 69.61157226562497], [162.3756835937501, 69.64907226562497], [162.94462890625002, 69.682763671875], [163.2013671875001, 69.71474609375002], [163.49804687499997, 69.69326171875], [163.7052734375001, 69.70180664062497], [163.9459960937501, 69.73515625000002], [164.1595703125, 69.71928710937507], [164.51328125000012, 69.609130859375], [165.76074218749997, 69.58442382812504], [165.98046874999997, 69.54599609375003], [166.82031250000003, 69.49956054687507], [166.88437500000012, 69.49990234375005], [167.07314453125, 69.55444335937497], [167.628125, 69.74033203125], [167.85683593750005, 69.72822265625001], [167.95009765625005, 69.69916992187495], [168.04765625000002, 69.625634765625], [168.15000000000012, 69.57739257812503], [168.22998046874997, 69.44702148437503], [168.30302734375002, 69.27148437500006], [168.42304687500004, 69.23950195312503], [168.5875976562501, 69.22836914062498], [168.94619140625005, 69.16333007812506], [169.31064453125012, 69.07954101562504], [169.41464843750006, 68.91962890624995], [169.60986328124997, 68.78603515625], [170.065625, 68.798681640625], [170.53759765624997, 68.82539062500004], [170.99541015625007, 69.0453125], [170.99667968750006, 69.13471679687498], [170.88378906249997, 69.26362304687495], [170.71416015625007, 69.38823242187505], [170.5822265625001, 69.583349609375], [170.16093750000007, 69.6265625], [170.20117187500003, 69.683203125], [170.35957031250004, 69.75097656250003], [170.503125, 69.85654296875006], [170.52539062499997, 69.93789062500002], [170.48681640625003, 70.10756835937502], [170.86796875000002, 70.096044921875], [171.24667968750012, 70.07612304687501], [171.97050781250002, 70.00034179687503], [172.55957031249997, 69.968359375], [172.86923828125006, 69.91977539062506], [173.0563476562501, 69.86494140624998], [173.27744140625012, 69.82382812500003], [173.35332031250013, 69.92402343750004], [173.4386718750001, 69.94682617187505], [173.73339843750009, 69.89111328125], [173.94804687500013, 69.87412109374998], [174.31943359375012, 69.88164062500002], [174.78554687500005, 69.85566406249995], [175.29560546875004, 69.86005859374995], [175.7511718750001, 69.90415039062498], [175.92148437500018, 69.89531250000005], [176.10751953125006, 69.86030273437501], [176.41044921875013, 69.76850585937495], [176.92441406250006, 69.64599609374997], [177.39453125000009, 69.61162109375007], [177.93369140625012, 69.49560546874997], [178.4427734375001, 69.45297851562498], [178.84833984375015, 69.38720703125], [178.90693359375015, 69.36210937500005], [178.925, 69.32597656250005], [178.95068359375003, 69.29580078125002], [179.2726562500001, 69.25966796875005], [179.86826171875006, 69.0126953125], [180.0, 68.98344726562499], [180.0, 65.067236328125], [179.8273437500001, 65.03417968750003], [179.65136718749997, 64.92094726562505], [179.44824218749997, 64.82202148437506], [179.15000000000012, 64.78159179687498], [178.69843750000015, 64.63110351562497], [178.51953124999991, 64.60297851562501], [178.28535156250004, 64.672265625], [177.74863281250012, 64.71704101562497], [177.58164062500018, 64.77788085937502], [177.33701171875006, 64.93134765625004], [177.25185546874994, 64.95361328125003], [177.17919921875009, 65.01411132812501], [176.88085937500003, 65.08193359374997], [176.62480468750013, 65.03759765625], [176.41308593749997, 65.07124023437501], [176.34101562500004, 65.04731445312504], [176.45214843749991, 65.02524414062498], [176.64550781250009, 65.00717773437503], [176.9400390625, 65.01601562499997], [177.03730468750015, 64.999658203125], [177.1234375000001, 64.94702148437503], [177.2228515625001, 64.86166992187503], [177.14824218750002, 64.80483398437502], [177.06875, 64.78666992187505], [176.83105468750003, 64.84921875], [176.55664062500009, 64.839990234375], [176.42949218750013, 64.85517578124995], [176.0611328125, 64.96088867187501], [175.78115234375, 64.84404296875002], [175.39648437499997, 64.78369140624997], [175.09775390625006, 64.77685546875], [174.54882812499997, 64.68388671875007], [174.6986328125001, 64.68144531250002], [175.0970703125001, 64.74663085937505], [175.33066406250006, 64.74663085937505], [175.6779296875001, 64.782470703125], [175.85859375000015, 64.82529296875], [175.94589843750018, 64.86518554687495], [176.05654296875, 64.90473632812504], [176.16923828125002, 64.88476562500006], [176.24697265625005, 64.84301757812497], [176.30087890625, 64.783837890625], [176.3509765625001, 64.70512695312505], [176.28320312499997, 64.66381835937497], [176.21943359375015, 64.64194335937503], [176.14091796875013, 64.58583984375], [176.50761718750002, 64.68242187500005], [176.73095703125009, 64.62485351562503], [176.84287109375012, 64.63378906249997], [177.04980468750003, 64.71923828124997], [177.3875, 64.77402343750003], [177.42744140625004, 64.76337890625001], [177.46718749999994, 64.73681640625], [177.40986328124998, 64.57280273437499], [177.43291015625007, 64.44448242187497], [177.6875, 64.30473632812502], [177.95332031250004, 64.22226562499998], [178.04472656250002, 64.21958007812498], [178.1305664062501, 64.23525390624997], [178.16396484375, 64.30908203125], [178.22949218750003, 64.364404296875], [178.31298828124997, 64.31440429687501], [178.38144531250006, 64.26088867187505], [178.47714843750018, 64.12788085937504], [178.47480468750004, 64.08901367187502], [178.4513671875001, 64.01137695312502], [178.5360351562501, 63.97563476562502], [178.6502929687501, 63.96528320312504], [178.69248046875018, 63.842333984375045], [178.73144531249997, 63.667089843750034], [178.68134765625004, 63.650732421875006], [178.62597656249997, 63.650732421875006], [178.44042968749997, 63.605566406250034], [178.46611328125007, 63.574072265625006], [178.6537109375001, 63.556640625], [178.7064453125, 63.521533203125045], [178.66884765625, 63.43994140625003], [178.67871093750003, 63.40229492187501], [178.74404296875005, 63.39477539062497], [178.78671875000018, 63.44243164062502], [178.77539062500003, 63.51025390624997], [178.79296875000003, 63.540332031250074], [178.91855468750006, 63.400244140625034], [178.92148437500012, 63.345019531250074], [179.028125, 63.28242187500001], [179.33232421875013, 63.19018554687506], [179.38857421875005, 63.147216796875], [179.40507812500007, 63.07773437500006], [179.32900390625, 63.05791015625002], [179.25957031250007, 63.00830078125003], [179.30214843750005, 62.93984375000002], [179.38105468750015, 62.88369140625005], [179.5109375000001, 62.86279296875006], [179.57050781249998, 62.773486328125074], [179.57050781249998, 62.6875], [179.47724609374998, 62.613085937500074], [179.28867187500012, 62.510351562500006], [179.1769531250001, 62.46918945312498], [179.13388671875006, 62.39643554687498], [179.120703125, 62.320361328125045], [179.04462890625015, 62.32368164062501], [178.96386718750003, 62.355273437500045], [178.01923828125015, 62.546972656250006], [177.66308593750009, 62.582812500000045], [177.35126953125015, 62.58745117187499], [177.29257812500006, 62.59902343750005], [177.29589843750003, 62.64448242187498], [177.31582031250005, 62.68525390625004], [177.35966796875007, 62.736962890624994], [177.33896484375012, 62.78134765624998], [177.29833984375003, 62.784228515625045], [177.2586914062501, 62.75043945312498], [177.17265625000002, 62.75034179687506], [177.0912109375001, 62.78955078125006], [177.02353515625018, 62.77724609375002], [176.99003906250007, 62.72221679687502], [176.96347656250018, 62.693261718749966], [176.9647460937501, 62.65864257812504], [177.00800781250004, 62.62656249999998], [177.1896484375001, 62.591601562500045], [177.15947265625013, 62.56098632812504], [176.90742187500015, 62.53608398437501], [176.70253906249994, 62.505761718749966], [176.43652343749997, 62.41083984374998], [176.32841796875013, 62.346044921875034], [175.61386718750006, 62.184375], [175.44199218750018, 62.1279296875], [175.36582031250012, 62.121337890625], [175.26787109375007, 62.102392578125034], [175.19238281249997, 62.03442382812506], [174.79755859374998, 61.93886718750002], [174.71503906250004, 61.947900390624994], [174.6105468750001, 61.86762695312498], [174.51435546875004, 61.823632812499994], [174.28496093750002, 61.817529296874994], [174.1388671875001, 61.79516601562497], [173.82236328125012, 61.67939453125001], [173.62343750000005, 61.71606445312503], [173.39072265625012, 61.55673828124998], [173.13183593750003, 61.40664062500005], [173.05458984375, 61.406201171874955], [172.85654296875006, 61.46918945312501], [172.8068359375001, 61.436132812500006], [172.83789062500003, 61.375585937500034], [172.90800781250007, 61.31162109375006], [172.86777343750006, 61.293066406250006], [172.78906250000003, 61.31069335937505], [172.7306640625001, 61.31440429687498], [172.69003906250006, 61.29516601562497], [172.6969726562501, 61.249316406250045], [172.58476562500002, 61.19042968750006], [172.49707031250003, 61.185888671875006], [172.39609375000006, 61.167382812499966], [172.36240234375012, 61.11660156250002], [172.3927734375001, 61.06176757812503], [172.21328125000005, 60.99785156249999], [172.06728515625005, 60.91567382812502], [171.99765625000006, 60.90068359374999], [171.91796874999997, 60.864111328125006], [171.83056640624997, 60.83735351562498], [171.72949218749997, 60.843115234375006], [171.48974609374997, 60.725732421874966], [170.94931640625012, 60.52294921875006], [170.79931640625003, 60.49648437499999], [170.60820312500007, 60.43491210937506], [170.58974609375005, 60.393701171874994], [170.58857421875004, 60.342871093750034], [170.51230468750006, 60.25952148437503], [170.42343750000006, 60.04780273437498], [170.39648437500003, 60.00976562500003], [170.35097656250005, 59.96552734374998], [170.15410156250002, 59.986083984375], [169.98261718750004, 60.06708984374998], [169.92724609374997, 60.104248046875], [169.89755859375006, 60.14785156250002], [169.88701171875002, 60.217919921874994], [169.85429687500002, 60.250244140625], [169.81474609375007, 60.26538085937497], [169.6183593750001, 60.438037109375074], [169.27568359375002, 60.55664062499997], [169.2267578125001, 60.595947265625], [168.7882812500001, 60.563818359375034], [168.67031250000005, 60.56289062500002], [168.46279296875005, 60.592236328124955], [168.1375, 60.573925781249955], [167.74599609375005, 60.50932617187502], [167.62607421875012, 60.46894531249998], [167.22675781250004, 60.40629882812499], [166.9640625000001, 60.30703125000002], [166.45253906250005, 59.94702148437506], [166.33183593750007, 59.872412109375034], [166.27304687500006, 59.85625], [166.18652343750003, 59.84946289062498], [166.14892578125003, 59.92207031250001], [166.13603515625007, 59.97934570312506], [166.168359375, 60.08881835937498], [166.22978515625007, 60.178320312500006], [166.29248046875003, 60.34609375], [166.30810546875003, 60.41425781250001], [166.35214843750012, 60.48481445312501], [166.18017578124997, 60.480371093749994], [165.94199218750006, 60.356884765624955], [165.58300781250003, 60.23647460937505], [165.41582031250007, 60.20517578125006], [165.28525390625012, 60.13491210937505], [165.19257812500004, 60.12475585937503], [165.08457031250006, 60.09858398437501], [165.07363281250005, 59.94560546875002], [165.0189453125, 59.860742187499966], [164.95371093750006, 59.843603515625034], [164.85429687500007, 59.84096679687502], [164.77939453125006, 59.874218749999955], [164.66972656250002, 59.99746093750002], [164.52529296875, 60.06127929687506], [164.44003906250012, 60.07270507812498], [164.37685546875005, 60.05805664062501], [164.25156250000006, 59.973779296874994], [164.11328124999997, 59.897558593750006], [164.13505859375007, 59.984375], [164.01757812500003, 60.01733398437497], [163.91289062500002, 60.03706054687501], [163.78007812500007, 60.041113281250034], [163.74384765625004, 60.02802734375004], [163.69003906250006, 59.97841796875005], [163.57431640625006, 59.9140625], [163.49375, 59.88676757812502], [163.40996093750007, 59.83496093750003], [163.36484375000012, 59.78144531249998], [163.32119140625, 59.705419921875034], [163.26904296875003, 59.52001953125], [163.2728515625, 59.302587890625034], [163.08486328125, 59.131396484375045], [163.01015625000005, 59.148291015625034], [162.97490234375007, 59.13706054687506], [162.94003906250006, 59.114306640625045], [163.004296875, 59.02016601562505], [162.96982421875006, 58.98647460937502], [162.93457031250003, 58.96396484375006], [162.84726562500006, 58.93925781249999], [162.64335937500002, 58.799902343750034], [162.45302734375005, 58.70859374999998], [162.14160156250003, 58.447412109374966], [162.04921875000005, 58.27285156250002], [161.96005859375006, 58.076904296875], [162.00195312499997, 57.98095703124997], [162.03964843750012, 57.91826171874999], [162.09794921875002, 57.874658203124994], [162.19746093750004, 57.82915039062496], [162.41142578125002, 57.77836914062502], [162.39218750000012, 57.745019531249966], [162.39140625000002, 57.71723632812498], [162.46699218750004, 57.766210937500034], [162.52197265624997, 57.90410156249996], [162.65429687500003, 57.94824218749997], [162.71835937500012, 57.94609374999999], [163.14501953124997, 57.83730468750002], [163.2257812500001, 57.79038085937506], [163.21386718749997, 57.68681640625002], [163.187890625, 57.63740234374998], [163.1087890625, 57.56484375000002], [162.95703124999997, 57.47749023437501], [162.77929687499997, 57.35761718750001], [162.76230468750006, 57.28408203125002], [162.76152343750002, 57.24394531250002], [162.80810546875003, 57.10278320312506], [162.81484375000005, 57.02338867187504], [162.79111328125012, 56.87539062499999], [162.80263671875005, 56.81147460937504], [162.84990234375007, 56.7568359375], [162.92207031250004, 56.72265625000006], [163.04638671874997, 56.741308593750034], [163.1654296875, 56.725488281249994], [163.25654296875004, 56.68803710937502], [163.24326171875012, 56.564550781250006], [163.29404296875006, 56.44770507812498], [163.33554687500006, 56.232519531250034], [163.26132812500006, 56.17373046875005], [163.18925781250002, 56.13701171875002], [163.04736328124997, 56.04467773437503], [162.97167968750003, 56.033789062500034], [162.84033203124997, 56.065625], [162.628125, 56.23227539062498], [162.71318359375002, 56.33085937499999], [162.89326171875004, 56.39946289062502], [162.97519531250012, 56.44902343749999], [163.03837890625002, 56.521875], [162.94414062500002, 56.50805664062503], [162.87763671875004, 56.47636718749996], [162.67148437500006, 56.490087890625006], [162.58906250000004, 56.454931640625034], [162.48867187500005, 56.399121093749955], [162.52822265625, 56.26069335937498], [162.4611328125001, 56.23549804687502], [162.33408203125006, 56.18774414062506], [162.14609375000006, 56.128271484375006], [162.08496093750003, 56.08964843749996], [161.9240234375001, 55.84038085937499], [161.77558593750004, 55.65483398437502], [161.72392578125002, 55.49614257812502], [161.72939453125, 55.358007812500034], [161.78496093750002, 55.20532226562503], [161.82421875000003, 55.138916015625], [161.99609374999997, 54.997998046874955], [162.08027343750004, 54.886132812499994], [162.10556640625006, 54.75214843749998], [161.96689453125006, 54.68867187500001], [161.72568359375012, 54.532958984375], [161.62480468750007, 54.516259765624966], [161.29404296875012, 54.520556640625045], [161.12988281249997, 54.59824218750006], [160.93554687499997, 54.578369140625], [160.77265625000004, 54.541357421875006], [160.51718750000012, 54.43085937499998], [160.28886718750007, 54.288232421874966], [160.07441406250004, 54.18916015625004], [160.01015625, 54.13085937500006], [159.92177734375005, 54.00839843749998], [159.84375, 53.78364257812501], [159.87089843750007, 53.67265625], [159.91425781250004, 53.62084960937497], [159.95585937500007, 53.55219726562504], [159.89912109375004, 53.447705078124955], [159.8976562500001, 53.380761718749994], [160.0021484375001, 53.27490234375003], [160.02509765625004, 53.12958984374998], [159.94746093750004, 53.12509765625006], [159.77158203125006, 53.229687499999955], [159.58593750000003, 53.237695312499994], [159.13613281250005, 53.11713867187504], [158.95205078125, 53.04755859374998], [158.74541015625002, 52.90893554687497], [158.68369140625006, 52.935400390625034], [158.63955078125005, 53.014794921874966], [158.56464843750004, 53.05], [158.4720703125, 53.032373046874994], [158.4323242187501, 52.95742187499999], [158.56015625000012, 52.92216796875002], [158.6087890625, 52.87363281249998], [158.53369140624997, 52.68842773437501], [158.48076171875002, 52.62666015625004], [158.500390625, 52.46030273437498], [158.49316406249997, 52.38315429687498], [158.46347656250006, 52.304980468750045], [158.33164062500012, 52.090869140625045], [158.10351562499997, 51.80961914062502], [157.82324218749997, 51.60532226562506], [157.62890625000003, 51.53457031250002], [157.53095703125004, 51.479882812499994], [157.48984375000012, 51.40893554687503], [157.20224609375006, 51.212744140625006], [156.84746093750007, 51.00659179687503], [156.7477539062501, 50.96928710937499], [156.72431640625004, 51.04707031250001], [156.71347656250012, 51.12412109374998], [156.67080078125005, 51.22685546874996], [156.54345703124997, 51.311621093750006], [156.52119140625004, 51.38027343750005], [156.50039062500005, 51.47509765625], [156.48984375000006, 51.913037109374955], [156.37734375000005, 52.36655273437498], [156.36474609374997, 52.509375], [156.22861328125012, 52.626269531250045], [156.15439453125012, 52.74726562500001], [156.11035156250003, 52.86616210937498], [156.09882812500004, 53.006494140624966], [155.95019531249997, 53.744287109374994], [155.90488281250006, 53.928125], [155.70644531250005, 54.52148437500006], [155.6203125000001, 54.86455078124996], [155.56386718750005, 55.199121093749994], [155.5548828125001, 55.34848632812506], [155.64345703125, 55.793554687500034], [155.71660156250007, 56.072216796874955], [155.98251953125006, 56.695214843749966], [156.02539062500003, 56.75200195312499], [156.06748046875006, 56.78159179687498], [156.52929687499997, 57.02119140625004], [156.72841796875, 57.152246093749994], [156.8488281250001, 57.29018554687502], [156.97675781250004, 57.46630859375003], [156.9635742187501, 57.56093750000002], [156.94824218749997, 57.61577148437502], [156.89990234375003, 57.67690429687502], [156.79160156250006, 57.74794921875002], [156.82988281250002, 57.779638671875006], [156.87197265625, 57.80366210937501], [156.9857421875, 57.830175781250006], [157.21679687499997, 57.776806640624955], [157.45039062500004, 57.79926757812501], [157.66640625, 58.019775390625], [157.97460937500003, 57.985937500000034], [158.21044921875003, 58.02529296875005], [158.27519531250007, 58.00898437500001], [158.32109375000007, 58.08344726562498], [158.44941406250004, 58.162841796875], [158.68701171875003, 58.28134765624998], [159.03691406250007, 58.42392578124998], [159.21064453125004, 58.519433593749994], [159.30839843750007, 58.61054687499998], [159.45263671875003, 58.695947265624994], [159.5915039062501, 58.80366210937498], [159.8473632812501, 59.12714843749998], [160.35039062500007, 59.39404296875], [160.54746093750006, 59.54736328124997], [160.71142578124997, 59.601660156250034], [160.85527343750007, 59.62685546875002], [161.2189453125001, 59.845605468749994], [161.44931640625012, 60.02734374999997], [161.75351562500012, 60.15229492187504], [161.84599609375002, 60.232226562500074], [162.00361328125004, 60.42016601562497], [162.06816406250007, 60.46640624999998], [162.26630859375004, 60.53671875], [162.71318359375002, 60.659472656250074], [162.97314453124997, 60.78291015624998], [163.35234375000002, 60.800439453124994], [163.46640625000012, 60.84975585937502], [163.58515625000004, 60.87714843750001], [163.70996093749997, 60.91679687499999], [163.55351562500007, 61.02563476562506], [163.5892578125, 61.084375], [163.61962890624997, 61.111328125], [163.89335937500002, 61.24047851562503], [164.00546875000006, 61.343798828125045], [163.99208984375, 61.38823242187502], [163.97275390625006, 61.41987304687498], [163.80439453125004, 61.46137695312501], [163.83710937500004, 61.55825195312502], [163.88271484375, 61.64013671875], [164.01953124999997, 61.710693359375], [164.06796875000006, 61.873876953125034], [164.07421875000003, 62.04501953124998], [164.20722656250004, 62.292236328125], [164.2875, 62.346630859374955], [164.59833984375004, 62.47055664062498], [164.67070312500002, 62.47377929687502], [164.88769531250003, 62.43188476562503], [165.12412109375006, 62.41152343750005], [165.20810546875012, 62.37397460937504], [165.22568359375012, 62.40576171875003], [165.21386718750003, 62.448193359374955], [165.28037109375006, 62.462988281250034], [165.4173828125, 62.44707031249999], [165.39658203125012, 62.49389648437503], [165.04404296875006, 62.51699218750002], [164.79238281250005, 62.571093750000045], [164.56699218750006, 62.67548828124998], [164.41835937500005, 62.704638671875074], [164.25566406250002, 62.69658203125002], [163.3317382812501, 62.55092773437502], [163.28710937499997, 62.511425781249955], [163.24423828125006, 62.45537109375002], [163.30214843750005, 62.37299804687501], [163.2580078125001, 62.33691406250003], [163.21328125000005, 62.313427734374955], [163.1634765625, 62.25957031249999], [163.11845703125002, 62.152929687500034], [163.1310546875001, 62.049902343750006], [163.01767578125006, 61.89106445312498], [163.00927734374997, 61.79150390625003], [163.20761718750006, 61.73657226562503], [163.25781249999997, 61.69946289062503], [163.19785156250012, 61.64477539062497], [163.13886718750004, 61.611425781250034], [163.08525390625007, 61.57055664062506], [163.04726562500005, 61.55405273437506], [162.99394531250002, 61.544189453125], [162.92167968750007, 61.597705078125074], [162.85595703124997, 61.70502929687498], [162.75234375, 61.711279296875034], [162.71787109375012, 61.69511718750002], [162.69902343750007, 61.65258789062497], [162.6076171875001, 61.650048828124994], [162.50644531250012, 61.67011718749998], [162.39257812499997, 61.66210937500006], [162.18837890625005, 61.540673828124994], [161.03710937499997, 60.96289062499997], [160.91503906249997, 60.89267578125006], [160.76660156250003, 60.753320312499994], [160.48203125000006, 60.73984375], [160.36816406250003, 60.70854492187502], [160.2873046875001, 60.66704101562502], [160.17363281250002, 60.63842773437503], [160.17734375000006, 60.690722656250045], [160.20107421875, 60.729638671874966], [160.2257812500001, 60.83154296875003], [160.37890625000003, 61.025488281250034], [160.28125, 61.044775390625034], [160.18427734375004, 61.04765625000002], [160.00400390625012, 61.00742187499998], [159.88310546875007, 60.94340820312499], [159.7904296875, 60.956640625000034], [159.83457031250006, 61.013964843750074], [159.94921874999997, 61.12861328124998], [159.91396484375005, 61.23447265625006], [159.88310546875007, 61.29179687500002], [159.93085937500004, 61.32392578124998], [160.16269531250012, 61.5375], [160.246875, 61.64760742187502], [160.31738281249997, 61.79335937500005], [160.32148437500004, 61.83857421875001], [160.309375, 61.894384765625034], [160.23779296875003, 61.90385742187499], [160.18251953125005, 61.90283203124997], [159.72216796874997, 61.758398437500034], [159.55234375000012, 61.719482421875], [159.49628906250004, 61.78144531250001], [159.42304687500004, 61.80805664062501], [159.29501953125006, 61.91416015625006], [159.18925781250002, 61.929394531249955], [159.07666015625003, 61.92226562500002], [158.82431640625012, 61.850244140624994], [158.54716796875002, 61.81088867187498], [158.3336914062501, 61.82568359374997], [158.1515625000001, 61.76484375000001], [158.07011718750002, 61.75361328125004], [157.79931640625003, 61.795263671875006], [157.46933593750012, 61.798925781250034], [157.37070312500006, 61.74707031250003], [157.08417968750004, 61.675683593749966], [156.89179687500004, 61.56518554687503], [156.79062500000012, 61.52963867187506], [156.68027343750012, 61.48061523437502], [156.62968750000002, 61.27246093749997], [156.4826171875001, 61.20600585937504], [156.34414062500005, 61.155078125000045], [156.05595703125002, 60.99560546874997], [155.85332031250002, 60.777148437500045], [155.71611328125007, 60.68237304687503], [155.42783203125006, 60.54985351562502], [154.97080078125012, 60.37666015625001], [154.57822265625006, 60.09501953124999], [154.44072265625002, 59.88378906250003], [154.38984375000004, 59.87675781250002], [154.29306640625006, 59.83334960937498], [154.26660156249997, 59.73037109375005], [154.26884765625002, 59.658398437499955], [154.2091796875001, 59.60034179687503], [154.1498046875, 59.528515624999955], [154.21289062499997, 59.4833984375], [154.27216796875004, 59.47514648437502], [154.35761718750004, 59.48144531250006], [154.58251953124997, 59.54008789062502], [154.97128906250012, 59.44960937500005], [155.16669921875004, 59.360156250000045], [155.1530273437501, 59.27021484375001], [155.16044921875002, 59.19013671875004], [155.01669921875012, 59.19560546874999], [154.82373046874997, 59.187548828125045], [154.703515625, 59.14130859375004], [154.45800781249997, 59.216552734375], [154.37597656249997, 59.187841796875006], [154.24667968750012, 59.10859375000004], [154.01093750000004, 59.075537109375034], [153.89169921875006, 59.11416015625002], [153.69521484375005, 59.224755859374994], [153.36113281250002, 59.21479492187498], [153.27294921874997, 59.09130859374997], [153.19609375000002, 59.09443359374998], [153.07773437500006, 59.081884765625006], [152.88222656250005, 58.939062500000034], [152.81787109374997, 58.92626953125], [152.5755859375, 58.9541015625], [152.40068359375007, 59.02641601562499], [152.31962890625002, 59.03076171874997], [152.1652343750001, 58.99702148437504], [152.08789062499997, 58.91044921874999], [151.70458984375003, 58.86669921875006], [151.32675781250006, 58.87509765624998], [151.12109374999997, 59.08251953125006], [151.50498046875012, 59.164013671874955], [151.73349609375006, 59.14667968749998], [151.99003906250002, 59.16005859375002], [152.26064453125, 59.22358398437501], [152.16953125000006, 59.27792968749998], [152.10449218749997, 59.290576171875074], [151.94238281249997, 59.284082031249994], [151.79804687500004, 59.32324218749997], [151.48574218750005, 59.524121093749955], [151.34824218750006, 59.561132812500034], [151.1703125, 59.583251953125], [151.03359375, 59.585644531249955], [150.98251953125006, 59.571337890625074], [150.91191406250002, 59.523046875], [150.86328124999997, 59.47543945312498], [150.8234375000001, 59.46074218750002], [150.72949218749997, 59.46914062500002], [150.61523437499997, 59.50654296875001], [150.48359375000004, 59.49438476562503], [150.53984375000007, 59.524951171875045], [150.66728515625007, 59.55634765625004], [150.4572265625001, 59.59072265625002], [150.3255859375, 59.63886718749998], [150.2025390625, 59.65126953125002], [149.64257812499997, 59.77041015625002], [149.42451171875004, 59.76098632812497], [149.2904296875, 59.72846679687501], [149.06523437500002, 59.63051757812505], [149.12773437500007, 59.55878906250001], [149.17539062500006, 59.52675781250005], [149.20498046875, 59.488183593749994], [149.13300781250004, 59.480517578125045], [148.925, 59.475], [148.7970703125001, 59.532324218750034], [148.70888671875, 59.44853515625002], [148.74414062499997, 59.37353515625], [148.88964843749997, 59.4], [148.96464843750002, 59.369140625], [148.91406249999997, 59.28271484374997], [148.72666015625006, 59.25791015624998], [148.49121093749997, 59.262304687500006], [148.25742187500012, 59.41420898437502], [147.87460937500012, 59.388037109375034], [147.687890625, 59.290673828124994], [147.51445312500002, 59.26855468750003], [147.04003906249997, 59.36572265625], [146.80371093749997, 59.372949218749966], [146.53720703125006, 59.456982421874955], [146.44433593749997, 59.430468750000045], [146.27343749999997, 59.22148437500002], [146.0495117187501, 59.17055664062505], [145.93164062499997, 59.19838867187502], [145.82910156250003, 59.330322265625], [145.75644531250006, 59.373730468749955], [145.55458984375005, 59.41352539062498], [144.48339843749997, 59.37626953125002], [144.1234375, 59.40830078124998], [143.86875, 59.411376953125], [143.52382812500005, 59.34365234375005], [143.19218750000007, 59.37011718750003], [142.58027343750004, 59.240136718749994], [142.33037109375002, 59.152636718750045], [142.02539062499997, 58.99965820312505], [141.75468750000007, 58.745263671874994], [141.60292968750005, 58.649023437500006], [141.34707031250005, 58.52807617187497], [140.9876953125, 58.41684570312506], [140.79023437500004, 58.30346679687506], [140.6849609375, 58.212158203125], [140.49511718750003, 57.86542968749998], [140.446875, 57.81367187500001], [140.00234375, 57.6875], [139.8615234375001, 57.54931640624997], [139.80332031250006, 57.51416015625], [139.61923828125012, 57.455712890624994], [139.50664062500002, 57.358300781249966], [139.44384765625003, 57.3296875], [139.18164062499997, 57.26152343749996], [138.96572265625005, 57.088134765625], [138.66210937499997, 56.96552734374998], [138.21777343749997, 56.62900390624998], [138.180078125, 56.588525390624994], [138.140625, 56.498681640624994], [138.07382812500006, 56.43310546875003], [137.69150390625006, 56.139355468749955], [137.57294921875004, 56.11210937500002], [137.38408203125002, 55.974755859374994], [137.18984375, 55.89228515624998], [137.012109375, 55.795263671875034], [136.79355468750006, 55.694189453125034], [136.46025390625002, 55.57670898437502], [136.35117187500012, 55.510009765625], [136.17519531250005, 55.35224609375001], [135.75078125000002, 55.16064453124997], [135.540625, 55.11376953125003], [135.2625, 54.94331054687501], [135.23476562500005, 54.90322265625002], [135.21152343750012, 54.8408203125], [135.25771484375, 54.73149414062502], [135.32539062500004, 54.70742187500002], [135.43779296875002, 54.69248046874998], [135.85156250000003, 54.58393554687498], [136.23798828125004, 54.61406249999999], [136.58027343750004, 54.613623046875006], [136.71455078125004, 54.624316406250045], [136.79726562500005, 54.620996093749994], [136.82373046875003, 54.56147460937504], [136.82041015625006, 54.45234375000001], [136.77041015625, 54.35332031249999], [136.72939453125, 54.06064453125006], [136.68300781250005, 53.931298828124994], [136.71884765625006, 53.80410156250002], [136.80263671875, 53.78198242187503], [136.8864257812501, 53.83935546875], [137.01875, 53.84814453125], [137.15537109375006, 53.82167968750005], [137.25800781250004, 54.025244140625034], [137.17246093750006, 54.056884765625], [137.09619140625003, 54.12856445312502], [137.14160156250003, 54.182226562500034], [137.37773437500007, 54.282324218750006], [137.5250976562501, 54.29121093750004], [137.66601562500003, 54.283300781250034], [137.51318359374997, 54.15639648437502], [137.45126953125006, 54.13046874999998], [137.40341796875006, 54.12353515624997], [137.33925781250005, 54.10053710937501], [137.47646484375005, 54.02758789062497], [137.6227539062501, 53.97045898437497], [137.83476562500002, 53.94672851562501], [137.78613281249997, 53.90332031249997], [137.64482421875002, 53.86582031250006], [137.51699218750005, 53.70708007812496], [137.3136718750001, 53.63159179687503], [137.22148437500002, 53.579199218750034], [137.25371093750002, 53.54614257812503], [137.32832031250004, 53.538964843749994], [137.73818359375005, 53.560302734375], [137.95048828125007, 53.60356445312502], [138.25292968750003, 53.726416015625006], [138.37890625000003, 53.909277343750034], [138.49355468750005, 53.95966796874998], [138.52792968750012, 53.95986328125002], [138.56816406250002, 53.94716796875002], [138.56914062500007, 53.81879882812498], [138.40703125000007, 53.674169921875006], [138.29218750000004, 53.592431640624966], [138.2497070312501, 53.52402343750006], [138.32031249999997, 53.52290039062501], [138.45068359374997, 53.53701171875005], [138.5109375000001, 53.57001953125001], [138.66074218750006, 53.744775390624994], [138.69941406250004, 53.86972656250006], [138.72167968749997, 54.04375], [138.70468750000006, 54.14765625000001], [138.71591796875012, 54.22265625000003], [138.65722656249997, 54.29833984374997], [138.695703125, 54.320019531249955], [139.10507812500006, 54.21782226562502], [139.31972656250005, 54.19296875], [139.70742187500005, 54.27714843750002], [139.79550781250006, 54.25644531250006], [139.85839843749997, 54.20532226562503], [140.17871093749997, 54.05156249999999], [140.24169921875003, 54.00102539062499], [140.3470703125, 53.81259765625006], [140.68759765625006, 53.59643554687497], [141.00566406250002, 53.49458007812501], [141.0150390625, 53.454248046874966], [141.21767578125, 53.33447265625], [141.37373046875004, 53.29277343750002], [141.40205078125004, 53.183984374999966], [141.32792968750007, 53.09726562499998], [141.18125000000012, 53.015283203124966], [140.88730468750006, 53.091503906249955], [140.83964843750007, 53.08789062500003], [140.87451171874997, 53.03984375000002], [141.08681640625005, 52.89755859374998], [141.25585937500003, 52.84013671874999], [141.26591796875002, 52.65258789062497], [141.24501953125005, 52.55014648437498], [141.13242187500012, 52.43569335937502], [141.16982421875, 52.368408203125], [141.32968750000006, 52.271142578124994], [141.40908203125, 52.23432617187504], [141.48525390625005, 52.178515625000045], [141.38554687500007, 52.057226562500006], [141.3668945312501, 51.920654296875], [141.25839843750012, 51.860693359375034], [141.12939453125003, 51.72778320312506], [140.93261718749997, 51.61992187500002], [140.83857421875004, 51.414160156250006], [140.6876953125001, 51.232275390625006], [140.67070312500002, 51.05131835937499], [140.64560546875006, 50.98676757812498], [140.52089843750005, 50.800195312499994], [140.47636718750002, 50.54599609374998], [140.53544921875007, 50.13076171875002], [140.56406250000006, 50.106689453125], [140.62451171875003, 50.08242187500005], [140.61328124999997, 50.05371093750006], [140.58457031250006, 50.033349609374994], [140.46269531250002, 49.911474609375034], [140.46455078125004, 49.82558593750002], [140.51132812500006, 49.76166992187498], [140.51718750000006, 49.59614257812501], [140.43105468750005, 49.33149414062501], [140.39912109375004, 49.28979492187503], [140.36435546875006, 49.22084960937502], [140.34863281250003, 49.15917968749997], [140.32558593750005, 49.120019531249994], [140.30898437500005, 49.05390625000001], [140.3336914062501, 48.99482421874998], [140.37832031250005, 48.96411132812503], [140.22421875000006, 48.772851562499966], [140.1706054687501, 48.523681640625], [140.11328124999997, 48.42265625000002], [139.9984375, 48.32377929687496], [139.76074218749997, 48.180566406249994], [139.67626953125003, 48.08989257812502], [139.52050781249997, 47.97529296875001], [139.37265625000006, 47.88735351562505], [139.16699218749997, 47.634863281250034], [139.0013671875, 47.38330078125003], [138.58681640625, 47.057226562500034], [138.5296875, 46.976220703124966], [138.50048828125003, 46.889843749999955], [138.3917968750001, 46.74506835937504], [138.33691406249997, 46.54340820312498], [138.21015625000004, 46.46293945312502], [138.10634765625, 46.25073242187503], [137.76914062500006, 45.928515625000045], [137.68544921875005, 45.81835937499997], [137.4251953125, 45.63999023437506], [137.14697265624997, 45.39350585937501], [136.80351562500007, 45.171142578125], [136.73720703125005, 45.08002929687501], [136.60410156250012, 44.97817382812505], [136.46044921874997, 44.82211914062506], [136.2511718750001, 44.66679687500002], [136.20869140625004, 44.56201171875], [136.1422851562501, 44.48911132812498], [135.9870117187501, 44.439843749999966], [135.87460937500012, 44.37353515624997], [135.53320312499997, 43.971484375000045], [135.48906250000007, 43.898828124999966], [135.48339843749997, 43.835009765625045], [135.26015625000005, 43.684619140625045], [135.13105468750004, 43.525732421875006], [134.91699218749997, 43.4265625], [134.691796875, 43.29057617187496], [134.1564453125001, 43.042138671874966], [134.0104492187501, 42.947460937499955], [133.709375, 42.829931640625006], [133.58671875000002, 42.828222656250006], [133.3294921875, 42.763867187499955], [133.15996093750002, 42.69697265625001], [133.059375, 42.72280273437502], [132.99658203124997, 42.808007812499966], [132.92392578125006, 42.805273437500034], [132.86357421875002, 42.79375], [132.70898437499997, 42.875830078125034], [132.57646484375007, 42.87158203125006], [132.48134765625, 42.909765625], [132.30380859375006, 42.88330078125003], [132.334375, 43.23867187500005], [132.30957031249997, 43.31352539062502], [132.23320312500007, 43.24506835937501], [132.02871093750005, 43.11894531249999], [131.94726562499997, 43.09541015624998], [131.86660156250005, 43.09516601562504], [131.89833984375005, 43.17075195312498], [132.01308593750005, 43.28002929687503], [131.9762695312501, 43.29604492187502], [131.93896484374997, 43.30195312499998], [131.79472656250007, 43.255273437499966], [131.7220703125, 43.20263671875], [131.51640625000002, 42.99643554687498], [131.3932617187501, 42.82231445312496], [131.29248046874997, 42.77211914062502], [131.24531250000004, 42.697412109374994], [131.15830078125006, 42.62602539062502], [131.0248046875, 42.64516601562502], [130.94570312500005, 42.63393554687502], [130.75615234375007, 42.67329101562498], [130.709375, 42.656396484374994], [130.83417968750004, 42.52294921874997], [130.72988281250005, 42.32578125000006], [130.68730468750007, 42.30253906250002], [130.65800781250002, 42.32778320312502], [130.65156250000004, 42.37250976562498], [130.61796875000007, 42.415625], [130.5541015625, 42.474707031250006], [130.52695312500006, 42.53540039062503], [130.58447265624997, 42.567333984374955], [130.57656250000005, 42.62324218749998], [130.52060546875012, 42.67431640625], [130.43925781250007, 42.68554687499997], [130.41992187500003, 42.699853515624966], [130.42480468749997, 42.72705078125], [130.45273437500006, 42.75541992187502], [130.49296875000007, 42.779101562500045], [130.57724609375012, 42.811621093750006], [130.72246093750002, 42.83583984375005], [130.80332031250006, 42.856835937499966], [130.86855468750005, 42.86333007812496], [130.94287109374997, 42.85175781250001], [131.00556640625004, 42.88310546874999], [131.0685546875001, 42.902246093749994], [131.08349609375003, 42.95629882812497], [131.08613281250004, 43.03808593750003], [131.10898437500006, 43.06245117187504], [131.13554687500007, 43.09760742187498], [131.17558593750007, 43.1421875], [131.21191406249997, 43.25776367187504], [131.23935546875006, 43.33764648437506], [131.25732421875003, 43.37807617187502], [131.26181640625012, 43.43305664062504], [131.24394531250002, 43.46904296874999], [131.20917968750004, 43.49042968750001], [131.18242187500002, 43.50556640624998], [131.180078125, 43.56708984374998], [131.18359374999997, 43.65087890625], [131.17421875000005, 43.704736328124966], [131.21328125, 44.00292968750006], [131.25527343750005, 44.07158203124999], [131.12578125000002, 44.46918945312501], [131.08691406250003, 44.59565429687501], [131.06064453125006, 44.65966796875], [131.00390624999997, 44.75322265624996], [130.96777343749997, 44.799951171874966], [130.98164062500004, 44.844335937500034], [131.03300781250007, 44.88886718749998], [131.08232421875007, 44.910009765625006], [131.22792968750005, 44.92016601562503], [131.2682617187501, 44.936132812500006], [131.446875, 44.984033203124994], [131.4875, 45.01313476562498], [131.57871093750012, 45.08364257812505], [131.6139648437501, 45.13657226562498], [131.6540039062501, 45.20537109374996], [131.74208984375, 45.24262695312501], [131.79492187500003, 45.30527343749998], [131.85185546875007, 45.32685546875004], [131.90927734375006, 45.273730468750045], [131.97753906250003, 45.243994140625034], [132.06738281250003, 45.225976562499994], [132.18134765625004, 45.203271484374994], [132.36298828125004, 45.15996093749996], [132.5490234375001, 45.12280273437503], [132.66562500000012, 45.093701171874955], [132.72314453125003, 45.08056640625003], [132.83867187500002, 45.06113281249998], [132.88876953125012, 45.04604492187502], [132.93603515624997, 45.02993164062502], [133.01171875000003, 45.07456054687506], [133.11347656250004, 45.130712890625034], [133.096875, 45.22045898437503], [133.11337890625012, 45.321435546874994], [133.18603515625003, 45.494824218749955], [133.2669921875, 45.545263671875034], [133.30957031249997, 45.553076171875006], [133.35546874999997, 45.57221679687501], [133.43642578125005, 45.604687499999955], [133.465625, 45.651220703125034], [133.44912109375005, 45.705078125], [133.47578125000004, 45.757666015625034], [133.48466796875002, 45.810449218749966], [133.51308593750005, 45.87880859375002], [133.55117187500005, 45.897802734375006], [133.60800781250006, 45.920312499999966], [133.64785156250005, 45.955224609374966], [133.68574218750004, 46.008935546874994], [133.71113281250004, 46.06962890625002], [133.70068359374997, 46.13974609374998], [133.7501953125001, 46.1859375], [133.83281250000007, 46.224267578124966], [133.86132812500003, 46.247753906249955], [133.87480468750002, 46.30908203125003], [133.88027343750005, 46.336035156250006], [133.902734375, 46.366943359375], [133.88671875000003, 46.430566406249994], [133.8666015625, 46.499121093750006], [133.95751953124997, 46.61425781250003], [134.0226562500001, 46.71318359375002], [134.03857421874997, 46.85815429687497], [134.04599609375006, 46.88198242187502], [134.07138671875006, 46.95078125], [134.08642578125003, 46.978125], [134.1369140625001, 47.06899414062502], [134.20214843749997, 47.128076171874994], [134.18925781250002, 47.194238281249966], [134.16298828125, 47.258740234374955], [134.16767578125004, 47.30219726562501], [134.22519531250006, 47.352636718750006], [134.26005859375007, 47.37773437499996], [134.29082031250002, 47.41357421874997], [134.33945312500006, 47.42949218750002], [134.38251953125004, 47.43823242187503], [134.48349609375012, 47.447363281250034], [134.54189453125, 47.48515624999999], [134.59619140624997, 47.52387695312498], [134.69580078125003, 47.624853515625034], [134.72812500000012, 47.68447265625002], [134.75234375, 47.715429687500006], [134.69863281250005, 47.80141601562502], [134.65029296875, 47.87426757812503], [134.59130859374997, 47.975195312500006], [134.56601562500012, 48.02250976562496], [134.60537109375, 48.082910156249994], [134.64726562500007, 48.12016601562496], [134.66933593750005, 48.15332031250006], [134.6808593750001, 48.21044921875006], [134.6652343750001, 48.25390625000003], [134.56357421875006, 48.32172851562498], [134.45615234375012, 48.35532226562498], [134.33496093749997, 48.36884765624998], [134.293359375, 48.37343750000005], [134.20585937500002, 48.359912109375045], [133.8421875, 48.27373046874999], [133.67177734375005, 48.20771484375004], [133.57324218750003, 48.13300781249998], [133.46835937500006, 48.09716796874997], [133.301171875, 48.10151367187498], [133.14404296874997, 48.10566406250001], [133.02011718750006, 48.064404296874955], [132.87714843750004, 47.979101562500006], [132.77285156250005, 47.94008789062505], [132.7072265625001, 47.947265625], [132.63691406250004, 47.89008789062498], [132.56191406250005, 47.76850585937498], [132.4762695312501, 47.71499023437502], [132.38017578125007, 47.72949218750003], [132.1498046875, 47.71796874999998], [131.78525390625012, 47.680517578125006], [131.55673828125006, 47.68203125000005], [131.4642578125, 47.722607421874955], [131.31933593750003, 47.72783203124996], [131.121875, 47.69765625000002], [131.00273437500002, 47.69145507812502], [130.96191406249997, 47.709326171875006], [130.93281250000004, 47.75981445312499], [130.9154296875, 47.842919921874966], [130.84863281249997, 47.929443359375], [130.73261718750004, 48.01923828125001], [130.71210937500004, 48.127636718749955], [130.78720703125006, 48.25458984374998], [130.80429687500006, 48.34150390625001], [130.76347656250002, 48.38842773437497], [130.746875, 48.43037109375001], [130.65917968750003, 48.48339843749997], [130.59726562500012, 48.57465820312501], [130.55214843750005, 48.60249023437498], [130.565625, 48.68012695312498], [130.61718749999997, 48.77319335937503], [130.553125, 48.861181640625006], [130.35527343750002, 48.866357421874994], [130.19599609375004, 48.89165039062502], [130.03710937500003, 48.972265625], [129.79257812500012, 49.198876953124994], [129.67109375000004, 49.278515624999955], [129.59140625000006, 49.28666992187502], [129.53369140624997, 49.323437499999955], [129.49814453125006, 49.38881835937505], [129.44072265625002, 49.38945312499999], [129.38466796875005, 49.38945312499999], [129.35009765625003, 49.36235351562499], [129.30986328125002, 49.353857421875034], [129.2484375, 49.37866210937503], [129.18515625000012, 49.381396484375045], [129.12011718749997, 49.362060546875], [129.06513671875004, 49.374658203124994], [129.02031250000007, 49.41923828125002], [128.93828125000007, 49.44892578125004], [128.81933593749997, 49.46376953125002], [128.77031250000002, 49.494726562500034], [128.79101562499997, 49.541845703125034], [128.76904296874997, 49.57695312499999], [128.70400390625005, 49.60014648437502], [128.5267578125, 49.59423828124997], [128.23710937500002, 49.559277343749955], [127.99960937500006, 49.568603515625], [127.81425781250007, 49.62211914062496], [127.7111328125001, 49.671533203124994], [127.6901367187501, 49.71674804687498], [127.63671875000003, 49.76020507812504], [127.55078125000003, 49.80180664062499], [127.50244140625003, 49.8734375], [127.49179687500006, 49.97504882812501], [127.51230468750006, 50.071679687499994], [127.59023437500005, 50.20898437499997], [127.39531250000007, 50.29858398437503], [127.33720703125002, 50.35014648437496], [127.35117187500012, 50.39360351562502], [127.34082031249997, 50.428076171875034], [127.3060546875, 50.453515624999966], [127.30820312500006, 50.49418945312499], [127.34716796875003, 50.55009765625002], [127.346875, 50.62133789062506], [127.30703125, 50.70795898437504], [127.19824218749997, 50.829443359375006], [127.02041015625005, 50.98588867187499], [126.92480468750003, 51.10014648437499], [126.9115234375, 51.17231445312504], [126.88769531250003, 51.230126953124994], [126.85439453125, 51.261376953124966], [126.83378906250007, 51.314892578124955], [126.84775390625006, 51.37416992187505], [126.8273437500001, 51.412255859374994], [126.80175781250003, 51.44804687499999], [126.80546875000007, 51.50566406250002], [126.77451171875006, 51.54506835937505], [126.70917968750004, 51.56630859375002], [126.68867187500004, 51.60991210937502], [126.70078125000006, 51.703027343749966], [126.65371093750005, 51.78129882812502], [126.51054687500002, 51.92583007812499], [126.46806640625007, 52.03129882812499], [126.45556640625003, 52.12646484375], [126.39482421875007, 52.172998046874966], [126.39150390625, 52.214501953124994], [126.38349609375004, 52.28652343750002], [126.34628906250012, 52.30625], [126.32421874999997, 52.33164062500006], [126.34169921875, 52.36201171875004], [126.312890625, 52.39975585937498], [126.23759765625002, 52.44482421875003], [126.20292968750007, 52.48383789062498], [126.19443359375012, 52.51914062499998], [126.15664062500005, 52.54663085937497], [126.04589843750003, 52.573339843750006], [126.016015625, 52.61020507812506], [126.02324218750002, 52.64301757812498], [126.0470703125001, 52.673486328124966], [126.06015625000012, 52.691992187500006], [126.05605468750005, 52.71586914062499], [126.04814453125002, 52.73945312500001], [126.004296875, 52.76787109375002], [125.9416015625001, 52.80068359375005], [125.871875, 52.87153320312501], [125.78281250000006, 52.890722656250006], [125.72812500000012, 52.890722656250006], [125.68076171875006, 52.930810546874994], [125.69531250000003, 52.95629882812503], [125.69169921875007, 53.00371093750002], [125.64902343750006, 53.04228515624996], [125.59599609375002, 53.057470703125034], [125.54599609375006, 53.047607421875], [125.42246093750012, 53.08374023437497], [125.22558593749997, 53.16582031250002], [125.075, 53.20366210937499], [124.97089843750004, 53.19731445312502], [124.906640625, 53.17265624999999], [124.88212890625007, 53.129736328125034], [124.81230468750007, 53.13383789062496], [124.6398437500001, 53.21064453124998], [124.46591796875012, 53.22963867187505], [124.36914062500003, 53.27094726562501], [124.29140625, 53.34086914062496], [124.2199218750001, 53.37011718749997], [124.15429687499997, 53.358691406250045], [123.99472656250012, 53.405615234375006], [123.74091796875004, 53.51098632812497], [123.6078125, 53.54653320312502], [123.55976562500004, 53.52666015624999], [123.53476562500012, 53.526464843750034], [123.48945312500004, 53.52944335937502], [123.42402343750004, 53.53076171875], [123.30957031249997, 53.55561523437501], [123.15410156250002, 53.544580078124994], [122.95761718750006, 53.49770507812502], [122.74472656250012, 53.46850585937503], [122.5158203125001, 53.45698242187498], [122.38017578125002, 53.4625], [122.33779296875, 53.48500976562502], [122.08886718749997, 53.45146484375002], [121.74394531250007, 53.38359375], [121.40546875000004, 53.317041015624994], [120.98544921875006, 53.28457031250005], [120.70410156249997, 53.17182617187498], [120.4212890625, 52.968066406250045], [120.2181640625, 52.839892578125045], [120.09453125000002, 52.78720703125006], [120.0443359375, 52.71821289062504], [120.06757812500004, 52.63291015625006], [120.17275390625, 52.60249023437498], [120.36005859375004, 52.62700195312502], [120.52109375000006, 52.61503906249996], [120.65615234375005, 52.56665039062497], [120.69921875000003, 52.49360351562501], [120.65039062500003, 52.395898437499994], [120.6654296875, 52.29990234374998], [120.74453125, 52.20546875000002], [120.74980468750002, 52.096533203125034], [120.68144531250007, 51.97304687500002], [120.51054687500007, 51.84853515625005], [120.2370117187501, 51.72299804687506], [120.06689453124997, 51.600683593750006], [119.96699218750004, 51.42211914062503], [119.8131835937501, 51.26704101562498], [119.75664062500002, 51.17949218749999], [119.74599609375, 51.10771484375002], [119.6849609375, 51.030126953125034], [119.5734375000001, 50.94677734375], [119.51230468750006, 50.863134765625034], [119.50175781250007, 50.77924804687498], [119.445703125, 50.702832031249955], [119.34404296875007, 50.633886718750034], [119.28066406250005, 50.56098632812501], [119.25585937499997, 50.48417968749999], [119.21669921875, 50.43251953125005], [119.16367187500012, 50.40600585937497], [119.19189453124997, 50.37983398437498], [119.30156250000002, 50.35390625000002], [119.34628906250006, 50.27895507812502], [119.32607421875005, 50.154931640624966], [119.25986328125006, 50.06640624999997], [119.14746093749997, 50.01337890625001], [118.97949218749997, 49.97885742187498], [118.75595703125006, 49.96284179687501], [118.4515625, 49.84448242187497], [118.18662109375006, 49.692773437499966], [117.87343750000005, 49.513476562500045], [117.81259765625012, 49.513525390625034], [117.69843750000004, 49.53583984374998], [117.47714843750006, 49.60942382812496], [117.24560546874997, 49.62485351562498], [117.0216796875001, 49.69296875], [116.88896484375002, 49.73779296875], [116.68330078125001, 49.823779296874996], [116.63154296875001, 49.87705078125], [116.551171875, 49.920312499999966], [116.35117187500003, 49.978076171874996], [116.21679687499997, 50.00927734374997], [116.13457031249999, 50.010791015624996], [115.92597656250001, 49.9521484375], [115.79521484374999, 49.905908203124994], [115.7177734375, 49.880615234375], [115.58798828125003, 49.886035156249996], [115.42919921875, 49.896484375], [115.36503906249999, 49.911767578124994], [115.27451171875003, 49.948876953124994], [115.09804687500002, 50.059423828125], [115.00332031250002, 50.138574218749994], [114.87958984375001, 50.183056640625], [114.74316406249997, 50.233691406250045], [114.67490234375003, 50.245703125], [114.55400390624999, 50.241455078125], [114.38632812500003, 50.25546875], [114.29707031250001, 50.2744140625], [114.22177734375003, 50.257275390625], [114.070703125, 50.204736328124994], [113.88115234374999, 50.101123046874996], [113.732421875, 50.0615234375], [113.57421875, 50.00703125], [113.44550781250001, 49.9416015625], [113.31904296875001, 49.874316406249996], [113.16416015625003, 49.797167968749996], [113.09208984374999, 49.692529296874994], [113.05556640625002, 49.616259765624996], [112.91484374999999, 49.569238281249994], [112.80644531249999, 49.523583984374994], [112.69736328125003, 49.507275390625], [112.49492187499999, 49.53232421875], [112.37519531250001, 49.514599609375], [112.07968750000003, 49.42421875], [111.93447265625, 49.416015625], [111.8333984375, 49.403613281250045], [111.73554687500001, 49.397753906249996], [111.57480468750003, 49.376416015625], [111.51191406250001, 49.3609375], [111.42929687500003, 49.342626953125], [111.33662109375001, 49.35585937499999], [111.20419921875003, 49.304296875], [110.82792968749999, 49.166162109374994], [110.70976562499999, 49.14296875], [110.63105468750001, 49.137597656249994], [110.52958984374999, 49.187060546874996], [110.42783203125003, 49.219970703125], [110.32138671875003, 49.215869140624996], [110.19990234375001, 49.17041015625], [109.99453125000002, 49.205615234374996], [109.75039062500002, 49.239306640624996], [109.5287109375, 49.26987304687506], [109.45371093750003, 49.296337890625], [109.23671875, 49.33491210937498], [108.919921875, 49.335351562499994], [108.73300781250003, 49.33564453125], [108.613671875, 49.32280273437502], [108.52246093749997, 49.34150390624998], [108.40693359375001, 49.396386718749994], [108.21308593750001, 49.524804687499994], [108.098046875, 49.56264648437502], [108.03378906250003, 49.593994140625], [108.00957031249999, 49.646875], [107.96542968750003, 49.653515625], [107.93671875000001, 49.691015625], [107.93876953124999, 49.74072265625], [107.93486328124999, 49.849023437499994], [107.94785156250003, 49.924707031249994], [107.91660156250003, 49.947802734374996], [107.78681640625001, 49.960009765624996], [107.63095703125003, 49.98310546875], [107.34707031250002, 49.986669921875], [107.23330078125, 49.989404296874994], [107.14306640624997, 50.03300781250002], [107.04023437500001, 50.086474609374996], [106.94130859375, 50.19667968750005], [106.85371093750001, 50.248291015625], [106.71113281250001, 50.31259765625], [106.57441406250001, 50.32880859375], [106.36845703124999, 50.317578125], [106.21787109375003, 50.304589843749994], [106.08251953125, 50.332568359374996], [105.996484375, 50.36791992187503], [105.87519531250001, 50.40537109375], [105.69257812500001, 50.41416015625], [105.54160156250003, 50.441259765625], [105.38359374999999, 50.47373046875], [105.26669921875003, 50.460498046874996], [105.18593750000002, 50.429589843749994], [105.0947265625, 50.389941406249996], [104.976953125, 50.38291015624998], [104.68535156249999, 50.341845703124996], [104.59638671875001, 50.3171875], [104.46630859374997, 50.30615234374997], [104.35390625, 50.275292968749994], [104.25996093750001, 50.214453125], [104.17968749999997, 50.16943359375], [104.07871093750003, 50.154248046875], [103.95849609375, 50.157275390624996], [103.85615234375001, 50.171826171875], [103.80263671875002, 50.176074218749996], [103.72324218750003, 50.153857421874996], [103.63291015625003, 50.138574218749994], [103.49628906250001, 50.164941406249994], [103.42119140624999, 50.187060546874996], [103.30439453125001, 50.20029296875], [103.2337890625, 50.264257812500034], [103.16171875000003, 50.29072265625], [103.039453125, 50.300634765625006], [102.85966796874999, 50.333251953125], [102.76542968749999, 50.366552734375], [102.68330078125001, 50.387158203125], [102.5462890625, 50.461328124999966], [102.46943359375001, 50.525683593749996], [102.40683593750003, 50.536181640624996], [102.33642578124997, 50.54423828124999], [102.28837890624999, 50.585107421874994], [102.28574218750003, 50.634667968749994], [102.30332031250003, 50.66552734375], [102.31660156250001, 50.71845703125], [102.27656250000001, 50.768701171874994], [102.23505859375001, 50.7912109375], [102.21503906250001, 50.829443359375], [102.22617187500003, 50.90146484375], [102.21025390624999, 50.97431640625], [102.19453125000001, 51.050683593749994], [102.15195312500003, 51.10751953125], [102.14238281249999, 51.216064453125], [102.16005859375, 51.260839843750034], [102.1556640625, 51.31376953124999], [102.11152343750001, 51.353466796875], [101.97919921875001, 51.382226562499994], [101.82119140625002, 51.421044921874994], [101.57089843750003, 51.4671875], [101.46435546875, 51.471484375], [101.38125, 51.45263671875], [101.30449218749999, 51.474755859374994], [101.22324218750003, 51.51328125], [101.0853515625, 51.55302734374996], [100.90361328124999, 51.604248046875], [100.71074218749999, 51.661572265625], [100.53623046875003, 51.7134765625], [100.46894531250001, 51.72607421875], [100.23037109375002, 51.729833984375], [100.03457031250002, 51.737109375], [99.92167968749999, 51.755517578125], [99.78789062499999, 51.8275390625], [99.71923828125, 51.871630859374996], [99.61289062500003, 51.892529296875], [99.53232421875003, 51.89990234375], [99.40703124999999, 51.92353515625], [99.17617187500002, 51.998876953125], [99.09140625000003, 52.03486328125], [99.03427734375003, 52.035400390625], [98.95810546875003, 52.101708984375], [98.89316406250003, 52.11728515625], [98.8486328125, 52.070068359375], [98.80253906249999, 51.957470703125], [98.76015625000002, 51.905078125], [98.64052734375, 51.80117187499999], [98.35273437500001, 51.717626953125], [98.303125, 51.67426757812498], [98.27685546874997, 51.63457031249999], [98.2375, 51.578417968749996], [98.21992187500001, 51.505615234375], [98.18466796875003, 51.485742187499994], [98.103125, 51.483544921874994], [98.03759765624997, 51.44995117187503], [97.98916015625, 51.377050781250006], [97.946875, 51.3484375], [97.92324218750002, 51.28046875], [97.92734375000003, 51.250732421875], [97.91787109375002, 51.21787109375], [97.91083984375001, 51.165185546874994], [97.83574218749999, 51.051660156249994], [97.82529296875003, 50.985253906249994], [97.85615234375001, 50.943359375], [97.91982421875, 50.88715820312504], [97.953125, 50.85517578125], [97.96416015624999, 50.817675781249996], [97.9619140625, 50.769140625], [98.00117187500001, 50.702050781249994], [98.02978515625, 50.64462890625], [98.07890624999999, 50.603808593749996], [98.14501953125, 50.5685546875], [98.22050781249999, 50.557177734374996], [98.27949218750001, 50.533251953124996], [98.29267578125001, 50.486962890624994], [98.27734374999997, 50.422998046874966], [98.25029296874999, 50.30244140625], [98.2, 50.227685546874994], [98.17011718750001, 50.180566406249994], [98.12197265625002, 50.106591796874994], [98.10341796875, 50.07783203124998], [98.00390624999997, 50.014257812500006], [97.93662109375003, 49.99677734375], [97.85390625000002, 49.94677734375], [97.785546875, 49.94453125000001], [97.720703125, 49.944628906249996], [97.65097656250003, 49.93359375], [97.58935546874997, 49.911474609375034], [97.54082031249999, 49.843115234375], [97.41835937500002, 49.773046875], [97.359765625, 49.74145507812503], [97.20859375000003, 49.730810546875], [97.13691406250001, 49.76171875], [97.09765624999997, 49.805029296875006], [97.04912109374999, 49.829882812499996], [96.9857421875, 49.88281250000006], [96.71171874999999, 49.911572265625], [96.64023437500003, 49.897851562499994], [96.59843749999999, 49.87841796875], [96.54326171874999, 49.892529296875], [96.50576171875002, 49.918701171875], [96.46640625000003, 49.911523437499994], [96.38115234374999, 49.896044921874996], [96.31503906250003, 49.901123046875], [96.22968750000001, 49.9541015625], [96.11171875000002, 49.982470703124996], [96.06552734375003, 49.99873046875], [96.01855468749997, 49.99877929687506], [95.98955078124999, 49.973583984375], [95.93574218750001, 49.960009765624996], [95.89941406249997, 49.99057617187498], [95.85195312500002, 50.012939453125], [95.78935546874999, 50.0125], [95.70781249999999, 49.966015625], [95.56718749999999, 49.94384765625], [95.52265625000001, 49.91123046875], [95.441796875, 49.91552734374997], [95.38564453125, 49.94121093749996], [95.3294921875, 49.94414062500002], [95.16621093750001, 49.94384765625], [95.11142578125003, 49.935449218749994], [95.0443359375, 49.96157226562502], [95.01289062500001, 50.008251953125], [94.93027343750003, 50.04375], [94.81123046875001, 50.048193359375], [94.71806640624999, 50.043261718749996], [94.67548828125001, 50.028076171875], [94.61474609374997, 50.02373046874999], [94.56464843750001, 50.087939453124996], [94.496875, 50.1328125], [94.45849609375, 50.16572265625], [94.40019531249999, 50.179638671875], [94.35468750000001, 50.221826171874994], [94.346875, 50.30341796875], [94.3193359375, 50.4048828125], [94.28701171875, 50.51137695312502], [94.25107421875003, 50.556396484375], [94.07578125000003, 50.5728515625], [93.98984375000003, 50.56884765625], [93.79541015625, 50.57763671875], [93.66201171875002, 50.58369140625], [93.62558593750003, 50.585546875], [93.50107421875003, 50.597460937499996], [93.38681640625003, 50.60849609375], [93.2705078125, 50.615576171875], [93.22255859375002, 50.60654296875], [93.103125, 50.60390625], [93.00986328125003, 50.654541015625], [92.97070312499997, 50.7125], [92.96357421875001, 50.744921875], [92.94130859375002, 50.778222656249994], [92.85644531249997, 50.789111328125045], [92.77929687499997, 50.778662109375034], [92.73867187500002, 50.7109375], [92.68134765625001, 50.683203125], [92.62666015625001, 50.68828125], [92.57890624999999, 50.725439453125], [92.48642578125003, 50.765087890625], [92.42636718750003, 50.803076171875], [92.35478515624999, 50.864160156249994], [92.29580078125002, 50.8498046875], [92.27900390625001, 50.81220703125], [92.26533203125001, 50.775195312499996], [92.1923828125, 50.700585937499994], [92.10400390624997, 50.69199218750006], [91.95654296874997, 50.69760742187506], [91.80429687500003, 50.693603515625], [91.70634765624999, 50.66552734375], [91.6341796875, 50.61513671875002], [91.596875, 50.575537109375], [91.52167968750001, 50.56201171875], [91.44648437500001, 50.52216796875], [91.4150390625, 50.468017578125], [91.3408203125, 50.470068359375], [91.30058593749999, 50.46337890625], [91.23378906250002, 50.452392578125], [91.06279296874999, 50.422607421875], [91.02158203125003, 50.415478515625], [90.91718750000001, 50.364160156249994], [90.83808593750001, 50.32373046875], [90.76074218749997, 50.30595703125002], [90.71435546875, 50.259423828124994], [90.65507812499999, 50.22236328125], [90.51689453124999, 50.213330078125], [90.36484375000003, 50.166894531249994], [90.31132812499999, 50.151171875], [90.22451171875002, 50.11669921875], [90.10371093750001, 50.103320312499996], [90.05371093749997, 50.09375], [90.00498046875003, 50.069287109375], [89.97734374999999, 49.984326171875], [89.87802734375003, 49.95351562499999], [89.74423828125003, 49.948095703125], [89.64384765624999, 49.90302734375], [89.63427734374997, 49.82329101562502], [89.66953125000003, 49.75048828125], [89.65410156249999, 49.71748046875], [89.57919921875003, 49.69970703125], [89.475, 49.66054687499999], [89.39560546875003, 49.6115234375], [89.29921875, 49.611132812500045], [89.24394531249999, 49.62705078125], [89.20292968749999, 49.595703125], [89.17998046874999, 49.5322265625], [89.10947265625003, 49.501367187499994], [89.00839843750003, 49.472802734374994], [88.97060546875002, 49.483740234375], [88.94541015625003, 49.507666015625], [88.90019531249999, 49.539697265624994], [88.86386718750003, 49.527636718749996], [88.86035156249997, 49.481542968750006], [88.83164062500003, 49.4484375], [88.74785156249999, 49.446240234375], [88.68271484375003, 49.46455078125], [88.63320312500002, 49.486132812499996], [88.54433593750002, 49.482568359374994], [88.45244140624999, 49.472705078124996], [88.39335937499999, 49.482861328125], [88.33779296875, 49.472558593749966], [88.19257812500001, 49.451708984374996], [88.13554687499999, 49.381494140624994], [88.13427734375, 49.2984375], [88.11572265624997, 49.256298828124955], [88.02851562500001, 49.219775390624996], [87.98808593749999, 49.186914062499994], [87.93476562500001, 49.16455078125], [87.81826171875, 49.16210937500003], [87.81425781249999, 49.1623046875], [87.7625, 49.16582031249999], [87.66835937500005, 49.14721679687503], [87.5765625, 49.13237304687502], [87.51582031250004, 49.122412109375034], [87.47617187500006, 49.09145507812502], [87.4166992187501, 49.07661132812504], [87.32285156250006, 49.085791015625034], [87.296875, 49.14765625000004], [87.23369140625002, 49.216162109375034], [87.14804687500006, 49.23979492187496], [87.07060546875002, 49.254589843749955], [87.00097656249997, 49.287304687499955], [86.95292968750002, 49.322070312500045], [86.81210937500012, 49.48789062499998], [86.71435546875003, 49.55859375], [86.62646484374997, 49.56269531250004], [86.61425781249997, 49.609716796875006], [86.66533203125007, 49.65668945312498], [86.73066406250004, 49.695556640625], [86.7287109375001, 49.748681640624994], [86.6754882812501, 49.777294921874955], [86.61015625000002, 49.76914062499998], [86.52226562500007, 49.707763671875], [86.41796875000003, 49.63847656250002], [86.2923828125, 49.5875], [86.24218750000003, 49.54633789062498], [86.18085937500004, 49.49931640624999], [86.0929687500001, 49.50546875], [86.02958984375002, 49.50341796875003], [85.97441406250007, 49.49931640624999], [85.93359375000003, 49.55043945312502], [85.88046875000012, 49.55654296875002], [85.4984375, 49.60537109375002], [85.37158203125003, 49.623925781249966], [85.29189453125005, 49.59946289062506], [85.23261718750004, 49.615820312500006], [85.2101562500001, 49.66484375], [85.13652343750002, 49.75073242187497], [85.07646484375002, 49.821630859375034], [85.00078125000007, 49.89414062500006], [84.97519531250006, 49.95107421875002], [84.9997070312501, 50.01030273437499], [84.98945312500004, 50.06142578125002], [84.92402343750004, 50.087988281250006], [84.83896484375012, 50.09130859374997], [84.60732421875, 50.20239257812497], [84.49902343749997, 50.21875], [84.40097656250006, 50.239160156249994], [84.32324218749997, 50.239160156249994], [84.25781250000003, 50.28823242187505], [84.19453125000004, 50.43745117187498], [84.17597656250004, 50.520556640625045], [84.0993164062501, 50.60473632812506], [84.00234375000005, 50.676855468750006], [83.94511718750002, 50.77465820312503], [83.85976562500005, 50.818017578124966], [83.71777343749997, 50.88715820312504], [83.5814453125, 50.93574218749998], [83.35732421875, 50.99458007812498], [83.27373046875002, 50.99458007812498], [83.16025390625006, 50.98920898437504], [83.09277343750003, 50.960595703124994], [83.01923828125004, 50.89726562499996], [82.91904296875006, 50.89311523437499], [82.76083984375006, 50.89335937499996], [82.71855468750007, 50.86948242187498], [82.69296875000012, 50.826318359374994], [82.61171875000005, 50.771484375], [82.49394531250007, 50.72758789062502], [82.3263671875001, 50.74189453125001], [82.21191406249997, 50.719433593749955], [82.09804687500005, 50.710839843749994], [81.93369140625012, 50.76635742187503], [81.75205078125006, 50.76440429687497], [81.63388671875006, 50.73911132812498], [81.46591796875006, 50.739843750000034], [81.43144531250002, 50.77114257812502], [81.45156250000005, 50.82368164062498], [81.43769531250004, 50.87104492187504], [81.41015624999997, 50.909765625], [81.38828125000012, 50.95649414062504], [81.31914062500007, 50.96640625], [81.12460937500006, 50.9462890625], [81.07148437500004, 50.96875], [81.07753906250005, 51.014941406250045], [81.11240234375006, 51.072363281250006], [81.141015625, 51.146582031250034], [81.12724609375007, 51.19106445312505], [81.0267578125, 51.18569335937502], [80.965625, 51.189794921875034], [80.93408203124997, 51.242773437500006], [80.87734375000005, 51.28144531249998], [80.81308593750012, 51.283496093750045], [80.73525390625005, 51.29340820312501], [80.65048828125012, 51.27734375000003], [80.60546874999997, 51.224218750000034], [80.55068359375, 51.21660156249999], [80.49101562500002, 51.201757812500006], [80.44804687500007, 51.18334960937497], [80.42148437500006, 51.136376953124994], [80.43359374999997, 51.09262695312506], [80.45224609375012, 50.99760742187496], [80.42363281250007, 50.9462890625], [80.34521484374997, 50.919091796874966], [80.27041015625005, 50.92460937500002], [80.22021484375003, 50.911767578124994], [80.12724609375007, 50.85834960937501], [80.086328125, 50.83999023437502], [80.07207031250002, 50.80727539062502], [80.06591796875003, 50.75820312500005], [79.98623046875005, 50.774560546874994], [79.85966796875002, 50.95546875], [79.71640625000006, 51.160009765625006], [79.55429687500006, 51.37797851562502], [79.46884765625006, 51.49311523437501], [79.14873046875002, 51.86811523437504], [78.99208984375, 52.04741210937496], [78.72148437500002, 52.35703124999998], [78.47548828125, 52.63842773437503], [78.19804687500007, 52.92968750000003], [78.03349609375002, 53.09497070312506], [77.85996093750012, 53.26918945312502], [77.79941406250012, 53.31743164062499], [77.70439453125002, 53.37915039062503], [77.46923828125003, 53.49877929687497], [77.13242187500006, 53.67011718749998], [76.82070312500005, 53.822656249999966], [76.57568359374997, 53.942529296874966], [76.5130859375, 53.99321289062499], [76.484765625, 54.022558593750006], [76.45859375000006, 54.055273437500034], [76.4220703125001, 54.113525390625], [76.42167968750002, 54.151513671874994], [76.65458984375002, 54.14526367187497], [76.70302734375005, 54.182470703125006], [76.78896484375005, 54.321875], [76.83730468750005, 54.44238281250003], [76.759375, 54.436865234375034], [76.61552734375007, 54.38710937500002], [76.53916015625006, 54.35107421874997], [76.496484375, 54.33569335937503], [76.26660156249997, 54.31196289062501], [76.14052734375005, 54.25854492187506], [75.88066406250002, 54.16796874999997], [75.69287109374997, 54.11479492187499], [75.6568359375, 54.10600585937496], [75.4372070312501, 54.08964843750002], [75.39814453125004, 54.068505859374966], [75.39238281250002, 54.02172851562503], [75.37705078125, 53.970117187499994], [75.22021484375003, 53.893798828125], [75.0521484375, 53.82670898437499], [74.9889648437501, 53.819238281249994], [74.88681640625006, 53.83403320312499], [74.8341796875001, 53.82568359375006], [74.68144531250002, 53.75439453125], [74.45195312500002, 53.647265625000045], [74.43046875000007, 53.603710937499955], [74.429296875, 53.55073242187498], [74.402734375, 53.50444335937499], [74.35156249999997, 53.487646484375034], [74.27734374999997, 53.52773437500002], [74.20996093750003, 53.57646484374999], [74.06865234375007, 53.611425781250006], [73.858984375, 53.619726562500006], [73.73115234375004, 53.60278320312503], [73.64296875000005, 53.576269531250034], [73.46992187500004, 53.46889648437502], [73.4069335937501, 53.44755859375002], [73.371875, 53.45439453124999], [73.3619140625, 53.50620117187498], [73.32685546875004, 53.543164062499955], [73.2857421875, 53.59838867187503], [73.30566406249997, 53.70722656249998], [73.39941406249997, 53.81147460937501], [73.55419921874997, 53.86831054687502], [73.6789062500001, 53.92944335937506], [73.7155273437501, 53.99619140624998], [73.71240234374997, 54.042382812499966], [73.66640625, 54.0634765625], [73.61796875000002, 54.0673828125], [73.58994140625, 54.04497070312496], [73.50566406250007, 53.99931640624999], [73.38066406250007, 53.96284179687501], [73.2765625000001, 53.95561523437496], [73.2298828125, 53.9578125], [73.11933593750004, 53.98076171875002], [72.91406249999997, 54.107324218749966], [72.74101562500007, 54.12451171875], [72.62226562500004, 54.13432617187496], [72.58271484375004, 54.12158203125003], [72.56425781250002, 54.09042968749998], [72.5755859375, 54.056494140625006], [72.59921875, 54.023046875000034], [72.58593749999997, 53.995947265625006], [72.53027343750003, 53.97578124999998], [72.44677734374997, 53.94184570312501], [72.40429687500003, 53.964453125], [72.38300781250004, 54.053662109374955], [72.3873046875, 54.12304687499997], [72.3294921875, 54.18144531249996], [72.269140625, 54.272119140624966], [72.18603515624997, 54.32563476562504], [72.10537109375005, 54.308447265625006], [72.065625, 54.23164062499998], [72.0044921875, 54.205664062500006], [71.88740234375004, 54.221484375000045], [71.67714843750005, 54.17802734374999], [71.33642578124997, 54.158349609374966], [71.0931640625, 54.21220703125002], [71.05273437500003, 54.260498046875], [71.15214843750002, 54.3640625], [71.15976562500006, 54.455419921875006], [71.15917968750003, 54.53862304687499], [71.18554687499997, 54.59931640625001], [71.12626953125007, 54.715039062499955], [70.991796875, 54.95048828124996], [70.91015625000003, 55.12797851562499], [70.79033203125002, 55.26113281250002], [70.73808593750002, 55.30517578125003], [70.48632812499997, 55.282373046874994], [70.41718750000004, 55.253173828125], [70.37148437500005, 55.212255859375006], [70.29335937500005, 55.18359375000003], [70.18242187500007, 55.16245117187498], [70.08740234374997, 55.17675781249997], [69.98173828125002, 55.19907226562498], [69.87021484375006, 55.24565429687496], [69.74023437499997, 55.30737304687503], [69.49326171875, 55.35688476562498], [69.24697265625, 55.37250976562498], [68.97724609375004, 55.38959960937498], [68.84296875000004, 55.35834960937501], [68.71289062500003, 55.308496093749994], [68.52480468750005, 55.204833984375], [68.43847656249997, 55.194433593750006], [68.30195312500004, 55.1865234375], [68.20625, 55.160937500000045], [68.22529296875004, 55.11523437500006], [68.24404296875005, 55.052441406249955], [68.209375, 55.003027343750006], [68.155859375, 54.976708984374994], [68.073828125, 54.959570312500034], [67.93994140625003, 54.953710937500006], [67.82988281250007, 54.94355468749998], [67.69335937499997, 54.87241210937506], [67.48466796875007, 54.85449218750003], [67.25732421875003, 54.828808593749955], [67.09833984375004, 54.788183593750034], [66.7544921875, 54.737890625], [66.55537109375004, 54.715429687500034], [66.22265625000003, 54.66738281250002], [65.95468750000006, 54.659521484375034], [65.91425781250004, 54.69331054687498], [65.70781250000002, 54.61870117187496], [65.47695312500005, 54.623291015625], [65.434375, 54.593310546875045], [65.378125, 54.56445312500003], [65.31591796875003, 54.5515625], [65.23740234375, 54.51606445312501], [65.19218750000002, 54.44111328125001], [65.15781250000006, 54.36440429687502], [65.08837890625003, 54.34018554687498], [64.99541015625002, 54.36875], [64.92675781249997, 54.39663085937502], [64.8092773437501, 54.368554687499994], [64.64990234374997, 54.35224609375004], [64.52509765625004, 54.362158203125006], [64.46123046875007, 54.384179687499966], [64.19941406250004, 54.34741210937503], [64.062890625, 54.30292968750004], [64.03740234375007, 54.27973632812501], [64.00390624999997, 54.26708984375], [63.847070312499994, 54.236474609374994], [63.72119140625003, 54.24501953125005], [63.7013671875001, 54.24321289062502], [63.58203125000003, 54.22192382812506], [63.413671875, 54.18320312500006], [63.29267578125004, 54.170458984375045], [63.191308593749994, 54.171044921874994], [63.1265625, 54.13925781249998], [63.07392578125004, 54.10522460937497], [62.63271484375005, 54.06928710937504], [62.58828125000005, 54.04443359375003], [62.49902343749997, 54.01318359374997], [62.04023437500004, 54.002636718749955], [62.00234375000005, 53.97993164062504], [61.98564453125002, 53.95439453124999], [61.92871093749997, 53.94648437499998], [61.59814453124997, 53.99492187499999], [61.3336914062501, 54.049267578124955], [61.23105468750006, 54.01948242187501], [61.14375, 53.963818359374955], [61.113183593749994, 53.882470703124994], [61.113183593749994, 53.81298828125006], [61.113183593749994, 53.75346679687499], [61.07353515625002, 53.71044921875003], [60.98554687500004, 53.65742187499998], [60.97949218749997, 53.621728515624994], [61.09853515625005, 53.583105468750006], [61.24794921875005, 53.550976562499955], [61.33613281250004, 53.565185546875], [61.409960937500074, 53.58706054687502], [61.47412109375003, 53.58027343749998], [61.519140625, 53.55449218749996], [61.534960937500074, 53.523291015625006], [61.52656250000004, 53.5015625], [61.49853515625003, 53.484667968750045], [61.400976562500006, 53.45581054687503], [61.311621093750006, 53.465722656249994], [61.22890625000005, 53.445898437500034], [61.1859375, 53.40620117187504], [61.1627929687501, 53.336767578125006], [61.19921874999997, 53.287158203125045], [61.3109375, 53.27519531249999], [61.43681640625002, 53.239404296874994], [61.57617187500003, 53.22246093749999], [61.6598632812501, 53.22846679687498], [61.766210937500006, 53.17392578125006], [62.01464843749997, 53.10786132812501], [62.08105468750003, 53.057421875000045], [62.0827148437501, 53.00541992187502], [62.03710937500003, 52.96611328124999], [61.97421875, 52.94375], [61.888574218749994, 52.95590820312506], [61.71933593750006, 52.96938476562505], [61.53359375000005, 52.97851562500003], [61.40078125, 52.99599609375005], [61.206933593749994, 52.9890625], [61.04746093750006, 52.97246093749996], [61.00654296875004, 52.93334960937497], [60.944726562499994, 52.86015624999999], [60.89326171875004, 52.819433593750034], [60.80234375, 52.744726562500006], [60.77441406250003, 52.67578125], [60.82128906249997, 52.56982421875], [60.97949218749997, 52.39477539062503], [60.99453125, 52.336865234374955], [60.93759765625006, 52.280566406250045], [60.82841796875002, 52.23339843750003], [60.67031250000005, 52.15083007812498], [60.49931640625002, 52.14633789062506], [60.42548828125004, 52.125585937500006], [60.233691406250074, 52.024511718750006], [60.065527343750006, 51.976464843749994], [60.03027343750003, 51.933251953124994], [60.06748046875006, 51.890625], [60.280371093750006, 51.834619140624966], [60.3875, 51.77299804687502], [60.41835937500005, 51.70390624999999], [60.464746093749994, 51.65117187499999], [60.63037109374997, 51.61694335937503], [60.973535156249994, 51.53706054687501], [60.99335937500004, 51.528710937499994], [61.01484375000004, 51.492382812499955], [61.36308593750002, 51.44189453124997], [61.4113281250001, 51.414746093749955], [61.55468749999997, 51.324609374999966], [61.58505859375006, 51.22968750000001], [61.51220703125003, 51.137011718750045], [61.46503906250004, 50.99023437499997], [61.389453125000074, 50.86103515625004], [61.226855468750074, 50.774804687499966], [60.942285156249994, 50.69550781249998], [60.63798828125002, 50.663720703124994], [60.5084960937501, 50.66918945312503], [60.42480468750003, 50.67915039062501], [60.28808593749997, 50.70415039062496], [60.1867187500001, 50.769775390625], [60.112109375000074, 50.83417968749998], [60.05859375000003, 50.85029296874998], [60.005273437499994, 50.839697265625034], [59.955175781250006, 50.79926757812498], [59.88779296875006, 50.69018554687506], [59.81240234375005, 50.58203125000003], [59.7511718750001, 50.5439453125], [59.52304687500006, 50.49287109374998], [59.49785156250002, 50.51108398437498], [59.52392578124997, 50.58281250000002], [59.49511718749997, 50.60429687499996], [59.45234375000004, 50.620410156250045], [59.17089843750003, 50.647900390624955], [59.06435546875005, 50.668212890625], [58.98486328125003, 50.676123046875034], [58.883691406249994, 50.694433593750034], [58.81406250000006, 50.73720703125002], [58.66455078124997, 50.86831054687502], [58.547460937500006, 50.97104492187498], [58.35917968750002, 51.06381835937506], [58.18847656249997, 51.08173828124998], [58.174707031249994, 51.072265625], [58.04511718750004, 51.06884765625], [57.83886718749997, 51.091650390625034], [57.828906250000074, 51.08901367187502], [57.7648437500001, 51.046875], [57.7169921875001, 50.98095703125006], [57.65380859375003, 50.925146484375034], [57.5578125000001, 50.89555664062496], [57.442187500000074, 50.88886718750001], [57.3125, 50.94653320312506], [57.17900390625002, 51.036035156249994], [57.01171875000003, 51.06518554687497], [56.84960937499997, 51.045556640624966], [56.790332031250074, 51.03159179687506], [56.620214843750006, 50.98085937500002], [56.56689453125003, 51.004492187500034], [56.4914062500001, 51.01953125], [56.32558593750005, 50.93608398437496], [56.143945312499994, 50.844628906249994], [56.10449218750003, 50.776269531249994], [56.049707031249994, 50.713525390624994], [55.92919921875003, 50.65375976562501], [55.797656250000074, 50.60205078125003], [55.6862304687501, 50.582861328125034], [55.542285156250074, 50.60180664062497], [55.36113281250002, 50.66528320312503], [55.195214843749994, 50.74472656250006], [55.0148437500001, 50.86977539062505], [54.86796875000002, 50.94135742187498], [54.727148437500006, 50.99809570312499], [54.64160156249997, 51.01157226562498], [54.57294921875004, 50.99023437499997], [54.5460937500001, 50.94604492187503], [54.565625, 50.911279296874966], [54.60625, 50.87988281249997], [54.63789062500004, 50.78105468749999], [54.65, 50.66015624999997], [54.63613281250005, 50.591601562500045], [54.59619140624997, 50.55068359375005], [54.555273437500006, 50.53579101562502], [54.51738281250002, 50.541162109374966], [54.471484375000074, 50.583789062500045], [54.44335937500003, 50.673925781250034], [54.421484375, 50.78032226562502], [54.29785156250003, 50.9140625], [54.19111328125004, 50.995703125000034], [54.13974609375006, 51.04077148437497], [54.04150390625003, 51.11518554687504], [53.95683593750002, 51.16118164062499], [53.77646484375006, 51.213720703125034], [53.68808593750006, 51.25180664062498], [53.53466796874997, 51.399560546874966], [53.44863281250005, 51.44453124999998], [53.3380859375001, 51.482373046874955], [53.24726562500004, 51.49360351562504], [53.227343750000074, 51.48496093750006], [53.03837890625002, 51.46372070312498], [52.90263671875002, 51.46694335937502], [52.82050781250004, 51.494580078124955], [52.73505859375004, 51.497900390625034], [52.728125, 51.49814453124998], [52.63515625000005, 51.47954101562502], [52.61777343750006, 51.48076171874999], [52.571191406249994, 51.48164062499998], [52.496191406250006, 51.51215820312498], [52.4230468750001, 51.59423828125003], [52.33105468750003, 51.681298828124994], [52.21914062500005, 51.709375], [52.00712890625002, 51.672705078125006], [51.77539062499997, 51.554248046875045], [51.6090820312501, 51.483984375000034], [51.473437500000074, 51.48203124999998], [51.39599609375003, 51.471289062500006], [51.34453125000002, 51.47534179687506], [51.30107421875002, 51.497412109375006], [51.29072265625004, 51.54018554687502], [51.26992187499999, 51.59448242187497], [51.163476562499994, 51.64746093750003], [51.017871093750074, 51.68164062499997], [50.882421875, 51.71918945312498], [50.79394531250003, 51.72919921874998], [50.756152343750074, 51.67514648437498], [50.643945312499994, 51.58916015624996], [50.51630859375004, 51.505615234375], [50.35371093750004, 51.369726562500034], [50.30927734375004, 51.32158203124999], [50.246875, 51.28950195312501], [50.104882812499994, 51.25458984375001], [49.9323242187501, 51.19716796875005], [49.82226562499997, 51.13188476562496], [49.666308593750074, 51.10229492187497], [49.49804687499997, 51.08359375], [49.42460937500002, 51.02700195312502], [49.379492187500006, 50.934667968750034], [49.32343750000004, 50.851708984374994], [49.058691406250006, 50.72607421875], [48.91376953125004, 50.64458007812499], [48.808398437500074, 50.60131835937497], [48.73476562499999, 50.606884765624955], [48.65517578125005, 50.61987304687503], [48.62509765625006, 50.612695312499994], [48.66601562500003, 50.55034179687499], [48.70048828125002, 50.353759765625], [48.74941406250005, 50.228466796874955], [48.78476562500006, 50.15644531250001], [48.81796875, 50.09985351562503], [48.84326171874997, 50.013134765624955], [48.8102539062501, 49.96240234375], [48.75898437500004, 49.928320312500006], [48.6, 49.87470703125001], [48.43427734375004, 49.82851562499999], [48.33496093749997, 49.858251953125034], [48.22480468750004, 49.93193359375002], [48.18134765625004, 49.97001953124996], [48.0607421875001, 50.093603515625006], [47.84960937499997, 50.282324218750006], [47.70576171875004, 50.377978515625045], [47.59960937500003, 50.41357421875], [47.5036132812501, 50.40273437500002], [47.42919921875003, 50.357958984375045], [47.376367187499994, 50.318115234375], [47.326464843750074, 50.27353515624998], [47.294726562500074, 50.21748046875001], [47.297656250000074, 50.140234375], [47.29521484375002, 50.058496093749966], [47.24833984375002, 50.00087890625002], [47.1295898437501, 49.93906250000006], [46.99199218750002, 49.852734374999955], [46.88955078125005, 49.69697265625004], [46.823144531249994, 49.50224609374996], [46.802050781250074, 49.367089843749966], [46.85292968750005, 49.303857421874966], [46.95341796875002, 49.252587890624994], [47.01816406250006, 49.19990234375001], [47.03134765625006, 49.15029296875002], [47.01425781250006, 49.09833984375001], [46.96220703125002, 49.03833007812506], [46.85292968750005, 48.969628906249994], [46.70263671874997, 48.805566406249966], [46.60917968750002, 48.57387695312502], [46.66093750000002, 48.41225585937505], [46.853125, 48.323583984375006], [47.00429687499999, 48.284472656250045], [47.0646484375001, 48.23247070312502], [47.119042968749994, 48.12700195312502], [47.11152343750004, 48.020117187500006], [47.09326171874997, 47.94770507812498], [47.130761718749994, 47.87675781250002], [47.20205078125005, 47.79248046875], [47.29238281250005, 47.740917968749955], [47.387304687500006, 47.768652343750006], [47.48193359375003, 47.80390625000001], [47.60019531250006, 47.78999023437501], [47.93466796875006, 47.76069335937498], [48.109960937500006, 47.74541015624999], [48.16699218749997, 47.70878906249999], [48.27568359375002, 47.589941406250034], [48.41308593750003, 47.45649414062501], [48.55253906250002, 47.32099609375004], [48.60068359375006, 47.26230468749998], [48.71435546875003, 47.100488281249966], [48.831835937500074, 46.95493164062498], [48.959375, 46.77460937500001], [48.950292968750006, 46.72578125000001], [48.88359375000002, 46.705419921875034], [48.77636718749997, 46.710351562499966], [48.69355468750004, 46.73681640625003], [48.647070312500006, 46.758691406249966], [48.60527343750002, 46.76591796875002], [48.55839843750002, 46.75712890624999], [48.51855468750003, 46.73432617187498], [48.50234375, 46.698632812499994], [48.50917968750005, 46.64995117187502], [48.5412109375001, 46.60561523437505], [48.586035156250006, 46.57709960937501], [48.61015625000002, 46.56645507812496], [48.774316406249994, 46.50795898437505], [48.95898437500003, 46.44213867187506], [49.1842773437501, 46.348828124999955], [49.23222656250002, 46.33715820312497], [49.24589843750002, 46.291601562500006], [49.12548828125003, 46.28173828125006], [49.11064453125002, 46.22846679687504], [49.07958984374997, 46.18920898437503], [48.80996093750005, 46.100488281249994], [48.74257812499999, 46.10073242187502], [48.683691406250006, 46.086181640625], [48.68730468750002, 46.02875976562504], [48.70341796875002, 45.976220703124994], [48.749609375, 45.92055664062502], [48.729589843750006, 45.89682617187498], [48.68964843750004, 45.888867187499955], [48.63740234375004, 45.90576171875003], [48.5890625000001, 45.93486328124999], [48.5373046875001, 45.94213867187497], [48.48701171875004, 45.93486328124999], [48.257617187500074, 45.777783203124955], [48.15917968749997, 45.73701171875001], [48.052832031250006, 45.720996093750045], [47.830175781250006, 45.663037109374955], [47.76396484375002, 45.66596679687501], [47.701074218749994, 45.68618164062505], [47.64980468750005, 45.65673828125], [47.63330078124997, 45.58403320312502], [47.574023437500074, 45.63427734375003], [47.508398437500006, 45.674169921875006], [47.47939453125005, 45.68759765624998], [47.46328125000005, 45.67968749999997], [47.52421875000002, 45.601708984374966], [47.52949218750004, 45.53022460937498], [47.514550781249994, 45.490917968749955], [47.48867187499999, 45.45507812500003], [47.45449218750005, 45.43305664062498], [47.41308593750003, 45.42104492187502], [47.39111328124997, 45.29477539062498], [47.35126953125004, 45.21772460937501], [47.29619140625002, 45.149462890625045], [47.221484375000074, 45.024267578125034], [47.16152343750005, 44.969628906249994], [47.11474609375003, 44.90595703124998], [47.08378906250002, 44.81699218749998], [47.0392578125001, 44.83789062499997], [47.00292968749997, 44.876074218750034], [46.98369140625002, 44.82558593750005], [46.95742187499999, 44.78256835937498], [46.84121093750005, 44.71826171875003], [46.75527343750005, 44.65654296874999], [46.716113281250074, 44.560693359374994], [46.70722656250004, 44.50332031250002], [46.72089843750004, 44.45166015624997], [46.753027343750006, 44.42065429687497], [46.91572265625004, 44.38715820312498], [47.0236328125001, 44.34326171875003], [47.12265625, 44.26166992187501], [47.229882812499994, 44.1923828125], [47.30703125, 44.103125], [47.3615234375001, 43.993359374999955], [47.42919921875003, 43.779882812500006], [47.46279296875005, 43.555029296875006], [47.562597656250006, 43.834667968749955], [47.64648437499997, 43.884619140625006], [47.627832031249994, 43.80595703124999], [47.56796875000006, 43.68496093750002], [47.50898437500004, 43.50971679687501], [47.48984375000006, 43.38168945312506], [47.51162109375005, 43.270751953125], [47.51289062500004, 43.21875], [47.46318359375002, 43.03505859375005], [47.488867187500006, 42.99975585937506], [47.52900390625004, 42.96713867187498], [47.634863281250006, 42.903466796874966], [47.709082031250006, 42.81093750000002], [47.7277343750001, 42.68071289062496], [47.76972656250004, 42.64477539062503], [47.822363281250006, 42.613476562499955], [48.08017578125006, 42.353710937499955], [48.228613281250006, 42.180957031250045], [48.303027343750074, 42.08022460937502], [48.38378906249997, 41.953417968750045], [48.42636718750006, 41.923974609374994], [48.47675781250004, 41.90512695312498], [48.57285156250006, 41.84448242187506]]], [[[20.899804687500023, 55.28666992187499], [20.957812500000017, 55.27890625], [20.859375, 55.183642578125045], [20.594824218750063, 54.98237304687498], [20.677734375, 54.955664062500034], [20.774023437500063, 54.94702148437497], [20.8875, 54.90947265624996], [20.995898437500045, 54.902685546875006], [21.188867187500023, 54.935205078124966], [21.22285156250001, 55.107763671875034], [21.23574218750008, 55.26411132812501], [21.29755859375004, 55.26445312499999], [21.389257812500006, 55.27553710937502], [21.447070312500045, 55.23442382812499], [21.55468750000003, 55.19531250000003], [21.682714843750006, 55.16035156250001], [21.87392578125005, 55.10073242187502], [22.072363281250063, 55.06367187500001], [22.13789062500001, 55.059375], [22.34638671875004, 55.06425781249996], [22.567285156249994, 55.05913085937499], [22.62744140625, 54.970703125], [22.73652343750001, 54.928857421874994], [22.824707031250057, 54.87128906250001], [22.83125, 54.83847656249998], [22.709667968750068, 54.63261718749996], [22.68447265625008, 54.56293945312498], [22.67988281250004, 54.493017578125034], [22.72431640625001, 54.40561523437498], [22.766210937500006, 54.356787109375], [22.731835937500023, 54.35009765625], [22.16845703125, 54.35986328125], [21.634179687500023, 54.37646484375], [21.140527343750023, 54.39179687500001], [20.66474609375001, 54.406640625], [20.20820312500001, 54.420751953125], [19.92431640625, 54.433984375], [19.64423828125001, 54.44707031249999], [19.604394531250023, 54.4591796875], [19.75849609375004, 54.54482421875002], [19.858886718750057, 54.63383789062502], [19.944140625000017, 54.75], [19.953222656250006, 54.83046875000002], [19.97451171875008, 54.921191406250045], [20.10761718750001, 54.95649414062504], [20.39667968750001, 54.951269531250034], [20.520312500000074, 54.99487304687503], [20.67890625000004, 55.10263671875006], [20.845703125, 55.232031250000034], [20.899804687500023, 55.28666992187499]]], [[[146.0456054687501, 43.409326171874994], [146.03232421875012, 43.407128906249994], [146.02802734375004, 43.42036132812501], [146.04892578125006, 43.43359374999997], [146.08857421875004, 43.44902343749999], [146.10078125000004, 43.44018554687497], [146.08632812500005, 43.42919921875006], [146.06992187500006, 43.42148437499998], [146.0456054687501, 43.409326171874994]]], [[[145.88154296875004, 43.45952148437502], [145.89560546875006, 43.45454101562498], [145.91386718750007, 43.45537109374996], [145.93115234375003, 43.45703125000003], [145.94111328125004, 43.445458984374994], [145.9435546875001, 43.42646484375001], [145.93115234375003, 43.425634765625034], [145.90722656249997, 43.42231445312498], [145.8939453125, 43.419824218749994], [145.88652343750002, 43.43305664062504], [145.88154296875004, 43.44379882812501], [145.86914062500003, 43.45043945312503], [145.86914062500003, 43.457861328125034], [145.88154296875004, 43.45952148437502]]], [[[146.35878906250005, 43.625390624999966], [146.33232421875007, 43.61992187499999], [146.28818359375012, 43.625390624999966], [146.27382812500005, 43.62983398437498], [146.28369140625003, 43.63862304687498], [146.31015625000006, 43.65185546875003], [146.33330078125007, 43.64746093750003], [146.34980468750004, 43.64414062500006], [146.35878906250005, 43.625390624999966]]], [[[146.71396484375006, 43.74379882812502], [146.6830078125, 43.71635742187502], [146.60859375000004, 43.74047851562506], [146.61347656250004, 43.79702148437502], [146.62197265625, 43.81298828125], [146.824609375, 43.860498046874994], [146.88408203125002, 43.82915039062499], [146.89902343750012, 43.804150390624955], [146.71396484375006, 43.74379882812502]]], [[[146.20761718750006, 44.497656250000034], [146.35595703124997, 44.42460937499999], [146.56777343750005, 44.4404296875], [146.51621093750012, 44.37465820312502], [146.43652343749997, 44.375683593749955], [146.29619140625007, 44.28095703125001], [146.17294921875006, 44.268652343750006], [146.11230468749997, 44.245947265625006], [145.91406250000003, 44.10371093749998], [145.88730468750006, 44.04775390625002], [145.7669921875, 43.94072265624999], [145.58681640625005, 43.845117187499966], [145.55585937500004, 43.66459960937496], [145.43925781250002, 43.73706054687497], [145.426171875, 43.81035156249999], [145.46171875000007, 43.87089843749996], [145.66630859375007, 43.99907226562496], [145.74833984375002, 44.071533203125], [145.77333984375005, 44.12900390624998], [145.851953125, 44.193017578124966], [145.89023437500006, 44.24858398437499], [145.94042968749997, 44.27265625000001], [146.11210937500002, 44.500146484374994], [146.20761718750006, 44.497656250000034]]], [[[148.59951171875, 45.317626953125], [148.41464843750006, 45.247167968750034], [148.26230468750006, 45.21684570312499], [148.0052734375, 45.070166015625034], [147.9137695312501, 44.99038085937505], [147.78408203125005, 44.95859375000006], [147.65781250000006, 44.977148437500006], [147.621875, 44.944726562499994], [147.60957031250004, 44.886572265625034], [147.56308593750006, 44.835546875000034], [147.31015625000006, 44.67763671875002], [147.207421875, 44.55356445312506], [147.09843750000007, 44.53125], [146.89746093749997, 44.40429687500003], [146.93349609375005, 44.513085937499966], [146.97421875000006, 44.565722656250045], [147.14091796875002, 44.66333007812503], [147.15478515625003, 44.766210937500034], [147.24658203124997, 44.856054687500034], [147.43046875000002, 44.945214843749994], [147.55781250000004, 45.06245117187498], [147.6579101562501, 45.093017578125], [147.76943359375, 45.19072265625002], [147.88554687500002, 45.22563476562502], [147.87265625000006, 45.30029296875003], [147.92402343750004, 45.38330078124997], [147.96455078125004, 45.37773437499999], [148.05605468750005, 45.26210937499999], [148.1300781250001, 45.25820312499999], [148.32421874999997, 45.28242187500004], [148.61230468750003, 45.48466796875002], [148.70664062500006, 45.520654296874994], [148.7726562500001, 45.526464843750006], [148.8122070312501, 45.51000976562503], [148.82617187499997, 45.48608398437506], [148.8253906250001, 45.455908203125034], [148.80302734375007, 45.41352539062501], [148.8371093750001, 45.36269531250005], [148.79072265625004, 45.32397460937497], [148.59951171875, 45.317626953125]]], [[[47.98300781250006, 45.488232421874955], [47.96767578125005, 45.46997070312506], [47.9203125, 45.56206054687499], [47.91757812500006, 45.61816406250006], [47.94716796875005, 45.64707031249998], [47.98710937500002, 45.554052734375034], [47.98300781250006, 45.488232421874955]]], [[[149.6876953125001, 45.64204101562501], [149.53886718750007, 45.59135742187499], [149.44707031250002, 45.59335937500006], [149.66591796875, 45.83979492187498], [149.7962890625, 45.876074218750006], [149.9623046875, 46.021923828124955], [150.30878906250004, 46.200341796874994], [150.34863281250003, 46.21342773437499], [150.553125, 46.20854492187496], [150.23457031250004, 46.01230468750006], [150.19501953125004, 45.933203125], [150.05664062500003, 45.84936523437497], [149.95410156250003, 45.82246093750001], [149.88339843750006, 45.78315429687498], [149.6876953125001, 45.64204101562501]]], [[[35.00167423940715, 45.73338320565327], [35.022851562499994, 45.70097656250013], [35.26015625000005, 45.44692382812505], [35.37392578125011, 45.35361328125006], [35.457519531250085, 45.31630859375011], [35.558007812500165, 45.31088867187506], [35.75097656250003, 45.38935546875007], [35.83349609375014, 45.40161132812497], [36.0128906250001, 45.371679687500006], [36.07714843749997, 45.424121093750045], [36.17050781250006, 45.45307617187498], [36.29033203125013, 45.4567382812501], [36.42705078125002, 45.43325195312511], [36.575, 45.39355468750003], [36.51425781250012, 45.30375976562502], [36.45078125000006, 45.23232421875005], [36.4284179687501, 45.1532714843751], [36.39335937500013, 45.06538085937504], [36.229882812499994, 45.025976562500006], [36.05478515625012, 45.03081054687502], [35.87011718750014, 45.00532226562515], [35.80361328125011, 45.039599609375045], [35.75947265625015, 45.07084960937502], [35.67753906250019, 45.10200195312504], [35.5695312500001, 45.119335937500125], [35.472558593750165, 45.09848632812512], [35.35781250000005, 44.97841796875019], [35.154785156250085, 44.89633789062489], [35.087695312500074, 44.802636718749994], [34.88779296875012, 44.82358398437509], [34.71689453125012, 44.807128906250114], [34.46992187500015, 44.721679687500114], [34.28173828125003, 44.53842773437506], [34.07441406250004, 44.423828125000085], [33.90996093750013, 44.387597656249994], [33.75566406250013, 44.398925781250085], [33.65585937500006, 44.43320312500012], [33.45068359374997, 44.55366210937515], [33.46269531250013, 44.59682617187508], [33.49130859375012, 44.61860351562498], [33.53007812500019, 44.68051757812506], [33.61220703125005, 44.9078125], [33.60117187500012, 44.98149414062502], [33.55517578125014, 45.09765625000014], [33.39248046875005, 45.18784179687495], [33.26152343750019, 45.17075195312512], [33.186914062500165, 45.19477539062504], [32.91865234375015, 45.348144531249915], [32.77265625000004, 45.358984375], [32.61132812500014, 45.3280761718751], [32.55185546874995, 45.35039062500002], [32.50800781250015, 45.40380859375017], [32.828027343750165, 45.59301757812517], [33.14228515625004, 45.7492187500001], [33.280078125000074, 45.76523437500006], [33.466210937500165, 45.83793945312513], [33.66484375000019, 45.9470703124999], [33.63671875000014, 46.03286132812505], [33.59414062500011, 46.09624023437502], [33.6543228091455, 46.1462218916154], [33.65996518914099, 46.219572831556405], [33.80666706902301, 46.20828807156542], [34.02671988884586, 46.106725231647204], [34.128282728764276, 46.0897980916607], [34.224203188687085, 46.101082851651796], [34.35397792858268, 46.061586191683574], [34.44989838850549, 45.965665731760595], [34.523249328446326, 45.97695049175158], [34.686878348314764, 45.97695049175158], [34.79408356822856, 45.89231479181959], [34.79972594822405, 45.790751951901456], [34.94642782810607, 45.72868577195143], [35.00167423940715, 45.73338320565327]]], [[[152.00205078125006, 46.89716796875001], [151.815625, 46.78710937499997], [151.7541015625001, 46.78833007812506], [151.72343750000002, 46.828808593749955], [151.71533203124997, 46.85268554687502], [151.86435546875006, 46.86899414062506], [152.03984375000002, 47.014990234375034], [152.16582031250002, 47.110449218750034], [152.23466796875002, 47.143408203125006], [152.28886718750002, 47.142187500000034], [152.00205078125006, 46.89716796875001]]], [[[153.10107421874997, 47.762939453125], [153.05380859375012, 47.70610351562499], [153.0041015625001, 47.71347656250006], [152.98427734375005, 47.727929687499994], [153.04912109375002, 47.79702148437502], [153.07919921875012, 47.80874023437502], [153.10107421874997, 47.762939453125]]], [[[154.08125, 48.79028320312506], [154.04296874999997, 48.73876953125003], [154.0006835937501, 48.755712890625034], [153.99228515625006, 48.77250976562499], [154.09169921875, 48.83212890625006], [154.1263671875, 48.90444335937505], [154.19902343750007, 48.904931640624966], [154.22841796875005, 48.89208984375], [154.20468750000006, 48.857177734375], [154.08125, 48.79028320312506]]], [[[154.81044921875005, 49.31201171875003], [154.71484375000003, 49.26767578125006], [154.61093750000006, 49.294042968750006], [154.61298828125004, 49.38061523437497], [154.82490234375004, 49.646923828124955], [154.8996093750001, 49.63037109375006], [154.88330078124997, 49.56640624999997], [154.80234375000006, 49.46826171874997], [154.82988281250007, 49.34790039062497], [154.81044921875005, 49.31201171875003]]], [[[155.9210937500001, 50.302197265624955], [155.79238281250005, 50.202050781249994], [155.60751953125006, 50.17724609375], [155.51640625000007, 50.145605468750034], [155.4489257812501, 50.077783203124994], [155.3971679687501, 50.041259765625], [155.28867187500012, 50.061181640624966], [155.24306640625005, 50.09462890625005], [155.24306640625005, 50.21279296875005], [155.19511718750007, 50.26455078125002], [155.21835937500006, 50.29785156250006], [155.32675781250006, 50.29326171875002], [155.43388671875002, 50.36894531249996], [155.68017578125003, 50.40073242187506], [155.77275390625007, 50.482421875], [155.88476562499997, 50.68413085937496], [156.00166015625004, 50.75693359375006], [156.096875, 50.771875], [156.12285156250007, 50.67128906250002], [156.10058593749997, 50.55927734375001], [156.04443359374997, 50.45175781250006], [155.9210937500001, 50.302197265624955]]], [[[156.40507812500002, 50.657617187499994], [156.3654296875001, 50.63378906250003], [156.32578125000012, 50.63906250000002], [156.19628906250003, 50.7021484375], [156.16796875000003, 50.73188476562501], [156.21308593750004, 50.784716796875045], [156.37646484375003, 50.86210937499999], [156.45585937500007, 50.85957031250001], [156.4875, 50.84296875000001], [156.4831054687501, 50.75122070312506], [156.40507812500002, 50.657617187499994]]], [[[155.64482421875002, 50.821923828124966], [155.55351562500007, 50.81059570312499], [155.51279296875012, 50.837304687499994], [155.48349609375012, 50.86962890625], [155.46738281250012, 50.91357421875], [155.56855468750004, 50.934472656249994], [155.63964843750003, 50.91049804687498], [155.65361328125002, 50.84536132812505], [155.64482421875002, 50.821923828124966]]], [[[142.76103515625007, 54.393945312499994], [142.97617187500012, 54.14096679687498], [142.98593750000006, 54.085693359375], [142.96708984375002, 54.02880859375006], [142.92656250000007, 53.95561523437496], [142.91142578125007, 53.878369140624955], [142.93642578125, 53.8109375], [142.91796874999997, 53.794238281250045], [143.09550781250002, 53.488671874999966], [143.22363281249997, 53.296044921874966], [143.25996093750004, 53.21728515625], [143.28789062500002, 53.134375], [143.32470703124997, 52.96308593750001], [143.33261718750006, 52.70004882812506], [143.32363281250005, 52.61357421875002], [143.2951171875001, 52.52915039062506], [143.26425781250012, 52.478662109374994], [143.20097656250002, 52.44291992187499], [143.172265625, 52.34936523437503], [143.15556640625007, 52.083740234375], [143.190625, 51.944482421874966], [143.25058593750006, 51.847900390625], [143.29472656250002, 51.744335937499955], [143.2995117187501, 51.63237304687496], [143.3205078125001, 51.583251953125], [143.41777343750002, 51.520605468750034], [143.45546875, 51.47148437499996], [143.46738281250012, 51.40190429687502], [143.47294921875007, 51.29921875000005], [143.48876953125003, 51.27705078124998], [143.53417968750003, 51.24628906250001], [143.73603515625004, 50.506738281249966], [143.81601562500006, 50.282617187499966], [144.04794921875006, 49.89575195312503], [144.1413085937501, 49.66147460937498], [144.19960937500005, 49.549755859374955], [144.2399414062501, 49.432031249999966], [144.27207031250006, 49.31132812499999], [144.34121093750005, 49.18051757812498], [144.43173828125012, 49.05107421874999], [144.6068359375, 48.935839843750045], [144.68554687500003, 48.87124023437502], [144.70664062500006, 48.81953124999998], [144.71376953125, 48.64028320312505], [144.67265625000007, 48.678564453125034], [144.62099609375, 48.81484375], [144.5363281250001, 48.89355468750003], [144.41181640625004, 48.986376953125045], [144.28378906250006, 49.06977539062498], [144.12548828124997, 49.20854492187499], [144.04873046875005, 49.24916992187502], [143.96777343749997, 49.276318359374955], [143.81914062500007, 49.30859375000003], [143.73232421875, 49.31201171875003], [143.3822265625, 49.29067382812502], [143.23632812500003, 49.26284179687505], [143.10498046874997, 49.19882812499998], [143.02685546874997, 49.105419921874955], [142.97167968750003, 48.91777343749999], [142.65097656250012, 48.246875], [142.57421875000003, 48.07216796875002], [142.54589843750003, 47.884912109374994], [142.55693359375007, 47.73789062500006], [142.57900390625005, 47.68398437499999], [142.67011718750004, 47.53691406249996], [142.74541015625002, 47.45239257812497], [142.80078125000003, 47.416162109374966], [142.8639648437501, 47.39179687499998], [142.9054687500001, 47.36186523437502], [142.94033203125, 47.32275390625003], [143.00556640625004, 47.22270507812499], [143.0892578125, 47.00078124999999], [143.1779296875001, 46.844042968750045], [143.21767578125005, 46.794873046874955], [143.31865234375007, 46.80737304687503], [143.384375, 46.80566406250003], [143.44726562499997, 46.7919921875], [143.48564453125002, 46.752050781250034], [143.54033203125002, 46.57509765625005], [143.57871093750012, 46.40605468749999], [143.58066406250006, 46.36069335937498], [143.50859375000007, 46.23017578125004], [143.490625, 46.17460937499999], [143.48232421875005, 46.115820312500006], [143.46347656250012, 46.069482421874966], [143.43164062500003, 46.028662109375006], [143.41865234375004, 46.22202148437506], [143.37031250000004, 46.35849609375006], [143.35214843750006, 46.476220703124966], [143.28232421875006, 46.55898437500005], [143.04785156249997, 46.59262695312498], [142.82929687500004, 46.60527343749996], [142.79550781250006, 46.620214843750006], [142.74736328125002, 46.67065429687497], [142.69189453125003, 46.710839843749994], [142.63574218749997, 46.71621093750002], [142.57802734375, 46.70078124999998], [142.47880859375002, 46.64423828125001], [142.40644531250004, 46.55468749999997], [142.35, 46.458691406249955], [142.30400390625007, 46.35756835937505], [142.20859375000006, 46.08886718750003], [142.14970703125007, 45.99926757812497], [142.07714843750003, 45.91704101562502], [142.015625, 45.96162109375004], [141.96162109375004, 46.01347656250002], [141.92998046875007, 46.08828125], [141.91630859375002, 46.170751953125006], [141.83037109375002, 46.451074218749994], [141.86650390625002, 46.69418945312506], [142.01103515625007, 47.03032226562496], [142.03867187500006, 47.140283203124994], [142.01689453125002, 47.24467773437502], [141.98417968750002, 47.34770507812496], [141.96250000000012, 47.543798828125034], [141.9640625000001, 47.58745117187496], [142.015625, 47.70063476562501], [142.07597656250002, 47.80834960937503], [142.14921875000002, 47.902148437500045], [142.18173828125012, 48.013378906249955], [142.13535156250006, 48.29008789062502], [142.0287109375, 48.47709960937502], [141.89726562500007, 48.654687499999966], [141.87304687500003, 48.70195312499999], [141.86630859375006, 48.750097656250034], [141.97958984375012, 48.97216796874997], [142.02011718750012, 49.07846679687506], [142.06650390625006, 49.312060546875045], [142.10869140625007, 49.43964843750001], [142.14228515625004, 49.56914062500002], [142.153125, 50.216748046874955], [142.14306640625003, 50.312109375000034], [142.07109375000002, 50.51499023437506], [142.06601562500006, 50.63046875000006], [142.10048828125, 50.776464843750034], [142.14726562500002, 50.89018554687502], [142.20791015625, 50.99848632812498], [142.20673828125004, 51.222558593749966], [142.09072265625005, 51.42939453125001], [142.00595703125006, 51.5205078125], [141.87294921875, 51.63002929687502], [141.771875, 51.69018554687503], [141.72236328125004, 51.736328125], [141.771875, 51.75180664062506], [141.80810546875003, 51.78920898437505], [141.72099609375002, 51.846777343750034], [141.66845703124997, 51.933349609375], [141.66083984375004, 52.27294921875], [141.68242187500007, 52.35913085937497], [141.74755859375003, 52.45483398437503], [141.80332031250012, 52.55561523437504], [141.85556640625006, 52.79350585937502], [141.87363281250012, 53.038916015625006], [141.83886718749997, 53.13847656250002], [141.82353515625002, 53.33950195312505], [141.85244140625, 53.38945312499999], [141.96445312500006, 53.45639648437506], [142.1419921875, 53.49560546875006], [142.1798828125001, 53.484033203124994], [142.31894531250006, 53.40546874999998], [142.3705078125, 53.40253906250001], [142.4240234375001, 53.41074218749998], [142.52617187500002, 53.44746093750001], [142.58349609374997, 53.536767578124994], [142.5091796875, 53.587597656249955], [142.55253906250007, 53.65263671874996], [142.67958984375, 53.67436523437496], [142.68886718750005, 53.730175781249955], [142.64287109375007, 53.73676757812498], [142.6830078125, 53.816015625000034], [142.70595703125005, 53.89570312500001], [142.67021484375007, 53.968408203124994], [142.46660156250002, 54.148535156250006], [142.33496093749997, 54.28071289062504], [142.55166015625005, 54.27895507812502], [142.615625, 54.303613281249994], [142.66621093750004, 54.35820312500002], [142.69277343750005, 54.416113281250006], [142.76103515625007, 54.393945312499994]]], [[[168.03906249999997, 54.564990234375045], [168.08134765625007, 54.51274414062496], [167.67734375000006, 54.697656249999966], [167.48808593750007, 54.79497070312499], [167.44150390625006, 54.855859374999966], [167.51171875000003, 54.85693359375], [167.59248046875004, 54.79775390625002], [167.71064453125004, 54.770166015624994], [167.88261718750007, 54.69047851562502], [168.03906249999997, 54.564990234375045]]], [[[137.17861328125, 55.10043945312506], [137.05527343750012, 54.92675781250003], [136.96943359375004, 54.923974609374994], [136.90273437500005, 54.96064453124998], [136.76513671874997, 54.94604492187503], [136.71464843750007, 54.95615234375006], [136.7953125, 55.009375], [136.99570312500006, 55.09272460937498], [137.07753906250005, 55.09174804687498], [137.15605468750002, 55.10781250000005], [137.17861328125, 55.10043945312506]]], [[[137.94052734375006, 55.09262695312506], [138.03125, 55.053320312500034], [138.1720703125001, 55.06005859375], [138.20615234375012, 55.033544921875006], [138.09648437500002, 54.99091796875004], [138.01660156250003, 54.90087890625], [137.99121093750003, 54.82070312499999], [137.95947265625003, 54.78901367187501], [137.87011718750003, 54.74956054687499], [137.7902343750001, 54.696923828124994], [137.72148437500002, 54.663232421874966], [137.66113281249997, 54.65327148437498], [137.5255859375001, 54.825830078124966], [137.46269531250007, 54.87338867187498], [137.27607421875004, 54.792382812499994], [137.23291015624997, 54.79057617187499], [137.27519531250007, 54.89101562500002], [137.38437500000012, 55.00068359374998], [137.43554687499997, 55.01601562499999], [137.54365234375004, 55.16308593750003], [137.57734375000004, 55.197021484375], [137.91044921875007, 55.11005859374998], [137.94052734375006, 55.09262695312506]]], [[[166.65029296875, 54.83906250000001], [166.64511718750012, 54.69409179687506], [166.52128906250002, 54.76762695312502], [166.46367187500002, 54.82685546875001], [166.38173828125, 54.83808593749998], [166.32480468750006, 54.86455078124996], [166.2298828125, 54.93652343750006], [166.11972656250012, 55.03037109374998], [166.08232421875002, 55.0765625], [166.06630859375005, 55.135693359374955], [165.9918945312501, 55.19047851562502], [165.75107421875006, 55.29453124999998], [165.83046875000005, 55.30693359375002], [165.93125, 55.35146484375002], [166.21191406249997, 55.32397460937503], [166.27578125, 55.31196289062498], [166.22998046875003, 55.242333984374994], [166.24804687499997, 55.165429687499966], [166.40429687499997, 55.005615234375], [166.47949218750003, 54.94990234375004], [166.5773437500001, 54.90771484375006], [166.65029296875, 54.83906250000001]]], [[[150.58994140625006, 59.01875], [150.5111328125, 59.007421875000034], [150.47177734375006, 59.034765625], [150.47021484374997, 59.054052734375034], [150.59248046875004, 59.09721679687502], [150.66621093750004, 59.16015625000006], [150.71269531250002, 59.12246093750002], [150.72773437500004, 59.09521484374997], [150.58994140625006, 59.01875]]], [[[163.63515625, 58.603369140625034], [163.47138671875004, 58.509375], [163.44726562500003, 58.524658203125], [163.43183593750004, 58.54614257812503], [163.42724609375003, 58.578955078125034], [163.57675781250012, 58.64086914062506], [163.72656249999997, 58.79853515625001], [163.78447265625007, 58.92973632812502], [163.76660156249997, 58.97236328124998], [163.76093750000004, 59.015039062499966], [164.20214843749997, 59.09619140625], [164.51738281250007, 59.22675781250004], [164.57265625000005, 59.221142578124955], [164.62929687500005, 59.112207031249966], [164.66162109374997, 58.97075195312502], [164.61572265625003, 58.88559570312498], [164.27880859374997, 58.83808593749998], [163.96005859375012, 58.74375], [163.63515625, 58.603369140625034]]], [[[35.81611328125004, 65.18208007812495], [35.848437500000074, 65.14267578125], [35.85839843749997, 65.07792968750005], [35.82734375000004, 65.03647460937503], [35.84228515624997, 65.00146484375003], [35.778710937499994, 64.97666015625003], [35.68007812500005, 65.0576171875], [35.62138671875002, 65.05878906249998], [35.55859375000003, 65.09360351562503], [35.52890625, 65.15107421875004], [35.58574218750002, 65.16708984375], [35.608691406250074, 65.15712890625002], [35.729101562500006, 65.19755859374999], [35.81611328125004, 65.18208007812495]]], [[[70.0207031250001, 66.50219726562506], [69.84472656250003, 66.48974609375], [69.65136718749997, 66.56533203125002], [69.4693359375, 66.715966796875], [69.50273437500007, 66.75107421875003], [69.61640625000004, 66.73901367187497], [69.80039062500006, 66.736474609375], [69.917578125, 66.711669921875], [70.07666015625003, 66.69589843749998], [70.05761718749997, 66.62719726562503], [70.05722656250006, 66.59946289062506], [70.1100585937501, 66.569091796875], [70.0591796875, 66.51757812499997], [70.0207031250001, 66.50219726562506]]], [[[42.71367187500002, 66.70170898437502], [42.675585937500074, 66.68808593749998], [42.47734375000002, 66.73505859374995], [42.460058593750006, 66.77036132812506], [42.468554687500074, 66.78554687500005], [42.54746093750006, 66.79550781250003], [42.63144531250006, 66.78222656249997], [42.69072265625002, 66.73530273437501], [42.71367187500002, 66.70170898437502]]], [[[-179.79853515624998, 68.94042968750003], [-179.59541015625, 68.90649414062503], [-179.51450195312503, 68.917138671875], [-179.47084960937502, 68.91240234374999], [-179.35595703124997, 68.85297851562495], [-179.279296875, 68.8251953125], [-178.873876953125, 68.75410156249998], [-178.68930664062498, 68.67514648437498], [-178.53852539062498, 68.58564453124995], [-178.61367187500002, 68.60307617187505], [-178.75146484375, 68.66044921874999], [-178.73652343749998, 68.59301757812503], [-178.69262695312503, 68.54599609375003], [-178.47392578124996, 68.50175781249999], [-178.24448242187503, 68.46665039062503], [-178.0974609375, 68.42480468750006], [-178.048681640625, 68.388427734375], [-178.01870117187494, 68.32275390625003], [-178.05581054687497, 68.26489257812497], [-177.92241210937496, 68.28652343750002], [-177.79677734375002, 68.33798828125003], [-177.86181640624994, 68.37822265625005], [-178.284521484375, 68.51855468750006], [-178.373046875, 68.56567382812497], [-178.24985351562498, 68.54140625], [-177.68320312499998, 68.36279296875003], [-177.52724609375002, 68.29438476562504], [-177.59321289062504, 68.28115234375], [-177.63935546875, 68.24121093750003], [-177.58920898437503, 68.22421875000003], [-177.52089843749997, 68.23686523437505], [-177.40751953124996, 68.24516601562505], [-177.297412109375, 68.22250976562503], [-177.17182617187498, 68.17465820312498], [-176.907275390625, 68.11914062500003], [-175.34521484375, 67.67807617187498], [-175.30986328125, 67.60205078125003], [-175.26591796875002, 67.56650390624998], [-175.23955078125, 67.52109375000006], [-175.23251953124998, 67.4466796875], [-175.37470703124998, 67.35737304687501], [-175.155078125, 67.36538085937505], [-175.122802734375, 67.376953125], [-175.065625, 67.41342773437506], [-175.00268554687503, 67.4375], [-174.91806640625003, 67.407568359375], [-174.849853515625, 67.34887695312506], [-174.869921875, 67.26850585937501], [-174.93041992187497, 67.203466796875], [-174.93813476562502, 67.09301757812497], [-174.88505859374996, 67.000244140625], [-174.82871093750003, 66.96137695312498], [-174.783642578125, 66.91679687500005], [-174.77119140625004, 66.78432617187497], [-174.87011718750003, 66.72490234375002], [-174.92490234375, 66.62314453125], [-174.8642578125, 66.613134765625], [-174.674658203125, 66.60341796874997], [-174.61245117187502, 66.58540039062504], [-174.503759765625, 66.53793945312503], [-174.477734375, 66.49218750000006], [-174.45375976562502, 66.42988281249995], [-174.418701171875, 66.37197265625], [-174.39409179687493, 66.34423828125003], [-174.366064453125, 66.34833984374995], [-174.256982421875, 66.42846679687503], [-174.206005859375, 66.45234375000001], [-174.084765625, 66.47309570312498], [-174.01772460937502, 66.38251953125001], [-174.06503906249998, 66.22958984375], [-174.025439453125, 66.22968749999995], [-173.99448242187498, 66.24580078125004], [-173.95546875000002, 66.28676757812502], [-173.899951171875, 66.31049804687498], [-173.83203125, 66.36606445312503], [-173.773974609375, 66.43466796875006], [-173.84252929687503, 66.48828125000006], [-173.92094726562502, 66.52177734375005], [-174.10185546875002, 66.540625], [-174.196337890625, 66.58071289062497], [-174.23159179687497, 66.63188476562499], [-174.13959960937495, 66.65263671875005], [-174.06059570312496, 66.68979492187498], [-174.00551757812502, 66.77861328125005], [-174.01884765625, 66.82739257812503], [-174.04101562499994, 66.87548828124997], [-174.08642578124997, 66.94287109375003], [-174.15434570312496, 66.98203125], [-174.28354492187498, 67.0015625], [-174.34184570312496, 67.03974609374995], [-174.430908203125, 67.03764648437507], [-174.51894531249997, 67.049072265625], [-174.55449218749993, 67.06303710937499], [-174.55009765625002, 67.090625], [-174.447607421875, 67.103125], [-173.88403320312494, 67.10644531250006], [-173.67968749999997, 67.14477539062503], [-173.58657226562502, 67.13276367187498], [-173.49399414062498, 67.10517578124995], [-173.15781249999998, 67.06909179687497], [-173.16762695312502, 67.05224609375003], [-173.224169921875, 67.03510742187498], [-173.32353515625, 66.95483398437497], [-173.34306640624996, 66.90922851562502], [-173.34736328125004, 66.85136718750005], [-173.25893554687497, 66.84008789062506], [-173.175390625, 66.86459960937498], [-173.21616210937495, 66.91123046874998], [-173.22827148437503, 66.96855468750002], [-173.19301757812497, 66.99360351562498], [-173.14682617187503, 66.99897460937501], [-173.05849609375, 66.95585937500002], [-172.96259765624998, 66.94213867187497], [-172.640576171875, 66.925], [-172.549365234375, 66.930517578125], [-172.5201171875, 66.95249023437503], [-172.582958984375, 66.97783203125005], [-173.001904296875, 67.03398437500002], [-173.00751953125, 67.06489257812501], [-172.62104492187504, 67.02680664062498], [-172.447314453125, 66.99174804687505], [-172.27392578125003, 66.96557617187503], [-172.031494140625, 66.973291015625], [-171.795556640625, 66.93173828124998], [-171.56958007812497, 66.81870117187503], [-171.36049804687502, 66.6767578125], [-171.14926757812498, 66.59272460937501], [-170.92666015625, 66.52973632812498], [-170.5556640625, 66.35722656249999], [-170.509521484375, 66.34365234375], [-170.47309570312495, 66.32026367187501], [-170.54282226562495, 66.29106445312502], [-170.60444335937498, 66.24892578124997], [-170.48330078125, 66.27807617187503], [-170.3611328125, 66.29790039062499], [-170.30122070312504, 66.29404296875], [-170.24697265625, 66.271875], [-170.21162109374998, 66.23642578124998], [-170.191943359375, 66.20126953125003], [-170.2439453125, 66.16928710937498], [-169.88881835937494, 66.16347656249997], [-169.777880859375, 66.14311523437499], [-169.72915039062502, 66.05810546875], [-169.83168945312502, 65.99892578125002], [-169.89169921875, 66.00610351562506], [-169.94931640625, 66.03100585937497], [-170.00380859375002, 66.03349609375005], [-170.159423828125, 66.008056640625], [-170.40102539062502, 65.92851562500005], [-170.54067382812497, 65.86542968749998], [-170.563037109375, 65.823583984375], [-170.54140625000002, 65.71025390624999], [-170.560986328125, 65.65625], [-170.66630859375, 65.62153320312495], [-170.896875, 65.64262695312499], [-171.00146484374994, 65.664892578125], [-171.118994140625, 65.69501953125001], [-171.23203125000003, 65.73686523437499], [-171.37685546874997, 65.803955078125], [-171.42153320312502, 65.81035156250005], [-171.451171875, 65.79423828125005], [-171.40170898437498, 65.75175781250002], [-171.30322265624997, 65.698486328125], [-171.13442382812497, 65.62807617187505], [-171.05424804687496, 65.54995117187502], [-171.105859375, 65.51103515624999], [-171.169970703125, 65.50209960937505], [-171.21601562499995, 65.502783203125], [-171.36376953124997, 65.527197265625], [-171.46625976562495, 65.53310546874997], [-171.790380859375, 65.51044921874998], [-171.90712890625, 65.49594726562503], [-171.94716796874997, 65.507958984375], [-171.95717773437497, 65.54208984375003], [-172.13149414062497, 65.56694335937502], [-172.23388671875003, 65.57045898437502], [-172.28227539062493, 65.58232421875005], [-172.322265625, 65.61752929687503], [-172.43569335937502, 65.66962890624998], [-172.60771484375, 65.69003906250006], [-172.71918945312495, 65.69243164062502], [-172.78330078124998, 65.6810546875], [-172.55654296874997, 65.61201171874995], [-172.35395507812498, 65.49599609375005], [-172.39199218750002, 65.47456054687504], [-172.41777343750002, 65.449560546875], [-172.30571289062502, 65.44780273437499], [-172.2328125, 65.45571289062502], [-172.21157226562502, 65.42519531250002], [-172.269873046875, 65.30273437500003], [-172.30927734375004, 65.275634765625], [-172.66191406250002, 65.24853515625], [-172.57314453124997, 65.22822265625004], [-172.48208007812497, 65.221875], [-172.37871093749996, 65.226708984375], [-172.28603515625, 65.20571289062497], [-172.223681640625, 65.12871093750002], [-172.21318359375, 65.04814453125002], [-172.304345703125, 65.00214843749998], [-172.39873046874996, 64.96474609375], [-172.592822265625, 64.90795898437497], [-172.79248046874997, 64.88291015625003], [-172.89736328125002, 64.88920898437507], [-172.99912109374998, 64.876611328125], [-173.06621093749996, 64.84716796875003], [-173.08579101562503, 64.81733398437498], [-172.99804687500003, 64.83710937500001], [-172.896875, 64.82607421875], [-172.80107421874993, 64.79052734375003], [-172.81157226562496, 64.76118164062501], [-172.90258789062503, 64.72919921874998], [-172.92402343750004, 64.704931640625], [-172.88906250000002, 64.66401367187501], [-172.90087890625003, 64.62885742187495], [-172.85415039062502, 64.60991210937502], [-172.746875, 64.60327148437497], [-172.61611328125002, 64.57788085937506], [-172.48740234374998, 64.54418945312503], [-172.43662109375003, 64.51533203125001], [-172.39384765624993, 64.47465820312507], [-172.37875976562498, 64.43154296875], [-172.40146484374998, 64.41391601562503], [-172.69467773437503, 64.40708007812498], [-172.73916015624994, 64.41225585937497], [-172.75595703124998, 64.4599609375], [-172.79150390624994, 64.49892578125005], [-172.90317382812498, 64.52607421874998], [-172.9490234375, 64.50737304687499], [-172.91586914062498, 64.36943359375005], [-172.96005859375, 64.32768554687507], [-173.00913085937498, 64.29746093750003], [-173.15742187499998, 64.27973632812498], [-173.27548828124998, 64.28964843750003], [-173.37568359375004, 64.3548828125], [-173.37553710937502, 64.41040039062503], [-173.309228515625, 64.44267578125005], [-173.30932617187503, 64.48745117187502], [-173.32749023437498, 64.53955078124997], [-173.39565429687502, 64.47900390624997], [-173.474951171875, 64.42861328125002], [-173.60361328125003, 64.36547851562503], [-173.665966796875, 64.35732421874997], [-173.72973632812494, 64.364501953125], [-173.89785156250002, 64.40971679687499], [-174.00136718749997, 64.448974609375], [-174.20483398437503, 64.57778320312502], [-174.318017578125, 64.63764648437498], [-174.570556640625, 64.71777343750003], [-174.83046875000002, 64.7759765625], [-175.03603515625, 64.81367187500004], [-175.14584960937498, 64.80927734375004], [-175.25590820312502, 64.79399414062502], [-175.39511718749995, 64.80239257812505], [-175.44213867187503, 64.81669921875005], [-175.48320312499996, 64.84858398437495], [-175.52065429687497, 64.86708984375], [-175.71586914062502, 64.94609375000002], [-175.85385742187498, 65.01083984374998], [-175.85947265624998, 65.05419921875], [-175.83022460937497, 65.10551757812499], [-175.85615234375, 65.2328125], [-175.92294921875003, 65.35249023437504], [-176.09326171875, 65.47104492187503], [-176.54746093749998, 65.54755859374998], [-176.922119140625, 65.60136718750002], [-177.05625, 65.61362304687503], [-177.17524414062498, 65.60166015624998], [-177.48876953125, 65.50371093750002], [-177.69863281250002, 65.48969726562501], [-178.310205078125, 65.48486328125], [-178.4125, 65.49555664062495], [-178.504638671875, 65.53720703125], [-178.525927734375, 65.593017578125], [-178.49931640625, 65.69663085937498], [-178.50234374999997, 65.74042968750001], [-178.52622070312495, 65.755224609375], [-178.55854492187495, 65.75400390625003], [-178.679150390625, 65.79536132812501], [-178.791064453125, 65.86474609375003], [-178.87934570312504, 65.93647460937498], [-178.93906250000003, 66.03276367187507], [-178.858251953125, 66.03754882812498], [-178.74672851562502, 66.013671875], [-178.73056640625003, 66.037255859375], [-178.69379882812498, 66.12421874999995], [-178.616259765625, 66.16601562500003], [-178.58652343749998, 66.19843749999998], [-178.53413085937495, 66.31655273437497], [-178.5265625, 66.40156249999998], [-178.615771484375, 66.35517578125001], [-178.75278320312503, 66.23725585937498], [-178.82084960937493, 66.20268554687505], [-178.86811523437498, 66.18706054687505], [-178.91552734374994, 66.17993164062503], [-179.026123046875, 66.20351562500002], [-179.10507812500003, 66.23193359375006], [-179.10688476562504, 66.34609375000005], [-179.14340820312503, 66.37504882812499], [-179.17836914062494, 66.35332031249999], [-179.19267578125002, 66.31254882812505], [-179.29316406249998, 66.30507812500002], [-179.34013671874996, 66.2875], [-179.31621093749996, 66.21982421874998], [-179.327197265625, 66.16259765625006], [-179.42265625, 66.14106445312501], [-179.61616210937495, 66.12788085937498], [-179.68330078124995, 66.18413085937499], [-179.74086914062497, 66.10576171875002], [-179.78364257812498, 66.01796875], [-179.78969726562497, 65.90087890625003], [-179.7283203125, 65.80380859375006], [-179.640625, 65.75756835937506], [-179.44907226562503, 65.68784179687506], [-179.36596679687497, 65.63862304687498], [-179.34438476562502, 65.57524414062502], [-179.352099609375, 65.51674804687502], [-179.45166015625003, 65.44531250000003], [-179.51933593749996, 65.38627929687499], [-179.63515625000002, 65.24414062499997], [-179.70458984375003, 65.18720703125001], [-180.0, 65.067236328125], [-180.0, 65.31196289062504], [-180.0, 65.556787109375], [-180.0, 65.80156250000005], [-180.0, 66.04628906249997], [-180.0, 66.29106445312502], [-180.0, 66.53583984374998], [-180.0, 66.78056640624999], [-180.0, 67.02534179687495], [-180.0, 67.2701171875], [-180.0, 67.51484375000001], [-180.0, 67.75961914062498], [-180.0, 68.00439453125003], [-180.0, 68.24912109375003], [-180.0, 68.493896484375], [-180.0, 68.73867187500005], [-179.99995117187498, 68.98344726562499], [-179.79853515624998, 68.94042968750003]]], [[[50.26523437500006, 69.18559570312505], [50.28300781250002, 69.08886718749997], [50.220605468749994, 69.04877929687498], [50.16445312500005, 69.03754882812501], [50.14091796875002, 69.09814453125], [50.09394531250004, 69.12553710937499], [49.92080078125005, 69.05327148437502], [49.83984374999997, 68.97377929687497], [49.626269531250074, 68.859716796875], [49.18046875000002, 68.77841796875006], [48.91035156250004, 68.74306640625005], [48.66699218749997, 68.73315429687497], [48.43906250000006, 68.80488281250004], [48.31591796875003, 68.94238281249997], [48.29443359374997, 68.98422851562498], [48.27880859375003, 69.04033203125005], [48.28027343749997, 69.09663085937495], [48.296289062499994, 69.18388671875005], [48.31992187500006, 69.26923828124995], [48.41386718750002, 69.34565429687498], [48.63134765624997, 69.43603515625], [48.84492187500004, 69.49472656250006], [48.95332031250004, 69.50927734375], [49.225195312500006, 69.51123046875006], [49.99628906250004, 69.30942382812506], [50.167285156250074, 69.25708007812506], [50.26523437500006, 69.18559570312505]]], [[[67.34492187500004, 69.52983398437502], [67.26396484375007, 69.442529296875], [67.09785156250004, 69.44716796874997], [67.04726562500005, 69.467041015625], [67.02587890624997, 69.48320312500002], [67.21611328125007, 69.57539062499998], [67.32890625000007, 69.572119140625], [67.34492187500004, 69.52983398437502]]], [[[161.46708984375002, 68.90097656249998], [161.42246093750006, 68.89965820312497], [161.45625, 68.96601562499998], [161.46113281250004, 68.99560546874997], [161.36406250000007, 69.04443359374997], [161.18251953125005, 69.08159179687499], [161.13652343750007, 69.11025390624997], [161.12548828124997, 69.19702148437497], [161.16455078125003, 69.33359375], [161.08281250000007, 69.40566406250002], [161.1107421875, 69.46982421875003], [161.32333984375012, 69.54091796874997], [161.40976562500006, 69.59570312500003], [161.50517578125002, 69.63945312500005], [161.5207031250001, 69.63403320312503], [161.61777343750006, 69.59243164062497], [161.60927734375, 69.50092773437498], [161.54033203125002, 69.4365234375], [161.37441406250005, 69.41367187499998], [161.35087890625007, 69.36933593750001], [161.37265625000006, 69.29282226562503], [161.37753906250006, 69.19443359374998], [161.3942382812501, 69.1064453125], [161.49472656250006, 69.01601562499997], [161.51699218750005, 68.969580078125], [161.50673828125, 68.92758789062498], [161.46708984375002, 68.90097656249998]]], [[[169.20078125000012, 69.58046875000002], [168.91572265625004, 69.57143554687497], [168.34804687500005, 69.66435546875007], [168.14433593750002, 69.71333007812501], [167.99267578125003, 69.77583007812495], [167.82128906250003, 69.81962890624999], [167.78886718750007, 69.83686523437495], [167.81396484375003, 69.87304687500003], [167.86474609374997, 69.90107421874998], [168.05957031249997, 69.97490234375002], [168.19628906250003, 70.00839843749998], [168.35791015624997, 70.01567382812505], [169.37480468750007, 69.88261718750005], [169.42070312500007, 69.85605468750003], [169.43359375000003, 69.83217773437497], [169.4181640625001, 69.77919921875002], [169.33242187500005, 69.76958007812502], [169.29912109375007, 69.73476562500002], [169.2633789062501, 69.62871093749999], [169.24580078125004, 69.60112304687507], [169.20078125000012, 69.58046875000002]]], [[[60.45048828125002, 69.93486328125002], [60.48066406250004, 69.885498046875], [60.47724609375004, 69.79370117187503], [60.440234375000074, 69.725927734375], [60.32714843750003, 69.71528320312495], [60.215917968750006, 69.68769531250001], [60.026171875000074, 69.71704101562506], [59.91953125, 69.69697265624995], [59.81279296875002, 69.69565429687503], [59.72460937500003, 69.70620117187497], [59.63701171875002, 69.72104492187498], [59.578222656250006, 69.738623046875], [59.58125, 69.790869140625], [59.5026367187501, 69.86621093749997], [59.3815429687501, 69.89042968750002], [59.268359375000074, 69.89843749999997], [59.1442382812501, 69.92192382812505], [59.08251953125003, 69.910791015625], [59.004003906250006, 69.88330078125], [58.95273437500006, 69.89277343749998], [58.68007812499999, 70.05102539062497], [58.634179687499994, 70.08803710937497], [58.605566406250006, 70.12919921874999], [58.56806640625004, 70.15566406249997], [58.47304687500005, 70.26684570312497], [58.51992187499999, 70.31831054687498], [58.61533203125006, 70.35083007812503], [58.67802734375002, 70.35957031250004], [58.79423828125002, 70.43295898437498], [59.005273437499994, 70.46518554687506], [59.04804687500004, 70.46049804687499], [59.08828125000005, 70.43710937500003], [59.309863281250074, 70.361669921875], [59.4259765625001, 70.3109375], [59.529101562500074, 70.24897460937498], [59.63632812500006, 70.19702148437506], [59.955859375000074, 70.10834960937501], [60.17226562499999, 70.0228515625], [60.39257812500003, 69.96240234375003], [60.45048828125002, 69.93486328125002]]], [[[66.5609375, 70.54174804687503], [66.56855468750004, 70.50146484375], [66.51582031250004, 70.51489257812497], [66.44863281250005, 70.56103515625006], [66.40761718750005, 70.61577148437502], [66.39482421875002, 70.727294921875], [66.41816406250004, 70.75712890625002], [66.44023437500002, 70.77265624999998], [66.46289062500003, 70.76933593750002], [66.45771484375004, 70.69877929687505], [66.5609375, 70.54174804687503]]], [[[160.7189453125001, 70.82270507812498], [160.65136718750003, 70.80585937500001], [160.50478515625, 70.8197265625], [160.4369140625, 70.85102539062498], [160.44042968750003, 70.92265624999999], [160.44853515625007, 70.93403320312501], [160.5658203125, 70.92377929687495], [160.644921875, 70.88354492187503], [160.7189453125001, 70.82270507812498]]], [[[52.90332031249997, 71.36499023437506], [52.99414062500003, 71.29125976562503], [53.07402343750002, 71.23793945312502], [53.141406250000074, 71.24189453125001], [53.1925781250001, 71.21528320312501], [53.205175781250006, 71.15971679687507], [53.07148437500004, 71.06503906250006], [53.048144531250074, 71.03095703125004], [53.10576171875002, 70.99926757812497], [53.120996093749994, 70.98203125], [53.02265625000004, 70.96870117187495], [53.00449218750006, 71.01162109375], [52.94960937499999, 71.05361328125002], [52.835351562499994, 71.08583984375002], [52.78896484375005, 71.11494140625001], [52.738378906250006, 71.18066406249997], [52.54658203125004, 71.25043945312498], [52.42548828125004, 71.23925781250003], [52.28945312500005, 71.27036132812503], [52.249609375, 71.284912109375], [52.23984375, 71.325048828125], [52.2965820312501, 71.3568359375], [52.51259765625005, 71.38505859375005], [52.6173828125001, 71.38334960937507], [52.72968750000004, 71.355126953125], [52.7203125, 71.38979492187505], [52.73222656250002, 71.40371093750002], [52.77675781250005, 71.39980468750005], [52.90332031249997, 71.36499023437506]]], [[[178.86152343750015, 70.82641601562503], [178.79257812500012, 70.82207031250002], [178.64824218750007, 71.00058593749998], [178.62832031250005, 71.04736328125], [178.68388671875002, 71.10566406249998], [178.8290039062501, 71.17788085937502], [178.89111328124997, 71.23110351562505], [179.23505859375004, 71.32451171875007], [179.54765625000013, 71.44765625000002], [179.71591796875012, 71.46621093749997], [179.88642578125004, 71.52333984375], [180.0, 71.537744140625], [180.0, 70.99301757812503], [179.88134765625009, 70.97568359375006], [179.6476562500001, 70.89892578125006], [179.1525390625001, 70.88027343749997], [178.86152343750015, 70.82641601562503]]], [[[137.95986328125, 71.50766601562498], [137.71181640625, 71.42324218750002], [137.61289062500012, 71.43393554687498], [137.51181640625012, 71.474609375], [137.45781250000007, 71.48349609375003], [137.40322265625005, 71.47729492187503], [137.34423828125003, 71.46054687499998], [137.26552734375005, 71.455908203125], [137.07871093750006, 71.50219726562503], [137.06406250000012, 71.52988281249998], [137.08183593750002, 71.54272460937503], [137.12949218750012, 71.55615234375], [137.1681640625001, 71.55712890625003], [137.28183593750006, 71.57993164062506], [137.816796875, 71.587890625], [137.85761718750004, 71.58305664062507], [137.93378906250004, 71.54277343750005], [137.95986328125, 71.50766601562498]]], [[[-178.87646484375, 71.57705078125], [-178.43896484375003, 71.54116210937497], [-178.35356445312496, 71.52919921875002], [-178.214697265625, 71.48164062500001], [-178.13388671874998, 71.465478515625], [-178.05664062500003, 71.43759765625], [-177.97480468749998, 71.39052734375002], [-177.81699218749998, 71.33999023437502], [-177.58413085937497, 71.28168945312495], [-177.53217773437504, 71.2630859375], [-177.498486328125, 71.219140625], [-177.52358398437497, 71.16689453125002], [-177.82177734374997, 71.06757812500004], [-178.0626953125, 71.04194335937495], [-178.52797851562497, 71.01479492187502], [-179.15688476562502, 70.93984375000002], [-179.41567382812497, 70.91899414062505], [-179.50668945312503, 70.92343749999998], [-179.734033203125, 70.97167968750003], [-179.99995117187498, 70.99301757812503], [-179.99995117187498, 71.184228515625], [-179.99995117187498, 71.39970703125002], [-179.99995117187498, 71.537744140625], [-179.84487304687502, 71.55097656250001], [-179.69101562500003, 71.577978515625], [-179.54638671874994, 71.58242187500002], [-179.40205078125004, 71.566650390625], [-179.25649414062497, 71.57167968749997], [-179.111572265625, 71.59619140625], [-178.99404296874997, 71.59321289062501], [-178.87646484375, 71.57705078125]]], [[[77.63251953125004, 72.29125976562503], [77.14560546875006, 72.28188476562497], [76.9059570312501, 72.29765624999999], [76.87109375000003, 72.31704101562502], [76.903125, 72.36557617187498], [77.14951171875006, 72.43920898437506], [77.2604492187501, 72.48613281250002], [77.37783203125005, 72.56528320312498], [77.57871093750012, 72.63085937500003], [77.74853515624997, 72.631201171875], [78.27910156250007, 72.55322265625], [78.3529296875, 72.504296875], [78.36513671875, 72.48242187499997], [78.1544921875001, 72.41699218749997], [78.0072265625, 72.39248046875002], [77.78085937500006, 72.30854492187498], [77.63251953125004, 72.29125976562503]]], [[[79.50146484374997, 72.721923828125], [79.43066406250003, 72.71069335937503], [78.88056640625004, 72.75161132812502], [78.69023437500007, 72.80341796875001], [78.633203125, 72.85073242187505], [78.65683593750012, 72.89228515624998], [79.1642578125001, 73.09433593750003], [79.35654296875012, 73.03862304687505], [79.4125, 72.98310546875001], [79.54130859375007, 72.91865234375004], [79.53789062500002, 72.76933593749999], [79.50146484374997, 72.721923828125]]], [[[74.66054687500005, 72.87343749999997], [74.63837890625004, 72.86376953125003], [74.58808593750004, 72.88115234375002], [74.43476562500004, 72.90766601562501], [74.18066406249997, 72.97534179687503], [74.1001953125, 73.02153320312502], [74.14238281250002, 73.07436523437505], [74.19853515625007, 73.10908203125001], [74.4087890625, 73.13046875], [74.59990234375002, 73.12177734375001], [74.7252929687501, 73.108154296875], [74.9615234375, 73.0625], [74.742578125, 73.03271484375], [74.64726562500002, 72.96904296874999], [74.66015624999997, 72.92929687499998], [74.69716796875005, 72.90771484375003], [74.66054687500005, 72.87343749999997]]], [[[120.26132812500006, 73.08984375], [120.00791015625006, 73.04487304687498], [119.79208984375006, 73.04541015625], [119.64042968750007, 73.12431640625002], [119.76191406250004, 73.15546874999995], [119.96445312500006, 73.16767578124995], [120.07851562500005, 73.15673828125003], [120.23681640624997, 73.107275390625], [120.26132812500006, 73.08984375]]], [[[55.31982421874997, 73.30830078125001], [55.7873046875001, 73.26860351562499], [56.13769531249997, 73.25615234375005], [56.35048828125005, 73.22553710937501], [56.429589843749994, 73.20117187500003], [56.39746093750003, 73.13916015625], [56.33466796875004, 73.11367187499997], [56.18896484375003, 73.03300781250005], [56.16699218749997, 72.98320312500005], [56.19287109375003, 72.90498046874998], [56.170507812500006, 72.84809570312495], [56.121679687500006, 72.80659179687501], [56.083789062500074, 72.78940429687498], [55.819726562499994, 72.78950195312501], [55.72343750000002, 72.76640625000002], [55.7184570312501, 72.721533203125], [55.700976562500074, 72.671728515625], [55.6164062500001, 72.59907226562501], [55.441308593749994, 72.57539062499998], [55.40332031250003, 72.54907226562506], [55.416894531249994, 72.501318359375], [55.35595703124997, 72.465087890625], [55.35957031250004, 72.40869140625006], [55.390429687500074, 72.37783203125], [55.39912109375004, 72.31362304687505], [55.51806640625003, 72.22065429687501], [55.49492187500002, 72.18232421875004], [55.40332031250003, 72.10688476562504], [55.375, 72.01489257812503], [55.29785156250003, 71.93535156249999], [55.47109375000005, 71.86923828125], [55.546679687500074, 71.78334960937502], [55.61367187500005, 71.68989257812498], [55.81933593750003, 71.50756835937497], [56.04316406250004, 71.34560546875002], [56.45439453125002, 71.10737304687498], [56.89482421875002, 70.927001953125], [57.065625, 70.87602539062499], [57.48359375000004, 70.79228515624999], [57.556445312500074, 70.76582031250001], [57.62539062499999, 70.72880859375002], [57.447167968749994, 70.66103515625], [57.26367187500003, 70.63603515625005], [57.246972656249994, 70.60512695312497], [57.145898437499994, 70.589111328125], [56.64882812499999, 70.64653320312505], [56.62167968750006, 70.65537109374998], [56.56865234375002, 70.69746093749995], [56.510058593750074, 70.72880859375002], [56.38574218749997, 70.73413085937506], [56.26005859375002, 70.71474609375], [56.334765625000074, 70.67670898437498], [56.41718750000004, 70.66494140625], [56.56132812500002, 70.59355468750002], [56.4997070312501, 70.56640624999997], [56.43457031249997, 70.56298828125], [56.14248046875005, 70.65786132812497], [56.11474609374997, 70.64614257812497], [56.08710937500004, 70.61835937500001], [55.9416015625001, 70.64926757812498], [55.90722656249997, 70.62631835937503], [55.796875, 70.61557617187506], [55.7067382812501, 70.64189453124999], [55.70644531250005, 70.67524414062495], [55.68730468750002, 70.69218750000002], [55.23691406250006, 70.66601562500003], [55.05166015625005, 70.666748046875], [54.867089843749994, 70.678125], [54.645117187500006, 70.74184570312502], [54.60820312500002, 70.71323242187506], [54.601171875, 70.68007812499997], [54.51738281250002, 70.69331054687498], [54.332617187500006, 70.74467773437507], [54.19941406250004, 70.764892578125], [53.72236328125004, 70.81445312499997], [53.38359375000002, 70.87353515625003], [53.46777343750003, 70.90058593750004], [53.613574218750074, 70.91464843750006], [53.615625, 70.95083007812497], [53.592578125000074, 71.00068359374998], [53.587792968749994, 71.05229492187502], [53.67050781250006, 71.08691406249997], [53.85703125, 71.07041015624998], [53.83427734375002, 71.126708984375], [53.92226562499999, 71.13759765625], [54.09394531250004, 71.10522460937497], [54.15566406250005, 71.12548828125003], [53.886132812499994, 71.19628906249997], [53.59082031249997, 71.29667968749999], [53.62216796875006, 71.33276367187497], [53.515234375, 71.342529296875], [53.409960937500074, 71.34013671875005], [53.31904296875004, 71.399169921875], [53.33251953125003, 71.47724609375001], [53.41162109374997, 71.53012695312503], [53.363867187500006, 71.541650390625], [52.908984375000074, 71.49501953125], [52.67871093749997, 71.50566406250002], [52.41884765625005, 71.53686523437497], [52.17998046875002, 71.490234375], [51.93789062499999, 71.47470703125003], [51.812597656250006, 71.49130859375003], [51.69160156250004, 71.525146484375], [51.590429687500006, 71.57114257812503], [51.51132812500006, 71.648095703125], [51.4386718750001, 71.77680664062501], [51.428613281249994, 71.825537109375], [51.44355468750004, 71.934375], [51.48222656250002, 71.97978515625007], [51.58251953125003, 72.07119140625005], [51.653125, 72.099365234375], [51.80546875000002, 72.14213867187502], [51.8854492187501, 72.15322265624997], [52.06865234375002, 72.13115234374999], [52.252050781250006, 72.12973632812498], [52.33232421875002, 72.15395507812502], [52.40673828124997, 72.19672851562504], [52.46191406250003, 72.25234375], [52.5861328125001, 72.28403320312506], [52.62207031249997, 72.30097656249995], [52.66191406250002, 72.33686523437498], [52.70576171875004, 72.390966796875], [52.71386718750003, 72.43696289062495], [52.7487304687501, 72.48295898437499], [52.86367187499999, 72.54985351562505], [52.82324218750003, 72.59125976562504], [52.83906250000004, 72.61928710937497], [52.916601562500006, 72.66889648437495], [52.68310546874997, 72.68232421875001], [52.60498046875003, 72.70405273437501], [52.5285156250001, 72.73735351562505], [52.550585937500074, 72.7685546875], [52.57929687500004, 72.79135742187503], [52.81220703125004, 72.87524414062497], [52.913183593750006, 72.89995117187505], [53.02421875000002, 72.91357421874997], [53.1349609375001, 72.913232421875], [53.253515625, 72.90375976562501], [53.36982421875004, 72.916748046875], [53.24726562500004, 72.97314453125003], [53.23710937500002, 73.01118164062495], [53.18896484374997, 73.10400390625003], [53.19794921875004, 73.14755859375003], [53.25117187500004, 73.18295898437506], [53.35761718750004, 73.22456054687501], [53.51220703125003, 73.23837890624998], [53.633691406249994, 73.26025390625], [53.75322265625002, 73.29326171875005], [53.865625, 73.29897460937497], [54.0910156250001, 73.27646484375], [54.20234375000004, 73.28134765625003], [54.32763671874997, 73.299462890625], [54.67607421875002, 73.37001953124997], [54.8039062500001, 73.38764648437501], [54.940625, 73.38325195312501], [55.12138671875002, 73.35683593750002], [55.31982421874997, 73.30830078125001]]], [[[70.67392578125, 73.09501953124999], [70.38037109374997, 73.04809570312503], [70.29833984374997, 73.04448242187499], [70.11865234374997, 73.056298828125], [70.0407226562501, 73.03715820312502], [69.9201171875001, 73.08452148437507], [69.93037109375004, 73.12661132812502], [69.98564453125002, 73.16923828125002], [70.01875, 73.22431640624995], [69.99589843750002, 73.359375], [70.14960937500004, 73.4447265625], [70.35, 73.47763671875003], [70.94023437500002, 73.51440429687497], [71.02324218750002, 73.50419921875005], [71.1412109375, 73.47797851562501], [71.23164062500004, 73.44775390625], [71.35117187500006, 73.37221679687497], [71.44492187500006, 73.34208984375005], [71.58955078125004, 73.28315429687504], [71.63046875, 73.22480468749995], [71.62617187500004, 73.173974609375], [71.3556640625001, 73.16245117187503], [70.88671875000003, 73.11962890625003], [70.67392578125, 73.09501953124999]]], [[[76.7560546875001, 73.44580078125003], [76.659375, 73.43950195312499], [76.23447265625006, 73.47622070312502], [76.08310546875006, 73.52348632812505], [76.13955078125, 73.55429687500003], [76.2506835937501, 73.55527343750006], [76.7560546875001, 73.44580078125003]]], [[[75.50371093750007, 73.45664062500003], [75.3443359375, 73.43227539062505], [75.375, 73.477392578125], [75.5697265625, 73.540625], [75.93017578124997, 73.57363281249997], [76.03945312500005, 73.559912109375], [76.05156250000002, 73.54926757812498], [75.9009765625, 73.48149414062502], [75.82714843749997, 73.459130859375], [75.50371093750007, 73.45664062500003]]], [[[142.18486328125002, 73.8958984375], [142.43505859375003, 73.85156250000003], [142.63916015625003, 73.803076171875], [143.34375, 73.56875], [143.41074218750012, 73.52084960937506], [143.46396484375012, 73.45888671875005], [143.49130859375006, 73.246435546875], [143.45146484375007, 73.23129882812503], [143.19326171875005, 73.22075195312502], [142.84160156250007, 73.24482421874995], [142.58691406249997, 73.2533203125], [142.3421875, 73.25288085937498], [142.1263671875, 73.28168945312501], [141.59667968750003, 73.31083984374999], [141.18271484375006, 73.38920898437505], [140.75400390625012, 73.446044921875], [140.6627929687501, 73.45200195312498], [140.39248046875, 73.43535156250005], [140.02695312500006, 73.36142578125], [139.92509765625007, 73.35522460937497], [139.785546875, 73.35522460937497], [139.68554687500003, 73.42573242187495], [139.92011718750004, 73.44858398437498], [140.15517578125005, 73.45751953125003], [140.38066406250007, 73.48300781249998], [140.59355468750002, 73.56455078124998], [140.69746093750004, 73.629150390625], [140.88378906249997, 73.77753906250004], [140.9835937500001, 73.83154296875003], [141.08476562500007, 73.865869140625], [141.18994140625003, 73.87646484375003], [141.3119140625, 73.871875], [141.68193359375007, 73.90419921875], [141.9318359375001, 73.91494140624997], [142.18486328125002, 73.8958984375]]], [[[124.54296874999997, 73.85009765625], [124.48173828125007, 73.84790039062497], [124.3664062500001, 73.874609375], [124.33574218750007, 73.910302734375], [124.33652343750012, 73.92836914062502], [124.42968750000003, 73.943017578125], [124.54765625000007, 73.933837890625], [124.63691406250004, 73.90039062500003], [124.65292968750012, 73.88803710937498], [124.54296874999997, 73.85009765625]]], [[[83.54902343750004, 74.07177734375003], [83.49580078125004, 74.04843749999998], [83.45, 74.05166015625002], [83.41064453125003, 74.03955078125003], [83.15898437500002, 74.07534179687505], [82.81777343750005, 74.09160156250007], [82.90292968750006, 74.12890625000003], [83.1498046875, 74.15161132812503], [83.51347656250002, 74.12236328125005], [83.61835937500004, 74.08945312499998], [83.54902343750004, 74.07177734375003]]], [[[82.70996093750003, 74.09086914062502], [82.61279296875003, 74.05644531250002], [82.47812500000012, 74.07578125000003], [82.38154296875004, 74.09921875000003], [82.32939453125002, 74.13110351562503], [82.38242187500006, 74.149267578125], [82.5255859375001, 74.16142578124999], [82.6110351562501, 74.14853515625003], [82.68896484374997, 74.11123046875], [82.70996093750003, 74.09086914062502]]], [[[136.19746093750004, 73.91362304687505], [136.12167968750006, 73.885009765625], [136.05146484375004, 73.9291015625], [135.7145507812501, 74.05952148437501], [135.63339843750006, 74.12143554687503], [135.4486328125, 74.1796875], [135.40244140625006, 74.20170898437505], [135.38701171875007, 74.25336914062498], [135.6283203125, 74.21992187500001], [136.0368164062501, 74.09033203125], [136.2591796875, 73.9849609375], [136.19746093750004, 73.91362304687505]]], [[[141.01025390624997, 73.99946289062495], [140.5072265625, 73.91865234375001], [140.40947265625002, 73.92167968750002], [140.18320312500006, 74.00458984375001], [140.10156249999997, 74.18427734375004], [140.19355468750004, 74.23671874999997], [140.30029296874997, 74.25722656249997], [140.40742187500004, 74.26645507812498], [140.84921875000006, 74.27377929687506], [140.94433593749997, 74.26464843749997], [141.03857421874997, 74.24272460937505], [141.0794921875, 74.20932617187498], [141.09746093750002, 74.16782226562506], [141.046875, 74.05039062500003], [141.01025390624997, 73.99946289062495]]], [[[84.7589843750001, 74.45942382812495], [84.71044921874997, 74.39980468749997], [84.4289062500001, 74.43032226562497], [84.38945312500002, 74.454443359375], [84.54033203125002, 74.49042968749995], [84.67988281250004, 74.512353515625], [84.87285156250002, 74.51552734375002], [84.7589843750001, 74.45942382812495]]], [[[113.38720703125003, 74.40043945312502], [113.35312500000012, 74.35297851562504], [113.29921875000005, 74.317138671875], [113.25888671875006, 74.27270507812503], [113.19023437500002, 74.23930664062505], [112.97763671875006, 74.19682617187502], [112.81132812500002, 74.1029296875], [112.7824218750001, 74.09506835937498], [112.19580078124997, 74.146240234375], [112.10507812500012, 74.16323242187502], [111.91210937499997, 74.21923828125006], [111.64296875000005, 74.27294921874997], [111.50341796875003, 74.35307617187505], [111.57011718750002, 74.36831054687505], [111.6375, 74.37431640625002], [111.87978515625005, 74.36381835937502], [111.94921874999997, 74.38876953125003], [111.9828125, 74.45629882812503], [111.98935546875006, 74.496240234375], [112.00761718750007, 74.5267578125], [112.08447265625003, 74.548974609375], [112.95175781250006, 74.47958984374998], [113.28623046875006, 74.44101562500003], [113.38720703125003, 74.40043945312502]]], [[[86.653125, 74.98129882812506], [86.73710937500002, 74.96298828125006], [87.00058593750006, 74.991943359375], [87.0521484375, 74.98256835937505], [87.12431640625002, 74.93989257812495], [87.01171875000003, 74.86191406249998], [86.9271484375, 74.83076171875001], [86.69199218750006, 74.84829101562505], [86.39052734375005, 74.85087890625005], [86.25859375000007, 74.89350585937501], [86.33066406250012, 74.93896484375003], [86.50449218750006, 74.96596679687502], [86.60546875000003, 74.992822265625], [86.653125, 74.98129882812506]]], [[[82.17236328124997, 75.41938476562504], [82.20878906250002, 75.386962890625], [82.22158203125, 75.35053710937495], [82.17929687500006, 75.33896484375], [82.05009765625002, 75.34096679687505], [81.97851562500003, 75.24711914062502], [81.90507812500007, 75.26279296875003], [81.86054687500004, 75.31650390625003], [81.69765625, 75.280517578125], [81.65478515624997, 75.288916015625], [81.57929687500004, 75.33095703124997], [81.53212890625005, 75.33955078125004], [81.50058593750006, 75.36791992187503], [81.7121093750001, 75.451416015625], [81.84218750000005, 75.40703125000002], [81.92656250000002, 75.40996093750007], [81.90976562500006, 75.46000976562505], [81.91279296875004, 75.497705078125], [82.021875, 75.51347656250002], [82.16562500000012, 75.515625], [82.17236328124997, 75.41938476562504]]], [[[146.79521484375002, 75.370751953125], [147.06035156250002, 75.36430664062502], [147.44355468750004, 75.43798828125], [147.49697265625, 75.44052734375], [148.43242187500007, 75.41352539062501], [148.50888671875012, 75.38745117187503], [148.51884765625007, 75.33647460937502], [148.48916015625, 75.309375], [148.475, 75.27241210937504], [148.59013671875002, 75.23637695312505], [148.89218750000012, 75.228125], [149.08320312500004, 75.26206054687506], [149.64531250000007, 75.24458007812495], [150.10390625000005, 75.21923828125003], [150.2806640625, 75.16401367187498], [150.41718750000004, 75.13432617187505], [150.53056640625002, 75.09985351562506], [150.61289062500012, 75.12016601562502], [150.69033203125, 75.15532226562507], [150.75693359375006, 75.16240234374999], [150.82236328125006, 75.15654296875005], [150.64628906250007, 74.94458007812503], [150.58027343750004, 74.91894531250006], [150.33125, 74.866796875], [149.8380859375001, 74.7953125], [149.596875, 74.772607421875], [149.0501953125, 74.77246093750006], [148.296875, 74.80043945312497], [148.09238281250006, 74.82568359375006], [147.971875, 74.85732421875002], [147.74091796875004, 74.93198242187503], [147.62685546875, 74.95893554687501], [147.25703125000004, 74.98427734375002], [147.14404296874997, 74.9984375], [146.92490234375006, 75.0625], [146.70332031250004, 75.11420898437504], [146.14853515625006, 75.19829101562502], [146.18613281250012, 75.29555664062502], [146.25761718750002, 75.39375], [146.3429687500001, 75.48090820312495], [146.43847656250003, 75.55820312499998], [146.5375, 75.581787109375], [146.75097656249997, 75.51044921875004], [146.74824218750004, 75.42866210937498], [146.79521484375002, 75.370751953125]]], [[[135.9486328125, 75.4095703125], [135.74589843750007, 75.38198242187497], [135.45195312500007, 75.38955078125], [135.473046875, 75.463232421875], [135.52343749999997, 75.49584960937497], [135.59267578125005, 75.57646484375007], [135.56123046875004, 75.63647460937503], [135.57841796875007, 75.7099609375], [135.61386718750006, 75.76630859375001], [135.69863281250005, 75.84526367187502], [135.7882812500001, 75.798486328125], [135.84921875000006, 75.72924804687503], [135.90478515625003, 75.69438476562502], [136.12734375, 75.62558593750003], [136.16894531250003, 75.60556640625003], [135.98339843749997, 75.52192382812495], [135.96513671875007, 75.48613281250005], [136.02050781249997, 75.43837890625], [135.9486328125, 75.4095703125]]], [[[152.8859375000001, 76.12172851562505], [152.78632812500004, 76.085791015625], [152.55859375000003, 76.14360351562505], [152.64277343750004, 76.17480468750003], [152.79941406250006, 76.19482421875], [152.83505859375012, 76.18515625], [152.86376953125003, 76.163427734375], [152.8859375000001, 76.12172851562505]]], [[[140.04873046875005, 75.82895507812498], [140.15214843750007, 75.809814453125], [140.27441406250003, 75.822412109375], [140.3890625, 75.79584960937498], [140.4962890625001, 75.68979492187506], [140.54667968750007, 75.66318359375006], [140.60214843750006, 75.64394531250005], [140.65673828125003, 75.634130859375], [140.81591796875003, 75.630712890625], [140.88925781250006, 75.652001953125], [140.94414062500002, 75.70048828125002], [140.94042968749997, 75.74951171874997], [140.92656250000002, 75.79892578125], [140.92578125000003, 75.866845703125], [140.95029296875006, 75.92734375000006], [140.98535156249997, 75.964501953125], [141.03261718750005, 75.98896484374998], [141.29931640625003, 76.06376953125005], [141.48544921875006, 76.13715820312498], [141.74228515625012, 76.108056640625], [142.00146484374997, 76.0435546875], [142.4603515625, 75.90361328125002], [142.66953125000006, 75.863427734375], [142.92675781249997, 75.82690429687503], [143.18515625000006, 75.81362304687497], [143.31113281250006, 75.82231445312505], [143.55996093750005, 75.86040039062499], [143.68583984375002, 75.86367187500005], [145.2552734375, 75.58559570312497], [145.3097656250001, 75.56406250000003], [145.35996093750012, 75.53046875000001], [145.02343750000003, 75.48974609374997], [144.803125, 75.41606445312507], [144.72675781250004, 75.365576171875], [144.81425781250002, 75.32451171875007], [144.88349609375004, 75.26894531250002], [144.40781250000012, 75.102294921875], [144.21601562500004, 75.0591796875], [144.0197265625001, 75.044677734375], [143.62587890625005, 75.083984375], [143.39609375000006, 75.08286132812503], [143.17031250000005, 75.11689453124995], [142.92207031250004, 75.21743164062502], [142.82011718750002, 75.26782226562497], [142.72949218749997, 75.337646484375], [142.699609375, 75.448876953125], [142.73447265625006, 75.54458007812497], [142.867578125, 75.57177734375], [142.9860351562501, 75.63325195312501], [143.00244140624997, 75.65986328125001], [142.94179687500005, 75.71328125000005], [142.55156250000002, 75.72089843750001], [142.30791015625002, 75.69169921875002], [142.08623046875002, 75.66064453124997], [142.15107421875004, 75.45756835937499], [142.19882812500012, 75.39267578125], [142.26474609375006, 75.34614257812504], [142.61679687500006, 75.13325195312501], [142.6969726562501, 75.10307617187499], [142.92968749999997, 75.06240234374997], [143.12792968749997, 74.97031250000003], [142.77822265625005, 74.8677734375], [142.62607421875012, 74.83740234375006], [142.47275390625006, 74.82041015625003], [142.37841796875003, 74.82856445312501], [142.28740234375002, 74.84990234375002], [142.18417968750006, 74.89960937500001], [142.1, 74.95097656249999], [141.98730468750003, 74.99125976562505], [141.7484375, 74.98256835937505], [141.5299804687501, 74.94716796875002], [141.31044921875005, 74.92319335937503], [140.66074218750012, 74.88183593750003], [140.46386718749997, 74.85605468750003], [140.26787109375002, 74.84692382812503], [140.01103515625002, 74.894775390625], [139.758203125, 74.96376953125002], [139.68125, 74.96406250000001], [139.60585937500005, 74.94560546875007], [139.5480468750001, 74.90405273437503], [139.51230468750012, 74.83779296875002], [139.43007812500005, 74.74921875000001], [139.3255859375, 74.68681640625002], [139.21533203124997, 74.65966796874997], [139.09912109375003, 74.65654296875005], [138.98173828125002, 74.673681640625], [138.865625, 74.70092773437503], [138.09228515624997, 74.79746093749998], [138.00136718750005, 74.82700195312506], [137.91503906250003, 74.87084960937503], [137.6830078125, 75.008544921875], [137.56806640625004, 75.04057617187505], [137.44697265625004, 75.05419921874997], [137.21796875000004, 75.12373046875001], [137.00625, 75.23500976562505], [136.9623046875, 75.27036132812506], [136.94765625000005, 75.325537109375], [136.98242187500003, 75.36533203125003], [137.16601562500003, 75.34658203125005], [137.2897460937501, 75.3486328125], [137.215234375, 75.55439453125001], [137.26884765625002, 75.74941406250005], [137.35849609375006, 75.78164062500002], [137.70654296875003, 75.75957031250007], [137.59355468750007, 75.82338867187502], [137.5011718750001, 75.90966796875], [137.56054687500003, 75.95522460937505], [137.625390625, 75.98818359375002], [137.77441406249997, 76.01567382812502], [137.97705078124997, 76.02778320312498], [138.03867187500006, 76.04726562499997], [138.09599609375002, 76.08051757812498], [138.20761718750012, 76.11494140624998], [138.43066406250003, 76.13007812499995], [138.81396484375003, 76.19970703125003], [138.91953125000012, 76.19672851562495], [139.01757812500003, 76.16010742187495], [139.10917968750002, 76.10834960937498], [139.21132812500005, 76.08071289062502], [139.52851562500004, 76.013427734375], [139.7433593750001, 75.95307617187495], [140.04873046875005, 75.82895507812498]]], [[[96.53242187500004, 76.278125], [96.61396484375004, 76.26381835937502], [96.58964843750007, 76.22124023437507], [96.48671875000005, 76.23374023437503], [96.3507812500001, 76.212158203125], [96.35341796875, 76.17749023437503], [96.30058593750007, 76.12172851562505], [96.1087890625, 76.15546874999998], [95.84453125000007, 76.16025390624998], [95.67861328125, 76.19365234375005], [95.31113281250012, 76.21474609375], [95.32207031250002, 76.26162109375002], [95.37988281249997, 76.28906250000003], [95.5944335937501, 76.24960937499998], [95.78623046875006, 76.29389648437504], [96.15097656250006, 76.271875], [96.2707031250001, 76.30537109374998], [96.53242187500004, 76.278125]]], [[[96.85390625, 76.19916992187501], [96.79785156250003, 76.18842773437504], [96.75449218750006, 76.19575195312501], [96.73935546875012, 76.20693359375], [96.74023437500003, 76.25786132812507], [96.83291015625, 76.32416992187498], [96.83525390625002, 76.34482421875], [96.87792968749997, 76.355224609375], [96.99023437499997, 76.343408203125], [97.0453125, 76.31538085937495], [97.05302734375007, 76.30258789062503], [96.97421875000006, 76.23652343749998], [96.85390625, 76.19916992187501]]], [[[112.47802734374997, 76.62089843750005], [112.63251953125004, 76.55297851562506], [112.6608398437501, 76.50957031250002], [112.61416015625, 76.49926757812503], [112.58652343750006, 76.48295898437499], [112.57480468750006, 76.452392578125], [112.531640625, 76.45004882812503], [112.39482421875002, 76.4837890625], [112.296875, 76.53798828125002], [112.15380859375003, 76.54931640625003], [112.00273437500007, 76.60297851562504], [111.9689453125001, 76.62617187499995], [112.0111328125, 76.63286132812499], [112.2814453125001, 76.61835937499995], [112.39414062500012, 76.643798828125], [112.47802734374997, 76.62089843750005]]], [[[97.58837890624997, 76.599365234375], [97.53525390625006, 76.58442382812498], [97.4303710937501, 76.59072265625002], [97.34169921875, 76.62885742187498], [97.31035156250007, 76.689599609375], [97.38164062500002, 76.70668945312502], [97.58837890624997, 76.599365234375]]], [[[149.15019531250002, 76.659912109375], [148.3986328125001, 76.64824218750002], [148.44814453125, 76.67695312500001], [148.71962890625005, 76.74658203124997], [149.4064453125001, 76.782080078125], [149.26835937500002, 76.74721679687502], [149.20478515625004, 76.677001953125], [149.15019531250002, 76.659912109375]]], [[[67.76533203125004, 76.23759765625002], [67.36523437499997, 76.16127929687502], [67.12695312500003, 76.10815429687503], [66.8931640625, 76.072265625], [66.65742187500004, 76.047021484375], [66.2824218750001, 75.98369140625007], [65.61914062499997, 75.90463867187503], [65.2015625, 75.839453125], [64.74453125000005, 75.78823242187505], [64.26259765625, 75.71967773437501], [63.77929687499997, 75.67260742187503], [63.659472656250074, 75.66875], [63.31669921875002, 75.60307617187507], [63.04599609375006, 75.57573242187502], [62.0661132812501, 75.42773437500006], [61.61621093749997, 75.31962890625005], [61.48652343750004, 75.31083984375005], [61.35595703125003, 75.31484374999997], [61.24882812500002, 75.281005859375], [61.14726562500002, 75.22255859375], [60.935644531250006, 75.16367187499998], [60.82919921875006, 75.11083984374997], [60.71923828124997, 75.06860351562497], [60.655371093750006, 75.05502929687506], [60.533789062500006, 75.05927734375004], [60.47558593749997, 75.05473632812499], [60.27685546874997, 75.00756835937497], [60.241113281249994, 74.97075195312505], [60.45488281250002, 74.946142578125], [60.501367187499994, 74.90463867187498], [60.4391601562501, 74.87534179687503], [60.30078124999997, 74.83701171875006], [60.22246093750002, 74.79658203124998], [60.08007812499997, 74.75585937500003], [59.982324218749994, 74.74462890624997], [59.7472656250001, 74.74589843750005], [59.73466796875002, 74.695458984375], [59.77148437499997, 74.664453125], [59.752734375000074, 74.63701171874999], [59.6740234375001, 74.61015625000002], [59.59599609375002, 74.61372070312504], [59.240136718749994, 74.69296875], [59.18203125000005, 74.66577148437497], [59.15703125000002, 74.61083984374997], [59.14609375, 74.55190429687497], [59.10097656250005, 74.50751953124998], [59.040429687499994, 74.48554687500004], [58.92822265625003, 74.46269531249999], [58.53466796874997, 74.49892578125002], [58.5021484375001, 74.46420898437503], [58.56201171875003, 74.42182617187501], [58.64570312500004, 74.32802734375002], [58.66503906249997, 74.28925781250001], [58.61787109375004, 74.22739257812503], [58.44140624999997, 74.12885742187501], [57.767382812500074, 74.01381835937502], [57.778417968750006, 73.97392578124999], [57.853417968749994, 73.89785156250002], [57.87226562500004, 73.85043945312506], [57.84492187500004, 73.80507812499997], [57.75595703125006, 73.76918945312502], [57.65742187500004, 73.7681640625], [57.60371093750004, 73.77548828124998], [57.44853515625002, 73.82563476562498], [57.31308593750006, 73.83803710937502], [57.290917968749994, 73.81455078125003], [57.46425781250005, 73.74604492187501], [57.542578125, 73.65820312499997], [57.45976562500002, 73.61030273437498], [57.134375, 73.50439453125], [56.96386718749997, 73.36655273437498], [56.63417968750005, 73.30429687499998], [56.4303710937501, 73.29721679687506], [56.22832031250002, 73.31411132812502], [56.034570312499994, 73.34589843750004], [55.54921875, 73.35683593750002], [55.28017578125005, 73.39204101562501], [55.00683593749997, 73.453857421875], [54.768652343750006, 73.44941406249998], [54.565820312499994, 73.41850585937499], [54.299902343750006, 73.3509765625], [54.1315429687501, 73.48100585937502], [54.20458984374997, 73.54204101562502], [53.83867187500002, 73.697119140625], [53.76289062500004, 73.76616210937502], [53.85136718750002, 73.80053710937503], [53.96347656250006, 73.82231445312502], [54.17402343750004, 73.88574218750006], [54.386328125, 73.93564453125], [54.60566406250004, 73.951318359375], [54.642675781250006, 73.9595703125], [54.73339843749997, 74.03398437500005], [54.83125, 74.09575195312502], [54.9203125, 74.12910156249998], [55.02285156250005, 74.18662109374998], [55.340917968750006, 74.41962890625001], [55.41640625, 74.4361328125], [56.07832031250004, 74.48129882812506], [56.13710937499999, 74.49609375000006], [55.94746093750004, 74.54218750000004], [55.75175781250002, 74.54121093750001], [55.66152343750005, 74.55610351562501], [55.61035156249997, 74.59052734375001], [55.58222656250004, 74.62768554687503], [55.65966796875003, 74.65629882812502], [55.91367187500006, 74.79609374999998], [56.21787109375006, 74.89750976562505], [56.49873046875004, 74.95708007812499], [56.428515625000074, 74.97294921875005], [56.34003906250004, 75.01347656250005], [55.99804687500003, 75.00336914062501], [55.863183593749994, 75.05874023437502], [55.82119140625005, 75.090625], [55.81005859375003, 75.12490234375], [55.920703125000074, 75.16835937499997], [56.03554687500005, 75.19423828125], [56.16220703125006, 75.18657226562505], [56.288671875, 75.16430664062503], [56.3890625, 75.13818359375003], [56.485253906249994, 75.09609375], [56.57031249999997, 75.09775390625006], [56.876269531250074, 75.244384765625], [56.8292968750001, 75.27773437500005], [56.80947265625005, 75.32841796875007], [56.84443359375004, 75.35141601562503], [56.98945312500004, 75.37509765624998], [57.0875, 75.38383789062499], [57.30175781249997, 75.37324218749995], [57.60683593750005, 75.34125976562501], [57.6315429687501, 75.3564453125], [57.7082031250001, 75.4544921875], [57.78339843750004, 75.50668945312506], [58.093652343749994, 75.59252929687506], [58.072558593750074, 75.61899414062503], [58.0583007812501, 75.66308593750003], [58.41835937499999, 75.71977539062505], [58.65273437500005, 75.77680664062501], [58.88125, 75.85478515625002], [58.994726562500006, 75.871728515625], [59.110449218750006, 75.87373046874995], [59.346582031249994, 75.90703124999999], [59.78193359375004, 75.94584960937499], [60.03613281249997, 75.98383789062501], [60.11816406249997, 76.066552734375], [60.27929687500003, 76.09624023437499], [60.6061523437501, 76.10864257812503], [60.73056640625006, 76.10405273437499], [60.80117187500005, 76.06879882812501], [60.942187500000074, 76.07128906249997], [60.99775390625004, 76.0892578125], [61.0539062500001, 76.11987304687503], [61.03691406250002, 76.16904296875], [61.034375, 76.23295898437505], [61.15693359375004, 76.27353515625006], [61.20166015625003, 76.28203125000002], [61.56943359375006, 76.298486328125], [61.78710937499997, 76.29101562499997], [62.23730468749997, 76.24160156250002], [62.47109375, 76.23046875], [62.78203125000002, 76.24521484375006], [62.971484375000074, 76.236669921875], [63.52617187500002, 76.30952148437501], [64.4634765625, 76.37817382812497], [64.7076171875, 76.42602539062503], [64.95, 76.48432617187501], [65.07285156250006, 76.49672851562497], [65.19716796875, 76.49965820312502], [65.3097656250001, 76.517919921875], [65.52841796875006, 76.56782226562498], [65.63691406250004, 76.57866210937505], [65.75517578125007, 76.57929687500001], [65.862890625, 76.61333007812502], [65.95888671875, 76.68793945312501], [66.06298828124997, 76.74609375000006], [66.34521484375003, 76.82104492187506], [66.82880859375004, 76.92382812500003], [67.26367187499997, 76.96376953125], [67.53496093750002, 77.00776367187498], [67.65185546875003, 77.01157226562503], [68.01728515625004, 76.990625], [68.4857421875, 76.93369140624998], [68.69912109375005, 76.87065429687502], [68.87333984375002, 76.78959960937505], [68.91171875, 76.76054687500007], [68.94169921875007, 76.70766601562505], [68.89052734375005, 76.65971679687505], [68.8580078125, 76.61049804687505], [68.8998046875, 76.57294921875004], [68.55859375000003, 76.44941406250001], [68.2223632812501, 76.31347656250003], [68.16542968750005, 76.28486328124995], [67.76533203125004, 76.23759765625002]]], [[[96.28544921875002, 77.02666015625002], [96.25351562500006, 77.00727539062498], [96.20986328125005, 76.99213867187498], [96.09140625000006, 77.00253906249998], [95.8546875000001, 76.97495117187503], [95.7658203125001, 76.990625], [95.6808593750001, 77.021337890625], [95.36406250000002, 77.01152343750005], [95.27031250000002, 77.01884765625002], [95.42070312500002, 77.05649414062506], [95.85410156250006, 77.09755859374997], [96.52841796875012, 77.20551757812504], [96.5619140625, 77.15405273437503], [96.56132812500007, 77.12958984375001], [96.42431640624997, 77.07119140625002], [96.28544921875002, 77.02666015625002]]], [[[89.51425781250012, 77.188818359375], [89.2995117187501, 77.183984375], [89.17929687500012, 77.20991210937495], [89.14169921875006, 77.22680664062503], [89.20048828125007, 77.27197265624997], [89.28154296875007, 77.30146484374995], [89.61621093750003, 77.31103515625003], [89.67958984375005, 77.28032226562499], [89.66582031250002, 77.25449218749998], [89.51425781250012, 77.188818359375]]], [[[107.4147460937501, 77.24267578125006], [107.30224609374997, 77.24150390624999], [107.26953124999997, 77.28901367187498], [107.3664062500001, 77.34663085937501], [107.48642578125012, 77.34711914062501], [107.59365234375005, 77.33002929687501], [107.629296875, 77.31967773437503], [107.66455078124997, 77.29980468749997], [107.67949218750002, 77.26826171875004], [107.4147460937501, 77.24267578125006]]], [[[107.6955078125001, 78.13090820312499], [107.60625, 78.08256835937502], [107.48164062500004, 78.05776367187502], [107.34384765625012, 78.09858398437498], [107.00166015625004, 78.09565429687501], [106.41552734374997, 78.13984374999995], [106.58330078125007, 78.167578125], [107.50830078124997, 78.18940429687501], [107.57324218749997, 78.18554687500003], [107.6955078125001, 78.13090820312499]]], [[[106.27041015625, 78.20620117187497], [106.15107421875004, 78.19863281250002], [106.0236328125001, 78.22011718749997], [106.05839843750007, 78.26464843749997], [106.35058593749997, 78.272607421875], [106.45683593750007, 78.34003906249998], [106.64042968750007, 78.33623046874999], [106.69121093750002, 78.316650390625], [106.71962890625005, 78.29418945312506], [106.7189453125001, 78.26499023437506], [106.67910156250005, 78.26499023437506], [106.50468750000002, 78.26166992187498], [106.47246093750007, 78.24501953124997], [106.27041015625, 78.20620117187497]]], [[[102.88476562500003, 79.25395507812499], [102.78730468750004, 79.17641601562502], [102.74580078125004, 79.10605468749998], [102.44785156250012, 78.87666015624995], [102.41230468750004, 78.83544921875], [102.5873046875, 78.87128906250001], [102.74765625000006, 78.94956054687498], [102.84482421875006, 79.01435546875004], [102.95039062500004, 79.05576171875003], [103.07568359375003, 79.056494140625], [103.19912109375005, 79.0712890625], [103.43339843750007, 79.126123046875], [103.67285156249997, 79.15], [103.80078125000003, 79.14926757812498], [103.92568359375, 79.12324218750001], [104.00400390625006, 79.06254882812499], [104.09111328125002, 79.01318359374997], [104.40419921875005, 78.97709960937499], [104.44921874999997, 78.96391601562507], [104.47695312500005, 78.92333984374997], [104.45205078125, 78.88002929687502], [104.633203125, 78.83515625000004], [104.88105468750004, 78.85488281249997], [105.01464843749997, 78.84331054687502], [105.14599609374997, 78.81884765625], [105.20458984375003, 78.77993164062497], [105.25605468750004, 78.7330078125], [105.31015625000006, 78.66616210937497], [105.34267578125, 78.59394531250001], [105.31259765625012, 78.49990234375002], [104.83261718750012, 78.35273437499998], [104.74179687500006, 78.33974609375], [104.51943359375, 78.34921874999998], [104.29746093750006, 78.33505859375003], [103.71933593750006, 78.25825195312501], [103.003125, 78.25585937500006], [102.79667968750002, 78.18789062499997], [102.734375, 78.18989257812504], [102.67314453125007, 78.20170898437505], [102.61718749999997, 78.224609375], [102.18046875000007, 78.20532226562497], [101.69238281250003, 78.19433593750006], [101.20410156250003, 78.19194335937499], [101.03994140625005, 78.14296874999997], [100.54121093750004, 78.04750976562497], [100.0822265625001, 77.975], [99.84501953125007, 77.95683593750007], [99.50029296875002, 77.97607421875], [99.39169921875006, 78.00068359375004], [99.28710937500003, 78.0380859375], [99.43867187500004, 78.08393554687501], [99.5456054687501, 78.17856445312503], [99.67792968750004, 78.23349609375003], [100.0189453125, 78.33891601562502], [100.05751953125, 78.38037109375003], [100.12353515624997, 78.470458984375], [100.16298828125, 78.50395507812507], [100.21503906250004, 78.53579101562497], [100.25722656250005, 78.573828125], [100.26269531249997, 78.63149414062502], [100.28398437500007, 78.67919921874997], [100.41640625000005, 78.75317382812503], [100.515625, 78.78779296874998], [100.61962890624997, 78.79741210937507], [100.87558593750006, 78.78359375000002], [100.95576171875004, 78.78847656250002], [100.89794921874997, 78.81245117187504], [100.85625, 78.89775390624999], [100.86455078125002, 78.92583007812505], [100.90136718749997, 78.98007812499998], [100.96542968750006, 79.00654296874995], [101.03085937500006, 79.023291015625], [101.06816406250002, 79.09624023437502], [101.05224609374997, 79.12324218750001], [101.14882812500005, 79.15688476562502], [101.19609375000007, 79.20444335937503], [101.31044921875, 79.23261718750001], [101.54306640625006, 79.25444335937502], [101.55527343750006, 79.31264648437497], [101.590625, 79.35043945312503], [101.64335937500007, 79.36137695312505], [101.76132812500012, 79.37197265624997], [101.82421874999997, 79.37021484375006], [101.91210937500003, 79.31162109375003], [102.0052734375, 79.26367187500003], [102.12851562500006, 79.25249023437505], [102.25126953125002, 79.25605468749998], [102.17724609375003, 79.31259765625003], [102.18066406250003, 79.373388671875], [102.22509765625003, 79.41293945312506], [102.28242187500004, 79.430078125], [102.40488281250006, 79.433203125], [102.78984375000002, 79.39213867187499], [103.04160156250006, 79.33154296875], [103.09794921875002, 79.29912109375005], [103.0524414062501, 79.28251953125005], [102.9396484375001, 79.27119140624995], [102.88476562500003, 79.25395507812499]]], [[[76.24892578125, 79.65107421874998], [76.37255859374997, 79.61523437499997], [76.46738281250012, 79.64316406249998], [77.36015625000007, 79.55683593749998], [77.54931640624997, 79.52441406250003], [77.58896484375006, 79.50190429687498], [76.81015625000012, 79.48950195312503], [76.64951171875006, 79.49340820312503], [76.63652343750002, 79.54443359375003], [76.45761718750006, 79.54545898437505], [76.15371093750005, 79.578759765625], [76.071875, 79.62563476562505], [76.05156250000002, 79.64472656250004], [76.14843749999997, 79.66445312499997], [76.24892578125, 79.65107421874998]]], [[[100.1359375000001, 79.61420898437504], [99.91542968750005, 79.60161132812505], [99.94228515625, 79.67143554687505], [99.9557617187501, 79.69033203125], [100.06835937500003, 79.70102539062503], [100.14150390625, 79.68369140624998], [100.30029296875003, 79.670263671875], [100.1359375000001, 79.61420898437504]]], [[[92.68349609375, 79.68520507812502], [92.440625, 79.67548828124998], [92.1537109375, 79.68466796875], [91.68359375000003, 79.79057617187499], [91.37626953125002, 79.83549804687499], [91.12607421875006, 79.90493164062502], [91.07031249999997, 79.98149414062507], [91.22929687500002, 80.03071289062498], [91.42597656250004, 80.04921875000002], [91.75195312500003, 80.05229492187502], [92.17343750000006, 80.04545898437505], [92.59277343749997, 79.99653320312504], [93.48154296875006, 79.94111328125001], [93.803125, 79.90454101562503], [93.60351562500003, 79.816748046875], [93.38203125000004, 79.78388671874995], [93.15507812500007, 79.73759765625005], [92.92626953124997, 79.70449218750005], [92.68349609375, 79.68520507812502]]], [[[51.40927734375006, 79.94423828125002], [51.43515625, 79.93193359375002], [51.43125, 79.9205078125], [51.076269531250006, 79.93198242187503], [50.45410156249997, 79.92441406249998], [50.09140625, 79.98056640625006], [50.47265625000003, 80.03544921875005], [50.67578125000003, 80.04853515624995], [50.936328125000074, 80.09423828125003], [51.25439453124997, 80.04863281250007], [51.23789062500006, 80.0103515625], [51.24277343750006, 79.99125976562502], [51.326953125000074, 79.97231445312497], [51.40927734375006, 79.94423828125002]]], [[[59.688867187499994, 79.955810546875], [59.33066406250006, 79.92304687499998], [59.20263671874997, 79.93295898437503], [59.16923828125002, 79.94829101562505], [59.10039062500002, 79.96416015625002], [58.919238281250074, 79.984619140625], [58.94609375000002, 80.04233398437503], [59.00146484375003, 80.05390624999998], [59.54453125, 80.11884765624998], [59.801660156249994, 80.082666015625], [59.911035156249994, 79.99428710937502], [59.688867187499994, 79.955810546875]]], [[[97.6745117187501, 80.15825195312502], [97.90361328125007, 80.09501953125002], [98.01777343750004, 80.02285156249997], [97.90673828124997, 80.00375976562498], [97.80791015625002, 79.956298828125], [97.7599609375001, 79.89584960937503], [97.62695312500003, 79.850439453125], [97.59130859375003, 79.77495117187502], [97.65166015625007, 79.76064453125002], [97.72451171875, 79.781396484375], [97.87070312500012, 79.85263671875003], [98.06455078125006, 79.90107421875004], [98.27324218750002, 79.87412109375003], [98.353125, 79.88432617187499], [98.49902343750003, 79.953125], [98.471875, 80.009130859375], [98.53183593750006, 80.04360351562502], [98.59648437500007, 80.05219726562501], [98.8659179687501, 80.04541015625003], [99.29492187499997, 80.01635742187497], [99.37070312500006, 79.98637695312499], [99.47304687500005, 79.97016601562498], [99.53613281250003, 79.94130859374997], [99.72656250000003, 79.91992187500006], [99.81835937499997, 79.89819335937497], [99.94658203125007, 79.84897460937498], [100.06123046875004, 79.777099609375], [99.91582031250002, 79.73833007812502], [99.83925781250005, 79.6689453125], [99.80546875000002, 79.65307617187506], [99.78164062500005, 79.62827148437506], [99.77109375000012, 79.56772460937498], [99.74882812500002, 79.51518554687502], [99.72119140624997, 79.49184570312497], [99.70625, 79.46347656250006], [99.72158203125005, 79.38510742187498], [99.68066406249997, 79.32333984375], [99.5373046875001, 79.27656249999998], [99.38779296875006, 79.27475585937498], [99.16708984375006, 79.306298828125], [99.10439453125, 79.30537109374998], [99.04179687500002, 79.29301757812505], [99.31738281249997, 79.22719726562497], [99.5172851562501, 79.13017578125002], [99.75078125000007, 79.10766601562503], [99.8146484375001, 79.09584960937502], [99.8996093750001, 79.00639648437502], [99.92929687500012, 78.96142578125], [99.54082031250002, 78.85273437499998], [99.43955078125006, 78.83422851562503], [98.81953125000004, 78.81826171874997], [98.41113281249997, 78.78779296874998], [98.28251953125007, 78.79501953125003], [98.05419921875003, 78.82099609374998], [97.90517578125, 78.81020507812502], [97.68857421875012, 78.82734374999995], [97.55546875000002, 78.82656249999997], [97.24814453125012, 78.86801757812498], [96.93291015625002, 78.933935546875], [96.87119140625006, 78.96381835937495], [96.8078125000001, 78.9849609375], [96.42998046875002, 79.00302734375003], [96.3473632812501, 79.015869140625], [95.79648437500012, 79.00141601562498], [95.70283203125004, 79.01201171875002], [95.53105468750007, 79.09809570312495], [95.43691406250005, 79.09931640625004], [95.133203125, 79.04960937500002], [95.02041015625, 79.05268554687504], [94.79101562500003, 79.08662109375001], [94.65234374999997, 79.12749023437499], [94.63164062500002, 79.14086914062506], [94.61972656250012, 79.19238281249997], [94.48212890625004, 79.218603515625], [94.31376953125002, 79.30751953125], [94.21875, 79.40234375000003], [93.75859375000002, 79.451416015625], [93.4787109375001, 79.462744140625], [93.27226562500002, 79.4583984375], [93.07080078125003, 79.49531249999995], [93.4046875, 79.63159179687503], [93.84726562500012, 79.70166015625], [94.03818359375012, 79.75600585937497], [94.25712890625002, 79.82973632812497], [94.34726562500012, 79.94194335937502], [94.7194335937501, 80.01123046875], [94.81503906250012, 80.03481445312502], [94.94677734375003, 80.0892578125], [94.98730468750003, 80.09682617187502], [95.28134765625006, 80.03051757812503], [95.33798828125006, 80.042138671875], [95.39072265625006, 80.07280273437502], [95.49755859374997, 80.10561523437505], [95.8578125, 80.11000976562497], [96.1625, 80.09682617187502], [96.27734375000003, 80.11005859374998], [96.41660156250006, 80.10434570312506], [97.12050781250005, 80.15302734375001], [97.58681640625, 80.16826171875002], [97.6745117187501, 80.15825195312502]]], [[[50.05175781249997, 80.07431640624998], [49.97089843750004, 80.06074218749995], [49.58828125, 80.13613281250005], [49.556054687499994, 80.15893554687497], [49.88369140625005, 80.23022460937503], [50.25097656249997, 80.21948242187497], [50.309960937499994, 80.18564453125], [50.31914062500002, 80.17236328125006], [50.07226562499997, 80.10947265625003], [50.05175781249997, 80.07431640624998]]], [[[55.47968750000004, 80.27382812500002], [55.195117187500074, 80.22680664062506], [55.0484375, 80.228369140625], [54.97968750000004, 80.25644531250003], [55.09160156250002, 80.29555664062502], [55.240039062500074, 80.32539062499995], [55.3532226562501, 80.31767578124999], [55.43476562500004, 80.30224609375006], [55.47968750000004, 80.27382812500002]]], [[[57.078710937500006, 80.350927734375], [57.12265625, 80.31699218750003], [57.11894531250002, 80.1939453125], [57.07275390625003, 80.139404296875], [57.08017578125006, 80.09467773437504], [56.98691406250006, 80.07148437500001], [56.200585937499994, 80.07646484375005], [55.81162109375006, 80.08715820312503], [55.724023437499994, 80.10473632812506], [55.94228515625005, 80.16328124999998], [56.01220703124997, 80.20390624999999], [55.98984375000006, 80.32006835937503], [56.02441406249997, 80.34130859375], [56.65507812500002, 80.330322265625], [56.7072265625001, 80.36328125000006], [56.94453125000004, 80.36616210937501], [57.078710937500006, 80.350927734375]]], [[[53.52138671875005, 80.185205078125], [52.856347656249994, 80.17324218749997], [52.63593750000004, 80.17885742187505], [52.60703125, 80.19116210937497], [52.55048828125004, 80.20185546875001], [52.343554687500074, 80.21323242187503], [52.21337890625003, 80.26372070312502], [52.27021484375004, 80.27631835937501], [52.57666015625003, 80.29692382812502], [52.680566406249994, 80.318505859375], [52.7160156250001, 80.34755859375005], [52.85390625000005, 80.40239257812502], [53.185644531250006, 80.41264648437507], [53.32919921875006, 80.40239257812502], [53.3458984375001, 80.36630859375003], [53.486132812500074, 80.323388671875], [53.851660156250006, 80.26835937500007], [53.777929687500006, 80.22832031249999], [53.652929687500006, 80.22255859374997], [53.52138671875005, 80.185205078125]]], [[[57.95625, 80.12324218749998], [57.800097656250074, 80.10405273437499], [57.39228515625004, 80.13916015625003], [57.332324218750074, 80.15810546875], [57.2814453125001, 80.19389648437499], [57.21406250000004, 80.32827148437502], [57.21171875000002, 80.36845703125005], [57.18623046875004, 80.396240234375], [57.083398437499994, 80.44521484375005], [57.011132812499994, 80.46831054687505], [57.075, 80.49394531250002], [57.52197265624997, 80.47539062500007], [58.48046875000003, 80.46474609375002], [58.97167968750003, 80.415869140625], [59.1159179687501, 80.38842773437503], [59.25546875, 80.34321289062495], [58.39794921875003, 80.31875], [58.28388671875004, 80.29780273437504], [58.28574218750006, 80.24814453125003], [58.25546875, 80.20180664062502], [58.16318359375006, 80.196533203125], [57.95625, 80.12324218749998]]], [[[54.415332031250074, 80.47280273437497], [54.27587890625003, 80.42133789062498], [53.811914062499994, 80.47622070312497], [53.85, 80.50385742187501], [53.90019531250002, 80.51542968750005], [53.90156250000004, 80.54248046875006], [53.85888671874997, 80.56303710937507], [53.877246093750074, 80.60527343750005], [54.17675781249997, 80.57436523437497], [54.20537109375002, 80.56176757812497], [54.407128906249994, 80.54013671875], [54.43730468750002, 80.49868164062502], [54.415332031250074, 80.47280273437497]]], [[[47.44199218750006, 80.85366210937502], [47.899511718750006, 80.81269531250004], [48.24326171875006, 80.823486328125], [48.34521484374997, 80.818994140625], [48.44570312499999, 80.806005859375], [48.54736328125003, 80.77905273437503], [48.68652343750003, 80.71777343749997], [48.68359374999997, 80.63325195312498], [48.62548828125003, 80.62929687499997], [48.04433593750005, 80.66816406249998], [47.77734374999997, 80.75625], [47.70527343750004, 80.76518554687505], [47.60009765625003, 80.741943359375], [47.512304687500006, 80.68793945312501], [47.414160156250006, 80.67451171875004], [47.3039062500001, 80.60620117187497], [47.19824218749997, 80.61494140624998], [47.14492187500005, 80.60903320312502], [47.01103515625002, 80.56210937500006], [46.67753906250002, 80.56132812500007], [46.623925781249994, 80.54067382812505], [46.51367187500003, 80.47553710937501], [46.378125, 80.456787109375], [46.14140625000002, 80.44672851562498], [46.05986328125002, 80.4837890625], [46.02363281250004, 80.54086914062498], [45.96904296875002, 80.56948242187505], [45.64082031250004, 80.536962890625], [45.389257812500006, 80.56030273437503], [45.149218750000074, 80.59873046875006], [44.90498046875004, 80.61127929687504], [45.12451171874997, 80.65224609375002], [46.32744140625002, 80.73515625000005], [46.79912109375002, 80.75522460937506], [47.020605468750006, 80.81440429687504], [47.35234375000002, 80.85292968749997], [47.44199218750006, 80.85366210937502]]], [[[62.16777343750002, 80.83476562499999], [62.22773437500004, 80.79438476562504], [62.19179687499999, 80.73022460937503], [62.11455078125002, 80.68369140625003], [62.07578125, 80.61694335937503], [61.76914062500006, 80.60102539062498], [61.68125, 80.58632812500002], [61.59746093750002, 80.53496093750002], [61.28515624999997, 80.504736328125], [61.05126953125003, 80.41860351562505], [60.72226562500006, 80.43466796875003], [60.27832031250003, 80.49443359375005], [59.900195312500074, 80.44609375000005], [59.64980468750005, 80.43125], [59.34638671875004, 80.50502929687497], [59.30439453125004, 80.52153320312505], [59.288183593750006, 80.57265625], [59.30625, 80.61777343750003], [59.386523437500074, 80.71254882812497], [59.49511718749997, 80.76650390625005], [59.549414062500006, 80.78359374999997], [59.59228515624997, 80.81650390625], [59.71582031249997, 80.83637695312498], [60.094531250000074, 80.84858398437498], [60.23496093750006, 80.83774414062498], [60.27802734375004, 80.80146484374995], [60.481542968750006, 80.80424804687499], [60.820214843749994, 80.82656250000002], [61.3131835937501, 80.862646484375], [61.59746093750002, 80.89291992187503], [61.85058593749997, 80.88593750000004], [62.10292968750005, 80.8666015625], [62.16777343750002, 80.83476562499999]]], [[[50.278125, 80.92724609375], [50.431445312500074, 80.91088867187506], [50.801074218750074, 80.91416015625], [50.9176757812501, 80.89042968750007], [51.4547851562501, 80.74467773437505], [51.59101562500004, 80.74077148437505], [51.70361328124997, 80.68764648437505], [51.14619140625004, 80.60395507812495], [50.960839843749994, 80.54047851562501], [50.2796875, 80.52734375], [49.845996093750074, 80.49765624999998], [49.74980468750002, 80.4720703125], [49.7941406250001, 80.42534179687499], [49.58593750000003, 80.3765625], [48.89609375, 80.36918945312502], [48.81103515624997, 80.35371093749995], [48.677050781250074, 80.30004882812506], [48.68896484374997, 80.290283203125], [48.92197265625006, 80.27680664062501], [48.95957031250006, 80.26567382812505], [48.990820312500006, 80.24238281250001], [49.01074218750003, 80.207421875], [48.97753906249997, 80.16259765625003], [48.89189453125002, 80.15532226562505], [48.79736328124997, 80.1611328125], [48.5817382812501, 80.19536132812505], [48.554589843749994, 80.18330078124998], [48.53261718750005, 80.15825195312502], [48.46679687500003, 80.11010742187497], [48.38623046874997, 80.09580078125], [48.1671875000001, 80.13276367187498], [48.09589843750004, 80.12231445312497], [48.02578125, 80.09946289062503], [47.93994140624997, 80.08862304687506], [47.73730468750003, 80.08168945312497], [47.63242187500006, 80.111962890625], [47.72314453124997, 80.15136718750003], [47.97753906250003, 80.212548828125], [47.89296875, 80.2392578125], [47.64238281250002, 80.24531249999998], [47.44433593750003, 80.23012695312502], [47.343066406250074, 80.18852539062507], [47.248632812500006, 80.18022460937505], [46.99101562500002, 80.18276367187505], [46.84589843750004, 80.23720703125002], [46.73818359375005, 80.25766601562503], [46.64443359375005, 80.30034179687502], [47.402929687500006, 80.44477539062495], [47.656054687500074, 80.50053710937505], [47.895800781250074, 80.52905273437497], [48.20820312500004, 80.54389648437498], [48.30615234374997, 80.56157226562505], [48.40263671875002, 80.56879882812498], [48.46474609375005, 80.55805664062504], [48.62509765625006, 80.50830078125003], [49.087792968749994, 80.51577148437502], [49.18525390625004, 80.55864257812505], [49.19267578125002, 80.656005859375], [49.14746093749997, 80.71210937499998], [49.2443359375001, 80.82138671875003], [49.50781250000003, 80.86533203125], [50.12431640625002, 80.92387695312505], [50.278125, 80.92724609375]]], [[[80.02666015625002, 80.84814453124997], [79.09853515625005, 80.81206054687499], [79.00683593749997, 80.834814453125], [78.97763671875006, 80.8482421875], [79.10986328125003, 80.92358398437497], [79.21738281250006, 80.9603515625], [79.80664062499997, 80.97539062500005], [80.27958984375002, 80.94980468749998], [80.42792968750004, 80.92768554687501], [80.37333984375002, 80.88261718750007], [80.34482421875006, 80.867919921875], [80.02666015625002, 80.84814453124997]]], [[[61.14082031250004, 80.95034179687502], [60.826757812500006, 80.92968749999997], [60.32109375000002, 80.95551757812501], [60.058203125, 80.98461914062497], [60.07832031250004, 80.99916992187502], [60.147558593750006, 81.01665039062502], [60.58662109375004, 81.08769531250002], [61.45742187499999, 81.10395507812495], [61.56738281249997, 81.05029296875003], [61.47197265625002, 81.01103515625002], [61.14082031250004, 80.95034179687502]]], [[[54.71894531250004, 81.115966796875], [55.47070312499997, 81.01987304687506], [56.1701171875001, 81.02915039062498], [56.472265625, 80.99824218750001], [56.90966796875003, 80.91289062500002], [57.567773437499994, 80.81972656250005], [57.694140625000074, 80.79228515625005], [57.580371093750074, 80.75546875], [56.814746093750074, 80.66362304687505], [56.31552734375006, 80.63286132812499], [55.883398437500006, 80.62841796874997], [55.7125, 80.6373046875], [55.540625, 80.70332031249995], [55.11718749999997, 80.75190429687498], [54.6681640625001, 80.73867187499997], [54.62333984375002, 80.76523437500003], [54.5328125, 80.78300781250002], [54.376074218750006, 80.78696289062503], [54.0666015625001, 80.81362304687505], [54.04541015625003, 80.87197265625002], [54.240527343750074, 80.90185546875], [54.36728515625006, 80.90380859375003], [54.41679687500002, 80.98652343750001], [54.63398437500004, 81.11318359374997], [54.71894531250004, 81.115966796875]]], [[[58.622363281250074, 81.04165039062505], [58.76152343750002, 80.99096679687503], [58.81533203125005, 80.93359374999997], [58.90253906250004, 80.89765625000001], [58.930566406249994, 80.831689453125], [58.85996093750006, 80.77939453125], [58.641894531250074, 80.76796875], [58.28564453124997, 80.76489257812497], [57.93789062499999, 80.793359375], [57.74980468750002, 80.88906250000005], [57.405175781249994, 80.91513671875003], [57.21093750000003, 81.01708984375003], [57.41025390625006, 81.04677734375002], [57.65625, 81.03154296875005], [58.0495117187501, 81.11845703125007], [58.10234375000002, 81.1142578125], [58.18994140624997, 81.094580078125], [58.507617187500074, 81.06176757812497], [58.622363281250074, 81.04165039062505]]], [[[50.75371093750002, 81.04741210937507], [50.61601562500002, 81.04125976562497], [50.51816406250006, 81.04555664062505], [50.41191406250002, 81.084375], [50.37744140624997, 81.10273437499998], [50.36845703125002, 81.12250976562501], [50.46494140625006, 81.12622070312506], [50.50595703125006, 81.14423828124998], [50.52158203125006, 81.158203125], [50.59179687499997, 81.16943359374997], [50.715917968750006, 81.17065429687503], [50.87861328125004, 81.15087890625], [50.94619140625005, 81.108154296875], [50.78876953125004, 81.07182617187507], [50.75371093750002, 81.04741210937507]]], [[[63.373828125000074, 80.70009765625002], [63.187597656250006, 80.69760742187503], [63.0021484375001, 80.71284179687504], [62.76044921875004, 80.76269531249997], [62.520312500000074, 80.821875], [62.592578125000074, 80.85302734375], [62.81933593749997, 80.89379882812503], [63.11582031250006, 80.966796875], [63.61474609375003, 80.98090820312501], [63.85595703125003, 80.98115234374998], [64.09570312500003, 80.99833984375002], [64.16591796875005, 81.0357421875], [64.21044921874997, 81.10634765625], [64.25585937499997, 81.14443359375002], [64.31015625, 81.1751953125], [64.57539062500004, 81.19848632812503], [64.80205078125007, 81.19726562500006], [65.027734375, 81.16948242187507], [65.17197265625, 81.14404296875003], [65.3097656250001, 81.09643554687503], [65.3820312500001, 81.05673828125], [65.36005859375004, 81.008203125], [65.37207031250003, 80.96801757812497], [65.43740234375, 80.93071289062502], [64.9974609375, 80.81889648437505], [64.54833984374997, 80.75541992187499], [63.373828125000074, 80.70009765625002]]], [[[91.56718750000002, 81.1412109375], [91.22285156250004, 81.06381835937503], [89.9757812500001, 81.11313476562503], [89.91943359374997, 81.14873046875002], [89.90117187500007, 81.17070312500005], [90.06992187500006, 81.21372070312503], [91.10898437500012, 81.19912109374997], [91.47783203125002, 81.183935546875], [91.56718750000002, 81.1412109375]]], [[[96.5265625000001, 81.07558593750002], [96.56308593750006, 81.03007812499999], [96.69326171875005, 80.99418945312507], [96.75498046875006, 80.95786132812503], [97.41367187500006, 80.84184570312502], [97.70302734375005, 80.82670898437505], [97.83183593750002, 80.79829101562504], [97.86992187500002, 80.76328125], [97.85644531249997, 80.69809570312503], [97.74716796875006, 80.69868164062498], [97.66542968750005, 80.67807617187506], [97.22138671875004, 80.65244140624998], [97.11308593750002, 80.61406250000007], [97.02539062500003, 80.53554687499997], [97.07255859375002, 80.51987304687498], [97.11503906250007, 80.49658203125003], [97.2501953125001, 80.36298828124998], [97.2868164062501, 80.342529296875], [97.41699218749997, 80.32314453125005], [97.29843750000006, 80.27275390624999], [97.1751953125, 80.24101562500002], [95.85576171875002, 80.17695312500001], [94.961328125, 80.15039062500003], [94.66123046875012, 80.122802734375], [94.56503906250006, 80.12607421875003], [94.32841796875002, 80.07602539062506], [93.87236328125007, 80.01010742187503], [93.65468750000005, 80.00961914062503], [93.00234375000005, 80.10209960937505], [92.20156250000005, 80.17929687500003], [92.09218750000005, 80.22333984374995], [91.89160156249997, 80.249267578125], [91.63740234375004, 80.26992187500002], [91.523828125, 80.35854492187497], [91.68779296875002, 80.41850585937502], [91.8966796875001, 80.47753906250006], [92.24667968750006, 80.49912109375], [92.57792968750007, 80.53325195312505], [92.82675781250006, 80.6185546875], [92.98105468750012, 80.70297851562498], [93.2625, 80.79125976562503], [92.77294921875003, 80.76865234375003], [92.59257812500002, 80.78085937500003], [92.61015625000007, 80.81000976562501], [92.71035156250005, 80.87216796874998], [92.76464843750003, 80.89306640624997], [92.93867187500004, 80.92583007812499], [93.06513671875004, 80.98847656249995], [93.35869140625007, 81.03168945312498], [93.49736328125007, 81.039208984375], [93.63671875000003, 81.03813476562505], [93.88886718750004, 81.05839843749999], [94.14013671875003, 81.089453125], [94.37548828124997, 81.10737304687504], [94.61162109375007, 81.1146484375], [94.83789062499997, 81.13940429687497], [95.0609375, 81.18808593750003], [95.15957031250005, 81.27099609375006], [95.80068359375, 81.28046875000004], [95.90195312500012, 81.26059570312498], [95.98398437500006, 81.21142578125], [96.07519531249997, 81.19277343750002], [96.1869140625, 81.183935546875], [96.47109375, 81.09926757812497], [96.5265625000001, 81.07558593750002]]], [[[59.313085937500006, 81.30522460937502], [59.09697265625002, 81.29228515625005], [58.719042968750074, 81.31352539062502], [58.610156250000074, 81.33725585937506], [58.63447265625004, 81.36035156250006], [58.8805664062501, 81.39184570312497], [59.075, 81.39770507812503], [59.280859375, 81.36611328125], [59.374609375, 81.32504882812506], [59.313085937500006, 81.30522460937502]]], [[[57.8102539062501, 81.54604492187505], [57.86269531250005, 81.50644531250006], [58.01660156250003, 81.48378906249997], [58.43603515625003, 81.46416015625007], [58.56386718750005, 81.41840820312498], [58.371875, 81.38696289062506], [57.85869140625002, 81.36806640625002], [57.91191406250002, 81.30327148437505], [58.01533203125004, 81.25483398437495], [57.91289062500002, 81.197509765625], [57.7697265625001, 81.16972656250002], [57.450976562500074, 81.13554687499999], [57.15947265625002, 81.17846679687503], [56.821875, 81.237939453125], [56.669238281250074, 81.19829101562499], [56.5125, 81.17524414062501], [56.36396484375004, 81.17861328124997], [56.191992187500006, 81.22397460937498], [55.716699218749994, 81.18847656250003], [55.57265625000005, 81.22807617187502], [55.4660156250001, 81.311181640625], [55.78193359375004, 81.32944335937506], [56.15683593750006, 81.303076171875], [56.4046875, 81.38701171875007], [56.71875, 81.42338867187502], [56.97304687500005, 81.51054687500002], [57.09150390625004, 81.54121093750004], [57.365039062500074, 81.53525390624998], [57.45644531250005, 81.54287109375002], [57.71660156250002, 81.56464843750001], [57.8102539062501, 81.54604492187505]]], [[[63.650976562500006, 81.60932617187498], [63.52851562500004, 81.59658203125005], [62.8849609375001, 81.60888671874997], [62.573046875000074, 81.633056640625], [62.53125, 81.64702148437502], [62.515234375, 81.65913085937498], [62.10644531249997, 81.67934570312502], [62.283984375000074, 81.70654296874997], [62.79492187499997, 81.71894531250001], [63.70957031250006, 81.68730468750005], [63.76738281250002, 81.66416015625003], [63.78242187500004, 81.64980468750005], [63.650976562500006, 81.60932617187498]]], [[[58.29541015624997, 81.71518554687503], [57.96484374999997, 81.69565429687506], [57.9206054687501, 81.71049804687507], [57.909277343750006, 81.721923828125], [57.94511718750002, 81.74785156250005], [57.98496093750006, 81.79702148437502], [58.134570312500074, 81.827978515625], [59.26181640625006, 81.85419921875004], [59.40849609375002, 81.82543945312503], [59.35683593750005, 81.78095703125004], [59.35644531249997, 81.75898437499998], [58.29541015624997, 81.71518554687503]]]]}}, {"type": "Feature", "properties": {"scalerank": 3, "featurecla": "Admin-0 country", "LABELRANK": 6.0, "SOVEREIGNT": "San Marino", "SOV_A3": "SMR", "ADM0_DIF": 0.0, "LEVEL": 2.0, "TYPE": "Sovereign country", "ADMIN": "San Marino", "ADM0_A3": "SMR", "GEOU_DIF": 0.0, "GEOUNIT": "San Marino", "GU_A3": "SMR", "SU_DIF": 0.0, "SUBUNIT": "San Marino", "SU_A3": "SMR", "BRK_DIFF": 0.0, "NAME": "San Marino", "NAME_LONG": "San Marino", "BRK_A3": "SMR", "BRK_NAME": "San Marino", "BRK_GROUP": null, "ABBREV": "S.M.", "POSTAL": "RSM", "FORMAL_EN": "Republic of San Marino", "FORMAL_FR": null, "NAME_CIAWF": "San Marino", "NOTE_ADM0": null, "NOTE_BRK": null, "NAME_SORT": "San Marino", "NAME_ALT": null, "MAPCOLOR7": 2.0, "MAPCOLOR8": 3.0, "MAPCOLOR9": 1.0, "MAPCOLOR13": 6.0, "POP_EST": 33537.0, "POP_RANK": 7.0, "GDP_MD_EST": 2023.0, "POP_YEAR": 2017.0, "LASTCENSUS": 2010.0, "GDP_YEAR": 2016.0, "ECONOMY": "2. Developed region: nonG7", "INCOME_GRP": "2. High income: nonOECD", "WIKIPEDIA": -99.0, "FIPS_10_": "SM", "ISO_A2": "SM", "ISO_A3": "SMR", "ISO_A3_EH": "SMR", "ISO_N3": "674", "UN_A3": "674", "WB_A2": "SM", "WB_A3": "SMR", "WOE_ID": 23424947.0, "WOE_ID_EH": 23424947.0, "WOE_NOTE": "Exact WOE match as country", "ADM0_A3_IS": "SMR", "ADM0_A3_US": "SMR", "ADM0_A3_UN": -99.0, "ADM0_A3_WB": -99.0, "CONTINENT": "Europe", "REGION_UN": "Europe", "SUBREGION": "Southern Europe", "REGION_WB": "Europe & Central Asia", "NAME_LEN": 10.0, "LONG_LEN": 10.0, "ABBREV_LEN": 4.0, "TINY": 5.0, "HOMEPART": 1.0, "MIN_ZOOM": 0.0, "MIN_LABEL": 5.0, "MAX_LABEL": 10.0}, "geometry": {"type": "Polygon", "coordinates": [[[12.396875, 43.9345703125], [12.441113281250011, 43.98242187500006], [12.503710937500017, 43.98974609375], [12.5146484375, 43.952978515625], [12.485253906250023, 43.901416015624996], [12.426367187500006, 43.894091796874996], [12.396875, 43.9345703125]]]}}, {"type": "Feature", "properties": {"scalerank": 1, "featurecla": "Admin-0 country", "LABELRANK": 5.0, "SOVEREIGNT": "Serbia", "SOV_A3": "SRB", "ADM0_DIF": 0.0, "LEVEL": 2.0, "TYPE": "Sovereign country", "ADMIN": "Serbia", "ADM0_A3": "SRB", "GEOU_DIF": 0.0, "GEOUNIT": "Republic of Serbia", "GU_A3": "SRB", "SU_DIF": 0.0, "SUBUNIT": "Republic of Serbia", "SU_A3": "SRB", "BRK_DIFF": 0.0, "NAME": "Serbia", "NAME_LONG": "Serbia", "BRK_A3": "SRB", "BRK_NAME": "Serbia", "BRK_GROUP": null, "ABBREV": "Serb.", "POSTAL": "RS", "FORMAL_EN": "Republic of Serbia", "FORMAL_FR": null, "NAME_CIAWF": "Serbia", "NOTE_ADM0": null, "NOTE_BRK": null, "NAME_SORT": "Serbia", "NAME_ALT": null, "MAPCOLOR7": 3.0, "MAPCOLOR8": 3.0, "MAPCOLOR9": 2.0, "MAPCOLOR13": 10.0, "POP_EST": 7111024.0, "POP_RANK": 13.0, "GDP_MD_EST": 101800.0, "POP_YEAR": 2017.0, "LASTCENSUS": 2011.0, "GDP_YEAR": 2016.0, "ECONOMY": "6. Developing region", "INCOME_GRP": "3. Upper middle income", "WIKIPEDIA": -99.0, "FIPS_10_": "RI", "ISO_A2": "RS", "ISO_A3": "SRB", "ISO_A3_EH": "SRB", "ISO_N3": "688", "UN_A3": "688", "WB_A2": "YF", "WB_A3": "SRB", "WOE_ID": -90.0, "WOE_ID_EH": 20069818.0, "WOE_NOTE": "Expired WOE also contains Kosovo.", "ADM0_A3_IS": "SRB", "ADM0_A3_US": "SRB", "ADM0_A3_UN": -99.0, "ADM0_A3_WB": -99.0, "CONTINENT": "Europe", "REGION_UN": "Europe", "SUBREGION": "Southern Europe", "REGION_WB": "Europe & Central Asia", "NAME_LEN": 6.0, "LONG_LEN": 6.0, "ABBREV_LEN": 5.0, "TINY": -99.0, "HOMEPART": 1.0, "MIN_ZOOM": 0.0, "MIN_LABEL": 4.0, "MAX_LABEL": 7.0}, "geometry": {"type": "Polygon", "coordinates": [[[22.705078125, 44.23779296875003], [22.66748046875, 44.22021484375], [22.6265625, 44.194091796875], [22.603417968750023, 44.148583984374994], [22.597460937500017, 44.07529296875], [22.469042968750017, 44.018017578125], [22.420800781249994, 44.00742187499998], [22.399023437500006, 43.96953125], [22.36542968750001, 43.86210937499996], [22.36962890625, 43.781298828124996], [22.38691406250001, 43.740136718749994], [22.394824218750017, 43.706640625], [22.436328125000017, 43.665478515625], [22.47412109375, 43.60224609375], [22.499121093750006, 43.518847656249996], [22.554589843750023, 43.454492187499994], [22.69697265625001, 43.391064453125], [22.767578125, 43.354150390624994], [22.819726562499994, 43.30073242187498], [22.85957031250001, 43.25234375], [22.976855468750017, 43.18798828125], [22.96796875000001, 43.14204101562498], [22.942285156250023, 43.097070312499966], [22.91523437500001, 43.075976562499996], [22.856835937500023, 43.01826171875], [22.799902343750006, 42.985742187499994], [22.706152343750006, 42.883935546874994], [22.55810546875, 42.878466796874996], [22.522753906250017, 42.8703125], [22.466796875, 42.84248046875], [22.439257812500017, 42.791650390624994], [22.465625, 42.75078125], [22.463281250000023, 42.70947265625], [22.43623046875001, 42.6291015625], [22.472070312500023, 42.543310546875], [22.524218750000017, 42.50390625], [22.53242187500001, 42.481201171875], [22.523535156250006, 42.440966796874996], [22.445703125000023, 42.359130859375], [22.422070312499983, 42.32885742187497], [22.34404296874999, 42.31396484375003], [22.31738281249997, 42.32172851562501], [22.27705078125001, 42.349853515625], [22.23974609375, 42.358154296875], [22.14667968750001, 42.325], [22.052050781250017, 42.30463867187501], [21.9775390625, 42.320068359375], [21.904101562500017, 42.322070312499996], [21.85302734375, 42.308398437499996], [21.81464843750001, 42.303125], [21.7392578125, 42.267724609374994], [21.618261718750006, 42.24213867187498], [21.5625, 42.247509765625], [21.541601562500006, 42.280810546874996], [21.518945312500023, 42.32841796874996], [21.52998046875001, 42.35], [21.60986328125, 42.387451171875], [21.619042968750023, 42.423242187499994], [21.73066406250001, 42.595458984375], [21.75214843750001, 42.651513671874994], [21.7529296875, 42.669824218749994], [21.72382812500001, 42.681982421875], [21.6625, 42.681494140625], [21.390625, 42.75141601562498], [21.40302734375001, 42.83154296875], [21.323144531250023, 42.87470703125], [21.237109375000017, 42.913232421874994], [21.22265624999997, 42.956201171874966], [21.127050781250006, 43.043017578124996], [21.057031250000023, 43.091699218749994], [20.967675781250023, 43.116015625], [20.890722656250006, 43.151660156249996], [20.84443359375001, 43.1734375], [20.823828125, 43.21396484375], [20.823828125, 43.237939453124994], [20.800585937500017, 43.261083984375], [20.76337890625001, 43.25859375], [20.700585937500023, 43.226367187499996], [20.623144531250006, 43.198632812499994], [20.609667968750017, 43.17841796875], [20.637597656250023, 43.13037109375], [20.657617187500023, 43.099853515625], [20.648535156249977, 43.070947265624994], [20.6240234375, 43.0341796875], [20.47509765625, 42.95302734375002], [20.458398437500023, 42.924560546875], [20.48681640625, 42.879052734374994], [20.468847656250006, 42.85791015625], [20.344335937500006, 42.827929687499996], [20.34765625, 42.852783203125], [20.339941406250006, 42.892871093749996], [20.268457031249994, 42.935449218749994], [20.167871093750023, 42.96850585937497], [19.944042968749983, 43.081640625000034], [19.858007812500006, 43.096533203125], [19.781152343750023, 43.10976562499999], [19.670996093750006, 43.163964843749994], [19.614453124999983, 43.17343749999998], [19.551562500000017, 43.212255859375], [19.414648437500006, 43.342822265624996], [19.298242187500023, 43.413964843749994], [19.21875, 43.449951171875], [19.19648437500001, 43.485009765624994], [19.19160156250001, 43.52104492187502], [19.1943359375, 43.53330078125], [19.254492187500034, 43.584375], [19.30078125000003, 43.59179687500006], [19.3603515625, 43.59345703125004], [19.39960937500001, 43.56757812499998], [19.451269531250063, 43.56206054687502], [19.479980468750057, 43.59516601562501], [19.49511718750003, 43.64287109374996], [19.488183593750023, 43.70356445312498], [19.364062500000045, 43.84477539062499], [19.25722656250005, 43.94331054687498], [19.24501953125005, 43.965039062499955], [19.26806640625003, 43.98344726562499], [19.305273437500063, 43.993359374999955], [19.34521484375003, 43.98510742187497], [19.44941406250004, 43.97802734375003], [19.54951171875001, 43.98710937500002], [19.58369140625004, 44.011083984375034], [19.583789062500045, 44.04345703125006], [19.547167968750045, 44.07348632812503], [19.43017578125003, 44.15449218750001], [19.33886718749997, 44.22583007812497], [19.231542968750063, 44.280566406250045], [19.15185546875, 44.30253906249999], [19.12832031250008, 44.33027343750004], [19.118457031250017, 44.359960937500034], [19.12734375000005, 44.41455078124997], [19.132421875000034, 44.48378906250005], [19.151367187500057, 44.52734375000003], [19.22314453125003, 44.60957031250001], [19.291894531249994, 44.69677734375], [19.334472656250057, 44.78066406250005], [19.356835937499994, 44.85854492187502], [19.34863281250003, 44.880908203125045], [19.312695312500068, 44.89746093750003], [19.236816406250057, 44.91425781249998], [19.13154296875001, 44.89960937500004], [19.042089843750006, 44.87133789062503], [19.007128906250074, 44.86918945312496], [18.995507812500023, 44.90400390625004], [19.009570312500045, 44.91938476562498], [19.03759765624997, 44.917529296875045], [19.06054687500003, 44.910986328125034], [19.085253906250017, 44.92675781250006], [19.1, 44.97377929687505], [19.06289062500008, 45.13720703125003], [19.12968749999999, 45.15170898437506], [19.13076171875005, 45.17548828125001], [19.13691406250004, 45.19624023437498], [19.20595703125008, 45.167773437500045], [19.303027343750045, 45.16728515625002], [19.38808593750005, 45.17299804687502], [19.400976562500034, 45.189062500000034], [19.4, 45.2125], [19.382324218750057, 45.230615234374966], [19.35224609375004, 45.24541015624996], [19.33027343750001, 45.26806640625003], [19.272851562500023, 45.27797851562502], [19.09306640624999, 45.33691406250003], [19.004687500000017, 45.399511718750006], [19.00761718749999, 45.4658203125], [19.033300781250006, 45.50219726562506], [19.064257812500074, 45.51499023437498], [19.05507812500008, 45.527246093749994], [18.953710937500034, 45.55800781250005], [18.917871093750023, 45.60083007812497], [18.947265625000057, 45.65581054687499], [18.894531250000057, 45.76708984375], [18.83906250000004, 45.83574218749996], [18.89355468750003, 45.86552734374999], [18.901074218750068, 45.90761718750005], [18.905371093750006, 45.93173828125], [18.927832031250006, 45.931396484375], [19.015722656250006, 45.959716796875], [19.047656250000017, 45.982666015625], [19.066210937500017, 46.009521484375], [19.087304687500023, 46.016162109374996], [19.146289062500017, 45.98701171875], [19.208398437500023, 45.984423828124996], [19.278125, 46.002880859375], [19.33027343750001, 46.028515625], [19.392871093750017, 46.0498046875], [19.421289062500023, 46.064453125], [19.45751953125, 46.087353515625], [19.53076171875, 46.15517578125002], [19.61347656250001, 46.169189453125], [19.724511718750023, 46.151904296874996], [19.84443359375001, 46.145898437499994], [19.93408203125, 46.16147460937498], [20.161425781250017, 46.141894531249996], [20.21015625000001, 46.126025390624996], [20.241796875, 46.10859375], [20.301367187500006, 46.050683593749994], [20.35859375000001, 45.975488281249994], [20.43798828125, 45.940771484375], [20.532617187500023, 45.89951171875], [20.581152343750006, 45.869482421875], [20.652734375000023, 45.77939453125], [20.709277343750017, 45.735253906249994], [20.727832031250017, 45.73740234375], [20.746875, 45.748974609375], [20.760156250000023, 45.758105468749996], [20.775, 45.749804687499996], [20.775781250000023, 45.722509765625], [20.77929687499997, 45.662011718749994], [20.765820312499983, 45.59746093749999], [20.786035156250023, 45.536474609375], [20.786523437500023, 45.517480468749966], [20.7724609375, 45.50009765625], [20.774218750000017, 45.484423828124996], [20.794042968750006, 45.46787109375], [20.87080078125001, 45.427539062499996], [20.941796875000023, 45.36533203125], [21.023828125000023, 45.321533203125], [21.099902343750017, 45.2935546875], [21.147851562500023, 45.291748046875], [21.226464843750023, 45.24130859375], [21.381738281250023, 45.205078125], [21.431445312500017, 45.192529296874994], [21.465429687500006, 45.171875], [21.490234375, 45.147900390625], [21.491796875, 45.12226562500001], [21.467871093750006, 45.10986328125], [21.434472656250023, 45.075146484375], [21.420703125000017, 45.03295898437503], [21.395898437500023, 45.02221679687506], [21.37109375, 45.021386718749994], [21.352929687500023, 45.008984375], [21.35703125, 44.990771484374996], [21.377734375000017, 44.9734375], [21.409960937500017, 44.95771484375], [21.471972656250017, 44.9419921875], [21.533203125, 44.91884765625005], [21.532324218750006, 44.90068359374999], [21.519921875000023, 44.880810546875], [21.442187500000017, 44.873388671875], [21.384375, 44.870068359375], [21.35791015625, 44.86181640624997], [21.360058593749983, 44.82666015625], [21.52314453125001, 44.790087890624996], [21.597070312500023, 44.755419921874996], [21.636132812500023, 44.71044921875], [21.740234375, 44.6806640625], [21.909277343750006, 44.66611328125], [22.026953125, 44.619873046875], [22.093066406250017, 44.54194335937498], [22.200976562500017, 44.560693359374994], [22.350683593750006, 44.676123046875], [22.49765625, 44.70625], [22.64208984375, 44.6509765625], [22.72089843750001, 44.605517578124996], [22.734375, 44.569921875], [22.70078125, 44.555517578125], [22.6201171875, 44.562353515625], [22.554003906250017, 44.540332031249996], [22.50234375, 44.48959960937498], [22.494531250000023, 44.435449218749994], [22.530664062499994, 44.37797851562499], [22.581835937500017, 44.338330078125], [22.64794921875, 44.31645507812496], [22.68330078125001, 44.286474609375], [22.687890625000023, 44.248291015625], [22.705078125, 44.23779296875003]]]}}, {"type": "Feature", "properties": {"scalerank": 1, "featurecla": "Admin-0 country", "LABELRANK": 6.0, "SOVEREIGNT": "Slovakia", "SOV_A3": "SVK", "ADM0_DIF": 0.0, "LEVEL": 2.0, "TYPE": "Sovereign country", "ADMIN": "Slovakia", "ADM0_A3": "SVK", "GEOU_DIF": 0.0, "GEOUNIT": "Slovakia", "GU_A3": "SVK", "SU_DIF": 0.0, "SUBUNIT": "Slovakia", "SU_A3": "SVK", "BRK_DIFF": 0.0, "NAME": "Slovakia", "NAME_LONG": "Slovakia", "BRK_A3": "SVK", "BRK_NAME": "Slovakia", "BRK_GROUP": null, "ABBREV": "Svk.", "POSTAL": "SK", "FORMAL_EN": "Slovak Republic", "FORMAL_FR": null, "NAME_CIAWF": "Slovakia", "NOTE_ADM0": null, "NOTE_BRK": null, "NAME_SORT": "Slovak Republic", "NAME_ALT": null, "MAPCOLOR7": 2.0, "MAPCOLOR8": 4.0, "MAPCOLOR9": 4.0, "MAPCOLOR13": 9.0, "POP_EST": 5445829.0, "POP_RANK": 13.0, "GDP_MD_EST": 168800.0, "POP_YEAR": 2017.0, "LASTCENSUS": 2011.0, "GDP_YEAR": 2016.0, "ECONOMY": "2. Developed region: nonG7", "INCOME_GRP": "1. High income: OECD", "WIKIPEDIA": -99.0, "FIPS_10_": "LO", "ISO_A2": "SK", "ISO_A3": "SVK", "ISO_A3_EH": "SVK", "ISO_N3": "703", "UN_A3": "703", "WB_A2": "SK", "WB_A3": "SVK", "WOE_ID": 23424877.0, "WOE_ID_EH": 23424877.0, "WOE_NOTE": "Exact WOE match as country", "ADM0_A3_IS": "SVK", "ADM0_A3_US": "SVK", "ADM0_A3_UN": -99.0, "ADM0_A3_WB": -99.0, "CONTINENT": "Europe", "REGION_UN": "Europe", "SUBREGION": "Eastern Europe", "REGION_WB": "Europe & Central Asia", "NAME_LEN": 8.0, "LONG_LEN": 8.0, "ABBREV_LEN": 4.0, "TINY": -99.0, "HOMEPART": 1.0, "MIN_ZOOM": 0.0, "MIN_LABEL": 4.0, "MAX_LABEL": 9.0}, "geometry": {"type": "Polygon", "coordinates": [[[17.147363281250023, 48.00595703125], [17.0859375, 48.03955078125], [17.06787109375, 48.083251953125], [16.97265625, 48.198095703125], [16.86542968750001, 48.3869140625], [16.862695312500023, 48.44140625], [16.90449218750001, 48.503515625], [16.943359375, 48.550927734374994], [16.948828125, 48.58857421875], [16.953125, 48.598828125], [16.985253906250023, 48.676904296874994], [17.063281250000017, 48.78076171875], [17.135644531250023, 48.841064453125], [17.1884765625, 48.8609375], [17.296875, 48.842822265624996], [17.48261718750001, 48.827783203124994], [17.625390625000023, 48.841845703124996], [17.75849609375001, 48.888134765625], [17.830859375000017, 48.928613281249994], [17.892675781250006, 48.971142578125], [17.91328125000001, 48.99873046875], [17.940722656250017, 49.011962890625], [18.050878906250006, 49.036523437499994], [18.0859375, 49.06513671875], [18.100390625000017, 49.1193359375], [18.109960937500006, 49.17978515625], [18.132617187500017, 49.224560546875], [18.160937500000017, 49.257373046874996], [18.36484375, 49.336230468749996], [18.383105468750017, 49.363916015624994], [18.415820312500017, 49.390917968749996], [18.47607421875, 49.42109375], [18.534570312500023, 49.464697265625], [18.596484375000017, 49.491455078125], [18.676171875000023, 49.4884765625], [18.74970703125001, 49.493994140625], [18.807031250000023, 49.509228515625], [18.83222656250001, 49.510791015624996], [18.93818359375001, 49.498291015625], [18.95722656250001, 49.448291015624996], [18.968359375, 49.396240234375], [19.1494140625, 49.4], [19.25019531250001, 49.51142578125], [19.30234375, 49.524853515625], [19.38623046875, 49.563623046874994], [19.44160156250001, 49.597705078124996], [19.47968750000001, 49.5763671875], [19.534765625, 49.504785156249994], [19.593066406250017, 49.447119140625], [19.62666015625001, 49.424365234374996], [19.630273437500023, 49.40664062499999], [19.664160156250006, 49.396044921874996], [19.730078125, 49.389599609375], [19.77392578125, 49.37216796875], [19.787011718750023, 49.3185546875], [19.787988281250023, 49.269970703125], [19.767382812500017, 49.235205078125], [19.756640625000017, 49.204394531249996], [19.80224609375, 49.192333984375], [19.868945312500017, 49.204003906249994], [19.916113281250006, 49.22138671875], [20.0576171875, 49.181298828124994], [20.10761718750001, 49.270751953125], [20.163671875, 49.31640625], [20.23652343750001, 49.337646484375], [20.302539062500017, 49.365527343749996], [20.36298828125001, 49.38525390625], [20.404687500000023, 49.384082031249996], [20.422656250000017, 49.392333984375], [20.474511718750023, 49.390185546874996], [20.534570312500023, 49.381201171875], [20.616113281250023, 49.39169921875], [20.72900390625, 49.369921875], [20.79951171875001, 49.328662109374996], [20.868457031250017, 49.314697265625], [20.947265625, 49.31708984375], [21.00117187500001, 49.33984375], [21.079394531250017, 49.418261718749996], [21.136132812500023, 49.417041015624996], [21.225, 49.429443359375], [21.350488281250023, 49.428759765624996], [21.6396484375, 49.411962890625], [21.71210937500001, 49.38193359375], [21.89013671875, 49.34345703125], [21.967675781250023, 49.299072265625], [22.00214843750001, 49.24609375], [22.020117187500006, 49.209521484374996], [22.202539062500023, 49.153222656249994], [22.473046875000023, 49.081298828125], [22.538671875, 49.072705078125], [22.52412109375001, 49.031396484374994], [22.483203125000017, 48.983251953125], [22.432031250000023, 48.933544921875], [22.389453125000017, 48.873486328125], [22.332617187500006, 48.745068359375], [22.295214843750017, 48.685839843749996], [22.142871093750017, 48.568505859374994], [22.1318359375, 48.405322265624996], [22.111328125, 48.393359375], [21.766992187500023, 48.3380859375], [21.721484375000017, 48.346582031249994], [21.674609375000017, 48.378369140625], [21.64863281250001, 48.40146484375], [21.63251953125001, 48.418505859374996], [21.602636718750006, 48.463671875], [21.56318359375001, 48.495703125], [21.504687500000017, 48.521875], [21.45136718750001, 48.55224609375], [21.382421875, 48.553466796875], [21.196386718750006, 48.510595703125], [21.067285156250023, 48.505908203124996], [20.98115234375001, 48.519677734374994], [20.866601562500023, 48.545654296875], [20.643164062500006, 48.549707031249994], [20.490039062500017, 48.526904296874996], [20.475, 48.4951171875], [20.333789062500017, 48.295556640624994], [20.12861328125001, 48.222021484375], [19.95039062500001, 48.146630859374994], [19.89863281250001, 48.13134765625], [19.81005859375, 48.155029296875], [19.70917968750001, 48.1998046875], [19.625390625000023, 48.223095703125], [19.564257812500017, 48.212841796875], [19.497460937500023, 48.162109375], [19.46699218750001, 48.110693359375], [19.26513671875, 48.073046875], [18.914160156250006, 48.050830078124996], [18.791894531250023, 48.000292968749996], [18.750097656250006, 47.939453125], [18.748339843750017, 47.89267578125], [18.77802734375001, 47.852880859375], [18.740625, 47.806494140625], [18.72421875, 47.787158203124996], [18.47626953125001, 47.777001953124994], [18.145605468750006, 47.763427734375], [17.94794921875001, 47.766894531249996], [17.76191406250001, 47.770166015624994], [17.63525390625, 47.809912109375], [17.48066406250001, 47.887597656249994], [17.317285156250023, 47.99091796875], [17.301562500000017, 47.993359375], [17.277246093750023, 48.004345703125], [17.174609375000017, 48.012060546875], [17.147363281250023, 48.00595703125]]]}}, {"type": "Feature", "properties": {"scalerank": 1, "featurecla": "Admin-0 country", "LABELRANK": 6.0, "SOVEREIGNT": "Slovenia", "SOV_A3": "SVN", "ADM0_DIF": 0.0, "LEVEL": 2.0, "TYPE": "Sovereign country", "ADMIN": "Slovenia", "ADM0_A3": "SVN", "GEOU_DIF": 0.0, "GEOUNIT": "Slovenia", "GU_A3": "SVN", "SU_DIF": 0.0, "SUBUNIT": "Slovenia", "SU_A3": "SVN", "BRK_DIFF": 0.0, "NAME": "Slovenia", "NAME_LONG": "Slovenia", "BRK_A3": "SVN", "BRK_NAME": "Slovenia", "BRK_GROUP": null, "ABBREV": "Slo.", "POSTAL": "SLO", "FORMAL_EN": "Republic of Slovenia", "FORMAL_FR": null, "NAME_CIAWF": "Slovenia", "NOTE_ADM0": null, "NOTE_BRK": null, "NAME_SORT": "Slovenia", "NAME_ALT": null, "MAPCOLOR7": 2.0, "MAPCOLOR8": 3.0, "MAPCOLOR9": 2.0, "MAPCOLOR13": 12.0, "POP_EST": 1972126.0, "POP_RANK": 12.0, "GDP_MD_EST": 68350.0, "POP_YEAR": 2017.0, "LASTCENSUS": 2011.0, "GDP_YEAR": 2016.0, "ECONOMY": "2. Developed region: nonG7", "INCOME_GRP": "1. High income: OECD", "WIKIPEDIA": -99.0, "FIPS_10_": "SI", "ISO_A2": "SI", "ISO_A3": "SVN", "ISO_A3_EH": "SVN", "ISO_N3": "705", "UN_A3": "705", "WB_A2": "SI", "WB_A3": "SVN", "WOE_ID": 23424945.0, "WOE_ID_EH": 23424945.0, "WOE_NOTE": "Exact WOE match as country", "ADM0_A3_IS": "SVN", "ADM0_A3_US": "SVN", "ADM0_A3_UN": -99.0, "ADM0_A3_WB": -99.0, "CONTINENT": "Europe", "REGION_UN": "Europe", "SUBREGION": "Southern Europe", "REGION_WB": "Europe & Central Asia", "NAME_LEN": 8.0, "LONG_LEN": 8.0, "ABBREV_LEN": 4.0, "TINY": -99.0, "HOMEPART": 1.0, "MIN_ZOOM": 0.0, "MIN_LABEL": 5.0, "MAX_LABEL": 10.0}, "geometry": {"type": "Polygon", "coordinates": [[[13.7, 46.520263671875], [13.743945312500017, 46.514306640624994], [13.831347656250017, 46.51123046875], [13.928808593750006, 46.498193359374994], [14.019628906250006, 46.482177734375], [14.099511718750023, 46.4619140625], [14.267285156250011, 46.440722656249996], [14.419921875, 46.4279296875], [14.465917968750006, 46.41611328125], [14.503515625, 46.417041015624996], [14.5498046875, 46.399707031249996], [14.5771484375, 46.412939453125], [14.596972656250017, 46.436083984374996], [14.68017578125, 46.463427734374996], [14.756738281250023, 46.49912109375], [14.810546875, 46.544580078124994], [14.840625, 46.58046875], [14.893261718750011, 46.605908203125], [14.949414062500011, 46.613232421875], [15.000683593750011, 46.6259765625], [15.216992187500011, 46.64296875], [15.439257812500017, 46.629638671875], [15.545312500000023, 46.654638671875], [15.632617187500017, 46.6984375], [15.76025390625, 46.710742187499996], [15.766894531250017, 46.711279296875], [15.957617187500006, 46.677636718749994], [15.972265625, 46.697216796875], [15.98046875, 46.705859375], [15.976855468750017, 46.8013671875], [16.037207031250006, 46.84482421875], [16.093066406250017, 46.86328125], [16.283593750000023, 46.857275390625], [16.308496093750023, 46.827978515625], [16.318457031250006, 46.782519531249996], [16.33544921875, 46.721630859375], [16.3671875, 46.70478515625], [16.384570312500017, 46.680810546874994], [16.38125, 46.638671875], [16.41845703125, 46.607226562499996], [16.505664062500017, 46.5220703125], [16.516210937500006, 46.499902343749994], [16.427636718750023, 46.52441406250003], [16.321191406250023, 46.534619140625], [16.30117187499999, 46.52138671875002], [16.258398437500006, 46.507910156250034], [16.236718750000023, 46.483837890625], [16.253320312500023, 46.38911132812498], [16.227441406250023, 46.372851562499996], [16.1064453125, 46.382226562499994], [16.066503906250006, 46.371337890625], [16.00068359375001, 46.30537109375], [15.933300781250011, 46.277636718749996], [15.847558593750023, 46.257861328124996], [15.784277343750006, 46.233984375], [15.704199218750006, 46.213232421875], [15.635937500000011, 46.200732421874996], [15.608984375, 46.171923828124996], [15.592578125000017, 46.139990234375], [15.596875, 46.109228515625], [15.666210937500011, 46.048486328124994], [15.675585937500017, 45.983691406249996], [15.668066406249977, 45.90444335937502], [15.652148437500017, 45.862158203125], [15.624804687500017, 45.834033203124996], [15.4541015625, 45.797607421875], [15.277050781250011, 45.73261718750001], [15.27294921875, 45.717724609375], [15.353710937500011, 45.659912109375], [15.35693359375, 45.6455078125], [15.290136718750006, 45.61264648437498], [15.283593750000023, 45.5796875], [15.291210937500011, 45.541552734374996], [15.326660156249972, 45.50229492187498], [15.339453125, 45.467041015625], [15.242089843750023, 45.44140625], [15.110449218749977, 45.45078125000006], [14.95458984375, 45.499902343749994], [14.9, 45.49267578125], [14.847070312500023, 45.467333984374996], [14.793066406249977, 45.478222656249955], [14.733593750000011, 45.50849609375], [14.649511718750006, 45.571484375], [14.608593750000011, 45.610107421875], [14.591796875, 45.651269531249994], [14.56884765625, 45.6572265625], [14.533984375000017, 45.645263671875], [14.505175781250017, 45.59521484375], [14.42734375, 45.505761718749966], [14.369921875000017, 45.4814453125], [14.283007812500017, 45.486621093749996], [14.161230468750006, 45.48515625], [14.085546875, 45.47783203124996], [13.992773437500006, 45.509423828124994], [13.9703125, 45.503369140625], [13.970117187500023, 45.482617187499955], [13.935644531250006, 45.449804687500034], [13.878710937500017, 45.428369140624994], [13.615234375, 45.4767578125], [13.577929687500017, 45.516894531249996], [13.637304687500006, 45.5359375], [13.719824218750006, 45.58759765625004], [13.775976562499977, 45.581982421874955], [13.8447265625, 45.59287109375], [13.874707031250011, 45.61484375], [13.831152343750006, 45.680419921875], [13.7216796875, 45.761279296874996], [13.663476562500023, 45.7919921875], [13.583398437500023, 45.812353515625], [13.569628906250017, 45.834130859374994], [13.613964843750011, 45.961669921875], [13.6005859375, 45.979785156249996], [13.509179687500023, 45.973779296874994], [13.487695312500023, 45.987109375], [13.480273437500017, 46.009228515625], [13.486425781250006, 46.03955078125], [13.548046875000011, 46.08911132812497], [13.616601562500023, 46.133105468749996], [13.634960937500011, 46.157763671874996], [13.632519531250011, 46.177050781249996], [13.544726562500017, 46.196582031249996], [13.491796875, 46.21660156250002], [13.449804687500006, 46.223535156249994], [13.420996093750006, 46.212304687499994], [13.399609375000011, 46.224951171875], [13.378222656250017, 46.261621093749994], [13.399511718750006, 46.317529296874994], [13.478515625, 46.369189453124996], [13.563281249999989, 46.415087890625045], [13.637109375000023, 46.44853515625002], [13.6796875, 46.462890625], [13.7, 46.520263671875]]]}}, {"type": "Feature", "properties": {"scalerank": 1, "featurecla": "Admin-0 country", "LABELRANK": 3.0, "SOVEREIGNT": "Sweden", "SOV_A3": "SWE", "ADM0_DIF": 0.0, "LEVEL": 2.0, "TYPE": "Sovereign country", "ADMIN": "Sweden", "ADM0_A3": "SWE", "GEOU_DIF": 0.0, "GEOUNIT": "Sweden", "GU_A3": "SWE", "SU_DIF": 0.0, "SUBUNIT": "Sweden", "SU_A3": "SWE", "BRK_DIFF": 0.0, "NAME": "Sweden", "NAME_LONG": "Sweden", "BRK_A3": "SWE", "BRK_NAME": "Sweden", "BRK_GROUP": null, "ABBREV": "Swe.", "POSTAL": "S", "FORMAL_EN": "Kingdom of Sweden", "FORMAL_FR": null, "NAME_CIAWF": "Sweden", "NOTE_ADM0": null, "NOTE_BRK": null, "NAME_SORT": "Sweden", "NAME_ALT": null, "MAPCOLOR7": 1.0, "MAPCOLOR8": 4.0, "MAPCOLOR9": 2.0, "MAPCOLOR13": 4.0, "POP_EST": 9960487.0, "POP_RANK": 13.0, "GDP_MD_EST": 498100.0, "POP_YEAR": 2017.0, "LASTCENSUS": -99.0, "GDP_YEAR": 2016.0, "ECONOMY": "2. Developed region: nonG7", "INCOME_GRP": "1. High income: OECD", "WIKIPEDIA": -99.0, "FIPS_10_": "SW", "ISO_A2": "SE", "ISO_A3": "SWE", "ISO_A3_EH": "SWE", "ISO_N3": "752", "UN_A3": "752", "WB_A2": "SE", "WB_A3": "SWE", "WOE_ID": 23424954.0, "WOE_ID_EH": 23424954.0, "WOE_NOTE": "Exact WOE match as country", "ADM0_A3_IS": "SWE", "ADM0_A3_US": "SWE", "ADM0_A3_UN": -99.0, "ADM0_A3_WB": -99.0, "CONTINENT": "Europe", "REGION_UN": "Europe", "SUBREGION": "Northern Europe", "REGION_WB": "Europe & Central Asia", "NAME_LEN": 6.0, "LONG_LEN": 6.0, "ABBREV_LEN": 4.0, "TINY": -99.0, "HOMEPART": 1.0, "MIN_ZOOM": 0.0, "MIN_LABEL": 3.0, "MAX_LABEL": 7.0}, "geometry": {"type": "MultiPolygon", "coordinates": [[[[20.622167968750034, 69.03686523437503], [20.895117187500034, 68.97983398437506], [20.907031250000074, 68.96748046875001], [20.908984375000017, 68.937744140625], [20.918554687500034, 68.90693359375004], [21.183398437500074, 68.82880859375001], [21.259765625, 68.78745117187503], [21.42236328125, 68.72460937500003], [21.465429687500063, 68.69067382812503], [21.616015625000017, 68.65097656250003], [21.72402343750008, 68.608544921875], [21.850195312500006, 68.57412109375], [21.99746093750008, 68.52060546875003], [22.195117187500045, 68.47797851562495], [22.362109375000045, 68.46406249999995], [22.78242187500004, 68.391015625], [22.854101562500006, 68.36733398437497], [22.975390625000017, 68.31645507812499], [23.09785156250001, 68.257568359375], [23.182519531250023, 68.13662109375005], [23.31855468750001, 68.13032226562501], [23.35546875, 68.08867187500005], [23.474218750000034, 68.017333984375], [23.63886718750001, 67.95439453125005], [23.632910156250034, 67.93320312499998], [23.50185546875005, 67.87519531249998], [23.48779296875003, 67.79658203124995], [23.500195312499983, 67.69619140625002], [23.541308593750017, 67.61430664062505], [23.537011718750023, 67.59038085937505], [23.504492187500063, 67.562158203125], [23.465429687500006, 67.51787109375002], [23.451464843750017, 67.47919921874995], [23.45488281249999, 67.46025390625002], [23.468066406250017, 67.44995117187503], [23.537109375000057, 67.44916992187495], [23.66083984375004, 67.44003906249998], [23.73359375000001, 67.42290039062505], [23.77490234375, 67.32861328125], [23.76093750000001, 67.31049804687495], [23.65664062500008, 67.26782226562497], [23.626074218750063, 67.23393554687499], [23.623046875000057, 67.18413085937507], [23.641503906249994, 67.12939453125], [23.677343750000034, 67.06811523437506], [23.75898437500004, 67.00258789062502], [23.869335937500068, 66.93403320312501], [23.94179687500008, 66.87783203125002], [23.97607421875003, 66.83823242187503], [23.988574218750017, 66.81054687499997], [23.938867187500023, 66.775732421875], [23.894140625000034, 66.706884765625], [23.885839843750034, 66.62802734375], [23.865527343750074, 66.57661132812501], [23.76835937499999, 66.505859375], [23.701171875, 66.48076171875002], [23.68203125, 66.44340820312505], [23.67382812500003, 66.38071289062498], [23.69355468750004, 66.30429687500006], [23.700292968749977, 66.25263671875001], [23.720996093750045, 66.21542968749998], [23.75146484375003, 66.191162109375], [23.907324218750063, 66.14824218750005], [23.99462890625, 66.06035156249999], [24.049023437500068, 65.98984375000003], [24.155468749999983, 65.8052734375], [23.890527343750023, 65.7822265625], [23.691406250000057, 65.82851562500002], [23.592089843750074, 65.805322265625], [23.418359375000023, 65.804345703125], [23.22109375000005, 65.7861328125], [23.154589843750017, 65.74990234375], [23.102343750000017, 65.73535156250006], [22.91933593750005, 65.78647460937498], [22.74658203125003, 65.87094726562506], [22.620312500000068, 65.80654296875], [22.53857421875003, 65.7943359375], [22.465136718750074, 65.85263671875006], [22.400976562500063, 65.86210937500002], [22.366308593750006, 65.84267578124997], [22.33593750000003, 65.79116210937497], [22.287597656250057, 65.75063476562497], [22.275, 65.725], [22.26660156250003, 65.62153320312495], [22.254003906250034, 65.59755859375005], [22.086230468750045, 65.6109375], [22.096289062500063, 65.58378906249999], [22.13281250000003, 65.57011718750005], [22.147558593750034, 65.552880859375], [22.086718750000074, 65.53022460937501], [21.92011718750004, 65.532373046875], [21.903125, 65.50834960937499], [21.95, 65.47036132812497], [21.913476562500023, 65.43710937500003], [21.879589843750068, 65.42402343749995], [21.68066406250003, 65.40336914062502], [21.565527343750034, 65.40810546875], [21.53261718750008, 65.38657226562503], [21.523437500000057, 65.35859375000004], [21.545214843750045, 65.33115234375003], [21.595996093750017, 65.316552734375], [21.61269531250005, 65.29912109374999], [21.609179687500045, 65.26137695312502], [21.56689453125003, 65.25454101562497], [21.446875, 65.32084960937507], [21.41035156250004, 65.31743164062499], [21.437792968750017, 65.282958984375], [21.506347656250057, 65.24536132812497], [21.545996093750034, 65.20698242187495], [21.580664062500006, 65.16079101562497], [21.57392578125004, 65.12578125000002], [21.424902343750063, 65.0126953125], [21.29375, 64.941259765625], [21.195898437500034, 64.87690429687495], [21.13818359375, 64.80869140625], [21.204980468750023, 64.77431640625002], [21.279296875000057, 64.72470703125003], [21.331542968750057, 64.62934570312495], [21.393847656250045, 64.54433593749997], [21.519628906250006, 64.46308593750001], [21.494335937499983, 64.41611328125003], [21.465039062500068, 64.37958984374998], [21.25576171875005, 64.29916992187503], [21.018457031250023, 64.17797851562503], [20.762695312500057, 63.867822265624994], [20.67763671875005, 63.82626953125006], [20.453710937500006, 63.77373046875002], [20.371386718750017, 63.72290039062503], [20.204687500000063, 63.66245117187498], [19.913671875000034, 63.61054687499998], [19.78164062500005, 63.53818359374998], [19.72207031250008, 63.46333007812501], [19.655761718750057, 63.4580078125], [19.590039062499983, 63.48725585937498], [19.50234375000008, 63.509033203125], [19.49091796875004, 63.460205078125], [19.49462890625, 63.424365234375074], [19.354296875000017, 63.477490234374955], [19.28808593750003, 63.428759765625074], [19.236328125000057, 63.34736328125001], [19.034375, 63.237744140624955], [18.816699218750017, 63.257470703124994], [18.792285156250017, 63.238134765625034], [18.850195312500006, 63.22412109375003], [18.858984375, 63.20659179687502], [18.819433593750034, 63.19726562499997], [18.759570312500017, 63.1982421875], [18.66718750000001, 63.17656250000002], [18.60644531249997, 63.17827148437502], [18.577636718750057, 63.12641601562501], [18.53066406250008, 63.06352539062499], [18.40771484375, 63.0375], [18.34423828125003, 63.032128906249994], [18.31289062500005, 62.99638671874999], [18.502050781250034, 62.98886718749998], [18.486914062500063, 62.958593750000034], [18.482617187500068, 62.92832031249998], [18.46308593750001, 62.895849609375034], [18.248046875000057, 62.84907226562501], [18.214941406250063, 62.812207031249955], [18.170019531250063, 62.78935546875002], [18.07441406250004, 62.79067382812502], [18.077929687500045, 62.81196289062501], [18.093554687500045, 62.836035156250006], [17.95107421875005, 62.83388671875002], [17.90664062500005, 62.886767578125045], [17.87958984375004, 62.87319335937505], [17.895605468750034, 62.830517578124955], [17.932910156250074, 62.78613281249997], [17.974414062500017, 62.721044921875034], [17.940722656250074, 62.67988281250001], [17.90302734375004, 62.65947265625002], [17.930468750000017, 62.640625], [18.006542968750068, 62.62626953125002], [18.03730468750004, 62.60053710937501], [17.947070312500045, 62.578466796875034], [17.83447265625, 62.502734375000074], [17.71777343750003, 62.50087890625005], [17.64638671875005, 62.45087890624998], [17.570605468750074, 62.451025390625006], [17.50898437500004, 62.482519531250034], [17.410253906250006, 62.50839843750006], [17.37841796875, 62.462792968749994], [17.373339843750045, 62.426513671875], [17.429003906250017, 62.33471679687503], [17.535253906250063, 62.26367187500003], [17.63369140625005, 62.233007812500006], [17.562890625000023, 62.21230468750005], [17.510156250000023, 62.16630859374999], [17.446582031250045, 62.022656249999955], [17.412011718749994, 61.966113281250074], [17.37451171875, 61.86630859374998], [17.398242187500045, 61.78208007812506], [17.417285156250017, 61.74067382812498], [17.465429687500063, 61.684472656249994], [17.334570312500034, 61.691699218750045], [17.196386718750034, 61.72456054687498], [17.215625, 61.656347656250034], [17.13076171875008, 61.575732421875045], [17.146582031250034, 61.50463867187503], [17.164257812500068, 61.45830078124999], [17.137988281250045, 61.381689453125034], [17.17792968750001, 61.35761718750001], [17.19960937500008, 61.31196289062504], [17.163867187500074, 61.27827148437501], [17.179785156250034, 61.24926757812506], [17.18574218750001, 61.14653320312499], [17.21289062500003, 60.98583984375003], [17.202929687500045, 60.95185546875004], [17.278906250000063, 60.812158203124994], [17.26123046875003, 60.76318359375006], [17.250976562500057, 60.700781250000034], [17.35986328125003, 60.64082031249998], [17.45703125000003, 60.64179687500001], [17.555468750000017, 60.64272460937502], [17.593066406250045, 60.62768554687497], [17.63076171875008, 60.585253906250045], [17.661132812500057, 60.53515625000006], [17.74218750000003, 60.539306640625], [17.87158203125003, 60.58007812500006], [17.95576171875004, 60.58979492187498], [18.011328125000063, 60.51142578125001], [18.1625, 60.40791015624998], [18.25048828125003, 60.36152343750001], [18.4, 60.33710937500001], [18.55751953125005, 60.253564453124966], [18.53544921874999, 60.152880859375074], [18.601171875000063, 60.119238281250034], [18.78701171875008, 60.07949218750002], [18.852734375000068, 60.02587890625003], [18.88427734375, 59.980175781249955], [18.933203125000034, 59.942285156249966], [18.99042968750004, 59.827783203124994], [18.970507812500074, 59.75722656250002], [18.895605468750006, 59.732958984375045], [18.71875, 59.65737304687502], [18.639941406250045, 59.60092773437506], [18.578125, 59.565771484375006], [18.402441406249977, 59.490380859374994], [18.33808593750001, 59.47685546875002], [18.276464843750006, 59.43764648437502], [18.216894531250034, 59.42050781249998], [18.16357421875, 59.43037109375004], [17.96425781250008, 59.359375], [17.979785156250045, 59.32905273437501], [18.13261718749999, 59.316210937500045], [18.210546875000063, 59.33144531250005], [18.27050781250003, 59.36713867187504], [18.336035156250063, 59.375341796875006], [18.395800781250045, 59.36860351562498], [18.45917968750001, 59.39672851562503], [18.508886718750006, 59.407958984375], [18.560253906250068, 59.39448242187501], [18.617578125000023, 59.32705078125005], [18.498632812500034, 59.29194335937498], [18.41425781250001, 59.29033203125002], [18.37304687500003, 59.179736328125045], [18.32197265625004, 59.13222656250005], [18.28535156250004, 59.109375], [18.09814453125, 59.06230468750002], [17.974609375000057, 59.00263671875004], [17.82900390625005, 58.95458984375], [17.765429687500074, 58.96503906250001], [17.66962890625001, 58.91621093750001], [17.456738281250068, 58.85839843750003], [17.34765625000003, 58.78051757812497], [17.102832031250074, 58.710839843749994], [16.978125, 58.654150390625006], [16.639355468750068, 58.65117187500002], [16.31582031250005, 58.663623046875074], [16.21425781250005, 58.63666992187498], [16.318066406250068, 58.628320312499966], [16.390820312500068, 58.60185546874999], [16.478027343750057, 58.612890625000034], [16.68300781250008, 58.59965820312499], [16.78847656250008, 58.58525390624999], [16.92382812500003, 58.49257812500002], [16.824316406250006, 58.459619140624966], [16.651953125000063, 58.43432617187497], [16.71660156249999, 58.30288085937502], [16.769921875000023, 58.214257812499994], [16.700097656250023, 58.16079101562502], [16.694921875000034, 57.91752929687502], [16.596972656250045, 57.91289062499996], [16.55537109375001, 57.812255859375], [16.586230468750074, 57.76093750000001], [16.583789062500017, 57.641748046874966], [16.60419921875001, 57.56831054687504], [16.652246093750023, 57.50068359375001], [16.63085937500003, 57.43017578125003], [16.475976562499994, 57.26513671875], [16.4794921875, 57.18769531250001], [16.50732421875, 57.14169921874998], [16.527929687500006, 57.06816406250002], [16.457519531250057, 56.92680664062499], [16.407812500000063, 56.808691406250006], [16.348730468750006, 56.70927734374999], [16.216503906250068, 56.58999023437502], [16.150683593750074, 56.50083007812498], [15.996679687500063, 56.222607421874955], [15.920312500000051, 56.167382812499994], [15.826660156250057, 56.124951171874955], [15.722265625, 56.164208984374966], [15.626562500000063, 56.18559570312496], [15.509667968750051, 56.183007812499966], [15.326562500000051, 56.15083007812498], [15.05117187500008, 56.172216796875006], [14.782031250000045, 56.161914062500045], [14.713964843750034, 56.13413085937506], [14.754785156249994, 56.03315429687501], [14.655566406250045, 56.019921874999966], [14.55859375, 56.04863281249996], [14.473242187500034, 56.01435546874998], [14.401953125000063, 55.97675781249998], [14.26191406250004, 55.887548828125006], [14.215039062500011, 55.832617187500006], [14.202929687500017, 55.729150390624966], [14.276464843749977, 55.636376953124994], [14.341699218750051, 55.527734374999966], [14.173730468750023, 55.396630859374994], [14.079980468750023, 55.39218749999998], [13.80634765625004, 55.428564453125034], [13.321386718750006, 55.34638671874998], [12.885839843750006, 55.41137695312497], [12.940625, 55.481591796874994], [12.938769531250045, 55.53320312500003], [12.96337890625, 55.612597656250045], [12.978027343750057, 55.693798828124955], [12.973925781250017, 55.748144531250034], [12.941992187500006, 55.80605468750002], [12.834570312500034, 55.8818359375], [12.592578125000045, 56.137597656249966], [12.520996093750028, 56.24555664062501], [12.47119140625, 56.29052734375003], [12.507031250000011, 56.29296875], [12.706347656250045, 56.235009765624994], [12.752832031249994, 56.24213867187504], [12.801660156249994, 56.26391601562503], [12.742187500000057, 56.346875], [12.69111328125004, 56.384423828124966], [12.656445312499983, 56.44057617187505], [12.773144531250068, 56.45576171875004], [12.857421875, 56.45239257812497], [12.919531250000034, 56.515576171874955], [12.883691406250023, 56.61772460937499], [12.79316406250004, 56.649169921875], [12.717578125000017, 56.66284179687503], [12.57265625000008, 56.823291015625045], [12.421484375, 56.906396484374994], [12.151855468750057, 57.22695312500002], [12.053222656250028, 57.44697265625001], [11.961523437500006, 57.42607421875002], [11.916992187499972, 57.52192382812498], [11.885058593750045, 57.61269531250002], [11.878710937499989, 57.67944335937503], [11.734960937500034, 57.717675781249994], [11.729101562499977, 57.76445312500002], [11.703222656250034, 57.97319335937499], [11.549023437500068, 58.00122070312503], [11.449316406250006, 58.11835937500001], [11.431542968750023, 58.33999023437502], [11.329980468750023, 58.38032226562498], [11.248242187500068, 58.36914062500003], [11.252050781250063, 58.42407226562503], [11.271582031250034, 58.475634765625045], [11.223828125000068, 58.679931640625], [11.207910156250023, 58.86640624999998], [11.16914062500004, 58.922705078125006], [11.147167968750011, 58.988623046875006], [11.166894531250023, 59.045556640624966], [11.195800781250057, 59.078271484374994], [11.29531250000008, 59.086865234374955], [11.38828125, 59.036523437499994], [11.470703125, 58.90952148437498], [11.543554687500034, 58.89301757812498], [11.642773437500068, 58.926074218750074], [11.712207031250017, 59.018652343750006], [11.751855468749994, 59.15756835937506], [11.798144531250017, 59.289892578125006], [11.74335937500004, 59.43144531249999], [11.684863281250045, 59.555761718750006], [11.680761718750006, 59.59228515624997], [11.834277343750017, 59.69716796875002], [11.88125, 59.782470703125], [11.932128906250057, 59.86367187500002], [11.988281250000028, 59.89130859374998], [12.071875, 59.89760742187502], [12.169238281250045, 59.91289062500002], [12.2919921875, 59.96723632812498], [12.40205078125004, 60.0400390625], [12.486132812500017, 60.106787109375006], [12.514648437500057, 60.238867187500006], [12.51582031250004, 60.30522460937502], [12.552832031250034, 60.3544921875], [12.588671875000045, 60.45073242187499], [12.553808593750034, 60.54565429687506], [12.445312500000057, 60.68964843749998], [12.314648437499983, 60.892138671875045], [12.294140624999983, 61.002685546875], [12.35371093750004, 61.023193359375], [12.467578125000074, 61.04150390625], [12.68300781250008, 61.04682617187501], [12.706054687500057, 61.05986328125002], [12.727832031250074, 61.108251953125006], [12.7763671875, 61.173974609374994], [12.828222656250006, 61.221826171874966], [12.863671875000023, 61.29028320312506], [12.880761718750051, 61.352294921875], [12.757519531250068, 61.44570312500002], [12.596093750000051, 61.541308593750045], [12.48681640625, 61.572998046875], [12.292089843750006, 61.653466796874966], [12.155371093750063, 61.72075195312499], [12.233691406250017, 61.976855468750045], [12.2919921875, 62.167431640624955], [12.301367187500034, 62.213769531249994], [12.303515625000045, 62.285595703124955], [12.114550781249989, 62.591894531250006], [12.121875, 62.660009765625034], [12.139843750000011, 62.72133789062502], [12.119628906250057, 62.825927734375], [12.10859375000004, 62.919482421875045], [12.141015625000051, 62.94785156250006], [12.218164062500051, 63.000634765624966], [12.144628906250006, 63.08251953125006], [12.138671875000028, 63.089160156250074], [11.99990234375008, 63.29169921875004], [12.212109375000068, 63.492236328125045], [12.175195312499994, 63.59594726562503], [12.301953125000068, 63.67119140624999], [12.53271484375, 63.84355468750002], [12.6625, 63.940478515625045], [12.690039062500006, 63.95742187500002], [12.792773437500045, 64.0], [12.987597656250045, 64.05048828124998], [13.20351562500008, 64.07509765625002], [13.299609375000017, 64.07480468750006], [13.670703125000045, 64.040625], [13.960546875000034, 64.014013671875], [14.002734374999989, 64.04072265624995], [14.063281250000074, 64.09550781250002], [14.141210937500063, 64.17353515625001], [14.148046875000034, 64.26030273437502], [14.119921875000074, 64.38774414062505], [14.077636718749972, 64.46401367187502], [13.873535156250057, 64.51357421875], [13.650292968750051, 64.58154296875], [13.924804687500028, 64.79677734374997], [14.11513671875008, 64.94614257812503], [14.352441406250023, 65.17084960937498], [14.426269531250057, 65.26435546875001], [14.479687500000011, 65.30146484375004], [14.549511718750011, 65.64638671875005], [14.595800781250034, 65.74287109374998], [14.634570312500017, 65.79326171875005], [14.635156250000051, 65.84501953125002], [14.609960937499977, 65.93227539062502], [14.543261718750074, 66.12934570312501], [14.917968750000028, 66.15371093750002], [15.040039062500028, 66.16752929687499], [15.153320312500028, 66.191064453125], [15.374902343750051, 66.25205078124998], [15.483789062500023, 66.30595703125005], [15.422949218750063, 66.48984375], [15.557031250000023, 66.552099609375], [15.884179687500051, 66.76884765625002], [16.23769531250005, 66.97641601562503], [16.403515625000068, 67.05498046875005], [16.420703125000017, 67.09335937500003], [16.43427734375004, 67.15507812500002], [16.360644531250045, 67.25200195312505], [16.281542968750017, 67.31206054687502], [16.127441406250057, 67.42583007812502], [16.19355468750001, 67.50517578125002], [16.307128906250057, 67.52060546875003], [16.457128906250063, 67.5517578125], [16.574121093750023, 67.61958007812495], [16.585546875000034, 67.62832031249997], [16.78359375000005, 67.89501953125003], [17.170507812500006, 68.030126953125], [17.32460937500005, 68.10380859375002], [17.564746093750045, 68.0484375], [17.916699218750068, 67.96489257812505], [18.07324218749997, 68.08784179687495], [18.125, 68.13344726562502], [18.17666015625008, 68.20063476562504], [18.15595703125004, 68.31684570312498], [18.147070312500006, 68.4677734375], [18.162597656250057, 68.52841796875], [18.303027343750074, 68.555419921875], [18.37861328125001, 68.56240234375002], [18.769824218750045, 68.50004882812502], [18.868261718750034, 68.50112304687497], [19.052636718750023, 68.49272460937502], [19.25898437500004, 68.46533203125003], [19.69121093749999, 68.39243164062503], [19.870019531250023, 68.36225585937501], [19.969824218750006, 68.35639648437495], [20.055957031250045, 68.39038085937506], [20.240039062500074, 68.47753906250003], [19.968847656249977, 68.54204101562505], [20.147460937500057, 68.60732421875002], [20.240039062500074, 68.67314453125002], [20.319433593750006, 68.75405273437497], [20.34804687500005, 68.84873046874998], [20.33710937500004, 68.89965820312497], [20.282324218749977, 68.93432617187503], [20.11669921875, 69.0208984375], [20.491992187500074, 69.03330078125003], [20.622167968750034, 69.03686523437503]]], [[[16.52851562500004, 56.29052734375003], [16.477148437500063, 56.24018554687498], [16.43164062500003, 56.24375], [16.40126953125005, 56.310888671875006], [16.394140625000034, 56.48364257812503], [16.41230468750001, 56.56899414062502], [16.63037109375003, 56.87685546875002], [16.72773437500004, 56.902001953124994], [16.86464843750005, 57.09067382812498], [16.90156250000001, 57.17460937500002], [16.96093750000003, 57.250195312499955], [16.99599609375008, 57.317773437499966], [17.02539062500003, 57.345068359375034], [17.08925781250008, 57.332275390625], [17.11767578125, 57.31982421875003], [17.050390625000063, 57.28046875000001], [17.058203125000034, 57.22924804687506], [17.053515625000074, 57.2080078125], [16.883691406250023, 56.98520507812498], [16.83828125, 56.84052734374998], [16.778027343750068, 56.80522460937499], [16.52851562500004, 56.29052734375003]]], [[[19.076464843750074, 57.83593750000003], [18.99375, 57.812109375000034], [18.945117187500045, 57.741601562499994], [18.878125, 57.729687499999955], [18.81386718750005, 57.706201171874966], [18.79091796875008, 57.48310546874998], [18.90791015625004, 57.39833984375005], [18.84365234375008, 57.38647460937503], [18.78486328125001, 57.361083984375], [18.742871093750068, 57.32353515624999], [18.69990234375001, 57.242724609375045], [18.53847656250008, 57.19692382812505], [18.477343750000074, 57.16303710937498], [18.38720703125, 57.08764648437497], [18.340234375000023, 56.97822265624998], [18.24892578125008, 56.931542968749966], [18.14638671875005, 56.920507812500034], [18.206542968750057, 57.01015625], [18.28535156250004, 57.083203124999955], [18.209570312500034, 57.13330078125006], [18.16396484375008, 57.211718750000045], [18.105078125000063, 57.271875], [18.151953125000034, 57.339062499999955], [18.12890625000003, 57.44916992187501], [18.136523437500074, 57.55664062500006], [18.204882812500074, 57.61088867187499], [18.28320312500003, 57.655126953125034], [18.405175781250023, 57.75683593749997], [18.537402343750045, 57.83056640625], [18.721875, 57.86372070312498], [18.805175781250057, 57.833154296874994], [18.841113281250017, 57.90019531249996], [18.90058593750004, 57.915478515624955], [18.95644531250005, 57.9], [19.076464843750074, 57.83593750000003]]], [[[19.156347656250006, 57.922607421875], [19.138378906249983, 57.860253906249994], [19.086523437500006, 57.86499023437497], [19.03925781250004, 57.91103515625005], [19.134863281249977, 57.981347656249966], [19.28115234375005, 57.9775390625], [19.33144531250008, 57.96289062500003], [19.156347656250006, 57.922607421875]]], [[[18.41621093750004, 59.02910156249999], [18.371875, 59.01958007812502], [18.349902343750045, 59.02260742187502], [18.377246093750017, 59.069042968749955], [18.397558593750063, 59.08911132812497], [18.464941406250034, 59.10786132812498], [18.48554687500004, 59.104589843750006], [18.41621093750004, 59.02910156249999]]], [[[18.59541015625004, 59.47036132812502], [18.5703125, 59.43725585937503], [18.54511718750001, 59.47783203125002], [18.55517578125003, 59.485791015624955], [18.572363281250063, 59.52583007812504], [18.62089843749999, 59.54780273437498], [18.698437500000068, 59.534619140624955], [18.697949218750068, 59.524609374999955], [18.623828125000074, 59.49218750000003], [18.59541015625004, 59.47036132812502]]]]}}, {"type": "Feature", "properties": {"scalerank": 1, "featurecla": "Admin-0 country", "LABELRANK": 2.0, "SOVEREIGNT": "Turkey", "SOV_A3": "TUR", "ADM0_DIF": 0.0, "LEVEL": 2.0, "TYPE": "Sovereign country", "ADMIN": "Turkey", "ADM0_A3": "TUR", "GEOU_DIF": 0.0, "GEOUNIT": "Turkey", "GU_A3": "TUR", "SU_DIF": 0.0, "SUBUNIT": "Turkey", "SU_A3": "TUR", "BRK_DIFF": 0.0, "NAME": "Turkey", "NAME_LONG": "Turkey", "BRK_A3": "TUR", "BRK_NAME": "Turkey", "BRK_GROUP": null, "ABBREV": "Tur.", "POSTAL": "TR", "FORMAL_EN": "Republic of Turkey", "FORMAL_FR": null, "NAME_CIAWF": "Turkey", "NOTE_ADM0": null, "NOTE_BRK": null, "NAME_SORT": "Turkey", "NAME_ALT": null, "MAPCOLOR7": 6.0, "MAPCOLOR8": 3.0, "MAPCOLOR9": 8.0, "MAPCOLOR13": 4.0, "POP_EST": 80845215.0, "POP_RANK": 16.0, "GDP_MD_EST": 1670000.0, "POP_YEAR": 2017.0, "LASTCENSUS": 2000.0, "GDP_YEAR": 2016.0, "ECONOMY": "4. Emerging region: MIKT", "INCOME_GRP": "3. Upper middle income", "WIKIPEDIA": -99.0, "FIPS_10_": "TU", "ISO_A2": "TR", "ISO_A3": "TUR", "ISO_A3_EH": "TUR", "ISO_N3": "792", "UN_A3": "792", "WB_A2": "TR", "WB_A3": "TUR", "WOE_ID": 23424969.0, "WOE_ID_EH": 23424969.0, "WOE_NOTE": "Exact WOE match as country", "ADM0_A3_IS": "TUR", "ADM0_A3_US": "TUR", "ADM0_A3_UN": -99.0, "ADM0_A3_WB": -99.0, "CONTINENT": "Asia", "REGION_UN": "Asia", "SUBREGION": "Western Asia", "REGION_WB": "Europe & Central Asia", "NAME_LEN": 6.0, "LONG_LEN": 6.0, "ABBREV_LEN": 4.0, "TINY": -99.0, "HOMEPART": 1.0, "MIN_ZOOM": 0.0, "MIN_LABEL": 2.0, "MAX_LABEL": 7.0}, "geometry": {"type": "MultiPolygon", "coordinates": [[[[43.43945312499997, 41.10712890625001], [43.4552734375001, 41.064697265625], [43.517480468749994, 41.004833984374955], [43.591699218749994, 40.968212890624955], [43.631640625000074, 40.92900390624996], [43.69648437500004, 40.79414062500004], [43.72265625000003, 40.71953125000002], [43.71289062500003, 40.64775390624996], [43.667871093749994, 40.57407226562506], [43.56933593749997, 40.48237304687501], [43.59375, 40.44404296875004], [43.615820312500006, 40.393310546875], [43.60839843750003, 40.356591796874966], [43.678125, 40.23930664062496], [43.709863281249994, 40.16650390624997], [43.6833007812501, 40.149658203125], [43.6662109375001, 40.126367187499966], [43.7916992187501, 40.07026367187498], [43.94199218750006, 40.02314453124998], [44.00537109374997, 40.01411132812501], [44.178027343750074, 40.03574218749998], [44.2892578125001, 40.040380859375034], [44.3996093750001, 39.995751953124994], [44.560449218749994, 39.887597656249994], [44.733789062499994, 39.74648437500002], [44.7682617187501, 39.703515624999966], [44.78339843750004, 39.684667968750034], [44.81718750000002, 39.65043945312499], [44.78212890625005, 39.65107421875004], [44.725, 39.68173828124998], [44.58710937500004, 39.7685546875], [44.51669921875006, 39.73125], [44.45595703125005, 39.66674804687503], [44.38935546875004, 39.42211914062503], [44.33544921875003, 39.396044921875045], [44.2404296875001, 39.39677734375002], [44.12402343750003, 39.405224609374955], [44.04394531250003, 39.39296875000002], [44.023242187500074, 39.37744140624997], [44.033789062500006, 39.35102539062501], [44.05751953125005, 39.31083984374999], [44.074316406250006, 39.25996093750004], [44.07910156250003, 39.21831054687499], [44.1212890625001, 39.18061523437504], [44.178027343750074, 39.14482421875002], [44.180566406249994, 39.108056640624994], [44.171875, 39.05625], [44.15878906250006, 39.01674804687505], [44.14453125000003, 38.994384765625], [44.17080078125005, 38.934375], [44.23242187499997, 38.86323242187504], [44.27167968750004, 38.836035156250006], [44.2570312500001, 38.70063476562504], [44.280175781249994, 38.64067382812499], [44.29785156249997, 38.55781249999998], [44.290820312500074, 38.42011718749998], [44.29853515625004, 38.38627929687502], [44.319628906250074, 38.37470703124998], [44.375781250000074, 38.36958007812501], [44.4308593750001, 38.35678710937506], [44.44990234375004, 38.334228515625], [44.44960937499999, 38.31777343750002], [44.38085937500003, 38.25458984375001], [44.37275390625004, 38.20971679687503], [44.348925781250074, 38.14648437500003], [44.32939453125002, 38.109277343749994], [44.26796875, 38.03881835937503], [44.22890625000005, 37.9671875], [44.21132812500005, 37.908056640625034], [44.22294921875002, 37.880175781250045], [44.336230468750074, 37.87177734375001], [44.397753906250074, 37.829248046874966], [44.5612304687501, 37.74462890625006], [44.58994140625006, 37.710351562499994], [44.54531250000005, 37.65815429687501], [44.5460937500001, 37.636328125], [44.567187500000074, 37.60864257812506], [44.57714843750003, 37.56020507812505], [44.573144531249994, 37.50639648437502], [44.57402343750002, 37.435400390625006], [44.604101562500006, 37.42373046875005], [44.715136718750074, 37.35712890624998], [44.7941406250001, 37.29038085937506], [44.796777343749994, 37.26977539062503], [44.75830078124997, 37.217089843750045], [44.766699218750006, 37.156347656250006], [44.76513671874997, 37.142431640625006], [44.73095703125, 37.165283203125], [44.669335937499994, 37.17358398437497], [44.60595703124997, 37.17602539062503], [44.566015625, 37.158251953124996], [44.49599609375002, 37.110546875], [44.401953125, 37.058496093749994], [44.32558593750002, 37.0107421875], [44.281835937500006, 36.97802734375], [44.245703125, 36.98330078125002], [44.21748046875001, 37.011865234374994], [44.20166015625, 37.051806640624996], [44.20839843750002, 37.20263671875], [44.19179687500002, 37.249853515625], [44.15625, 37.28295898437506], [44.11445312500001, 37.30185546875], [44.06464843750001, 37.312451171875], [44.01318359374997, 37.31352539062496], [43.940039062500006, 37.269287109375], [43.83642578125, 37.223535156249994], [43.67578124999997, 37.22724609374998], [43.56796875, 37.23583984375], [43.51582031250001, 37.24453125], [43.306738281250006, 37.3146484375], [43.26308593750002, 37.31650390625], [43.18515625, 37.344873046874994], [43.09248046875001, 37.3673828125], [42.936621093750006, 37.324755859374996], [42.86914062499997, 37.33491210937498], [42.77460937500001, 37.371875], [42.741113281249994, 37.36191406250006], [42.63544921875001, 37.249267578125], [42.45585937500002, 37.128710937499996], [42.358984375, 37.10859375], [42.31289062499999, 37.229589843750006], [42.2685546875, 37.2765625], [42.24755859374997, 37.2822265625], [42.202734375, 37.29726562500002], [42.167871093749994, 37.28862304687496], [42.05986328125002, 37.2060546875], [41.886816406250006, 37.156396484374994], [41.743554687499994, 37.126123046874994], [41.515527343749994, 37.08916015624999], [41.33955078125001, 37.07080078125], [41.2646484375, 37.0693359375], [41.102148437500006, 37.085888671875], [40.958886718749994, 37.10917968749999], [40.815625, 37.108154296875], [40.705664062500006, 37.09770507812496], [40.45039062500001, 37.00888671875], [40.01640625000002, 36.826074218749994], [39.68652343749997, 36.738623046875006], [39.50146484375, 36.70224609375], [39.35664062500001, 36.681591796875], [39.1083984375, 36.680566406249994], [38.90644531250001, 36.694677734375], [38.7666015625, 36.693115234375], [38.688867187499994, 36.715087890625], [38.578027343749994, 36.78911132812499], [38.44375, 36.862255859374955], [38.38398437500001, 36.879248046875], [38.30585937500001, 36.893359375], [38.19169921875002, 36.9015625], [37.90664062499999, 36.79462890625004], [37.81796875, 36.765576171875], [37.7203125, 36.743701171874996], [37.523535156250006, 36.6783203125], [37.43632812500002, 36.64331054687503], [37.32705078125002, 36.64658203125], [37.187402343749994, 36.65590820312502], [37.06621093750002, 36.65263671874999], [36.98535156249997, 36.702392578125], [36.94179687499999, 36.758398437500034], [36.77656250000001, 36.79267578125], [36.65859375, 36.80253906249996], [36.62841796874997, 36.77768554687506], [36.596875, 36.7013671875], [36.54667968750002, 36.50634765625], [36.5375, 36.45742187499999], [36.64140625000002, 36.263525390625], [36.63671874999997, 36.233984375000034], [36.56240234375002, 36.223925781249996], [36.47705078124997, 36.220703125], [36.421484375, 36.203466796875034], [36.37539062500002, 36.171240234375], [36.347558593749994, 36.00351562499998], [36.24882812500002, 35.972705078124996], [36.20195312500002, 35.937548828124996], [36.15361328125002, 35.833886718749994], [36.12734375000002, 35.831445312499994], [35.96757812500002, 35.910058593749994], [35.892675781250006, 35.91655273437502], [35.956933593749994, 35.998144531250034], [35.88710937500005, 36.159082031249966], [35.8109375, 36.309863281250045], [35.88281249999997, 36.40634765624998], [36.03173828125003, 36.52270507812497], [36.18847656249997, 36.65898437500002], [36.1881835937501, 36.74306640625002], [36.18007812500005, 36.807226562500034], [36.13515625000005, 36.85161132812502], [36.04892578125006, 36.91059570312504], [35.904589843750074, 36.84760742187498], [35.80156250000002, 36.77807617187503], [35.734277343749994, 36.76396484375002], [35.66113281250003, 36.72431640625001], [35.62558593750006, 36.65278320312501], [35.53740234375002, 36.597021484375006], [35.39316406250006, 36.5751953125], [35.17617187499999, 36.634863281250006], [34.94316406250002, 36.725683593750034], [34.81123046875004, 36.79926757812501], [34.70361328124997, 36.81679687500002], [34.60136718750002, 36.78447265625002], [34.29960937500002, 36.604199218749955], [34.02343749999997, 36.34077148437504], [33.95488281250002, 36.29521484374999], [33.694726562499994, 36.181982421875006], [33.52275390625002, 36.14399414062501], [33.44179687500005, 36.15283203125003], [33.09951171875005, 36.10297851562498], [32.92949218750002, 36.09570312500003], [32.79482421875005, 36.035888671875], [32.533789062500006, 36.100732421874994], [32.377734375000074, 36.18364257812499], [32.28378906250006, 36.26787109375002], [32.1305664062501, 36.449121093749994], [32.02197265624997, 36.535302734374966], [31.777929687500006, 36.61279296875003], [31.35253906250003, 36.80107421875002], [31.240625, 36.821728515624955], [30.950292968750063, 36.848681640625045], [30.64404296875003, 36.86567382812504], [30.58203124999997, 36.79716796875002], [30.558496093749994, 36.52583007812498], [30.50605468750004, 36.451123046874955], [30.483593750000097, 36.31040039062498], [30.446093750000017, 36.26987304687498], [30.387304687500006, 36.24326171874998], [30.29541015624997, 36.28769531250006], [30.23164062500004, 36.30732421874998], [30.083203125000097, 36.24936523437498], [29.78925781250004, 36.168066406250034], [29.689062500000063, 36.15668945312501], [29.348339843750097, 36.258837890625045], [29.22363281250003, 36.324462890625], [29.143261718750068, 36.397216796875], [29.11611328125005, 36.52011718749998], [29.065527343750034, 36.59008789062503], [29.05810546875003, 36.638134765624955], [29.038281249999983, 36.693457031250034], [28.96962890625005, 36.71533203125006], [28.895898437500023, 36.67358398437497], [28.81689453125, 36.67529296874997], [28.71767578125005, 36.70087890625004], [28.483593750000068, 36.803808593750034], [28.3037109375, 36.81196289062501], [28.195605468750017, 36.68632812499999], [28.11152343750001, 36.64638671875002], [28.01943359375008, 36.63447265625001], [28.01416015625, 36.67021484375002], [28.083984375, 36.75146484375003], [27.803808593750034, 36.736474609374994], [27.655859375, 36.67460937500002], [27.540429687500023, 36.68422851562502], [27.453906250000074, 36.71215820312503], [27.466894531250063, 36.74633789062497], [27.5546875, 36.758886718750034], [27.630859375000057, 36.78666992187502], [27.934472656249994, 36.80927734375001], [28.005371093750057, 36.83198242187501], [28.08300781249997, 36.92026367187506], [28.224414062500017, 36.99638671875002], [28.24238281250004, 37.029052734375], [28.133691406249994, 37.02949218750001], [27.66835937500005, 37.007421875000034], [27.34892578124999, 37.019580078125045], [27.31103515625, 36.98188476562498], [27.262988281250074, 36.97656249999997], [27.24970703125004, 37.07915039062502], [27.300195312500023, 37.12685546875005], [27.3681640625, 37.122412109375034], [27.53505859375008, 37.163867187500045], [27.520117187500063, 37.249121093750006], [27.40058593750004, 37.306738281250006], [27.376269531250074, 37.340722656249994], [27.28955078124997, 37.34868164062502], [27.219238281250057, 37.38916015625], [27.203906250000017, 37.49140624999998], [27.14794921875, 37.603613281250006], [27.067968750000034, 37.657910156249955], [27.07783203125001, 37.68769531249998], [27.224414062500045, 37.725439453125034], [27.254785156249994, 37.88232421875003], [27.23242187499997, 37.97866210937502], [27.158691406250057, 37.98686523437502], [26.94384765624997, 38.06289062500005], [26.87861328125001, 38.054785156250006], [26.807421875000074, 38.13833007812505], [26.68281250000001, 38.198339843750006], [26.621093750000057, 38.17636718749998], [26.58242187500008, 38.14926757812506], [26.524707031250045, 38.16225585937505], [26.42792968750004, 38.21435546875], [26.33291015625005, 38.242480468750045], [26.290722656250068, 38.277197265625006], [26.343652343750023, 38.37006835937501], [26.41640625, 38.36787109375001], [26.42968750000003, 38.440625], [26.372265625000068, 38.56191406250002], [26.37783203125005, 38.624169921874994], [26.441308593750023, 38.641210937500006], [26.51357421875008, 38.629492187500006], [26.586523437500006, 38.55703125], [26.6103515625, 38.486914062500006], [26.595019531250074, 38.41860351562505], [26.641308593749983, 38.352441406249966], [26.674218750000023, 38.335742187500045], [26.696386718750006, 38.405371093750006], [26.727343750000017, 38.41860351562505], [26.76992187500008, 38.38818359374997], [26.861425781250063, 38.372949218749966], [27.0986328125, 38.41572265624998], [27.14423828125004, 38.45195312499999], [26.970410156250068, 38.447851562500034], [26.906835937500006, 38.48173828125002], [26.83779296875005, 38.55756835937501], [26.795312500000023, 38.62641601562501], [26.787695312500063, 38.66020507812496], [26.763671875000057, 38.709619140624994], [26.790136718750034, 38.73608398437497], [26.90917968750003, 38.775781249999966], [27.013671875, 38.88686523437505], [26.970117187499994, 38.919042968750034], [26.92031250000008, 38.93422851562502], [26.86621093749997, 38.922949218750034], [26.81494140625, 38.96098632812496], [26.808300781249983, 39.013916015625], [26.84931640625001, 39.056738281250006], [26.853613281249977, 39.115625], [26.719335937499977, 39.260644531249994], [26.681835937500068, 39.29223632812503], [26.710742187500017, 39.33964843750002], [26.813281250000017, 39.419042968750006], [26.910937500000017, 39.51733398437497], [26.899218750000045, 39.54965820312498], [26.82705078125008, 39.56289062500002], [26.48408203125001, 39.52070312500004], [26.35078125000004, 39.48408203125004], [26.113085937500017, 39.467382812500006], [26.095996093750017, 39.52080078124996], [26.101367187500045, 39.568945312500006], [26.15468750000005, 39.65664062500002], [26.14980468750005, 39.87285156250002], [26.181347656250068, 39.990087890625006], [26.31337890625005, 40.025], [26.475390625000017, 40.19726562500003], [26.738085937500074, 40.40024414062498], [27.012109375000023, 40.39633789062498], [27.121679687500063, 40.45234375000004], [27.284570312500023, 40.45561523437499], [27.31416015625001, 40.414892578125034], [27.332617187500063, 40.37592773437501], [27.475585937500057, 40.31992187500006], [27.728027343750057, 40.32880859375001], [27.789355468750017, 40.35087890624996], [27.84853515625008, 40.38173828125002], [27.731835937500023, 40.48149414062502], [27.769140624999977, 40.50961914062498], [27.87490234375005, 40.51293945312503], [27.989550781250045, 40.489453124999955], [27.99482421875004, 40.46660156250002], [27.964355468750057, 40.43530273437503], [27.92890625000004, 40.380419921875045], [27.96259765625004, 40.36987304687503], [28.28906250000003, 40.40302734375001], [28.630273437499994, 40.37646484375003], [28.738867187500006, 40.39086914062503], [29.007128906250045, 40.38974609374998], [29.055175781250057, 40.42416992187498], [28.97402343750005, 40.46738281249998], [28.894628906250034, 40.48242187500003], [28.84121093750008, 40.50346679687496], [28.787890625000045, 40.53403320312498], [28.95800781249997, 40.63056640625001], [29.054101562500023, 40.64912109374998], [29.507617187500074, 40.708398437499966], [29.84492187500004, 40.73808593749999], [29.84921875, 40.760107421875034], [29.800585937500074, 40.76015625000002], [29.36474609374997, 40.80927734375001], [29.25976562500003, 40.84731445312502], [29.113867187500034, 40.937841796875006], [29.082226562500068, 40.96342773437496], [29.045507812500034, 41.007568359375], [29.067382812500057, 41.10166015624998], [29.094335937500034, 41.17724609375], [29.148144531249983, 41.22104492187506], [29.32226562500003, 41.22773437499998], [29.919335937499994, 41.150830078124955], [30.344921875000097, 41.19692382812502], [30.81005859375003, 41.08486328125002], [31.25488281250003, 41.10761718750004], [31.34667968749997, 41.15791015624998], [31.45800781250003, 41.320019531249955], [32.08642578124997, 41.589208984375006], [32.30644531250002, 41.729589843750006], [32.5421875000001, 41.80639648437503], [32.946679687499994, 41.891748046874994], [33.28476562500006, 42.00458984374998], [33.38134765624997, 42.01757812499997], [34.19296875000006, 41.96367187499999], [34.75048828125003, 41.95683593750002], [35.00644531250006, 42.063281250000045], [35.154882812500006, 42.027539062499955], [35.14101562499999, 41.98950195312503], [35.11406250000002, 41.956982421874955], [35.12207031249997, 41.89111328125006], [35.20917968750004, 41.79438476562498], [35.297753906249994, 41.72851562500006], [35.55800781250005, 41.634033203125], [35.91982421875005, 41.71372070312506], [35.978125, 41.70483398437503], [36.05175781250003, 41.68256835937501], [36.17919921874997, 41.42656249999999], [36.278417968750006, 41.336132812499955], [36.405371093750006, 41.27460937500004], [36.50966796875005, 41.2625], [36.5871093750001, 41.32666015624997], [36.64707031250006, 41.35253906250003], [36.77773437500005, 41.36347656250001], [36.991992187500074, 41.27539062500003], [37.06621093750002, 41.18442382812506], [37.430957031250074, 41.114111328125034], [37.765625, 41.07890625], [37.910058593749994, 41.00190429687498], [38.3810546875001, 40.92451171875004], [38.55693359375002, 40.9365234375], [38.85214843750006, 41.017675781250006], [39.42636718750006, 41.10644531249997], [39.807910156250074, 40.982519531250034], [39.91113281249997, 40.966455078124966], [40.0001953125001, 40.977148437500006], [40.12841796875003, 40.943017578124994], [40.265234375, 40.96132812499999], [40.6875, 41.107421875], [40.81953125000004, 41.19023437499999], [40.95947265625003, 41.21162109374998], [41.08359375, 41.261181640624955], [41.414355468750074, 41.42363281250002], [41.51005859375002, 41.517480468749994], [41.5765625, 41.49731445312503], [41.701757812500006, 41.47158203125002], [41.779394531250006, 41.440527343750006], [41.82353515625002, 41.432373046875], [41.92578124999997, 41.495654296875045], [42.077734375, 41.49409179687498], [42.21113281250001, 41.48671875], [42.27998046875001, 41.475], [42.364355468750006, 41.454003906249994], [42.46640625, 41.43984375000005], [42.507910156250006, 41.47006835937498], [42.56738281249997, 41.55927734375004], [42.590429687500006, 41.570703124999966], [42.606835937499994, 41.57880859375001], [42.68242187500002, 41.58574218750002], [42.75410156250001, 41.57890625], [42.78789062500002, 41.563720703125], [42.821679687499994, 41.49238281249998], [42.90673828124997, 41.466845703125045], [43.05712890624997, 41.35283203124999], [43.149023437500006, 41.30712890625], [43.171289062499994, 41.287939453125006], [43.14101562500002, 41.26484375], [43.15283203125, 41.23642578125], [43.20546875, 41.19916992187504], [43.27929687499997, 41.18520507812502], [43.358984375, 41.19013671875], [43.40234374999997, 41.1765625], [43.43339843750002, 41.155517578125], [43.44160156250001, 41.1259765625], [43.43945312499997, 41.10712890625001]]], [[[26.320898437500006, 41.716552734375], [26.31796875, 41.74467773437496], [26.327246093750006, 41.772802734375], [26.3603515625, 41.8015625], [26.511425781249983, 41.82636718750001], [26.529296875, 41.8466796875], [26.549707031250023, 41.896728515625], [26.5796875, 41.94794921875], [26.615332031250006, 41.964892578124996], [26.67919921874997, 41.96333007812501], [26.800390625, 41.975146484374996], [26.884863281250006, 41.991845703124994], [26.96875, 42.02685546875], [27.01171875, 42.058642578124996], [27.193359375, 42.077099609375], [27.24433593750001, 42.09326171875], [27.294921875, 42.079541015625], [27.362890625, 42.025048828124994], [27.47480468750001, 41.946875], [27.53486328125001, 41.920800781249994], [27.579882812500017, 41.932910156249996], [27.6611328125, 41.961328124999966], [27.738867187500006, 41.9615234375], [27.801660156250023, 41.95654296875], [27.831933593750023, 41.981298828125], [27.879199218750017, 41.986621093749996], [28.014453125000017, 41.969042968749996], [27.98730468750003, 41.85488281250005], [28.05029296874997, 41.729150390624994], [28.197851562500006, 41.554492187500045], [28.346386718749983, 41.46635742187502], [28.94677734375, 41.248388671875034], [29.057226562500034, 41.22973632812506], [29.03212890625008, 41.14047851562498], [28.99599609375008, 41.06113281249998], [28.95625, 41.00820312500002], [28.780371093750034, 40.97416992187502], [28.294921875, 41.071484374999955], [28.172167968750017, 41.080712890624966], [28.085546875000063, 41.06132812500002], [27.92519531250008, 40.990576171875006], [27.747363281250074, 41.01328125], [27.499414062500023, 40.97314453125], [27.43017578125003, 40.839941406250034], [27.25800781250004, 40.687353515625034], [26.97460937500003, 40.564013671875045], [26.772070312499977, 40.49804687500003], [26.46796875000001, 40.26147460937506], [26.32998046875008, 40.12338867187498], [26.271777343750017, 40.09658203125002], [26.202734374999977, 40.07539062499998], [26.225976562500023, 40.14169921874998], [26.26015625000005, 40.202392578125], [26.25234375000005, 40.248144531250006], [26.253808593749994, 40.31469726562506], [26.355273437500074, 40.39023437499998], [26.44746093750001, 40.445019531249955], [26.7203125, 40.54423828125002], [26.792089843750063, 40.626611328124994], [26.578125, 40.624658203124966], [26.360937500000063, 40.606347656249966], [26.22421875, 40.61806640625005], [26.10546874999997, 40.611328125], [26.067773437500023, 40.68339843750002], [26.038964843750023, 40.72675781249998], [26.06972656250008, 40.74028320312499], [26.109179687500017, 40.74965820312502], [26.17890625000001, 40.82651367187506], [26.2412109375, 40.883203124999966], [26.33105468750003, 40.95449218750002], [26.354101562500006, 40.99707031249997], [26.354101562500006, 41.036767578124994], [26.332617187499977, 41.064306640625006], [26.328417968750017, 41.097021484375006], [26.32568359375, 41.14326171875001], [26.330664062500034, 41.23876953125003], [26.536425781250017, 41.34311523437506], [26.602343750000045, 41.354150390624994], [26.624902343750023, 41.401757812499994], [26.60976562500005, 41.51215820312504], [26.581347656250017, 41.60126953124998], [26.544531249999977, 41.607226562500045], [26.495019531250023, 41.63325195312501], [26.4625, 41.66337890625002], [26.41054687500005, 41.69633789062499], [26.320898437500006, 41.716552734375]]], [[[25.970019531250017, 40.136328125000034], [25.740234375, 40.10546874999997], [25.668945312500057, 40.13588867187505], [25.74091796875004, 40.1962890625], [25.874804687500074, 40.23369140624999], [25.91835937500005, 40.23798828124998], [25.97705078125003, 40.17783203125006], [25.970019531250017, 40.136328125000034]]]]}}, {"type": "Feature", "properties": {"scalerank": 1, "featurecla": "Admin-0 country", "LABELRANK": 3.0, "SOVEREIGNT": "Ukraine", "SOV_A3": "UKR", "ADM0_DIF": 0.0, "LEVEL": 2.0, "TYPE": "Sovereign country", "ADMIN": "Ukraine", "ADM0_A3": "UKR", "GEOU_DIF": 0.0, "GEOUNIT": "Ukraine", "GU_A3": "UKR", "SU_DIF": 0.0, "SUBUNIT": "Ukraine", "SU_A3": "UKR", "BRK_DIFF": 0.0, "NAME": "Ukraine", "NAME_LONG": "Ukraine", "BRK_A3": "UKR", "BRK_NAME": "Ukraine", "BRK_GROUP": null, "ABBREV": "Ukr.", "POSTAL": "UA", "FORMAL_EN": "Ukraine", "FORMAL_FR": null, "NAME_CIAWF": "Ukraine", "NOTE_ADM0": null, "NOTE_BRK": null, "NAME_SORT": "Ukraine", "NAME_ALT": null, "MAPCOLOR7": 5.0, "MAPCOLOR8": 1.0, "MAPCOLOR9": 6.0, "MAPCOLOR13": 3.0, "POP_EST": 44033874.0, "POP_RANK": 15.0, "GDP_MD_EST": 352600.0, "POP_YEAR": 2017.0, "LASTCENSUS": 2001.0, "GDP_YEAR": 2016.0, "ECONOMY": "6. Developing region", "INCOME_GRP": "4. Lower middle income", "WIKIPEDIA": -99.0, "FIPS_10_": "UP", "ISO_A2": "UA", "ISO_A3": "UKR", "ISO_A3_EH": "UKR", "ISO_N3": "804", "UN_A3": "804", "WB_A2": "UA", "WB_A3": "UKR", "WOE_ID": 23424976.0, "WOE_ID_EH": 23424976.0, "WOE_NOTE": "Exact WOE match as country", "ADM0_A3_IS": "UKR", "ADM0_A3_US": "UKR", "ADM0_A3_UN": -99.0, "ADM0_A3_WB": -99.0, "CONTINENT": "Europe", "REGION_UN": "Europe", "SUBREGION": "Eastern Europe", "REGION_WB": "Europe & Central Asia", "NAME_LEN": 7.0, "LONG_LEN": 7.0, "ABBREV_LEN": 4.0, "TINY": -99.0, "HOMEPART": 1.0, "MIN_ZOOM": 0.0, "MIN_LABEL": 3.0, "MAX_LABEL": 7.0}, "geometry": {"type": "MultiPolygon", "coordinates": [[[[23.605273437500017, 51.517919921875], [23.61376953125, 51.525390625], [23.60859375000001, 51.610498046875], [23.64667968750001, 51.628857421875], [23.706835937500017, 51.64130859375], [23.79169921875001, 51.637109375], [23.8642578125, 51.623974609375], [23.951171875, 51.58505859375], [23.978320312500017, 51.59130859375], [24.126855468750023, 51.6646484375], [24.280078125000017, 51.774707031249996], [24.32373046875, 51.838427734374996], [24.361914062500006, 51.867529296875], [24.495214843750006, 51.883056640625], [24.611328125, 51.889501953125], [24.68515625, 51.88828125], [24.86640625000001, 51.89912109375], [24.97382812500001, 51.9111328125], [25.066699218750017, 51.930517578125], [25.2671875, 51.937744140625], [25.58027343750001, 51.924755859375], [25.785742187500006, 51.923828125], [25.92529296875, 51.913525390625], [26.26708984375, 51.855029296874996], [26.394335937500017, 51.84443359375], [26.453417968750017, 51.813427734375], [26.56689453125, 51.801904296875], [26.7734375, 51.770703125], [26.95283203125001, 51.75400390625], [27.074121093750023, 51.76083984375], [27.141992187500023, 51.75205078125], [27.270117187500006, 51.613574218749996], [27.296289062500023, 51.597412109375], [27.34765625, 51.59414062499999], [27.45234375000001, 51.606103515625], [27.601367187500017, 51.601611328124996], [27.689746093750017, 51.572412109374994], [27.6767578125, 51.48994140625], [27.7, 51.477978515625], [27.741308593750006, 51.482568359374994], [27.788867187500017, 51.529150390625], [27.82880859375001, 51.577441406249996], [27.85859375000001, 51.5923828125], [28.0107421875, 51.559765625], [28.08027343750001, 51.5650390625], [28.144433593750023, 51.60166015625], [28.18378906250001, 51.607861328125], [28.291601562500006, 51.581835937499996], [28.424609375000017, 51.563623046874994], [28.532031250000017, 51.562451171875], [28.599023437500023, 51.542626953124994], [28.647753906250017, 51.45654296875], [28.690234375000017, 51.438867187499994], [28.73125, 51.433398437499996], [28.793261718750017, 51.5103515625], [28.849511718750023, 51.540185546874994], [28.927539062500017, 51.562158203124994], [28.97773437500001, 51.57177734375], [29.013085937500023, 51.598925781249996], [29.06074218750001, 51.625439453125], [29.10205078125, 51.6275390625], [29.135644531250023, 51.61728515625], [29.174218750000023, 51.580615234374996], [29.23046875, 51.497021484375], [29.298828125, 51.413037109375], [29.346484375000017, 51.382568359375], [29.469628906250023, 51.408349609374994], [29.553125, 51.4345703125], [29.7060546875, 51.43955078125], [29.908789062500006, 51.4580078125], [30.063769531250017, 51.48203125], [30.160742187500006, 51.477880859375], [30.219531250000017, 51.451220703124996], [30.308984375000023, 51.399609375], [30.333398437500023, 51.325537109375], [30.449511718750017, 51.274316406249994], [30.54453125, 51.265039062499994], [30.576953125000017, 51.318359375], [30.63251953125001, 51.355419921875], [30.611718750000023, 51.40634765625], [30.602343750000017, 51.471240234374996], [30.56074218750001, 51.531494140625], [30.533007812500017, 51.596337890624994], [30.583886718750023, 51.68896484375], [30.639453125000017, 51.770068359374996], [30.667285156250017, 51.814111328125], [30.755273437500023, 51.895166015625], [30.845703125, 51.953076171875], [30.98066406250001, 52.046191406249996], [31.07929687500001, 52.076953125], [31.16845703125, 52.062939453125], [31.21796875000001, 52.050244140625], [31.345996093750017, 52.10537109375], [31.57373046875, 52.10810546875], [31.76337890625001, 52.10107421875], [31.78242187500004, 52.09941406249999], [31.875585937500006, 52.07089843750006], [31.97382812500004, 52.046630859375], [32.041601562500006, 52.045019531250006], [32.1222656250001, 52.05058593749999], [32.21679687499997, 52.08295898437501], [32.2828125, 52.11401367187503], [32.3629882812501, 52.27211914062502], [32.3913085937501, 52.29482421875019], [32.43544921875005, 52.30722656250006], [32.50791015625006, 52.30854492187498], [32.645410156249994, 52.27910156250002], [32.80644531250002, 52.25263671875004], [32.89970703125002, 52.25634765625], [33.14843749999997, 52.34042968749998], [33.28710937499997, 52.35356445312499], [33.45185546875004, 52.33378906249996], [33.613378906250006, 52.33261718749998], [33.735253906249994, 52.34477539062499], [33.81884765624997, 52.315625], [33.92207031250004, 52.25146484374997], [34.0153320312501, 52.15595703124998], [34.11308593750002, 51.97963867187502], [34.39785156250005, 51.78041992187502], [34.40273437499999, 51.74150390624999], [34.37929687499999, 51.71650390624998], [34.23916015625005, 51.692236328125006], [34.12109374999997, 51.67915039062501], [34.11542968750004, 51.644970703124955], [34.146777343750074, 51.60795898437496], [34.20087890625004, 51.553808593750034], [34.20927734375002, 51.484082031249955], [34.20654296874997, 51.41992187500003], [34.22988281250005, 51.36323242187504], [34.275, 51.340185546875034], [34.280664062499994, 51.311669921874994], [34.228417968749994, 51.27685546875003], [34.21386718749997, 51.25537109375], [34.23417968750002, 51.24379882812502], [34.49101562500002, 51.237060546875], [34.61679687500006, 51.203125], [34.712304687499994, 51.172216796875006], [34.760351562500006, 51.169335937499966], [34.868554687499994, 51.18920898437503], [34.99023437500003, 51.201757812500006], [35.06406250000006, 51.20341796874999], [35.09257812500002, 51.18066406250006], [35.115332031250006, 51.12084960937503], [35.15810546875005, 51.06098632812501], [35.19804687500002, 51.04389648437498], [35.269140625, 51.04677734375005], [35.311914062499994, 51.04389648437498], [35.334765625000074, 51.021142578124966], [35.30908203124997, 50.986914062500006], [35.314746093750074, 50.94990234375001], [35.34609375000005, 50.90429687499997], [35.38320312499999, 50.798925781250006], [35.417382812499994, 50.767578125], [35.44013671875004, 50.72768554687505], [35.44013671875004, 50.68208007812498], [35.41162109374997, 50.64223632812505], [35.391699218750006, 50.61093749999998], [35.41162109374997, 50.53969726562502], [35.4884765625001, 50.45991210937521], [35.545507812500006, 50.43999023437496], [35.591113281250074, 50.36875], [35.673730468749994, 50.34599609375002], [35.79619140625002, 50.40576171875], [35.89023437500006, 50.43710937500009], [36.00781250000003, 50.419677734375], [36.11640625000004, 50.408544921875034], [36.18945312500003, 50.36782226562502], [36.24335937500004, 50.31176757812506], [36.30605468750005, 50.28046874999998], [36.36884765625004, 50.29682617187501], [36.499804687500074, 50.28046874999998], [36.559667968750006, 50.23486328125], [36.61943359375002, 50.20922851562503], [36.696386718750006, 50.24624023437502], [36.759082031250074, 50.29184570312498], [36.9884765625001, 50.33955078125001], [37.13125, 50.35151367187498], [37.17109375000004, 50.36088867187502], [37.25488281249997, 50.39497070312504], [37.34316406250005, 50.41762695312502], [37.42285156250003, 50.411474609375034], [37.50136718750005, 50.340722656249994], [37.58232421875002, 50.29184570312498], [37.605078125, 50.214941406250034], [37.70419921875006, 50.109082031249955], [37.950292968750006, 49.964208984375034], [38.046875, 49.920019531250006], [38.1125, 49.92783203124998], [38.146777343750074, 49.93940429687504], [38.162695312500006, 49.95454101562501], [38.17753906250002, 50.02539062499997], [38.20869140625004, 50.051464843749955], [38.25859375000002, 50.052343750000034], [38.45117187499997, 49.96406249999998], [38.5519531250001, 49.95458984375003], [38.647753906250074, 49.95288085937503], [38.77666015625002, 49.88432617187502], [38.91835937500005, 49.82470703125003], [39.02773437500005, 49.81840820312499], [39.11494140625004, 49.84174804687504], [39.17480468749997, 49.85595703125], [39.21181640625005, 49.83320312499998], [39.245996093749994, 49.78193359375001], [39.30292968750004, 49.74204101562498], [39.368457031250074, 49.730664062499955], [39.46279296875005, 49.72802734375006], [39.6265625, 49.65068359375002], [39.78056640625002, 49.57202148437497], [39.876855468749994, 49.56767578124999], [39.95849609375003, 49.59077148437498], [40.030664062499994, 49.596728515625045], [40.08066406250006, 49.57685546875024], [40.09492187500004, 49.54267578125004], [40.0578125000001, 49.49707031249997], [40.0578125000001, 49.43154296875005], [40.1261718750001, 49.36884765625015], [40.128320312499994, 49.307226562500034], [40.108789062499994, 49.25156250000006], [40.0700195312501, 49.200292968750006], [39.97636718750002, 49.129833984374955], [39.88974609375006, 49.06406250000006], [39.7594726562501, 49.036572265624955], [39.68652343749997, 49.00791015624998], [39.70566406250006, 48.95957031249998], [39.753320312499994, 48.91445312500002], [39.86376953125003, 48.87797851562499], [39.98916015625005, 48.85141601562498], [40.0036132812501, 48.82207031249996], [39.984472656250006, 48.80737304687497], [39.904101562500074, 48.79375], [39.79287109375005, 48.80771484375006], [39.75585937499997, 48.78208007812498], [39.70458984374997, 48.73935546874998], [39.67041015624997, 48.662451171875034], [39.64472656250004, 48.591210937499994], [39.76542968750002, 48.571875], [39.83564453125004, 48.54277343749999], [39.85751953125006, 48.48422851562523], [39.88261718750002, 48.41909179687502], [39.8898437500001, 48.36044921875006], [39.84990234375002, 48.33193359375002], [39.847460937500074, 48.302783203125045], [39.866308593750006, 48.288427734375034], [39.9181640625001, 48.281933593749955], [39.957910156249994, 48.26889648437506], [39.961035156250006, 48.237939453124966], [39.885058593750074, 48.16835937499999], [39.81396484374997, 48.035302734374994], [39.77578125, 47.964453125000034], [39.778710937499994, 47.887548828125006], [39.7359375, 47.844824218750006], [39.65849609375002, 47.841210937499966], [39.39101562500005, 47.83374023437506], [39.15849609375002, 47.83740234375], [39.05781250000004, 47.848486328125034], [38.900292968749994, 47.855126953124966], [38.82226562500003, 47.837011718750006], [38.7189453125001, 47.7141113281252], [38.640625, 47.665917968749966], [38.5109375000001, 47.62241210937498], [38.3688476562501, 47.609960937500006], [38.28740234375002, 47.55917968749998], [38.25878906249997, 47.47954101562502], [38.25654296875004, 47.408935546875], [38.243261718750006, 47.37368164062502], [38.21240234375003, 47.34277343750003], [38.2013671875001, 47.32080078125], [38.20800781250003, 47.29653320312502], [38.241015625000074, 47.287695312500006], [38.28076171875003, 47.27666015624996], [38.28076171875003, 47.25903320312503], [38.26533203125004, 47.236962890624966], [38.22119140625003, 47.212744140625006], [38.2013671875001, 47.17524414062501], [38.20585937500002, 47.135595703125006], [38.21435546874997, 47.091455078124994], [38.17832031250012, 47.08022460937519], [37.82871093750012, 47.09584960937508], [37.761147252549705, 47.090808923776564], [37.54335937500022, 47.07456054687509], [37.33984375000014, 46.916894531250136], [37.21855468750013, 46.91733398437523], [37.0475585937501, 46.8762207031252], [36.93203125000022, 46.82514648437518], [36.794824218750165, 46.7144042968751], [36.68867187500021, 46.76411132812518], [36.55878906250021, 46.76269531250017], [36.43203125000011, 46.73256835937525], [36.27949218750015, 46.65859375000028], [36.194628906250244, 46.64550781250017], [36.02490234375014, 46.666796875000074], [35.8271484375002, 46.624316406250216], [35.400195312500244, 46.38139648437502], [35.25664062500013, 46.20390625000019], [35.20439453125013, 46.16918945312523], [35.1323242187502, 46.12587890625028], [35.05527343750012, 46.10400390625017], [35.014550781250165, 46.106005859375045], [35.2177734375002, 46.23217773437517], [35.28017578125011, 46.27949218750004], [35.290917968750165, 46.314404296875125], [35.2919921875002, 46.37070312500015], [35.23037109375011, 46.44062500000018], [35.064062500000176, 46.26723632812502], [34.969531250000244, 46.242089843750136], [34.84960937500014, 46.18989257812518], [34.8437500000002, 46.07358398437509], [34.85732421875011, 45.98735351562513], [34.90664062500022, 45.87880859375022], [35.00167423940715, 45.73338320565327], [34.94642782810607, 45.72868577195143], [34.79972594822405, 45.790751951901456], [34.79408356822856, 45.89231479181959], [34.686878348314764, 45.97695049175158], [34.523249328446326, 45.97695049175158], [34.44989838850549, 45.965665731760595], [34.35397792858268, 46.061586191683574], [34.224203188687085, 46.101082851651796], [34.128282728764276, 46.0897980916607], [34.02671988884586, 46.106725231647204], [33.80666706902301, 46.20828807156542], [33.65996518914099, 46.219572831556405], [33.6543228091455, 46.1462218916154], [33.59414062500011, 46.09624023437502], [33.49882812500013, 46.078857421875114], [33.4298828125001, 46.05761718750023], [33.26347656250013, 46.12568359375024], [33.20224609375012, 46.17573242187504], [32.941796875000165, 46.123779296875114], [32.79687500000014, 46.13149414062508], [32.4767578125001, 46.08369140625021], [32.32988281250019, 46.130371093750114], [32.03574218750012, 46.26098632812517], [31.925195312500165, 46.28725585937519], [31.83125000000021, 46.281689453125125], [31.779980468750267, 46.32465820312518], [31.84287109375012, 46.34614257812521], [31.91591796875022, 46.3486816406251], [31.9916992187502, 46.36440429687511], [32.01308593750011, 46.387158203125125], [32.0084960937501, 46.429980468750244], [31.855761718750244, 46.4624511718751], [31.713671875000244, 46.47177734375023], [31.623632812500176, 46.510253906250256], [31.55488281250021, 46.55429687500015], [31.71601562500021, 46.55498046875013], [31.877929687500142, 46.52167968750027], [32.13144531250006, 46.50937500000015], [32.3613281250002, 46.47495117187515], [32.4189453125002, 46.51777343750018], [32.552539062500244, 46.59199218750021], [32.57802734375011, 46.61562500000022], [32.354101562500176, 46.56484375000008], [32.12724609375013, 46.5972167968751], [32.04433593750011, 46.64248046875019], [31.97431640625021, 46.7087890625001], [31.94492187500012, 46.784375000000125], [31.964062500000097, 46.85483398437509], [31.939550781250063, 46.98198242187516], [31.864746093750085, 47.09511718750019], [31.838183593750188, 47.157226562500256], [31.759179687500108, 47.21284179687521], [31.836914062500142, 47.08701171875006], [31.865917968750153, 47.00327148437515], [31.91269531250012, 46.92612304687515], [31.901660156250188, 46.72163085937515], [31.872851562500188, 46.64975585937515], [31.779589843750188, 46.63164062500002], [31.657031250000244, 46.642431640625176], [31.53212890625022, 46.66474609375018], [31.563378906250165, 46.777294921875125], [31.49687500000013, 46.73837890625009], [31.402929687500176, 46.62880859375025], [31.3203125000002, 46.612500000000125], [31.13681640625012, 46.62446289062515], [30.79628906250022, 46.55200195312523], [30.77285156250022, 46.473046875000136], [30.721679687500142, 46.366210937500114], [30.672265625000165, 46.30400390625016], [30.6567382812502, 46.266503906250136], [30.5115234375003, 46.10537109375019], [30.492968750000244, 46.0901367187501], [30.219042968750188, 45.866748046875244], [30.184179687500233, 45.849951171875205], [30.0066406250003, 45.79794921875009], [29.901660156250188, 45.752392578125125], [29.821191406250165, 45.732080078125165], [29.685058593750142, 45.75468750000016], [29.628417968750142, 45.72246093750016], [29.601660156250176, 45.68251953125019], [29.60117187500012, 45.600000000000165], [29.670312500000165, 45.54067382812525], [29.726953125000165, 45.34331054687519], [29.705859375000017, 45.259912109374994], [29.651953125, 45.313916015625], [29.567675781250017, 45.37080078125], [29.403710937500023, 45.419677734375], [29.223535156250023, 45.4029296875], [29.027441406250006, 45.320556640625], [28.894335937500017, 45.289941406249994], [28.824316406250006, 45.311083984374996], [28.78173828125, 45.309863281249996], [28.7666015625, 45.28623046875], [28.769824218750017, 45.266894531249996], [28.791406250000023, 45.251904296875], [28.78828125000001, 45.240966796875], [28.7607421875, 45.234130859375], [28.451269531250006, 45.2921875], [28.317675781250017, 45.347119140625], [28.2125, 45.450439453125], [28.26484375000001, 45.48388671875], [28.310351562500017, 45.498583984374996], [28.47138671875001, 45.507177734375], [28.4990234375, 45.517724609374994], [28.501757812500017, 45.541552734374996], [28.513769531250006, 45.572412109374994], [28.50947265625001, 45.617822265624994], [28.491601562500023, 45.665771484375], [28.562304687500017, 45.735791015625], [28.667578125, 45.793847656249994], [28.729296875000017, 45.852001953125], [28.73876953125, 45.937158203124994], [28.849511718750023, 45.978662109374994], [28.94775390625, 46.049951171874994], [28.971875, 46.12763671875], [29.00625, 46.17646484375], [28.94375, 46.288427734375], [28.930566406250023, 46.362255859375], [28.92744140625001, 46.424121093749996], [28.958398437500023, 46.45849609375], [29.049902343750006, 46.497021484375], [29.146289062500017, 46.526904296874996], [29.18623046875001, 46.523974609374996], [29.20078125, 46.50498046875], [29.20458984375, 46.379345703125], [29.22382812500001, 46.376953125], [29.25458984375001, 46.392626953124996], [29.30488281250001, 46.466601562499996], [29.33955078125001, 46.445068359375], [29.392871093750017, 46.436914062499994], [29.43281250000001, 46.455957031249994], [29.458789062500017, 46.453759765624994], [29.491015625000017, 46.43466796875], [29.555078125000023, 46.407763671874996], [29.61494140625001, 46.39882812499999], [29.66455078125, 46.416748046875], [29.706835937500017, 46.44873046875], [29.751953125, 46.437792968749996], [29.837890625, 46.350537109375], [29.878027343750006, 46.360205078125], [30.07568359375, 46.377832031249994], [30.107519531250006, 46.4015625], [30.13105468750001, 46.423095703125], [29.92431640625, 46.538867187499996], [29.93476562500001, 46.625], [29.942480468750006, 46.723779296874994], [29.918066406250006, 46.782421875], [29.877832031250023, 46.82890625], [29.7197265625, 46.88291015625], [29.597753906250006, 46.938818359375], [29.57197265625001, 46.964013671874994], [29.568652343750017, 46.996728515624994], [29.5634765625, 47.047509765624994], [29.515039062500023, 47.091113281249996], [29.51093750000001, 47.12802734375], [29.541796875000017, 47.185546875], [29.54931640625, 47.246826171875], [29.539160156250006, 47.27099609375], [29.510644531250023, 47.29072265625], [29.455664062500006, 47.292626953124994], [29.383398437500006, 47.328027343749994], [29.333789062500017, 47.375732421875], [29.200585937500023, 47.444482421874994], [29.159765625, 47.4556640625], [29.134863281250006, 47.489697265625], [29.122949218750023, 47.53037109375], [29.15087890625, 47.580859375], [29.18603515625, 47.65859375], [29.210742187500017, 47.73154296875], [29.21113281250001, 47.775], [29.19482421875, 47.882421875], [29.125390625000023, 47.96455078125], [29.09296875000001, 47.975439453125], [29.036914062500017, 47.95234375], [28.97333984375001, 47.933007812499994], [28.923144531250017, 47.951123046875], [28.865820312500006, 47.995654296874996], [28.773828125000023, 48.119580078125], [28.601660156250006, 48.144384765625], [28.53046875000001, 48.150292968749994], [28.46308593750001, 48.09052734375], [28.441992187500006, 48.108691406249996], [28.42304687500001, 48.146875], [28.3875, 48.162109375], [28.34052734375001, 48.144433593749994], [28.326953125000017, 48.161425781249996], [28.34716796875, 48.213037109374994], [28.291015625, 48.238574218749996], [28.158789062500006, 48.23798828125], [28.088476562500006, 48.25703125], [28.080078125, 48.295800781249994], [28.038476562500023, 48.3212890625], [27.96337890625, 48.333544921874996], [27.890625, 48.365234375], [27.82001953125001, 48.416259765625], [27.714453125, 48.449511718749996], [27.57373046875, 48.464892578124996], [27.56220703125001, 48.47041015625], [27.549218750000023, 48.477734375], [27.458398437500023, 48.44306640625], [27.40380859375, 48.415625], [27.3369140625, 48.43271484375], [27.228515625, 48.371435546875], [27.00849609375001, 48.36826171875], [26.90058593750001, 48.371923828125], [26.847070312500023, 48.387158203125], [26.640429687500017, 48.294140625], [26.618945312500017, 48.25986328125], [26.57246093750001, 48.248486328125], [26.4423828125, 48.22998046875], [26.3056640625, 48.203759765624994], [26.276953125, 48.113232421875], [26.236230468750023, 48.064355468749994], [26.162695312500006, 47.992529296875], [25.90869140625, 47.967578125], [25.689257812500017, 47.932470703125], [25.464257812500023, 47.910791015624994], [25.16962890625001, 47.823095703125], [25.073828125, 47.745703125], [24.979101562500006, 47.72412109375], [24.893359375000017, 47.7177734375], [24.837890625, 47.76083984375], [24.650976562500006, 47.876513671874996], [24.578906250000017, 47.931054687499994], [24.48408203125001, 47.947119140625], [24.380957031250006, 47.938037109374996], [24.28193359375001, 47.911181640624996], [24.177734375, 47.906054687499996], [24.05976562500001, 47.944775390625], [24.04736328125, 47.941015625], [24.001855468750023, 47.935791015625], [23.708984375, 47.9826171875], [23.682031250000023, 47.990380859374994], [23.669042968750006, 47.992333984374994], [23.628710937500017, 47.995849609375], [23.408203125, 47.989990234375], [23.20263671875, 48.084521484374996], [23.139453125000017, 48.08740234375], [23.0908203125, 48.049121093749996], [23.054785156250006, 48.00654296875], [22.912890625000017, 47.964257812499994], [22.87666015625001, 47.947265625], [22.856054687500006, 47.960302734375], [22.846484375000017, 47.9970703125], [22.857226562500017, 48.029541015625], [22.836230468750017, 48.060302734375], [22.7822265625, 48.09521484375], [22.769140625, 48.109619140625], [22.701562500000023, 48.10703125], [22.68310546875, 48.10361328125], [22.676367187500006, 48.104394531249994], [22.582421875000023, 48.134033203125], [22.520117187500006, 48.205371093749996], [22.423828125, 48.243310546874994], [22.350195312500006, 48.2560546875], [22.316699218750017, 48.28662109375], [22.29511718750001, 48.327294921874994], [22.27216796875001, 48.3580078125], [22.269433593750023, 48.360888671874996], [22.253710937500017, 48.407373046874994], [22.23115234375001, 48.412158203124996], [22.227148437500006, 48.413427734375], [22.1318359375, 48.405322265624996], [22.142871093750017, 48.568505859374994], [22.295214843750017, 48.685839843749996], [22.332617187500006, 48.745068359375], [22.389453125000017, 48.873486328125], [22.432031250000023, 48.933544921875], [22.483203125000017, 48.983251953125], [22.52412109375001, 49.031396484374994], [22.538671875, 49.072705078125], [22.579980468750023, 49.077197265624996], [22.701269531250006, 49.039941406249994], [22.80976562500001, 49.020751953125], [22.839746093750023, 49.038916015625], [22.85205078125, 49.062744140625], [22.847070312500023, 49.08125], [22.760156250000023, 49.13623046875], [22.705664062500006, 49.171191406249996], [22.70234375000001, 49.192724609375], [22.721972656250017, 49.240966796875], [22.732421875, 49.295166015625], [22.71992187500001, 49.353808593749996], [22.66064453125, 49.483691406249996], [22.6494140625, 49.539013671875], [22.706152343750006, 49.606201171875], [22.890722656250006, 49.766259765624994], [22.952246093750006, 49.8263671875], [23.03632812500001, 49.899072265624994], [23.264453125000017, 50.0728515625], [23.408593750000023, 50.17392578125], [23.506152343750017, 50.229833984375], [23.649023437500006, 50.327050781249994], [23.711718750000017, 50.37734375], [23.97265625, 50.410058593749994], [24.004980468750006, 50.45703125], [24.052636718750023, 50.508447265624994], [24.089941406250006, 50.53046875], [24.0947265625, 50.617041015625], [24.046289062500023, 50.722802734374994], [24.00732421875, 50.76015625], [23.978417968750023, 50.785595703125], [23.9970703125, 50.809375], [24.025976562500006, 50.816162109375], [24.061621093750006, 50.81953125], [24.105761718750017, 50.844970703125], [24.095800781250006, 50.87275390625], [23.985742187500023, 50.9404296875], [23.938085937500006, 50.992529296875], [23.86347656250001, 51.126220703125], [23.712207031250017, 51.26513671875], [23.664453125000023, 51.31005859375], [23.657617187500023, 51.352490234375], [23.6796875, 51.39492187499999], [23.65888671875001, 51.448974609375], [23.605273437500017, 51.517919921875]]], [[[32.01220703124997, 46.20390625000002], [32.15009765625004, 46.15468750000002], [32.009375, 46.167822265625034], [31.70019531249997, 46.21406250000004], [31.563867187499994, 46.257763671874955], [31.52871093750005, 46.306591796874955], [31.50878906249997, 46.373144531250034], [31.584863281249994, 46.30317382812498], [31.638476562500017, 46.272558593750034], [32.01220703124997, 46.20390625000002]]]]}}, {"type": "Feature", "properties": {"scalerank": 6, "featurecla": "Admin-0 country", "LABELRANK": 6.0, "SOVEREIGNT": "Vatican City", "SOV_A3": "VAT", "ADM0_DIF": 0.0, "LEVEL": 2.0, "TYPE": "Sovereign country", "ADMIN": "Vatican City", "ADM0_A3": "VAT", "GEOU_DIF": 0.0, "GEOUNIT": "Vatican", "GU_A3": "VAT", "SU_DIF": 0.0, "SUBUNIT": "Vatican", "SU_A3": "VAT", "BRK_DIFF": 0.0, "NAME": "Vatican", "NAME_LONG": "Vatican", "BRK_A3": "VAT", "BRK_NAME": "Vatican", "BRK_GROUP": null, "ABBREV": "Vat.", "POSTAL": "V", "FORMAL_EN": "State of the Vatican City", "FORMAL_FR": null, "NAME_CIAWF": "Holy See (Vatican City)", "NOTE_ADM0": null, "NOTE_BRK": null, "NAME_SORT": "Vatican (Holy See)", "NAME_ALT": "Holy See", "MAPCOLOR7": 1.0, "MAPCOLOR8": 3.0, "MAPCOLOR9": 4.0, "MAPCOLOR13": 2.0, "POP_EST": 1000.0, "POP_RANK": 3.0, "GDP_MD_EST": 0.0, "POP_YEAR": 2015.0, "LASTCENSUS": -99.0, "GDP_YEAR": 0.0, "ECONOMY": "2. Developed region: nonG7", "INCOME_GRP": "2. High income: nonOECD", "WIKIPEDIA": 0.0, "FIPS_10_": "VT", "ISO_A2": "VA", "ISO_A3": "VAT", "ISO_A3_EH": "VAT", "ISO_N3": "336", "UN_A3": "336", "WB_A2": "-99", "WB_A3": "-99", "WOE_ID": 23424986.0, "WOE_ID_EH": 23424986.0, "WOE_NOTE": "Exact WOE match as country", "ADM0_A3_IS": "VAT", "ADM0_A3_US": "VAT", "ADM0_A3_UN": -99.0, "ADM0_A3_WB": -99.0, "CONTINENT": "Europe", "REGION_UN": "Europe", "SUBREGION": "Southern Europe", "REGION_WB": "Europe & Central Asia", "NAME_LEN": 7.0, "LONG_LEN": 7.0, "ABBREV_LEN": 4.0, "TINY": 4.0, "HOMEPART": 1.0, "MIN_ZOOM": 0.0, "MIN_LABEL": 5.0, "MAX_LABEL": 10.0}, "geometry": {"type": "Polygon", "coordinates": [[[12.439160156250011, 41.898388671875], [12.430566406250023, 41.89755859375], [12.427539062500017, 41.900732421875], [12.430566406250023, 41.90546875], [12.438378906250023, 41.906201171875], [12.439160156250011, 41.898388671875]]]}}, {"type": "Feature", "properties": {"scalerank": 1, "featurecla": "Admin-0 country", "LABELRANK": 6.0, "SOVEREIGNT": "Kosovo", "SOV_A3": "KOS", "ADM0_DIF": 0.0, "LEVEL": 2.0, "TYPE": "Sovereign country", "ADMIN": "Kosovo", "ADM0_A3": "KOS", "GEOU_DIF": 0.0, "GEOUNIT": "Kosovo", "GU_A3": "KOS", "SU_DIF": 0.0, "SUBUNIT": "Kosovo", "SU_A3": "KOS", "BRK_DIFF": 0.0, "NAME": "Kosovo", "NAME_LONG": "Kosovo", "BRK_A3": "KOS", "BRK_NAME": "Kosovo", "BRK_GROUP": null, "ABBREV": "Kos.", "POSTAL": "KO", "FORMAL_EN": "Republic of Kosovo", "FORMAL_FR": null, "NAME_CIAWF": "Kosovo", "NOTE_ADM0": null, "NOTE_BRK": null, "NAME_SORT": "Kosovo", "NAME_ALT": null, "MAPCOLOR7": 2.0, "MAPCOLOR8": 2.0, "MAPCOLOR9": 3.0, "MAPCOLOR13": 11.0, "POP_EST": 1895250.0, "POP_RANK": 12.0, "GDP_MD_EST": 18490.0, "POP_YEAR": 2017.0, "LASTCENSUS": 1981.0, "GDP_YEAR": 2016.0, "ECONOMY": "6. Developing region", "INCOME_GRP": "4. Lower middle income", "WIKIPEDIA": -99.0, "FIPS_10_": "KV", "ISO_A2": "XK", "ISO_A3": "-99", "ISO_A3_EH": "-99", "ISO_N3": "-99", "UN_A3": "-099", "WB_A2": "KV", "WB_A3": "KSV", "WOE_ID": -90.0, "WOE_ID_EH": 29389201.0, "WOE_NOTE": "Subunit of Serbia in WOE still; should include 29389201, 29389207, 29389218, 29389209 and 29389214.", "ADM0_A3_IS": "KOS", "ADM0_A3_US": "KOS", "ADM0_A3_UN": -99.0, "ADM0_A3_WB": -99.0, "CONTINENT": "Europe", "REGION_UN": "Europe", "SUBREGION": "Southern Europe", "REGION_WB": "Europe & Central Asia", "NAME_LEN": 6.0, "LONG_LEN": 6.0, "ABBREV_LEN": 4.0, "TINY": -99.0, "HOMEPART": 1.0, "MIN_ZOOM": 0.0, "MIN_LABEL": 5.0, "MAX_LABEL": 10.0}, "geometry": {"type": "Polygon", "coordinates": [[[20.566210937500017, 41.873681640624994], [20.581445312500023, 41.917431640625], [20.57539062500001, 42.013085937499994], [20.522851562500023, 42.171484375], [20.485449218750006, 42.223388671875], [20.408300781250006, 42.274951171874996], [20.348242187500006, 42.3087890625], [20.240527343750017, 42.33896484375], [20.18574218750001, 42.42587890625], [20.103515625, 42.524658203125], [20.06396484375, 42.54726562499999], [20.0703125, 42.557080078125], [20.089257812500023, 42.63154296875], [20.065722656250017, 42.685839843749996], [20.02949218750001, 42.73203125], [20.054296875, 42.760058593749996], [20.129980468750006, 42.759765625], [20.19257812500001, 42.754638671875], [20.215136718750017, 42.798828125], [20.344335937500006, 42.827929687499996], [20.468847656250006, 42.85791015625], [20.48681640625, 42.879052734374994], [20.458398437500023, 42.924560546875], [20.47509765625, 42.95302734375002], [20.6240234375, 43.0341796875], [20.648535156249977, 43.070947265624994], [20.657617187500023, 43.099853515625], [20.637597656250023, 43.13037109375], [20.609667968750017, 43.17841796875], [20.623144531250006, 43.198632812499994], [20.700585937500023, 43.226367187499996], [20.76337890625001, 43.25859375], [20.800585937500017, 43.261083984375], [20.823828125, 43.237939453124994], [20.823828125, 43.21396484375], [20.84443359375001, 43.1734375], [20.890722656250006, 43.151660156249996], [20.967675781250023, 43.116015625], [21.057031250000023, 43.091699218749994], [21.127050781250006, 43.043017578124996], [21.22265624999997, 42.956201171874966], [21.237109375000017, 42.913232421874994], [21.323144531250023, 42.87470703125], [21.40302734375001, 42.83154296875], [21.390625, 42.75141601562498], [21.6625, 42.681494140625], [21.72382812500001, 42.681982421875], [21.7529296875, 42.669824218749994], [21.75214843750001, 42.651513671874994], [21.73066406250001, 42.595458984375], [21.619042968750023, 42.423242187499994], [21.60986328125, 42.387451171875], [21.52998046875001, 42.35], [21.518945312500023, 42.32841796874996], [21.541601562500006, 42.280810546874996], [21.5625, 42.247509765625], [21.560839843750017, 42.24765625], [21.389550781250023, 42.21982421875], [21.33173828125001, 42.187158203124994], [21.29755859375001, 42.130078125], [21.28662109375, 42.100390625], [21.25634765625, 42.099511718749994], [21.2060546875, 42.128955078124996], [21.142480468750023, 42.175], [21.05976562500001, 42.171289062499994], [20.778125, 42.071044921875], [20.750390625000023, 42.018359375], [20.744140625, 41.904296875], [20.725, 41.87353515625], [20.694921875, 41.853808593749996], [20.578515625000023, 41.8662109375], [20.566210937500017, 41.873681640624994]]]}}]}