{"type":"FeatureCollection","features":[{"type":"Feature","geometry":{"type":"MultiPolygon","coordinates":[[[[19.7471,50.866],[19.7617,50.8597],[19.7713,50.8585],[19.7774,50.8548],[19.7923,50.8508],[19.8004,50.8461],[19.8054,50.8468],[19.8031,50.845],[19.8194,50.8385],[19.8254,50.832],[19.8257,50.825],[19.8297,50.8237],[19.8322,50.8197],[19.8186,50.8207],[19.8205,50.8076],[19.8234,50.8076],[19.8234,50.8056],[19.8138,50.8024],[19.8095,50.8036],[19.807,50.8022],[19.8046,50.8079],[19.7978,50.8116],[19.7943,50.8113],[19.7976,50.8123],[19.7969,50.8166],[19.7934,50.8186],[19.7884,50.8195],[19.7842,50.8178],[19.7788,50.8094],[19.7826,50.8096],[19.784,50.8065],[19.7843,50.8098],[19.7898,50.8061],[19.7899,50.8104],[19.7907,50.8055],[19.7856,50.8071],[19.7754,50.7983],[19.7872,50.7924],[19.7954,50.7837],[19.7826,50.7803],[19.7805,50.7818],[19.7811,50.7805],[19.7705,50.7773],[19.7701,50.7791],[19.7647,50.7777],[19.7629,50.7748],[19.7655,50.7727],[19.7696,50.7742],[19.7702,50.7709],[19.7658,50.7717],[19.7417,50.7547],[19.7401,50.7556],[19.743,50.757],[19.734,50.7624],[19.7375,50.765],[19.7343,50.7697],[19.7266,50.771],[19.7222,50.7666],[19.7225,50.7595],[19.715,50.762],[19.7058,50.7618],[19.7112,50.7543],[19.7044,50.7523],[19.7083,50.7438],[19.7127,50.7427],[19.7195,50.733],[19.7132,50.7323],[19.7129,50.7292],[19.759,50.7157],[19.7788,50.7217],[19.7937,50.7206],[19.7929,50.7182],[19.8017,50.7171],[19.8044,50.725],[19.8108,50.7254],[19.8061,50.712],[19.8099,50.7114],[19.8083,50.7059],[19.8159,50.704],[19.8169,50.7073],[19.8333,50.7043],[19.8433,50.7057],[19.8488,50.7003],[19.8504,50.6906],[19.8575,50.6901],[19.8717,50.693],[19.873,50.683],[19.8616,50.6795],[19.8586,50.674],[19.8587,50.671],[19.8657,50.6649],[19.854,50.6658],[19.8533,50.6646],[19.837,50.6704],[19.8329,50.6672],[19.8411,50.6629],[19.8387,50.6586],[19.8417,50.6583],[19.8355,50.6547],[19.8311,50.6544],[19.8327,50.6515],[19.8571,50.6459],[19.8788,50.6464],[19.8858,50.6433],[19.8848,50.6402],[19.8888,50.6366],[19.9098,50.642],[19.9222,50.6394],[19.9202,50.6345],[19.9151,50.6357],[19.9115,50.6294],[19.909,50.6299],[19.9035,50.6196],[19.8996,50.6209],[19.8984,50.616],[19.883,50.6172],[19.8666,50.6213],[19.8664,50.6195],[19.8619,50.6217],[19.8583,50.6195],[19.841,50.5966],[19.8409,50.5907],[19.8249,50.5829],[19.817,50.5729],[19.804,50.5656],[19.7897,50.5685],[19.7887,50.5545],[19.8405,50.5546],[19.8443,50.5559],[19.8481,50.549],[19.8541,50.5464],[19.8551,50.5438],[19.8676,50.5422],[19.8778,50.543],[19.9011,50.5398],[19.9117,50.5118],[19.9345,50.5024],[19.95,50.5048],[19.9523,50.4942],[19.964,50.4887],[19.9677,50.4799],[19.974,50.4769],[19.973,50.4755],[19.9705,50.474],[19.9612,50.4768],[19.9369,50.4789],[19.9271,50.475],[19.9097,50.4751],[19.9091,50.4727],[19.9005,50.4735],[19.8957,50.4702],[19.8964,50.4673],[19.8921,50.4662],[19.8945,50.4611],[19.8981,50.4608],[19.903,50.4568],[19.8998,50.4534],[19.853,50.4474],[19.8503,50.4437],[19.8535,50.4351],[19.8424,50.4342],[19.8412,50.4385],[19.8336,50.4391],[19.832,50.4361],[19.8254,50.438],[19.8201,50.4345],[19.8107,50.4353],[19.8054,50.437],[19.8048,50.4414],[19.8009,50.4439],[19.7937,50.4433],[19.7915,50.4407],[19.782,50.4401],[19.7712,50.4422],[19.7673,50.4448],[19.7487,50.4421],[19.7318,50.4443],[19.7248,50.4409],[19.7122,50.4443],[19.7098,50.4414],[19.7074,50.4429],[19.7082,50.4483],[19.7019,50.4482],[19.7008,50.4497],[19.6943,50.4351],[19.6796,50.4347],[19.665,50.4266],[19.6717,50.4158],[19.6545,50.4141],[19.6582,50.4082],[19.6512,50.4127],[19.6453,50.4092],[19.644,50.4113],[19.6366,50.4094],[19.6271,50.4146],[19.6131,50.4045],[19.6024,50.4044],[19.5912,50.4101],[19.5866,50.4103],[19.5862,50.4084],[19.5806,50.4092],[19.5785,50.4072],[19.5706,50.4086],[19.566,50.4073],[19.5734,50.4117],[19.5572,50.4108],[19.5544,50.412],[19.5572,50.4144],[19.5462,50.4135],[19.5453,50.4189],[19.5379,50.4202],[19.5185,50.4167],[19.5195,50.415],[19.5045,50.4011],[19.4876,50.397],[19.4917,50.366],[19.4603,50.3729],[19.4565,50.3663],[19.4628,50.365],[19.4594,50.3634],[19.4831,50.3556],[19.4876,50.3473],[19.4806,50.3336],[19.4839,50.3236],[19.4744,50.3248],[19.4673,50.3226],[19.4637,50.3234],[19.451,50.3189],[19.4344,50.3247],[19.4321,50.3277],[19.4153,50.3317],[19.4147,50.3228],[19.4053,50.3142],[19.4004,50.3139],[19.3984,50.3084],[19.4027,50.3076],[19.4014,50.3048],[19.4122,50.3029],[19.4094,50.2993],[19.4143,50.298],[19.4003,50.299],[19.4043,50.2981],[19.4008,50.2974],[19.3964,50.2905],[19.3881,50.2892],[19.384,50.2822],[19.3869,50.2785],[19.3826,50.2735],[19.3768,50.2728],[19.3759,50.27],[19.3736,50.2715],[19.3619,50.2707],[19.3625,50.2692],[19.368,50.27],[19.3715,50.2683],[19.3608,50.2635],[19.3632,50.2606],[19.3591,50.2592],[19.353,50.2666],[19.3519,50.2646],[19.3439,50.2657],[19.3427,50.2637],[19.3355,50.2626],[19.3365,50.261],[19.3306,50.2625],[19.3237,50.2595],[19.3401,50.2496],[19.397,50.2316],[19.4111,50.2333],[19.4305,50.2251],[19.442,50.2266],[19.4165,50.2106],[19.4154,50.2009],[19.4136,50.2056],[19.4058,50.2069],[19.4042,50.2037],[19.4018,50.205],[19.3997,50.2033],[19.4018,50.201],[19.3933,50.2016],[19.3832,50.1997],[19.3833,50.1976],[19.3752,50.196],[19.3732,50.1924],[19.3637,50.1905],[19.3486,50.1911],[19.3346,50.188],[19.3392,50.1816],[19.3481,50.1779],[19.3676,50.1792],[19.3666,50.1732],[19.3617,50.1715],[19.3487,50.1733],[19.3472,50.1709],[19.3451,50.1647],[19.3499,50.165],[19.3489,50.1611],[19.3508,50.1617],[19.3538,50.1539],[19.3499,50.1505],[19.3448,50.1544],[19.3449,50.1501],[19.3316,50.1442],[19.315,50.1422],[19.2962,50.1421],[19.2883,50.1404],[19.2853,50.1423],[19.2706,50.1437],[19.2746,50.1366],[19.2733,50.1324],[19.2778,50.1197],[19.2592,50.117],[19.2544,50.1306],[19.2612,50.1323],[19.2542,50.1342],[19.2504,50.1317],[19.2408,50.1177],[19.2408,50.1127],[19.2325,50.1076],[19.2302,50.1012],[19.2232,50.0955],[19.2241,50.0893],[19.2121,50.0768],[19.2133,50.0741],[19.2296,50.0712],[19.2336,50.0657],[19.2234,50.0676],[19.2189,50.059],[19.2154,50.0593],[19.2167,50.0616],[19.2135,50.0653],[19.2074,50.0614],[19.1959,50.0652],[19.1779,50.0572],[19.168,50.0604],[19.1632,50.0572],[19.1659,50.0551],[19.1605,50.0549],[19.1606,50.051],[19.1564,50.0512],[19.1548,50.0533],[19.1529,50.0498],[19.1498,50.0519],[19.1457,50.0455],[19.1479,50.0447],[19.153,50.0481],[19.1547,50.047],[19.1505,50.0454],[19.1532,50.0421],[19.1482,50.0439],[19.149,50.0397],[19.1445,50.0394],[19.1437,50.0333],[19.1461,50.0317],[19.1416,50.0315],[19.1382,50.0364],[19.1361,50.0347],[19.139,50.0283],[19.1429,50.0284],[19.142,50.024],[19.1406,50.0248],[19.1396,50.0214],[19.1358,50.0208],[19.1363,50.0191],[19.1287,50.0175],[19.128,50.0141],[19.119,50.0092],[19.122,50.0024],[19.1134,50.0031],[19.1179,50.0014],[19.1113,49.9959],[19.1232,49.9885],[19.1194,49.9867],[19.1219,49.9839],[19.1182,49.9861],[19.1148,49.9849],[19.1181,49.9822],[19.1152,49.9775],[19.1123,49.9792],[19.1099,49.9779],[19.114,49.9752],[19.1102,49.9726],[19.123,49.972],[19.1241,49.9706],[19.1176,49.9681],[19.1215,49.966],[19.1237,49.9673],[19.1241,49.9633],[19.1151,49.9581],[19.1082,49.9611],[19.103,49.958],[19.1032,49.9552],[19.1003,49.9583],[19.0911,49.9566],[19.0833,49.9508],[19.0871,49.9492],[19.0981,49.9522],[19.0996,49.9471],[19.106,49.9457],[19.1046,49.9427],[19.1134,49.9433],[19.114,49.9413],[19.1217,49.9383],[19.1335,49.9399],[19.141,49.9396],[19.1409,49.938],[19.1617,49.9395],[19.1603,49.9423],[19.1663,49.9468],[19.1849,49.9501],[19.1861,49.9452],[19.1837,49.9442],[19.1874,49.9391],[19.1827,49.9336],[19.1863,49.9319],[19.1862,49.9228],[19.1841,49.9216],[19.1857,49.9184],[19.1916,49.9199],[19.1945,49.9133],[19.1931,49.9092],[19.1968,49.901],[19.1939,49.8919],[19.1962,49.8874],[19.1729,49.8799],[19.1658,49.8748],[19.1663,49.8712],[19.1581,49.8671],[19.1571,49.8651],[19.1623,49.863],[19.1664,49.8562],[19.1709,49.853],[19.193,49.8584],[19.1969,49.8604],[19.1931,49.8682],[19.2026,49.8716],[19.2122,49.8686],[19.2212,49.8687],[19.2208,49.8632],[19.2376,49.862],[19.2371,49.8648],[19.2709,49.8607],[19.2892,49.8505],[19.2946,49.85],[19.2889,49.8386],[19.2866,49.8164],[19.2918,49.815],[19.2962,49.8105],[19.2944,49.8073],[19.2974,49.8019],[19.3158,49.7845],[19.3168,49.7779],[19.3499,49.7714],[19.366,49.7778],[19.373,49.7707],[19.379,49.7688],[19.3895,49.769],[19.3995,49.7617],[19.4091,49.7644],[19.411,49.774],[19.4154,49.7749],[19.4202,49.7722],[19.4401,49.7521],[19.446,49.7426],[19.445,49.734],[19.4389,49.7323],[19.4379,49.7293],[19.428,49.7269],[19.4285,49.7181],[19.4105,49.7101],[19.3982,49.7114],[19.3998,49.7096],[19.3944,49.7065],[19.3955,49.7036],[19.3911,49.6972],[19.37,49.6949],[19.3827,49.6862],[19.3895,49.6843],[19.3918,49.6773],[19.396,49.6764],[19.3973,49.6784],[19.4071,49.6786],[19.4117,49.6728],[19.418,49.6746],[19.4231,49.6739],[19.4411,49.6805],[19.461,49.6754],[19.465,49.6679],[19.4778,49.6608],[19.4773,49.6563],[19.4689,49.648],[19.4685,49.6439],[19.4754,49.6388],[19.4808,49.6244],[19.4674,49.6138],[19.4549,49.6109],[19.4463,49.6132],[19.4421,49.6058],[19.4451,49.6016],[19.4429,49.5991],[19.4096,49.5918],[19.4076,49.5808],[19.4002,49.5742],[19.3841,49.5721],[19.3714,49.5674],[19.3735,49.5578],[19.3666,49.5537],[19.3686,49.545],[19.3624,49.5361],[19.347,49.5359],[19.3188,49.5311],[19.3156,49.5366],[19.3103,49.537],[19.298,49.5334],[19.2815,49.5353],[19.2747,49.5319],[19.2607,49.5312],[19.261,49.5273],[19.2336,49.5109],[19.234,49.5037],[19.237,49.5017],[19.2355,49.4957],[19.2278,49.4919],[19.2314,49.4866],[19.2273,49.4841],[19.2203,49.4722],[19.22,49.4693],[19.2271,49.4669],[19.2283,49.4637],[19.2253,49.4543],[19.219,49.4486],[19.2077,49.4518],[19.1986,49.4482],[19.1857,49.4347],[19.1934,49.426],[19.191,49.421],[19.1974,49.4146],[19.1916,49.4111],[19.1876,49.4097],[19.1773,49.414],[19.1507,49.4036],[19.145,49.408],[19.1375,49.41],[19.1326,49.4081],[19.1324,49.4057],[19.1204,49.4027],[19.1073,49.4037],[19.103,49.4098],[19.0936,49.4108],[19.0915,49.416],[19.0727,49.418],[19.0702,49.4124],[19.0539,49.4152],[19.0519,49.4104],[19.0443,49.4047],[19.0447,49.4004],[19.035,49.3957],[19.0259,49.394],[19.0148,49.3964],[19.0098,49.3948],[19.0025,49.3975],[18.9896,49.3984],[18.9799,49.3952],[18.9712,49.4021],[18.9732,49.4069],[18.9687,49.4133],[18.9857,49.4218],[18.989,49.4313],[18.9837,49.4335],[18.9778,49.4405],[18.9789,49.4428],[18.9739,49.4517],[18.9608,49.4547],[18.9662,49.468],[18.9646,49.4724],[18.9702,49.4768],[18.9605,49.4828],[18.9662,49.4931],[18.9733,49.4968],[18.9716,49.5043],[18.9682,49.5064],[18.9659,49.5056],[18.9547,49.5126],[18.9492,49.5126],[18.9466,49.5174],[18.9417,49.5189],[18.9303,49.5198],[18.8971,49.5144],[18.8867,49.5167],[18.8754,49.5159],[18.867,49.5194],[18.8534,49.517],[18.8442,49.5182],[18.8373,49.5236],[18.8447,49.5282],[18.8441,49.5341],[18.8472,49.5355],[18.8498,49.5344],[18.8575,49.5379],[18.8592,49.5507],[18.85,49.5538],[18.8452,49.5611],[18.8376,49.5622],[18.8374,49.5694],[18.8335,49.5728],[18.8349,49.5774],[18.8317,49.5829],[18.8391,49.5953],[18.8293,49.5949],[18.8248,49.6],[18.8243,49.6145],[18.8188,49.6186],[18.8203,49.6242],[18.8172,49.6316],[18.8131,49.6343],[18.8134,49.6398],[18.8063,49.6513],[18.8093,49.6575],[18.8067,49.6652],[18.8101,49.671],[18.807,49.6768],[18.8046,49.6789],[18.7935,49.6795],[18.7806,49.6854],[18.7668,49.6823],[18.7641,49.6846],[18.7512,49.6769],[18.741,49.6765],[18.7381,49.6808],[18.7298,49.6842],[18.7171,49.6835],[18.7152,49.6954],[18.7092,49.6955],[18.7115,49.6997],[18.7077,49.7023],[18.7096,49.7045],[18.6937,49.7066],[18.681,49.7038],[18.678,49.7058],[18.6682,49.7034],[18.6669,49.7097],[18.6584,49.7108],[18.6526,49.7077],[18.6523,49.711],[18.6416,49.7123],[18.6296,49.7218],[18.6252,49.7224],[18.6288,49.7263],[18.6262,49.7298],[18.6291,49.7473],[18.6131,49.7555],[18.6144,49.7617],[18.6101,49.7711],[18.5974,49.7841],[18.6,49.7894],[18.5928,49.7977],[18.593,49.8017],[18.5856,49.8046],[18.5823,49.8181],[18.5689,49.8292],[18.5694,49.8344],[18.5893,49.8455],[18.5837,49.8523],[18.589,49.8529],[18.5919,49.856],[18.6039,49.8571],[18.6057,49.8616],[18.5991,49.8663],[18.5802,49.8668],[18.5798,49.8692],[18.5719,49.8722],[18.5714,49.876],[18.5657,49.8807],[18.566,49.8831],[18.5735,49.8879],[18.572,49.8939],[18.5801,49.9055],[18.5737,49.9078],[18.5757,49.9104],[18.5737,49.9125],[18.5762,49.9133],[18.5737,49.9212],[18.559,49.918],[18.5448,49.9259],[18.5396,49.9257],[18.543,49.9224],[18.5399,49.912],[18.547,49.9091],[18.5351,49.902],[18.5344,49.8996],[18.526,49.901],[18.524,49.8995],[18.5193,49.9023],[18.5037,49.9024],[18.4996,49.9049],[18.4983,49.903],[18.4957,49.9063],[18.4909,49.9034],[18.4851,49.9063],[18.4827,49.9109],[18.4667,49.9163],[18.4633,49.9223],[18.4468,49.9228],[18.4374,49.9284],[18.4329,49.9282],[18.4308,49.9382],[18.4214,49.9386],[18.3983,49.9343],[18.3821,49.935],[18.3677,49.9368],[18.356,49.9441],[18.3378,49.9459],[18.3331,49.9487],[18.3343,49.9405],[18.3399,49.9384],[18.3468,49.9401],[18.3513,49.9357],[18.3501,49.9338],[18.3428,49.9349],[18.3406,49.9334],[18.3499,49.9294],[18.3441,49.9295],[18.3397,49.9257],[18.3333,49.9276],[18.3324,49.9308],[18.33,49.9303],[18.33,49.9234],[18.3217,49.9159],[18.3179,49.9157],[18.315,49.9188],[18.2992,49.9238],[18.299,49.9287],[18.2897,49.9287],[18.2817,49.9372],[18.2826,49.9391],[18.2792,49.9401],[18.2818,49.9505],[18.2763,49.9646],[18.2357,49.9711],[18.2215,49.9677],[18.2143,49.972],[18.2137,49.986],[18.2065,49.9979],[18.1932,49.9946],[18.1901,49.9987],[18.1731,50.0003],[18.1738,49.9986],[18.168,49.9985],[18.1681,49.9939],[18.172,49.99],[18.169,49.9864],[18.1551,49.9824],[18.1469,49.9916],[18.1361,49.9939],[18.1344,49.9974],[18.1159,49.9947],[18.1155,49.9967],[18.1048,50.0009],[18.0947,50.0121],[18.0933,50.015],[18.103,50.0226],[18.0856,50.032],[18.0894,50.0441],[18.0857,50.046],[18.0774,50.0456],[18.066,50.0481],[18.0676,50.053],[18.0638,50.0528],[18.0617,50.0591],[18.0498,50.0584],[18.0461,50.0626],[18.035,50.0658],[18.0568,50.0867],[18.0614,50.1001],[18.0663,50.1065],[18.0723,50.1098],[18.0608,50.1159],[18.0671,50.1239],[18.068,50.1295],[18.0547,50.1336],[18.0502,50.1381],[18.0535,50.1457],[18.0557,50.1449],[18.0661,50.157],[18.0566,50.1607],[18.0588,50.163],[18.0566,50.1639],[18.064,50.1678],[18.0579,50.1733],[18.062,50.1757],[18.0649,50.1718],[18.067,50.1727],[18.0711,50.1706],[18.0833,50.1757],[18.1012,50.1779],[18.1015,50.1809],[18.1037,50.1708],[18.1105,50.1673],[18.1228,50.1748],[18.1205,50.1792],[18.1335,50.1844],[18.1379,50.1796],[18.1439,50.181],[18.1454,50.1795],[18.1624,50.1891],[18.186,50.181],[18.1855,50.1869],[18.2051,50.1903],[18.2492,50.1926],[18.2494,50.1978],[18.2416,50.1971],[18.2352,50.202],[18.2374,50.2147],[18.2489,50.2169],[18.2528,50.2231],[18.2712,50.2204],[18.2752,50.2249],[18.2952,50.2285],[18.2964,50.2303],[18.3084,50.2308],[18.3132,50.2358],[18.313,50.2407],[18.3249,50.2409],[18.3339,50.2453],[18.3469,50.2473],[18.3621,50.2473],[18.3544,50.2579],[18.3766,50.2539],[18.3855,50.2556],[18.3989,50.2538],[18.4059,50.2547],[18.4208,50.2491],[18.4259,50.249],[18.4203,50.2615],[18.4261,50.2616],[18.427,50.2687],[18.4178,50.2745],[18.4061,50.2771],[18.3935,50.2765],[18.4076,50.2899],[18.4043,50.2963],[18.3932,50.3054],[18.3921,50.3134],[18.409,50.3172],[18.4067,50.3228],[18.4057,50.3243],[18.3981,50.3232],[18.4008,50.3289],[18.3939,50.3385],[18.3716,50.347],[18.3577,50.3566],[18.3728,50.3611],[18.3725,50.3716],[18.3886,50.3704],[18.3882,50.3745],[18.3765,50.3761],[18.3739,50.3799],[18.3772,50.3791],[18.3772,50.381],[18.3823,50.3815],[18.385,50.3804],[18.385,50.3847],[18.3906,50.3854],[18.3963,50.389],[18.3847,50.4004],[18.3855,50.4041],[18.3781,50.4135],[18.3699,50.4158],[18.3698,50.4158],[18.3699,50.4158],[18.3698,50.4158],[18.3699,50.4158],[18.3698,50.4158],[18.3699,50.4158],[18.3698,50.4158],[18.3649,50.4191],[18.3671,50.4203],[18.3663,50.4262],[18.376,50.4265],[18.3872,50.4323],[18.3891,50.4398],[18.3874,50.4453],[18.3818,50.449],[18.3825,50.4524],[18.3864,50.4528],[18.383,50.4572],[18.3869,50.4588],[18.3838,50.4612],[18.3796,50.4788],[18.3796,50.4817],[18.3838,50.4836],[18.4097,50.4746],[18.4348,50.4784],[18.44,50.4807],[18.4526,50.4769],[18.4504,50.474],[18.4533,50.471],[18.452,50.4626],[18.4688,50.4616],[18.4813,50.4583],[18.486,50.4699],[18.4793,50.4715],[18.4795,50.4735],[18.475,50.4731],[18.4744,50.4793],[18.4704,50.4796],[18.4665,50.4995],[18.4479,50.4994],[18.4465,50.5096],[18.4429,50.513],[18.4382,50.5272],[18.4299,50.5316],[18.4382,50.5466],[18.4597,50.5487],[18.4779,50.5527],[18.5573,50.5398],[18.5727,50.5481],[18.5799,50.5456],[18.5814,50.5484],[18.5883,50.5472],[18.5978,50.5506],[18.6041,50.549],[18.6075,50.55],[18.6054,50.5527],[18.6162,50.5692],[18.6034,50.5676],[18.598,50.5686],[18.6004,50.5744],[18.5949,50.5728],[18.5912,50.576],[18.5955,50.5776],[18.5908,50.5778],[18.6017,50.6045],[18.5901,50.6064],[18.5873,50.6138],[18.5174,50.6255],[18.5132,50.6307],[18.5168,50.6396],[18.5064,50.6413],[18.5133,50.6581],[18.5228,50.6594],[18.4941,50.6643],[18.4968,50.6707],[18.5089,50.6737],[18.5039,50.6737],[18.4976,50.6789],[18.487,50.6786],[18.4855,50.6805],[18.4877,50.6815],[18.4841,50.6857],[18.4934,50.687],[18.4947,50.6906],[18.4994,50.6895],[18.5009,50.6938],[18.4926,50.6968],[18.4937,50.7005],[18.4783,50.7031],[18.4841,50.703],[18.4839,50.7083],[18.5005,50.7098],[18.5069,50.7132],[18.509,50.7261],[18.5234,50.7267],[18.5483,50.732],[18.5476,50.742],[18.5517,50.7523],[18.5555,50.7511],[18.5549,50.749],[18.5705,50.7447],[18.5722,50.749],[18.5774,50.7481],[18.5799,50.7504],[18.581,50.7525],[18.5723,50.7563],[18.5571,50.7568],[18.55,50.7596],[18.5349,50.7714],[18.5381,50.7742],[18.5343,50.7788],[18.5251,50.7764],[18.5272,50.7801],[18.5252,50.7862],[18.5161,50.7889],[18.5168,50.792],[18.5222,50.7917],[18.521,50.7969],[18.504,50.797],[18.5046,50.801],[18.5136,50.8035],[18.5246,50.8027],[18.5622,50.8089],[18.5629,50.8197],[18.558,50.8341],[18.5785,50.8443],[18.5882,50.8516],[18.6177,50.8546],[18.6191,50.8626],[18.6229,50.8652],[18.6246,50.871],[18.6285,50.8726],[18.6294,50.8794],[18.6337,50.8833],[18.637,50.8927],[18.6424,50.8958],[18.6423,50.8995],[18.6502,50.9064],[18.6547,50.9192],[18.6491,50.9268],[18.6493,50.9312],[18.6303,50.9312],[18.6124,50.9551],[18.6222,50.9656],[18.63,50.9638],[18.6385,50.9645],[18.6429,50.9655],[18.6459,50.9693],[18.6636,50.9706],[18.6636,50.9821],[18.6682,50.989],[18.6562,51.005],[18.667,51.0078],[18.6798,51.0083],[18.6954,51.0157],[18.672,51.0491],[18.6754,51.0533],[18.673,51.0569],[18.6971,51.0614],[18.7092,51.0656],[18.7204,51.0646],[18.7331,51.0664],[18.7394,51.0635],[18.7494,51.0623],[18.7775,51.0658],[18.8029,51.0634],[18.8007,51.0712],[18.8166,51.0729],[18.8179,51.0682],[18.8574,51.0726],[18.8565,51.0764],[18.8747,51.0674],[18.8835,51.059],[18.8933,51.0602],[18.9003,51.0624],[18.8955,51.0666],[18.9009,51.08],[18.9189,51.098],[18.923,51.0994],[18.9324,51.0931],[18.9397,51.0912],[18.946,51.0923],[18.9587,51.089],[18.9614,51.0849],[18.9699,51.0806],[18.9784,51.0806],[18.9849,51.0774],[18.9931,51.0762],[19.0002,51.0709],[19.0116,51.0664],[19.0091,51.0603],[19.0167,51.0519],[19.0453,51.0452],[19.0563,51.0399],[19.0537,51.0366],[19.0566,51.0321],[19.053,51.0333],[19.0539,51.0314],[19.0477,51.0295],[19.0497,51.0264],[19.0561,51.0242],[19.0727,51.0355],[19.089,51.0335],[19.1044,51.0263],[19.1091,51.0142],[19.1236,50.9996],[19.1328,50.9996],[19.1326,51.0027],[19.1285,51.0031],[19.1273,51.0059],[19.1327,51.0108],[19.1497,51.0096],[19.1449,51.0018],[19.1617,51.0006],[19.1611,51.0032],[19.1638,51.0033],[19.165,50.9946],[19.1762,50.9921],[19.1754,50.9902],[19.1788,50.9894],[19.1795,50.9914],[19.2065,50.9855],[19.2043,50.9824],[19.2144,50.9864],[19.2273,50.9867],[19.2348,50.9909],[19.2407,50.9904],[19.2461,50.9948],[19.2506,51.0054],[19.2533,51.0055],[19.2532,51.0025],[19.257,51.003],[19.2516,51.0159],[19.2437,51.0225],[19.2474,51.0302],[19.243,51.0367],[19.249,51.04],[19.2511,51.0398],[19.2499,51.0381],[19.2605,51.0349],[19.257,51.0331],[19.2614,51.0311],[19.2664,51.0321],[19.2735,51.0384],[19.282,51.0398],[19.2918,51.0455],[19.3012,51.0433],[19.3106,51.0477],[19.3227,51.0462],[19.3222,51.0441],[19.326,51.0438],[19.3314,51.0388],[19.3185,51.0282],[19.3186,51.0201],[19.3259,51.0189],[19.3266,51.0123],[19.3474,51.0109],[19.3622,51.0039],[19.3516,50.9959],[19.3562,50.9926],[19.3631,50.9924],[19.3676,50.9951],[19.3787,50.9952],[19.3867,51.0001],[19.3895,50.9988],[19.3893,51.0012],[19.3921,51.0009],[19.3961,50.9943],[19.3977,50.9962],[19.4021,50.994],[19.4007,50.9916],[19.4038,50.9899],[19.4018,50.9885],[19.4107,50.9807],[19.41,50.978],[19.4069,50.9784],[19.4034,50.9749],[19.4101,50.9712],[19.4098,50.974],[19.4148,50.9746],[19.4236,50.9713],[19.4322,50.9649],[19.438,50.9439],[19.4444,50.9398],[19.4465,50.9355],[19.4648,50.9273],[19.4633,50.9259],[19.4697,50.9175],[19.4682,50.9105],[19.4628,50.91],[19.4636,50.8958],[19.4731,50.8941],[19.4736,50.8918],[19.4672,50.8886],[19.4711,50.8859],[19.4838,50.8846],[19.4863,50.8797],[19.4898,50.8789],[19.4912,50.8802],[19.4976,50.8797],[19.5032,50.8864],[19.5023,50.8846],[19.5092,50.8811],[19.5258,50.8944],[19.5556,50.9012],[19.5644,50.9076],[19.5744,50.908],[19.5775,50.9072],[19.5774,50.9048],[19.5883,50.9042],[19.5878,50.9023],[19.5936,50.8999],[19.6139,50.8773],[19.618,50.8805],[19.6307,50.8787],[19.6387,50.8799],[19.6599,50.8754],[19.6615,50.8734],[19.6578,50.8633],[19.6614,50.8545],[19.6675,50.8541],[19.6701,50.8487],[19.6749,50.8476],[19.6785,50.8502],[19.6829,50.8452],[19.695,50.8436],[19.6957,50.8462],[19.6991,50.8443],[19.7279,50.8433],[19.7294,50.85],[19.7344,50.8493],[19.735,50.8509],[19.7423,50.8515],[19.7472,50.8573],[19.7435,50.8596],[19.7471,50.866]]],[[[19.7772,50.7757],[19.7765,50.7764],[19.7818,50.7793],[19.7772,50.7757]]],[[[19.7924,50.8103],[19.792,50.8111],[19.7941,50.8112],[19.7924,50.8103]]],[[[19.7951,50.8153],[19.794,50.8158],[19.795,50.8163],[19.7951,50.8153]]]]},"properties":{"id":1,"nazwa":"śląskie"},"id":0},{"type":"Feature","geometry":{"type":"Polygon","coordinates":[[[18.1637,51.1725],[18.1635,51.1677],[18.1662,51.1673],[18.1681,51.1636],[18.1833,51.1606],[18.1869,51.1571],[18.195,51.1581],[18.2214,51.1545],[18.2236,51.157],[18.2309,51.1558],[18.2377,51.1588],[18.2435,51.1561],[18.2483,51.1573],[18.2526,51.1558],[18.2596,51.1576],[18.265,51.156],[18.2703,51.1506],[18.2779,51.1477],[18.289,51.1465],[18.2997,51.1397],[18.3029,51.1403],[18.3052,51.1353],[18.315,51.134],[18.3233,51.1383],[18.3326,51.1392],[18.3574,51.136],[18.3672,51.1388],[18.3761,51.1309],[18.3817,51.1288],[18.3878,51.1299],[18.393,51.1264],[18.4023,51.1244],[18.4189,51.1259],[18.4219,51.1171],[18.4291,51.1176],[18.4298,51.1158],[18.4359,51.1143],[18.453,51.1148],[18.4645,51.12],[18.4697,51.1044],[18.4814,51.0997],[18.4783,51.0923],[18.4895,51.0907],[18.4987,51.0996],[18.5156,51.1043],[18.5197,51.108],[18.5166,51.1111],[18.5201,51.1162],[18.5164,51.1212],[18.5155,51.1336],[18.5208,51.1403],[18.537,51.1379],[18.5481,51.1411],[18.5537,51.1388],[18.5676,51.119],[18.5614,51.1112],[18.5623,51.1065],[18.5808,51.0903],[18.5776,51.082],[18.6083,51.0817],[18.6236,51.0772],[18.6268,51.0706],[18.6375,51.0634],[18.6484,51.0611],[18.6607,51.0546],[18.673,51.0569],[18.6754,51.0533],[18.672,51.0491],[18.6954,51.0157],[18.6798,51.0083],[18.667,51.0078],[18.6562,51.005],[18.6682,50.989],[18.6636,50.9821],[18.6636,50.9706],[18.6459,50.9693],[18.6429,50.9655],[18.6385,50.9645],[18.63,50.9638],[18.6222,50.9656],[18.6124,50.9551],[18.6303,50.9312],[18.6493,50.9312],[18.6491,50.9268],[18.6547,50.9192],[18.6502,50.9064],[18.6423,50.8995],[18.6424,50.8958],[18.637,50.8927],[18.6337,50.8833],[18.6294,50.8794],[18.6285,50.8726],[18.6246,50.871],[18.6229,50.8652],[18.6191,50.8626],[18.6177,50.8546],[18.5882,50.8516],[18.5785,50.8443],[18.558,50.8341],[18.5629,50.8197],[18.5622,50.8089],[18.5246,50.8027],[18.5136,50.8035],[18.5046,50.801],[18.504,50.797],[18.521,50.7969],[18.5222,50.7917],[18.5168,50.792],[18.5161,50.7889],[18.5252,50.7862],[18.5272,50.7801],[18.5251,50.7764],[18.5343,50.7788],[18.5381,50.7742],[18.5349,50.7714],[18.55,50.7596],[18.5571,50.7568],[18.5723,50.7563],[18.581,50.7525],[18.5799,50.7504],[18.5774,50.7481],[18.5722,50.749],[18.5705,50.7447],[18.5549,50.749],[18.5555,50.7511],[18.5517,50.7523],[18.5476,50.742],[18.5483,50.732],[18.5234,50.7267],[18.509,50.7261],[18.5069,50.7132],[18.5005,50.7098],[18.4839,50.7083],[18.4841,50.703],[18.4783,50.7031],[18.4937,50.7005],[18.4926,50.6968],[18.5009,50.6938],[18.4994,50.6895],[18.4947,50.6906],[18.4934,50.687],[18.4841,50.6857],[18.4877,50.6815],[18.4855,50.6805],[18.487,50.6786],[18.4976,50.6789],[18.5039,50.6737],[18.5089,50.6737],[18.4968,50.6707],[18.4941,50.6643],[18.5228,50.6594],[18.5133,50.6581],[18.5064,50.6413],[18.5168,50.6396],[18.5132,50.6307],[18.5174,50.6255],[18.5873,50.6138],[18.5901,50.6064],[18.6017,50.6045],[18.5908,50.5778],[18.5955,50.5776],[18.5912,50.576],[18.5949,50.5728],[18.6004,50.5744],[18.598,50.5686],[18.6034,50.5676],[18.6162,50.5692],[18.6054,50.5527],[18.6075,50.55],[18.6041,50.549],[18.5978,50.5506],[18.5883,50.5472],[18.5814,50.5484],[18.5799,50.5456],[18.5727,50.5481],[18.5573,50.5398],[18.4779,50.5527],[18.4597,50.5487],[18.4382,50.5466],[18.4299,50.5316],[18.4382,50.5272],[18.4429,50.513],[18.4465,50.5096],[18.4479,50.4994],[18.4665,50.4995],[18.4704,50.4796],[18.4744,50.4793],[18.475,50.4731],[18.4795,50.4735],[18.4793,50.4715],[18.486,50.4699],[18.4813,50.4583],[18.4688,50.4616],[18.452,50.4626],[18.4533,50.471],[18.4504,50.474],[18.4526,50.4769],[18.44,50.4807],[18.4348,50.4784],[18.4097,50.4746],[18.3838,50.4836],[18.3796,50.4817],[18.3796,50.4788],[18.3838,50.4612],[18.3869,50.4588],[18.383,50.4572],[18.3864,50.4528],[18.3825,50.4524],[18.3818,50.449],[18.3874,50.4453],[18.3891,50.4398],[18.3872,50.4323],[18.376,50.4265],[18.3663,50.4262],[18.3671,50.4203],[18.3649,50.4191],[18.3698,50.4158],[18.3699,50.4158],[18.3698,50.4158],[18.3699,50.4158],[18.3698,50.4158],[18.3699,50.4158],[18.3698,50.4158],[18.3699,50.4158],[18.3781,50.4135],[18.3855,50.4041],[18.3847,50.4004],[18.3963,50.389],[18.3906,50.3854],[18.385,50.3847],[18.385,50.3804],[18.3823,50.3815],[18.3772,50.381],[18.3772,50.3791],[18.3739,50.3799],[18.3765,50.3761],[18.3882,50.3745],[18.3886,50.3704],[18.3725,50.3716],[18.3728,50.3611],[18.3577,50.3566],[18.3716,50.347],[18.3939,50.3385],[18.4008,50.3289],[18.3981,50.3232],[18.4057,50.3243],[18.4067,50.3228],[18.409,50.3172],[18.3921,50.3134],[18.3932,50.3054],[18.4043,50.2963],[18.4076,50.2899],[18.3935,50.2765],[18.4061,50.2771],[18.4178,50.2745],[18.427,50.2687],[18.4261,50.2616],[18.4203,50.2615],[18.4259,50.249],[18.4208,50.2491],[18.4059,50.2547],[18.3989,50.2538],[18.3855,50.2556],[18.3766,50.2539],[18.3544,50.2579],[18.3621,50.2473],[18.3469,50.2473],[18.3339,50.2453],[18.3249,50.2409],[18.313,50.2407],[18.3132,50.2358],[18.3084,50.2308],[18.2964,50.2303],[18.2952,50.2285],[18.2752,50.2249],[18.2712,50.2204],[18.2528,50.2231],[18.2489,50.2169],[18.2374,50.2147],[18.2352,50.202],[18.2416,50.1971],[18.2494,50.1978],[18.2492,50.1926],[18.2051,50.1903],[18.1855,50.1869],[18.186,50.181],[18.1624,50.1891],[18.1454,50.1795],[18.1439,50.181],[18.1379,50.1796],[18.1335,50.1844],[18.1205,50.1792],[18.1228,50.1748],[18.1105,50.1673],[18.1037,50.1708],[18.1015,50.1809],[18.1012,50.1779],[18.0833,50.1757],[18.0711,50.1706],[18.067,50.1727],[18.0649,50.1718],[18.062,50.1757],[18.0579,50.1733],[18.064,50.1678],[18.0566,50.1639],[18.0588,50.163],[18.0566,50.1607],[18.0661,50.157],[18.0557,50.1449],[18.0535,50.1457],[18.0502,50.1381],[18.0547,50.1336],[18.068,50.1295],[18.0671,50.1239],[18.0608,50.1159],[18.0723,50.1098],[18.0663,50.1065],[18.0614,50.1001],[18.0568,50.0867],[18.035,50.0658],[18.0202,50.0605],[18.012,50.0547],[18.0052,50.0535],[18.0066,50.0447],[18.0043,50.0378],[18.0088,50.0313],[18.0131,50.0302],[18.0178,50.0314],[18.0247,50.0388],[18.0444,50.0366],[18.049,50.0275],[18.0429,50.022],[18.0463,50.0159],[18.0425,50.0157],[18.0412,50.0134],[18.0457,50.0103],[18.0455,50.0051],[18.0354,50.011],[18.0075,50.0107],[18.0045,50.0183],[17.9893,50.0135],[17.9842,50.0055],[17.9684,50.0089],[17.9619,50.005],[17.954,50.0051],[17.9229,49.9787],[17.9092,49.9765],[17.8895,49.9801],[17.8686,49.9725],[17.8617,49.9805],[17.8568,49.9798],[17.8545,49.9828],[17.8512,49.9828],[17.8502,49.9869],[17.8423,49.987],[17.8378,49.9923],[17.8339,49.9898],[17.8266,49.9942],[17.8369,50.0036],[17.8277,50.0113],[17.7981,50.0135],[17.7927,50.019],[17.7893,50.0173],[17.7853,50.0202],[17.7779,50.0201],[17.7716,50.0253],[17.7772,50.0309],[17.7752,50.0351],[17.771,50.0353],[17.7695,50.0374],[17.7733,50.0424],[17.7706,50.0439],[17.7716,50.0484],[17.7687,50.0515],[17.7614,50.0536],[17.7639,50.0562],[17.761,50.0589],[17.7566,50.0587],[17.7584,50.0596],[17.7548,50.0622],[17.7595,50.0642],[17.7564,50.0659],[17.759,50.0676],[17.7523,50.0699],[17.7488,50.0789],[17.7404,50.0808],[17.7299,50.0877],[17.7309,50.0972],[17.7185,50.1059],[17.7051,50.1144],[17.6965,50.117],[17.6833,50.1173],[17.6766,50.103],[17.6616,50.1088],[17.6503,50.1108],[17.6403,50.1307],[17.6108,50.1401],[17.6058,50.149],[17.5927,50.1599],[17.6044,50.1709],[17.6189,50.1712],[17.6257,50.1692],[17.6282,50.1716],[17.6282,50.1717],[17.6282,50.1716],[17.6282,50.1717],[17.6282,50.1716],[17.6282,50.1717],[17.6282,50.1716],[17.6282,50.1717],[17.6293,50.1726],[17.6293,50.1727],[17.6293,50.1726],[17.6293,50.1727],[17.6293,50.1726],[17.6293,50.1727],[17.6293,50.1726],[17.6293,50.1727],[17.6473,50.1766],[17.6661,50.1779],[17.6799,50.1827],[17.6856,50.1819],[17.7047,50.1849],[17.7042,50.1895],[17.711,50.1929],[17.7101,50.1992],[17.7173,50.2024],[17.7174,50.2057],[17.7242,50.2066],[17.7346,50.2025],[17.7411,50.2021],[17.7481,50.2053],[17.7585,50.2066],[17.76,50.2167],[17.7566,50.2214],[17.765,50.2364],[17.725,50.2567],[17.7256,50.2723],[17.7346,50.2776],[17.743,50.291],[17.7492,50.2947],[17.7521,50.2995],[17.7291,50.3034],[17.7225,50.3177],[17.719,50.3203],[17.6869,50.328],[17.6891,50.3019],[17.6757,50.2922],[17.6684,50.2908],[17.6578,50.2849],[17.6507,50.2777],[17.6417,50.2761],[17.6173,50.2669],[17.6059,50.267],[17.5981,50.2707],[17.5978,50.2737],[17.5977,50.2737],[17.5978,50.2737],[17.5977,50.2737],[17.5978,50.2737],[17.5977,50.2737],[17.5978,50.2737],[17.5977,50.2737],[17.5913,50.2789],[17.5867,50.278],[17.5866,50.278],[17.5867,50.278],[17.5866,50.278],[17.5867,50.278],[17.5866,50.278],[17.5867,50.278],[17.5866,50.278],[17.5807,50.2779],[17.5733,50.275],[17.5733,50.2749],[17.5733,50.275],[17.5632,50.2703],[17.5427,50.2703],[17.5241,50.275],[17.4956,50.2751],[17.4635,50.2671],[17.4578,50.2701],[17.4545,50.2565],[17.4375,50.2517],[17.4297,50.2542],[17.4277,50.2586],[17.4312,50.2631],[17.4207,50.2774],[17.4069,50.2739],[17.4008,50.2796],[17.3888,50.2828],[17.3733,50.2827],[17.3661,50.2821],[17.3631,50.2796],[17.3625,50.2643],[17.3577,50.2653],[17.3498,50.2639],[17.3432,50.2748],[17.344,50.2791],[17.3379,50.2835],[17.3482,50.2874],[17.3447,50.2913],[17.3463,50.2985],[17.3537,50.308],[17.3486,50.3118],[17.3376,50.3132],[17.3405,50.3227],[17.3482,50.3228],[17.3487,50.3283],[17.3278,50.3271],[17.3112,50.3202],[17.2898,50.3175],[17.2825,50.3189],[17.2638,50.3282],[17.2479,50.3318],[17.2421,50.3373],[17.2233,50.3461],[17.2131,50.3575],[17.2011,50.364],[17.1991,50.3751],[17.2038,50.3861],[17.1841,50.3899],[17.1795,50.3862],[17.1625,50.3837],[17.1572,50.3801],[17.153,50.3815],[17.1433,50.3804],[17.1235,50.3941],[17.1111,50.3937],[17.1108,50.405],[17.085,50.4058],[17.0823,50.402],[17.0694,50.4055],[17.0531,50.4069],[17.0375,50.4149],[17.0303,50.4151],[17.0243,50.4214],[17.0183,50.4214],[17.0135,50.4186],[16.9983,50.4277],[16.9825,50.4197],[16.974,50.4178],[16.9616,50.4268],[16.9461,50.434],[16.9219,50.4405],[16.9079,50.4494],[16.9144,50.4498],[16.9403,50.4611],[16.945,50.468],[16.9418,50.4681],[16.9474,50.4802],[16.959,50.4878],[16.9652,50.4881],[16.9683,50.4844],[16.9709,50.4849],[16.9701,50.4882],[16.9739,50.4891],[16.9763,50.4821],[16.9805,50.4824],[16.976,50.4756],[16.9823,50.4738],[16.9859,50.4765],[16.9928,50.4749],[16.9964,50.4777],[17.006,50.4744],[17.0073,50.4794],[17.0201,50.4803],[17.0173,50.4736],[17.0251,50.4708],[17.0166,50.4685],[17.0192,50.4651],[17.027,50.4662],[17.0409,50.4632],[17.0516,50.4654],[17.055,50.4692],[17.0509,50.4716],[17.0546,50.4757],[17.0605,50.4751],[17.0626,50.4766],[17.0602,50.4808],[17.0624,50.4811],[17.0621,50.4839],[17.0587,50.485],[17.0643,50.4889],[17.0588,50.4917],[17.0626,50.497],[17.0575,50.5003],[17.0567,50.5049],[17.0661,50.5124],[17.0738,50.5145],[17.0748,50.5171],[17.0743,50.5226],[17.0696,50.524],[17.0629,50.5302],[17.0613,50.5369],[17.0637,50.5423],[17.0687,50.5445],[17.0757,50.556],[17.0941,50.5644],[17.0992,50.5759],[17.1113,50.5868],[17.1149,50.5874],[17.1219,50.6075],[17.1864,50.6163],[17.2195,50.6158],[17.236,50.6132],[17.2442,50.6188],[17.2427,50.628],[17.2343,50.6319],[17.2302,50.6407],[17.235,50.6455],[17.2354,50.6496],[17.2389,50.6508],[17.2325,50.6551],[17.238,50.6577],[17.2389,50.6612],[17.2395,50.6713],[17.2347,50.6811],[17.2472,50.6821],[17.2591,50.6905],[17.2202,50.7014],[17.2208,50.7137],[17.2257,50.7156],[17.2291,50.7147],[17.2288,50.7173],[17.2389,50.7154],[17.2406,50.7184],[17.2478,50.7194],[17.252,50.7177],[17.2632,50.7299],[17.2625,50.7391],[17.2698,50.7403],[17.2756,50.7446],[17.2858,50.743],[17.2943,50.7376],[17.3011,50.743],[17.2914,50.7465],[17.2976,50.7533],[17.2795,50.7609],[17.2684,50.7679],[17.2695,50.7705],[17.2542,50.7721],[17.2562,50.7746],[17.2712,50.7805],[17.2734,50.7879],[17.2849,50.7923],[17.2859,50.7949],[17.3085,50.7878],[17.3331,50.787],[17.3451,50.7843],[17.3462,50.7879],[17.352,50.7904],[17.3547,50.7948],[17.3492,50.8026],[17.3502,50.8076],[17.3395,50.8083],[17.3275,50.8186],[17.3183,50.8211],[17.3371,50.8256],[17.3434,50.8294],[17.3406,50.8351],[17.3304,50.8446],[17.3282,50.8506],[17.3346,50.8522],[17.3467,50.8519],[17.3649,50.8595],[17.3842,50.862],[17.3851,50.8756],[17.3951,50.8755],[17.3939,50.8878],[17.3979,50.8893],[17.3525,50.9007],[17.3704,50.9182],[17.3694,50.9257],[17.3816,50.9247],[17.4002,50.9201],[17.4075,50.9107],[17.4208,50.9126],[17.4272,50.9106],[17.429,50.9146],[17.4364,50.917],[17.4315,50.9184],[17.4297,50.9238],[17.4395,50.9368],[17.4309,50.9459],[17.4338,50.9543],[17.4314,50.9671],[17.45,50.9717],[17.464,50.9783],[17.4691,50.9719],[17.5016,50.9756],[17.5049,50.9697],[17.5094,50.9694],[17.5131,50.9724],[17.5149,50.9797],[17.5047,50.985],[17.4954,50.985],[17.4907,50.9882],[17.4992,50.9927],[17.5043,50.9886],[17.5181,50.9872],[17.5349,50.9901],[17.5384,50.9892],[17.5424,50.9912],[17.542,51.0025],[17.5283,51.0025],[17.5213,51.0057],[17.522,51.0091],[17.5143,51.0116],[17.5185,51.0174],[17.5189,51.0254],[17.5272,51.0316],[17.5349,51.0432],[17.5255,51.0491],[17.5212,51.0484],[17.5191,51.0503],[17.5213,51.0536],[17.5239,51.0534],[17.5245,51.0585],[17.5187,51.0588],[17.5243,51.0652],[17.5331,51.0689],[17.5582,51.0678],[17.5644,51.0731],[17.5821,51.0818],[17.5624,51.0926],[17.5719,51.1062],[17.5782,51.1108],[17.5715,51.1176],[17.5764,51.1294],[17.5656,51.1335],[17.5677,51.1378],[17.5455,51.1436],[17.5447,51.1545],[17.5586,51.1568],[17.5664,51.1614],[17.5679,51.1659],[17.5782,51.1622],[17.5893,51.1713],[17.5989,51.1679],[17.5971,51.1711],[17.6027,51.1759],[17.5966,51.1785],[17.6066,51.1896],[17.6115,51.1905],[17.6131,51.1873],[17.6195,51.1844],[17.6206,51.1754],[17.6404,51.1731],[17.6394,51.1681],[17.6559,51.1666],[17.6591,51.1634],[17.6693,51.1608],[17.6742,51.1641],[17.6828,51.1657],[17.6822,51.1671],[17.7002,51.1634],[17.6984,51.1722],[17.7044,51.1739],[17.739,51.1743],[17.7495,51.1791],[17.7538,51.1868],[17.7798,51.1832],[17.783,51.1883],[17.7941,51.1893],[17.7953,51.1941],[17.8103,51.1903],[17.8131,51.1869],[17.8257,51.1946],[17.84,51.19],[17.848,51.1835],[17.8512,51.1724],[17.8421,51.1605],[17.8324,51.1384],[17.8315,51.1373],[17.8211,51.1399],[17.8131,51.1379],[17.8122,51.1325],[17.8171,51.1323],[17.8191,51.1222],[17.8225,51.1183],[17.8291,51.1193],[17.8391,51.1165],[17.8491,51.1167],[17.8517,51.1128],[17.8635,51.1146],[17.8686,51.1106],[17.8753,51.1118],[17.8801,51.1054],[17.8854,51.1037],[17.909,51.1078],[17.9223,51.114],[17.925,51.1115],[17.9316,51.1134],[17.9395,51.1089],[17.9952,51.1216],[18.0038,51.1219],[18.0151,51.1271],[18.0394,51.131],[18.0503,51.1351],[18.0596,51.1416],[18.0731,51.1447],[18.0754,51.147],[18.068,51.15],[18.0818,51.1545],[18.0772,51.157],[18.0735,51.1546],[18.0705,51.1556],[18.0705,51.1593],[18.0728,51.1588],[18.0782,51.1662],[18.0819,51.1661],[18.0938,51.1566],[18.1021,51.1588],[18.1044,51.1536],[18.126,51.1691],[18.1372,51.172],[18.1514,51.1713],[18.1611,51.1747],[18.1637,51.1725]]]},"properties":{"id":2,"nazwa":"opolskie"},"id":1},{"type":"Feature","geometry":{"type":"Polygon","coordinates":[[[16.8922,53.6559],[16.9,53.6396],[16.8957,53.6362],[16.8994,53.6338],[16.8934,53.6285],[16.902,53.6268],[16.8962,53.6211],[16.9023,53.6182],[16.906,53.6132],[16.91,53.6129],[16.9122,53.6069],[16.9191,53.6048],[16.9143,53.6016],[16.9223,53.6001],[16.9254,53.5973],[16.9239,53.5929],[16.9296,53.5918],[16.934,53.5847],[16.9405,53.5841],[16.941,53.5817],[16.9373,53.5791],[16.9399,53.576],[16.9383,53.5727],[16.9436,53.5698],[16.9438,53.5633],[16.9491,53.5588],[16.9488,53.5484],[16.9515,53.5432],[16.9532,53.5419],[16.9581,53.5479],[16.9679,53.5479],[16.9811,53.5568],[16.9887,53.5539],[16.9918,53.5554],[16.9957,53.5515],[17.0005,53.5519],[17.0065,53.5346],[16.9931,53.5316],[16.9914,53.529],[16.9923,53.5256],[17.0008,53.5251],[16.9998,53.518],[17.012,53.5202],[17.0325,53.5155],[17.0487,53.5201],[17.0585,53.5204],[17.0646,53.5232],[17.0652,53.5265],[17.0738,53.5328],[17.0841,53.5367],[17.0898,53.5427],[17.1013,53.5425],[17.1175,53.5365],[17.1337,53.5359],[17.1426,53.5313],[17.1614,53.5278],[17.1645,53.5307],[17.1835,53.5345],[17.1973,53.5323],[17.2104,53.5361],[17.2166,53.5337],[17.2312,53.5343],[17.2445,53.5312],[17.2707,53.5372],[17.2722,53.5346],[17.2822,53.5337],[17.2961,53.5246],[17.3026,53.5291],[17.3049,53.5285],[17.31,53.5242],[17.3055,53.5127],[17.3245,53.513],[17.3267,53.5028],[17.3388,53.5025],[17.3404,53.5016],[17.3365,53.4977],[17.3412,53.4953],[17.3495,53.4955],[17.3507,53.4935],[17.3633,53.4972],[17.3733,53.4947],[17.3773,53.4964],[17.3867,53.4967],[17.387,53.4911],[17.3907,53.491],[17.3941,53.4903],[17.3825,53.4686],[17.3733,53.467],[17.3629,53.4585],[17.3519,53.4535],[17.3457,53.4532],[17.3444,53.4498],[17.3397,53.4501],[17.3288,53.4351],[17.3241,53.4327],[17.3158,53.4317],[17.3099,53.4266],[17.2947,53.4218],[17.295,53.4193],[17.2901,53.415],[17.2961,53.4059],[17.2915,53.3991],[17.2852,53.3943],[17.2664,53.3878],[17.2585,53.3808],[17.2493,53.3804],[17.2473,53.375],[17.2533,53.3681],[17.257,53.367],[17.2566,53.3636],[17.2641,53.3634],[17.2939,53.3533],[17.3086,53.3521],[17.3252,53.3472],[17.3325,53.3487],[17.3382,53.3477],[17.3407,53.345],[17.3385,53.3419],[17.3421,53.3372],[17.3539,53.3344],[17.3578,53.3273],[17.3534,53.3239],[17.355,53.321],[17.3596,53.3181],[17.3656,53.3181],[17.3692,53.3138],[17.3788,53.3118],[17.3806,53.306],[17.3847,53.307],[17.3876,53.2987],[17.4013,53.2936],[17.3925,53.2909],[17.3944,53.2892],[17.4073,53.2825],[17.4105,53.2871],[17.4201,53.2833],[17.4383,53.2675],[17.4237,53.2553],[17.4185,53.2534],[17.4279,53.2464],[17.4127,53.2414],[17.4173,53.231],[17.4051,53.2268],[17.3901,53.2283],[17.3689,53.2268],[17.3631,53.2232],[17.3319,53.2178],[17.3337,53.2154],[17.329,53.214],[17.3216,53.2163],[17.3211,53.2115],[17.3343,53.2085],[17.3458,53.2011],[17.3443,53.1978],[17.3471,53.1963],[17.3352,53.1795],[17.3369,53.1715],[17.3469,53.1638],[17.3422,53.1587],[17.3354,53.1556],[17.3531,53.1548],[17.3513,53.151],[17.374,53.1486],[17.3928,53.142],[17.3899,53.1416],[17.3904,53.1377],[17.3871,53.1376],[17.3871,53.1337],[17.3526,53.1311],[17.357,53.1239],[17.3596,53.1241],[17.3609,53.1174],[17.3572,53.0872],[17.3345,53.0774],[17.3239,53.0783],[17.3306,53.0512],[17.3367,53.0427],[17.3334,53.0191],[17.3223,53.0183],[17.3188,53.0205],[17.3154,53.0191],[17.3132,53.0117],[17.3059,53.0039],[17.3016,52.9948],[17.317,52.99],[17.3188,52.9871],[17.3169,52.974],[17.3495,52.9723],[17.3605,52.9752],[17.3686,52.9733],[17.3946,52.9824],[17.411,52.971],[17.4236,52.9684],[17.4339,52.9618],[17.4484,52.957],[17.4573,52.9509],[17.4699,52.9483],[17.4854,52.95],[17.4913,52.9458],[17.4983,52.9325],[17.5186,52.928],[17.5096,52.9178],[17.5148,52.9018],[17.519,52.8968],[17.5183,52.8857],[17.5284,52.8848],[17.5233,52.8742],[17.5271,52.8582],[17.5233,52.8555],[17.5133,52.8549],[17.5158,52.8385],[17.5123,52.8318],[17.5196,52.8271],[17.521,52.8215],[17.514,52.8181],[17.5132,52.8096],[17.5045,52.8041],[17.5071,52.8011],[17.5054,52.7986],[17.5098,52.7958],[17.5033,52.7867],[17.4982,52.7849],[17.4741,52.7876],[17.4604,52.7868],[17.4604,52.7906],[17.4528,52.7972],[17.4431,52.7879],[17.4324,52.7839],[17.4273,52.7863],[17.4159,52.7838],[17.4107,52.7853],[17.413,52.7775],[17.4081,52.7715],[17.4117,52.7685],[17.4225,52.7666],[17.4213,52.7647],[17.4139,52.7667],[17.4143,52.7624],[17.4078,52.7618],[17.4097,52.757],[17.4052,52.7583],[17.4044,52.7567],[17.4162,52.7556],[17.4187,52.7513],[17.43,52.7522],[17.4393,52.7504],[17.4585,52.7389],[17.4706,52.7372],[17.4693,52.7336],[17.4792,52.7324],[17.4897,52.7273],[17.487,52.7257],[17.4875,52.7213],[17.4806,52.7168],[17.4801,52.7114],[17.5003,52.7111],[17.5004,52.7086],[17.4953,52.704],[17.4787,52.7066],[17.4755,52.705],[17.4729,52.7023],[17.4746,52.6958],[17.4712,52.6918],[17.4718,52.6857],[17.4672,52.6804],[17.4847,52.682],[17.4822,52.6877],[17.4852,52.6888],[17.4897,52.6844],[17.5008,52.6846],[17.5061,52.6731],[17.5168,52.6742],[17.5245,52.6725],[17.5234,52.6775],[17.5273,52.6815],[17.5461,52.6909],[17.5573,52.6882],[17.5669,52.6929],[17.5744,52.6917],[17.5781,52.6952],[17.5791,52.705],[17.6004,52.7051],[17.6146,52.703],[17.6191,52.7063],[17.6276,52.7082],[17.6404,52.6924],[17.6477,52.6903],[17.6395,52.6824],[17.631,52.6782],[17.6304,52.6732],[17.636,52.6713],[17.6388,52.6638],[17.6303,52.6549],[17.6352,52.6506],[17.6345,52.6471],[17.6381,52.6485],[17.6465,52.6448],[17.6776,52.6486],[17.6816,52.6507],[17.6817,52.6471],[17.6767,52.6441],[17.6754,52.6402],[17.6824,52.6251],[17.6751,52.6168],[17.6781,52.6024],[17.6901,52.6023],[17.7033,52.6163],[17.7047,52.6128],[17.6994,52.6098],[17.7039,52.6045],[17.7136,52.615],[17.7407,52.6298],[17.7491,52.6325],[17.7445,52.6425],[17.7333,52.6357],[17.7264,52.6361],[17.7241,52.6333],[17.7213,52.6331],[17.7162,52.6397],[17.7324,52.6469],[17.7364,52.6505],[17.7506,52.6515],[17.7585,52.654],[17.7609,52.6569],[17.7653,52.6556],[17.7605,52.6495],[17.7665,52.6385],[17.76,52.6394],[17.7606,52.6343],[17.7781,52.6369],[17.7803,52.6486],[17.7867,52.6515],[17.79,52.6491],[17.7941,52.6499],[17.8136,52.6446],[17.8182,52.6409],[17.827,52.6426],[17.8289,52.6364],[17.825,52.6359],[17.8255,52.6345],[17.8446,52.6282],[17.8608,52.6297],[17.8768,52.6339],[17.8765,52.6286],[17.9014,52.6118],[17.9059,52.6108],[17.9153,52.6127],[17.909,52.608],[17.9101,52.6005],[17.9077,52.5955],[17.9124,52.595],[17.921,52.5983],[17.9163,52.5949],[17.9076,52.5932],[17.9006,52.5863],[17.9051,52.5855],[17.9044,52.5833],[17.9181,52.5804],[17.9164,52.5756],[17.9251,52.5739],[17.9246,52.572],[17.9327,52.5712],[17.9287,52.584],[17.9336,52.5877],[17.9367,52.587],[17.9327,52.5825],[17.9463,52.5783],[17.9463,52.5687],[17.9534,52.5682],[17.9553,52.5702],[17.9613,52.5705],[17.9597,52.5753],[17.9702,52.5755],[17.9721,52.5673],[17.965,52.5666],[17.9647,52.5653],[17.9742,52.5631],[17.9763,52.5677],[17.9825,52.5671],[17.9811,52.5645],[17.9836,52.5643],[17.9859,52.5682],[17.9847,52.5771],[17.9869,52.5774],[17.9916,52.5638],[17.9855,52.5556],[17.9901,52.5498],[17.9874,52.5431],[17.9977,52.5414],[17.9982,52.5504],[18.0026,52.555],[18.0227,52.555],[18.0343,52.5495],[18.0514,52.5472],[18.051,52.5448],[18.0595,52.5428],[18.0589,52.5477],[18.0627,52.5476],[18.0644,52.5517],[18.0954,52.5531],[18.1055,52.5444],[18.1068,52.5385],[18.1012,52.537],[18.1001,52.5331],[18.0918,52.5317],[18.0926,52.5241],[18.0902,52.5205],[18.1063,52.5138],[18.1242,52.5164],[18.125,52.5071],[18.1306,52.5072],[18.1361,52.505],[18.1546,52.5095],[18.1824,52.5037],[18.1987,52.5048],[18.2026,52.5006],[18.2002,52.4863],[18.2046,52.4832],[18.2203,52.4827],[18.2211,52.484],[18.2354,52.4853],[18.2413,52.488],[18.2602,52.4812],[18.2663,52.4863],[18.2719,52.4868],[18.2755,52.4914],[18.2942,52.4997],[18.2943,52.4997],[18.2942,52.4997],[18.2943,52.4997],[18.2942,52.4997],[18.2943,52.4997],[18.2942,52.4997],[18.2943,52.4997],[18.2989,52.4992],[18.3013,52.5023],[18.3061,52.5029],[18.3452,52.5217],[18.3462,52.5238],[18.34,52.5303],[18.3399,52.5375],[18.3525,52.5434],[18.3772,52.5375],[18.3766,52.5363],[18.3859,52.532],[18.385,52.5291],[18.388,52.5269],[18.3868,52.5236],[18.3833,52.5224],[18.3759,52.5039],[18.387,52.4849],[18.3844,52.4826],[18.385,52.4746],[18.3917,52.4702],[18.4,52.4741],[18.4035,52.4703],[18.405,52.4728],[18.4079,52.4716],[18.409,52.473],[18.4197,52.4732],[18.4228,52.4795],[18.4271,52.4799],[18.4372,52.4792],[18.441,52.4807],[18.449,52.4775],[18.4635,52.4766],[18.4669,52.4819],[18.4622,52.4904],[18.4725,52.4895],[18.4736,52.4921],[18.4863,52.4981],[18.4855,52.5028],[18.4905,52.5048],[18.4977,52.5023],[18.5266,52.4988],[18.5267,52.4988],[18.5266,52.4988],[18.5267,52.4988],[18.5266,52.4988],[18.5267,52.4988],[18.5266,52.4988],[18.5267,52.4988],[18.5323,52.497],[18.5304,52.494],[18.5334,52.4914],[18.5397,52.4909],[18.5357,52.4833],[18.5389,52.4827],[18.5383,52.4812],[18.5427,52.4857],[18.5478,52.484],[18.5597,52.4841],[18.5627,52.473],[18.5601,52.4633],[18.5741,52.4652],[18.5738,52.464],[18.589,52.4616],[18.5901,52.4681],[18.593,52.4694],[18.6025,52.4639],[18.6087,52.4555],[18.6261,52.4557],[18.642,52.4534],[18.6501,52.4503],[18.6488,52.4395],[18.6542,52.4333],[18.658,52.4219],[18.6697,52.4242],[18.6699,52.4216],[18.6768,52.4232],[18.6847,52.4279],[18.6771,52.4176],[18.6832,52.4096],[18.6794,52.4008],[18.712,52.4007],[18.7152,52.3986],[18.7183,52.39],[18.7246,52.3885],[18.7322,52.38],[18.7325,52.3736],[18.7399,52.3736],[18.7392,52.3692],[18.7435,52.3663],[18.7424,52.3647],[18.7476,52.3627],[18.7532,52.3634],[18.7511,52.3463],[18.7534,52.345],[18.7521,52.3382],[18.7558,52.3318],[18.7613,52.3335],[18.7601,52.3364],[18.766,52.3361],[18.7722,52.3329],[18.7786,52.3344],[18.7804,52.342],[18.7872,52.3421],[18.8142,52.3524],[18.8191,52.3474],[18.8245,52.3482],[18.8275,52.344],[18.8319,52.3452],[18.8356,52.3431],[18.8401,52.3459],[18.8434,52.3452],[18.8514,52.3487],[18.8555,52.3484],[18.8699,52.3601],[18.8741,52.3603],[18.8771,52.3631],[18.88,52.3638],[18.8897,52.3595],[18.8927,52.3631],[18.9048,52.3632],[18.9067,52.3653],[18.9125,52.3662],[18.9102,52.3783],[18.9205,52.3758],[18.9289,52.3781],[18.9208,52.3989],[18.9244,52.3999],[18.9316,52.3938],[18.9408,52.3915],[18.9447,52.3845],[18.953,52.379],[18.9695,52.3778],[18.9754,52.375],[18.9769,52.3707],[18.9735,52.3699],[18.98,52.3646],[18.9669,52.3612],[18.9694,52.3555],[18.9822,52.3565],[18.9993,52.353],[19.0081,52.3493],[19.0053,52.3398],[19.02,52.3379],[19.029,52.3321],[19.0471,52.3328],[19.045,52.3185],[19.0312,52.318],[19.0307,52.3159],[19.0363,52.3154],[19.0385,52.2993],[19.0457,52.2957],[19.038,52.2799],[19.0302,52.2711],[19.0315,52.2698],[19.05,52.2734],[19.0604,52.2719],[19.0743,52.2734],[19.078,52.2706],[19.0868,52.2694],[19.0948,52.2706],[19.1003,52.2659],[19.1014,52.2493],[19.105,52.2415],[19.1025,52.2425],[19.0805,52.2385],[19.0799,52.2307],[19.0709,52.2284],[19.0733,52.2228],[19.0821,52.2228],[19.0898,52.2067],[19.0776,52.2001],[19.0524,52.2126],[19.0202,52.2154],[18.9995,52.2111],[18.9922,52.2145],[18.9804,52.2075],[18.972,52.2072],[18.9703,52.2026],[18.9661,52.2025],[18.9657,52.2058],[18.9641,52.2024],[18.9636,52.2064],[18.951,52.1954],[18.9433,52.1994],[18.9401,52.1975],[18.9306,52.1992],[18.9278,52.1956],[18.9241,52.1962],[18.9182,52.186],[18.9156,52.1608],[18.9087,52.1526],[18.9111,52.1327],[18.9133,52.13],[18.9316,52.1232],[18.9425,52.1279],[18.9498,52.1193],[18.944,52.1033],[18.94,52.1011],[18.9308,52.1043],[18.9251,52.0793],[18.9182,52.0793],[18.9183,52.0781],[18.9112,52.0803],[18.9051,52.0796],[18.9043,52.0824],[18.9001,52.0838],[18.8947,52.0809],[18.8855,52.08],[18.8767,52.0851],[18.8709,52.0844],[18.8667,52.0875],[18.8656,52.0857],[18.8623,52.0869],[18.8518,52.085],[18.8534,52.0814],[18.8421,52.0802],[18.8399,52.0717],[18.8278,52.0642],[18.8194,52.0651],[18.8195,52.0695],[18.8162,52.0706],[18.8147,52.0682],[18.8027,52.0658],[18.7951,52.0614],[18.7865,52.061],[18.7638,52.0675],[18.7528,52.0765],[18.7238,52.0649],[18.7232,52.0662],[18.7183,52.0657],[18.7225,52.0547],[18.7166,52.0436],[18.7191,52.0401],[18.7165,52.0323],[18.727,52.0236],[18.7303,52.0143],[18.726,52.0131],[18.7269,52.0106],[18.7346,52.0027],[18.7176,51.995],[18.7171,51.9929],[18.7263,51.9854],[18.7306,51.9853],[18.7339,51.9726],[18.7332,51.9682],[18.7155,51.9701],[18.715,51.9682],[18.724,51.9572],[18.7284,51.9579],[18.7298,51.9547],[18.7382,51.9627],[18.7417,51.9571],[18.7412,51.9507],[18.7361,51.9446],[18.7416,51.9451],[18.7435,51.9435],[18.7425,51.9371],[18.7679,51.9278],[18.7484,51.9071],[18.7368,51.901],[18.7393,51.899],[18.7354,51.8955],[18.7404,51.893],[18.7286,51.8863],[18.7249,51.8807],[18.7212,51.8807],[18.7233,51.8796],[18.721,51.8735],[18.7233,51.8721],[18.7128,51.8693],[18.7087,51.8711],[18.6968,51.8657],[18.6982,51.8546],[18.701,51.8529],[18.6999,51.8502],[18.6947,51.8499],[18.6954,51.8484],[18.6995,51.8486],[18.6928,51.8451],[18.6911,51.8318],[18.6885,51.8337],[18.6866,51.8329],[18.6905,51.8285],[18.6886,51.8225],[18.6845,51.8208],[18.6723,51.8247],[18.6691,51.8238],[18.6654,51.8264],[18.6486,51.8268],[18.6425,51.8339],[18.6303,51.8308],[18.6132,51.8344],[18.6103,51.8395],[18.5949,51.8481],[18.5671,51.8442],[18.55,51.8454],[18.5465,51.8429],[18.535,51.8417],[18.5346,51.8361],[18.5155,51.8342],[18.5099,51.8423],[18.5105,51.8507],[18.5073,51.8544],[18.4942,51.8527],[18.4869,51.8494],[18.4721,51.851],[18.4686,51.8444],[18.4713,51.8411],[18.4646,51.838],[18.4638,51.8345],[18.4671,51.8317],[18.4629,51.8314],[18.4627,51.8298],[18.467,51.8296],[18.4719,51.8199],[18.447,51.8272],[18.4393,51.8255],[18.4443,51.7985],[18.4374,51.7977],[18.4369,51.7936],[18.426,51.7924],[18.4291,51.8016],[18.4244,51.8006],[18.4243,51.7928],[18.4093,51.7917],[18.42,51.7795],[18.4254,51.7775],[18.4263,51.7736],[18.4293,51.7732],[18.4322,51.7648],[18.4299,51.7572],[18.42,51.7568],[18.4172,51.7485],[18.4028,51.7504],[18.405,51.7467],[18.4172,51.7439],[18.4235,51.7359],[18.4208,51.7268],[18.4082,51.7266],[18.4067,51.7237],[18.4011,51.7238],[18.4005,51.7223],[18.411,51.7144],[18.4096,51.706],[18.4137,51.7046],[18.4122,51.7006],[18.3931,51.7014],[18.3969,51.6958],[18.3854,51.6946],[18.3791,51.6895],[18.3799,51.6844],[18.3661,51.6825],[18.362,51.6797],[18.3553,51.6605],[18.3683,51.6575],[18.3813,51.6508],[18.3743,51.6374],[18.37,51.6343],[18.3528,51.6333],[18.3533,51.6298],[18.35,51.6269],[18.3647,51.624],[18.3685,51.6169],[18.3527,51.6072],[18.3487,51.6014],[18.3768,51.6001],[18.3786,51.5923],[18.3706,51.591],[18.3727,51.5768],[18.3648,51.5645],[18.3696,51.5562],[18.3683,51.5497],[18.3739,51.5479],[18.3694,51.5437],[18.3598,51.5405],[18.3585,51.5362],[18.3606,51.5314],[18.3801,51.5182],[18.3828,51.4773],[18.3767,51.4728],[18.3616,51.468],[18.3533,51.4707],[18.3518,51.4698],[18.358,51.4665],[18.3562,51.4567],[18.3407,51.441],[18.3405,51.4301],[18.3263,51.4198],[18.296,51.4295],[18.2553,51.4388],[18.2279,51.4519],[18.2127,51.4543],[18.2114,51.4519],[18.2149,51.4474],[18.1882,51.4412],[18.1899,51.4386],[18.1986,51.4362],[18.1992,51.4339],[18.2025,51.4346],[18.2058,51.433],[18.2113,51.423],[18.2042,51.4138],[18.2082,51.4082],[18.207,51.4019],[18.1995,51.395],[18.1963,51.3955],[18.1954,51.3901],[18.1921,51.3901],[18.193,51.3876],[18.1897,51.3865],[18.1493,51.3914],[18.138,51.3781],[18.1351,51.3608],[18.1297,51.3621],[18.1265,51.3575],[18.1095,51.3586],[18.0988,51.362],[18.0745,51.3499],[18.0934,51.3411],[18.0925,51.3257],[18.1128,51.3108],[18.1121,51.3074],[18.1088,51.3069],[18.1136,51.2971],[18.1098,51.2932],[18.1138,51.292],[18.1119,51.29],[18.12,51.2866],[18.1137,51.2849],[18.105,51.2855],[18.1062,51.2819],[18.1031,51.2804],[18.1169,51.2775],[18.1078,51.2693],[18.1034,51.2683],[18.1068,51.2628],[18.11,51.2602],[18.1185,51.2615],[18.1177,51.2651],[18.1199,51.2661],[18.1227,51.2643],[18.1264,51.2689],[18.1366,51.2697],[18.138,51.2641],[18.1533,51.264],[18.1507,51.2732],[18.1688,51.2719],[18.1726,51.2683],[18.1692,51.2681],[18.172,51.2634],[18.1675,51.2557],[18.1672,51.2438],[18.169,51.2407],[18.172,51.2414],[18.1749,51.2382],[18.1743,51.2309],[18.1802,51.2234],[18.1699,51.2122],[18.1652,51.2123],[18.1621,51.2055],[18.1622,51.1923],[18.1764,51.1908],[18.1711,51.1882],[18.1669,51.1824],[18.1684,51.1779],[18.1637,51.1725],[18.1611,51.1747],[18.1514,51.1713],[18.1372,51.172],[18.126,51.1691],[18.1044,51.1536],[18.1021,51.1588],[18.0938,51.1566],[18.0819,51.1661],[18.0782,51.1662],[18.0728,51.1588],[18.0705,51.1593],[18.0705,51.1556],[18.0735,51.1546],[18.0772,51.157],[18.0818,51.1545],[18.068,51.15],[18.0754,51.147],[18.0731,51.1447],[18.0596,51.1416],[18.0503,51.1351],[18.0394,51.131],[18.0151,51.1271],[18.0038,51.1219],[17.9952,51.1216],[17.9395,51.1089],[17.9316,51.1134],[17.925,51.1115],[17.9223,51.114],[17.909,51.1078],[17.8854,51.1037],[17.8801,51.1054],[17.8753,51.1118],[17.8686,51.1106],[17.8635,51.1146],[17.8517,51.1128],[17.8491,51.1167],[17.8391,51.1165],[17.8291,51.1193],[17.8225,51.1183],[17.8191,51.1222],[17.8171,51.1323],[17.8122,51.1325],[17.8131,51.1379],[17.8211,51.1399],[17.8315,51.1373],[17.8324,51.1384],[17.8421,51.1605],[17.8512,51.1724],[17.848,51.1835],[17.84,51.19],[17.8257,51.1946],[17.8131,51.1869],[17.8103,51.1903],[17.7953,51.1941],[17.7776,51.1978],[17.7674,51.2039],[17.7565,51.2166],[17.7548,51.2209],[17.7578,51.2267],[17.7555,51.2332],[17.744,51.243],[17.7459,51.2498],[17.7429,51.2573],[17.7494,51.2696],[17.7382,51.2757],[17.7516,51.2812],[17.7522,51.2836],[17.7473,51.286],[17.7503,51.2907],[17.7662,51.3006],[17.7606,51.3021],[17.7644,51.3059],[17.756,51.3113],[17.7649,51.3164],[17.7627,51.32],[17.7438,51.3287],[17.7443,51.3364],[17.7396,51.3429],[17.7436,51.3465],[17.7329,51.3494],[17.723,51.3594],[17.7098,51.3589],[17.7076,51.3604],[17.71,51.3635],[17.7061,51.3639],[17.7043,51.3667],[17.7061,51.3717],[17.7155,51.3714],[17.72,51.3861],[17.7329,51.3873],[17.7291,51.3957],[17.7375,51.395],[17.7369,51.4],[17.7522,51.3985],[17.7555,51.4033],[17.7548,51.4073],[17.7456,51.4127],[17.7485,51.4146],[17.7342,51.4168],[17.738,51.4191],[17.7295,51.4217],[17.7191,51.4213],[17.7186,51.4226],[17.7141,51.4185],[17.7196,51.405],[17.7156,51.4015],[17.7031,51.3995],[17.6869,51.4054],[17.6881,51.4078],[17.6823,51.4091],[17.683,51.4109],[17.6743,51.4149],[17.6686,51.416],[17.6611,51.41],[17.6568,51.4112],[17.6526,51.4128],[17.6486,51.4182],[17.6401,51.4213],[17.6391,51.4238],[17.6309,51.4235],[17.6314,51.4216],[17.6251,51.4191],[17.6129,51.423],[17.6039,51.4094],[17.5849,51.4096],[17.5706,51.4051],[17.5631,51.4063],[17.5543,51.4105],[17.5483,51.4191],[17.5406,51.4213],[17.5453,51.4284],[17.5484,51.4278],[17.5519,51.4352],[17.5476,51.4436],[17.532,51.4522],[17.5207,51.4624],[17.529,51.4698],[17.5216,51.4726],[17.52,51.476],[17.5231,51.4849],[17.518,51.4856],[17.5161,51.4881],[17.5195,51.4933],[17.5242,51.4944],[17.5264,51.4999],[17.514,51.5015],[17.5122,51.5055],[17.5146,51.511],[17.52,51.5111],[17.5216,51.5146],[17.533,51.5133],[17.5356,51.5162],[17.5446,51.5156],[17.5459,51.5171],[17.5543,51.5175],[17.5727,51.5299],[17.5732,51.5365],[17.5763,51.5396],[17.5719,51.5552],[17.5724,51.5668],[17.5601,51.5704],[17.5602,51.5749],[17.5546,51.5785],[17.5558,51.5846],[17.5365,51.5891],[17.5219,51.59],[17.5185,51.6021],[17.5212,51.6057],[17.5122,51.609],[17.5036,51.6093],[17.499,51.6157],[17.4866,51.6167],[17.4713,51.6261],[17.4596,51.6264],[17.4597,51.6282],[17.4414,51.6323],[17.4117,51.6312],[17.3892,51.6363],[17.3804,51.636],[17.3586,51.643],[17.3383,51.6451],[17.3301,51.6479],[17.2911,51.6439],[17.2577,51.6429],[17.2604,51.6404],[17.2493,51.6405],[17.2417,51.6371],[17.2421,51.6298],[17.2391,51.6303],[17.2412,51.6336],[17.2341,51.6341],[17.2267,51.6333],[17.2292,51.6299],[17.2211,51.6293],[17.2185,51.631],[17.2156,51.6296],[17.2115,51.6198],[17.2123,51.6153],[17.2083,51.6112],[17.2098,51.6027],[17.2155,51.5993],[17.2155,51.594],[17.2107,51.5897],[17.2145,51.5856],[17.2147,51.5738],[17.2067,51.5671],[17.2029,51.5678],[17.1992,51.5745],[17.188,51.5765],[17.1708,51.5698],[17.1255,51.5653],[17.1085,51.576],[17.0837,51.5691],[17.0808,51.5706],[17.0647,51.5664],[17.0702,51.5551],[17.0692,51.5525],[17.0593,51.5517],[17.0598,51.5457],[17.0538,51.5452],[17.0461,51.556],[17.0204,51.5535],[17.0199,51.5553],[17.0116,51.5545],[17.0106,51.5504],[17.0071,51.5493],[16.9817,51.5509],[16.9788,51.545],[16.9751,51.5478],[16.9719,51.5436],[16.9624,51.5447],[16.9646,51.5492],[16.9588,51.5524],[16.9279,51.5524],[16.9162,51.5582],[16.9018,51.574],[16.8902,51.5803],[16.8684,51.5789],[16.8536,51.5803],[16.8317,51.5756],[16.8284,51.5722],[16.8193,51.5777],[16.8156,51.5847],[16.8111,51.5869],[16.8037,51.5864],[16.7928,51.5905],[16.7954,51.5996],[16.8026,51.6008],[16.7848,51.6105],[16.772,51.6136],[16.7661,51.6277],[16.7764,51.6313],[16.7833,51.641],[16.7691,51.6447],[16.7425,51.6449],[16.7317,51.6426],[16.7283,51.6431],[16.7276,51.6475],[16.7154,51.6486],[16.6814,51.6469],[16.6802,51.6506],[16.685,51.6559],[16.6824,51.6569],[16.6637,51.6563],[16.6499,51.6578],[16.6432,51.6607],[16.6388,51.6677],[16.6388,51.6779],[16.6422,51.6835],[16.6637,51.6886],[16.6576,51.6892],[16.6617,51.6943],[16.6595,51.6968],[16.6638,51.6988],[16.6763,51.6922],[16.6756,51.6977],[16.6769,51.6993],[16.6803,51.6987],[16.6825,51.705],[16.6823,51.7079],[16.6647,51.7115],[16.6449,51.722],[16.6457,51.7287],[16.6394,51.733],[16.6475,51.7427],[16.6432,51.7463],[16.6351,51.749],[16.619,51.7447],[16.6036,51.7451],[16.5947,51.7505],[16.583,51.7508],[16.5806,51.7521],[16.5798,51.7659],[16.5767,51.7686],[16.5413,51.766],[16.5411,51.7707],[16.5441,51.774],[16.5419,51.7761],[16.5452,51.7801],[16.5405,51.7815],[16.4924,51.7814],[16.4845,51.7823],[16.4763,51.7859],[16.4687,51.786],[16.4639,51.7841],[16.4492,51.788],[16.4303,51.7847],[16.4162,51.7849],[16.4098,51.7843],[16.4018,51.7899],[16.3938,51.7864],[16.3886,51.7912],[16.3883,51.7933],[16.4018,51.8045],[16.4008,51.8142],[16.394,51.8197],[16.4006,51.8306],[16.4005,51.8378],[16.3795,51.8389],[16.3871,51.8464],[16.3726,51.8539],[16.3577,51.8574],[16.3417,51.8696],[16.3351,51.8711],[16.3379,51.876],[16.3461,51.875],[16.3515,51.8807],[16.3204,51.8869],[16.3128,51.8864],[16.3026,51.8921],[16.2919,51.8952],[16.2868,51.9002],[16.2789,51.9],[16.2789,51.8976],[16.2727,51.8951],[16.2691,51.898],[16.2592,51.8989],[16.2574,51.8975],[16.2558,51.9022],[16.2537,51.8994],[16.2481,51.9007],[16.2458,51.8915],[16.2396,51.8838],[16.2293,51.876],[16.2231,51.8747],[16.2149,51.8698],[16.2002,51.872],[16.1936,51.8798],[16.1929,51.8851],[16.1862,51.8845],[16.188,51.8813],[16.1723,51.8834],[16.1617,51.8901],[16.1616,51.8924],[16.1231,51.8965],[16.1063,51.8959],[16.1033,51.8932],[16.0989,51.8935],[16.0983,51.896],[16.1017,51.8962],[16.0997,51.9031],[16.1035,51.9051],[16.1087,51.9036],[16.1183,51.9134],[16.1331,51.917],[16.1324,51.92],[16.1253,51.9198],[16.1268,51.9217],[16.1355,51.9229],[16.1382,51.9255],[16.1341,51.9319],[16.1269,51.9316],[16.1262,51.9339],[16.131,51.9404],[16.1257,51.942],[16.1306,51.9437],[16.1239,51.9514],[16.1373,51.9544],[16.1346,51.967],[16.1325,51.9666],[16.131,51.9718],[16.1332,51.9724],[16.1303,51.979],[16.1278,51.9774],[16.1212,51.9919],[16.1229,51.9931],[16.106,51.9968],[16.0786,51.9829],[16.0606,51.9772],[16.0323,51.9784],[16.01,51.9815],[16.0054,51.9933],[15.988,52.0039],[15.9856,52.0033],[15.9898,51.9965],[15.9837,51.9952],[15.9835,51.9981],[15.9719,51.9997],[15.965,52.0178],[15.9667,52.0296],[15.9643,52.0339],[15.9944,52.0352],[15.9893,52.0457],[15.9917,52.0504],[16.0055,52.0543],[16.0028,52.058],[15.9998,52.06],[15.995,52.0587],[15.9877,52.0622],[15.9894,52.0639],[15.986,52.07],[15.9698,52.0754],[15.9721,52.0776],[15.9674,52.082],[15.9461,52.0877],[15.9324,52.0876],[15.9243,52.0675],[15.8978,52.0769],[15.8913,52.0835],[15.8778,52.088],[15.865,52.0855],[15.8603,52.0865],[15.8533,52.0947],[15.848,52.099],[15.8452,52.0984],[15.8366,52.1083],[15.8341,52.1085],[15.8333,52.1111],[15.8495,52.1135],[15.8554,52.1169],[15.8543,52.121],[15.8568,52.124],[15.862,52.1247],[15.8673,52.1293],[15.875,52.1305],[15.8833,52.1539],[15.8836,52.1559],[15.881,52.1562],[15.8831,52.1628],[15.8759,52.1644],[15.8766,52.1659],[15.8687,52.1658],[15.8666,52.168],[15.8584,52.169],[15.8585,52.1744],[15.8621,52.1774],[15.8581,52.1877],[15.8613,52.1978],[15.8495,52.2133],[15.8608,52.2276],[15.8576,52.2481],[15.8513,52.2556],[15.8549,52.2611],[15.8524,52.2621],[15.857,52.2679],[15.8592,52.2673],[15.8661,52.2722],[15.8731,52.2824],[15.8814,52.2842],[15.8782,52.2943],[15.8838,52.3043],[15.8818,52.3088],[15.8839,52.3111],[15.8856,52.3071],[15.8892,52.3074],[15.8919,52.3103],[15.8881,52.3221],[15.8824,52.3273],[15.8882,52.3362],[15.8813,52.3425],[15.881,52.3508],[15.8813,52.3522],[15.8895,52.3524],[15.8906,52.3539],[15.8882,52.3666],[15.8904,52.367],[15.8908,52.3712],[15.8881,52.372],[15.9006,52.3827],[15.9009,52.3862],[15.9003,52.3909],[15.8962,52.3942],[15.8839,52.394],[15.8702,52.3965],[15.8585,52.4031],[15.8544,52.4022],[15.8513,52.4035],[15.85,52.4019],[15.8434,52.403],[15.8376,52.411],[15.8394,52.4131],[15.8311,52.4165],[15.8274,52.4216],[15.8247,52.422],[15.8271,52.4263],[15.8211,52.4245],[15.8158,52.4272],[15.8187,52.4291],[15.8106,52.4325],[15.8094,52.4361],[15.8065,52.4351],[15.8042,52.4442],[15.8069,52.4447],[15.8084,52.4418],[15.8125,52.441],[15.8094,52.4428],[15.8103,52.4444],[15.8219,52.4486],[15.8206,52.451],[15.8251,52.4501],[15.8271,52.4546],[15.8333,52.4446],[15.8317,52.4395],[15.8344,52.4381],[15.8314,52.4352],[15.846,52.4314],[15.8519,52.4316],[15.8564,52.4326],[15.8544,52.4372],[15.8574,52.4398],[15.8617,52.4403],[15.8683,52.4351],[15.8736,52.4353],[15.8779,52.4373],[15.8753,52.4427],[15.8956,52.4466],[15.8987,52.4493],[15.896,52.449],[15.8927,52.4605],[15.8877,52.4613],[15.8838,52.4657],[15.8797,52.4654],[15.8776,52.4695],[15.8788,52.4725],[15.8858,52.4648],[15.8903,52.4648],[15.8929,52.4682],[15.8912,52.4753],[15.8893,52.4749],[15.8837,52.485],[15.8857,52.4896],[15.8782,52.4952],[15.8725,52.4964],[15.8676,52.5026],[15.8713,52.502],[15.8695,52.5039],[15.8755,52.5062],[15.8771,52.5108],[15.863,52.5104],[15.8502,52.5168],[15.8433,52.5248],[15.8348,52.5293],[15.8486,52.5366],[15.8585,52.5449],[15.8562,52.5489],[15.8417,52.5557],[15.8431,52.5596],[15.8324,52.5662],[15.8247,52.5671],[15.8259,52.5759],[15.8303,52.5776],[15.8281,52.5825],[15.836,52.5872],[15.8314,52.5862],[15.8319,52.5876],[15.8205,52.5897],[15.8203,52.5919],[15.8124,52.5934],[15.8072,52.5966],[15.8061,52.6046],[15.7959,52.6058],[15.7958,52.6085],[15.7846,52.6185],[15.7863,52.6219],[15.7961,52.6213],[15.7994,52.6226],[15.8005,52.6246],[15.7969,52.6248],[15.7939,52.6279],[15.7957,52.6362],[15.7763,52.6379],[15.7786,52.6413],[15.7771,52.6434],[15.7799,52.6442],[15.7782,52.6496],[15.783,52.6531],[15.7819,52.6617],[15.7861,52.6677],[15.7931,52.665],[15.814,52.6678],[15.8129,52.6792],[15.8037,52.6938],[15.8003,52.6953],[15.7942,52.7081],[15.8123,52.7097],[15.8373,52.7063],[15.8458,52.7092],[15.8643,52.7102],[15.8849,52.7149],[15.9054,52.7142],[15.9199,52.7232],[15.9356,52.7274],[15.94,52.727],[15.9455,52.7302],[15.9485,52.7444],[15.9459,52.7534],[15.9487,52.7561],[15.9395,52.7618],[15.9364,52.7661],[15.9379,52.769],[15.9257,52.7822],[15.9262,52.784],[15.9383,52.7862],[15.9348,52.793],[15.934,52.8041],[15.9277,52.802],[15.9117,52.8037],[15.9112,52.8067],[15.9032,52.8061],[15.8932,52.8128],[15.8965,52.8152],[15.8972,52.8213],[15.8945,52.8258],[15.9045,52.8266],[15.9005,52.8331],[15.9018,52.8353],[15.9062,52.8353],[15.907,52.8376],[15.9125,52.8378],[15.9187,52.8411],[15.9234,52.8311],[15.9517,52.8432],[15.9463,52.8542],[15.9548,52.8561],[15.97,52.8538],[15.9631,52.8571],[15.9706,52.8572],[15.9741,52.859],[15.9715,52.8669],[15.9697,52.8658],[15.9686,52.8683],[15.9614,52.8693],[15.9631,52.874],[15.9756,52.873],[15.9794,52.8779],[15.9797,52.8809],[15.976,52.8838],[15.978,52.8859],[15.9719,52.8929],[15.9739,52.8948],[15.9673,52.9001],[15.9742,52.9017],[15.9725,52.9054],[15.9766,52.9102],[15.9795,52.909],[15.9778,52.9221],[15.9722,52.9288],[15.9798,52.9337],[15.9785,52.9374],[15.967,52.9472],[15.9692,52.9496],[15.9605,52.9561],[15.9621,52.9631],[15.9591,52.9663],[15.9616,52.9672],[15.9614,52.9708],[15.954,52.9714],[15.9535,52.9698],[15.9522,52.9718],[15.946,52.9713],[15.9486,52.9725],[15.946,52.9733],[15.9542,52.9745],[15.9562,52.9765],[15.9515,52.981],[15.9551,52.9821],[15.9513,52.9858],[15.9554,52.9885],[15.9512,52.9908],[15.9536,52.9931],[15.9494,52.9985],[15.9537,53.0016],[15.9532,53.0062],[15.9558,53.0081],[15.9567,53.0116],[15.954,53.013],[15.9587,53.0143],[15.9546,53.0173],[15.9578,53.0227],[15.9557,53.0254],[15.9571,53.032],[15.9516,53.0344],[15.9552,53.0361],[15.9554,53.0403],[15.9625,53.0414],[16.0101,53.0337],[16.0231,53.0356],[16.045,53.0288],[16.0545,53.0216],[16.0735,53.0162],[16.0835,53.0145],[16.0947,53.0156],[16.1168,53.0121],[16.1378,53.0137],[16.1861,53.0336],[16.2295,53.0394],[16.244,53.0446],[16.2709,53.0492],[16.2768,53.0455],[16.288,53.0442],[16.286,53.041],[16.2949,53.0381],[16.3169,53.0367],[16.3152,53.0392],[16.3173,53.044],[16.3104,53.0453],[16.3128,53.0497],[16.3149,53.0491],[16.3161,53.0512],[16.3241,53.0497],[16.324,53.058],[16.3303,53.0566],[16.3336,53.06],[16.3391,53.0603],[16.3509,53.0728],[16.3628,53.0766],[16.3642,53.0822],[16.3593,53.0935],[16.3468,53.1081],[16.346,53.1124],[16.3599,53.1144],[16.3669,53.1212],[16.363,53.123],[16.3724,53.1285],[16.3754,53.1284],[16.3759,53.1266],[16.3906,53.131],[16.3915,53.1409],[16.3983,53.1484],[16.3916,53.1578],[16.3968,53.1605],[16.3983,53.1594],[16.4018,53.1605],[16.3992,53.1637],[16.4095,53.1636],[16.4114,53.1612],[16.4074,53.1611],[16.4053,53.1585],[16.4128,53.1558],[16.4112,53.1542],[16.4165,53.1522],[16.4167,53.1489],[16.4248,53.1486],[16.4325,53.1564],[16.4471,53.155],[16.4456,53.1621],[16.4493,53.1621],[16.4494,53.1598],[16.4564,53.1627],[16.4552,53.1644],[16.4605,53.1648],[16.4591,53.1656],[16.4724,53.1698],[16.4766,53.1702],[16.4838,53.1642],[16.4995,53.1633],[16.5011,53.1727],[16.504,53.1758],[16.5078,53.1762],[16.5059,53.1778],[16.5102,53.1823],[16.5157,53.1817],[16.513,53.1849],[16.5205,53.1858],[16.5279,53.1997],[16.5396,53.2014],[16.5301,53.2085],[16.5291,53.2138],[16.5324,53.2155],[16.5321,53.219],[16.5358,53.2187],[16.5357,53.2201],[16.5448,53.2172],[16.5564,53.2213],[16.5507,53.2233],[16.5586,53.229],[16.5566,53.2298],[16.5594,53.2332],[16.5685,53.2301],[16.577,53.2312],[16.5795,53.2271],[16.5957,53.2295],[16.6004,53.2228],[16.5965,53.2176],[16.6096,53.2087],[16.6206,53.2064],[16.6257,53.2086],[16.6202,53.2135],[16.6299,53.2184],[16.6382,53.215],[16.625,53.2264],[16.6345,53.2278],[16.6325,53.2338],[16.6207,53.2336],[16.6222,53.2409],[16.6294,53.2494],[16.6345,53.2528],[16.6446,53.2556],[16.6387,53.259],[16.63,53.26],[16.6456,53.2679],[16.6607,53.2668],[16.6509,53.2755],[16.6513,53.2806],[16.6541,53.2814],[16.6553,53.2794],[16.6621,53.2787],[16.6745,53.2901],[16.6737,53.2922],[16.6761,53.2907],[16.7138,53.299],[16.7134,53.3016],[16.7051,53.3035],[16.6969,53.301],[16.6943,53.3074],[16.6875,53.3072],[16.6827,53.3103],[16.6823,53.317],[16.6782,53.3197],[16.6704,53.3178],[16.6566,53.3209],[16.6541,53.3252],[16.6485,53.3261],[16.6455,53.3286],[16.6368,53.3285],[16.6354,53.3306],[16.6387,53.335],[16.6291,53.3392],[16.6316,53.3429],[16.6287,53.3474],[16.6041,53.3451],[16.5851,53.3467],[16.5743,53.3543],[16.576,53.3555],[16.572,53.3584],[16.5626,53.353],[16.5584,53.3558],[16.5564,53.3546],[16.5516,53.3563],[16.5455,53.3634],[16.5466,53.3666],[16.5418,53.3656],[16.5434,53.369],[16.5355,53.3783],[16.5257,53.3672],[16.5084,53.3761],[16.5075,53.3783],[16.5102,53.3796],[16.5024,53.3843],[16.4994,53.385],[16.4959,53.3833],[16.4871,53.388],[16.4908,53.3831],[16.4751,53.3881],[16.477,53.3973],[16.4725,53.405],[16.4666,53.4041],[16.4438,53.4532],[16.4475,53.4548],[16.4522,53.4525],[16.4598,53.4525],[16.4637,53.4598],[16.4595,53.4583],[16.4511,53.4606],[16.4467,53.4572],[16.4362,53.4606],[16.4541,53.4884],[16.4823,53.4767],[16.4901,53.4703],[16.5322,53.4783],[16.5803,53.4787],[16.5844,53.4837],[16.5874,53.4824],[16.5966,53.4839],[16.6144,53.4834],[16.6305,53.4857],[16.6417,53.4842],[16.652,53.487],[16.6548,53.491],[16.6954,53.5181],[16.7013,53.5149],[16.7104,53.5161],[16.7152,53.5205],[16.7219,53.5222],[16.7206,53.5262],[16.7298,53.5292],[16.717,53.5336],[16.7186,53.5438],[16.7272,53.5551],[16.7254,53.5606],[16.7278,53.5673],[16.7325,53.5689],[16.7356,53.5664],[16.7402,53.5668],[16.7464,53.5757],[16.738,53.5885],[16.7426,53.591],[16.7439,53.596],[16.7406,53.5988],[16.7495,53.6009],[16.7541,53.6107],[16.7629,53.6181],[16.7582,53.6241],[16.7747,53.6272],[16.8138,53.6308],[16.8163,53.6339],[16.8132,53.64],[16.8261,53.6434],[16.8311,53.6346],[16.8402,53.6293],[16.8385,53.6284],[16.8408,53.6264],[16.8491,53.6272],[16.8487,53.6287],[16.8553,53.6323],[16.8537,53.6387],[16.8665,53.6503],[16.8696,53.6477],[16.8817,53.6519],[16.8824,53.6539],[16.8922,53.6559]]]},"properties":{"id":3,"nazwa":"wielkopolskie"},"id":2},{"type":"Feature","geometry":{"type":"Polygon","coordinates":[[[16.6991,54.5692],[16.7126,54.5542],[16.7392,54.5384],[16.7475,54.5304],[16.7481,54.5276],[16.741,54.5249],[16.7392,54.5177],[16.7527,54.4968],[16.7627,54.4877],[16.7612,54.4858],[16.7676,54.4875],[16.7789,54.4846],[16.7933,54.4874],[16.7932,54.4844],[16.7995,54.4843],[16.8007,54.4807],[16.8107,54.4819],[16.8129,54.4729],[16.8172,54.4687],[16.8197,54.473],[16.8275,54.4648],[16.8238,54.464],[16.8282,54.4588],[16.8211,54.4563],[16.8238,54.4544],[16.8221,54.4537],[16.8411,54.4384],[16.8396,54.432],[16.8244,54.4157],[16.8339,54.4111],[16.8401,54.4053],[16.8404,54.3987],[16.8532,54.389],[16.8522,54.3861],[16.8586,54.3826],[16.8572,54.3781],[16.8507,54.3741],[16.8437,54.3723],[16.8444,54.3754],[16.8382,54.3758],[16.8375,54.3705],[16.8215,54.3683],[16.8078,54.3705],[16.8097,54.3595],[16.8161,54.3603],[16.8281,54.3458],[16.8231,54.3379],[16.8229,54.3379],[16.8231,54.3379],[16.8241,54.3316],[16.8139,54.3186],[16.8205,54.3169],[16.8237,54.3184],[16.8271,54.3162],[16.8378,54.3164],[16.838,54.3139],[16.8543,54.3076],[16.8545,54.2997],[16.8642,54.2856],[16.8654,54.2759],[16.862,54.266],[16.8651,54.261],[16.8313,54.2458],[16.8215,54.247],[16.8095,54.243],[16.7965,54.2436],[16.7816,54.2393],[16.7723,54.2404],[16.7603,54.2339],[16.7541,54.2357],[16.7471,54.2312],[16.7405,54.2303],[16.7337,54.2328],[16.7301,54.2317],[16.7292,54.2256],[16.7169,54.2196],[16.7167,54.2163],[16.7114,54.2139],[16.7171,54.2122],[16.716,54.2098],[16.7196,54.2093],[16.7197,54.2024],[16.7327,54.2037],[16.7357,54.1886],[16.7351,54.1846],[16.7287,54.1841],[16.731,54.1784],[16.7489,54.1727],[16.7573,54.161],[16.7568,54.1578],[16.764,54.1554],[16.7682,54.1565],[16.7743,54.1551],[16.7775,54.1364],[16.7747,54.1336],[16.7841,54.1312],[16.7814,54.1278],[16.7773,54.1273],[16.779,54.1192],[16.793,54.1212],[16.8046,54.1161],[16.7993,54.1014],[16.7935,54.1009],[16.7949,54.0901],[16.7923,54.0792],[16.7962,54.0785],[16.7945,54.0752],[16.8035,54.0789],[16.8053,54.0756],[16.8126,54.0731],[16.809,54.0706],[16.8084,54.0662],[16.8119,54.0617],[16.8066,54.0565],[16.797,54.0547],[16.7943,54.0453],[16.7976,54.0353],[16.7859,54.0285],[16.7831,54.0241],[16.7883,54.0133],[16.7901,54.013],[16.7899,54.0159],[16.7926,54.0119],[16.7998,54.011],[16.7895,54.0108],[16.791,54.0089],[16.7949,54.0082],[16.7949,54.0065],[16.7995,54.0065],[16.8014,54.004],[16.8011,53.9997],[16.7957,53.9954],[16.798,53.987],[16.7906,53.9851],[16.7878,53.9802],[16.8061,53.981],[16.8057,53.9775],[16.8072,53.9796],[16.8142,53.9799],[16.8102,53.9859],[16.8048,53.9854],[16.8025,53.9872],[16.8036,53.9885],[16.8072,53.9875],[16.8034,53.9943],[16.8064,53.9934],[16.8126,53.9954],[16.815,53.9982],[16.8137,54.0018],[16.818,54.0009],[16.818,54.0037],[16.8151,54.0048],[16.8251,54.0042],[16.8286,53.9952],[16.8423,53.9979],[16.847,53.9839],[16.8546,53.9836],[16.8612,53.9801],[16.8746,53.977],[16.8768,53.9715],[16.8746,53.9692],[16.88,53.9637],[16.876,53.9521],[16.8623,53.9509],[16.8618,53.9478],[16.8587,53.9469],[16.862,53.9459],[16.8676,53.9478],[16.8725,53.9461],[16.8761,53.944],[16.8765,53.9402],[16.8806,53.9414],[16.9087,53.9253],[16.922,53.9254],[16.9233,53.921],[16.9349,53.9142],[16.9414,53.9121],[16.9506,53.9123],[16.9506,53.9095],[16.9552,53.9068],[16.962,53.9076],[16.9647,53.9046],[16.9821,53.9049],[16.9765,53.8796],[16.9706,53.8806],[16.9707,53.878],[16.9505,53.8792],[16.9547,53.8747],[16.9247,53.8747],[16.9118,53.8772],[16.9063,53.8758],[16.9017,53.8771],[16.9017,53.8743],[16.8925,53.8788],[16.8958,53.8728],[16.8724,53.8687],[16.8706,53.8574],[16.8683,53.8544],[16.8608,53.8523],[16.87,53.8505],[16.8716,53.8382],[16.8741,53.8362],[16.8732,53.8345],[16.8685,53.8341],[16.8728,53.8296],[16.8762,53.8318],[16.8855,53.8291],[16.8945,53.8233],[16.9003,53.8235],[16.9104,53.8199],[16.9109,53.8162],[16.9075,53.8155],[16.9069,53.8131],[16.9104,53.8084],[16.9095,53.8018],[16.9181,53.7981],[16.9376,53.8019],[16.9403,53.8067],[16.9482,53.8052],[16.9307,53.7772],[16.9206,53.7746],[16.9081,53.7679],[16.9007,53.761],[16.8577,53.7471],[16.8773,53.7191],[16.8757,53.7151],[16.8803,53.6884],[16.8922,53.6559],[16.8824,53.6539],[16.8817,53.6519],[16.8696,53.6477],[16.8665,53.6503],[16.8537,53.6387],[16.8553,53.6323],[16.8487,53.6287],[16.8491,53.6272],[16.8408,53.6264],[16.8385,53.6284],[16.8402,53.6293],[16.8311,53.6346],[16.8261,53.6434],[16.8132,53.64],[16.8163,53.6339],[16.8138,53.6308],[16.7747,53.6272],[16.7582,53.6241],[16.7629,53.6181],[16.7541,53.6107],[16.7495,53.6009],[16.7406,53.5988],[16.7439,53.596],[16.7426,53.591],[16.738,53.5885],[16.7464,53.5757],[16.7402,53.5668],[16.7356,53.5664],[16.7325,53.5689],[16.7278,53.5673],[16.7254,53.5606],[16.7272,53.5551],[16.7186,53.5438],[16.717,53.5336],[16.7298,53.5292],[16.7206,53.5262],[16.7219,53.5222],[16.7152,53.5205],[16.7104,53.5161],[16.7013,53.5149],[16.6954,53.5181],[16.6548,53.491],[16.652,53.487],[16.6417,53.4842],[16.6305,53.4857],[16.6144,53.4834],[16.5966,53.4839],[16.5874,53.4824],[16.5844,53.4837],[16.5803,53.4787],[16.5322,53.4783],[16.4901,53.4703],[16.4823,53.4767],[16.4541,53.4884],[16.4362,53.4606],[16.4467,53.4572],[16.4511,53.4606],[16.4595,53.4583],[16.4637,53.4598],[16.4598,53.4525],[16.4522,53.4525],[16.4475,53.4548],[16.4438,53.4532],[16.4666,53.4041],[16.4725,53.405],[16.477,53.3973],[16.4751,53.3881],[16.4908,53.3831],[16.4871,53.388],[16.4959,53.3833],[16.4994,53.385],[16.5024,53.3843],[16.5102,53.3796],[16.5075,53.3783],[16.5084,53.3761],[16.5257,53.3672],[16.5355,53.3783],[16.5434,53.369],[16.5418,53.3656],[16.5466,53.3666],[16.5455,53.3634],[16.5516,53.3563],[16.5564,53.3546],[16.5584,53.3558],[16.5626,53.353],[16.572,53.3584],[16.576,53.3555],[16.5743,53.3543],[16.5851,53.3467],[16.6041,53.3451],[16.6287,53.3474],[16.6316,53.3429],[16.6291,53.3392],[16.6387,53.335],[16.6354,53.3306],[16.6368,53.3285],[16.6455,53.3286],[16.6485,53.3261],[16.6541,53.3252],[16.6566,53.3209],[16.6704,53.3178],[16.6782,53.3197],[16.6823,53.317],[16.6827,53.3103],[16.6875,53.3072],[16.6943,53.3074],[16.6969,53.301],[16.7051,53.3035],[16.7134,53.3016],[16.7138,53.299],[16.6761,53.2907],[16.6737,53.2922],[16.6745,53.2901],[16.6621,53.2787],[16.6553,53.2794],[16.6541,53.2814],[16.6513,53.2806],[16.6509,53.2755],[16.6607,53.2668],[16.6456,53.2679],[16.63,53.26],[16.6387,53.259],[16.6446,53.2556],[16.6345,53.2528],[16.6294,53.2494],[16.6222,53.2409],[16.6207,53.2336],[16.6325,53.2338],[16.6345,53.2278],[16.625,53.2264],[16.6382,53.215],[16.6299,53.2184],[16.6202,53.2135],[16.6257,53.2086],[16.6206,53.2064],[16.6096,53.2087],[16.5965,53.2176],[16.6004,53.2228],[16.5957,53.2295],[16.5795,53.2271],[16.577,53.2312],[16.5685,53.2301],[16.5594,53.2332],[16.5566,53.2298],[16.5586,53.229],[16.5507,53.2233],[16.5564,53.2213],[16.5448,53.2172],[16.5357,53.2201],[16.5358,53.2187],[16.5321,53.219],[16.5324,53.2155],[16.5291,53.2138],[16.5301,53.2085],[16.5396,53.2014],[16.5279,53.1997],[16.5205,53.1858],[16.513,53.1849],[16.5157,53.1817],[16.5102,53.1823],[16.5059,53.1778],[16.5078,53.1762],[16.504,53.1758],[16.5011,53.1727],[16.4995,53.1633],[16.4838,53.1642],[16.4766,53.1702],[16.4724,53.1698],[16.4591,53.1656],[16.4605,53.1648],[16.4552,53.1644],[16.4564,53.1627],[16.4494,53.1598],[16.4493,53.1621],[16.4456,53.1621],[16.4471,53.155],[16.4325,53.1564],[16.4248,53.1486],[16.4167,53.1489],[16.4165,53.1522],[16.4112,53.1542],[16.4128,53.1558],[16.4053,53.1585],[16.4074,53.1611],[16.4114,53.1612],[16.4095,53.1636],[16.3992,53.1637],[16.4018,53.1605],[16.3983,53.1594],[16.3968,53.1605],[16.3916,53.1578],[16.3983,53.1484],[16.3915,53.1409],[16.3906,53.131],[16.3759,53.1266],[16.3754,53.1284],[16.3724,53.1285],[16.363,53.123],[16.3669,53.1212],[16.3599,53.1144],[16.346,53.1124],[16.3468,53.1081],[16.3593,53.0935],[16.3642,53.0822],[16.3628,53.0766],[16.3509,53.0728],[16.3391,53.0603],[16.3336,53.06],[16.3303,53.0566],[16.324,53.058],[16.3241,53.0497],[16.3161,53.0512],[16.3149,53.0491],[16.3128,53.0497],[16.3104,53.0453],[16.3173,53.044],[16.3152,53.0392],[16.3169,53.0367],[16.2949,53.0381],[16.286,53.041],[16.288,53.0442],[16.2768,53.0455],[16.2709,53.0492],[16.244,53.0446],[16.2295,53.0394],[16.1861,53.0336],[16.1378,53.0137],[16.1168,53.0121],[16.0947,53.0156],[16.0835,53.0145],[16.0735,53.0162],[16.0545,53.0216],[16.045,53.0288],[16.0231,53.0356],[16.0101,53.0337],[15.9625,53.0414],[15.9655,53.0422],[15.9665,53.0463],[15.9727,53.0492],[15.9742,53.0557],[15.9784,53.0568],[15.987,53.0543],[15.9896,53.0557],[15.9849,53.0644],[15.9873,53.0692],[15.9943,53.0731],[15.9924,53.0808],[15.9967,53.0829],[15.9983,53.087],[15.9926,53.0917],[15.9858,53.0921],[15.9857,53.0962],[15.9809,53.0973],[15.9842,53.1015],[15.9793,53.103],[15.985,53.1142],[15.981,53.1151],[15.9793,53.1103],[15.9162,53.1193],[15.9129,53.12],[15.9118,53.124],[15.8804,53.1187],[15.8753,53.1211],[15.8482,53.1152],[15.86,53.0937],[15.8115,53.0844],[15.8125,53.0824],[15.8093,53.0811],[15.8135,53.0805],[15.8216,53.0652],[15.7917,53.0592],[15.7802,53.0605],[15.7799,53.0577],[15.7898,53.0574],[15.7944,53.0534],[15.802,53.0526],[15.8042,53.0505],[15.8028,53.0477],[15.807,53.045],[15.7879,53.0428],[15.7902,53.041],[15.7851,53.0399],[15.778,53.0298],[15.7735,53.0288],[15.7729,53.0267],[15.7627,53.0267],[15.7675,53.0203],[15.7771,53.0173],[15.778,53.0151],[15.774,53.0144],[15.7757,53.0128],[15.7717,53.0067],[15.7728,53.0034],[15.7691,52.9995],[15.7648,52.9989],[15.7638,53.0002],[15.7605,52.9951],[15.7594,52.9967],[15.7547,52.9957],[15.7434,52.9914],[15.7305,52.9898],[15.7211,52.9866],[15.7191,52.9886],[15.7083,52.9905],[15.7044,52.9957],[15.6987,52.9933],[15.694,52.9958],[15.695,52.9976],[15.6919,52.9982],[15.6888,52.9959],[15.6817,52.9973],[15.6753,52.9932],[15.6611,52.99],[15.6517,52.9839],[15.6334,52.9764],[15.6155,52.9843],[15.6109,52.9822],[15.6024,52.985],[15.588,52.9811],[15.5805,52.9889],[15.5722,52.9869],[15.5552,53.0113],[15.5469,53.0145],[15.5405,53.0084],[15.5328,53.0057],[15.5253,53.0062],[15.5244,53.0037],[15.4858,52.9968],[15.4653,52.9887],[15.4537,52.9872],[15.4438,52.9899],[15.412,52.9803],[15.4052,52.9745],[15.3883,52.9716],[15.3864,52.965],[15.39,52.9621],[15.381,52.9591],[15.3686,52.9466],[15.3659,52.9456],[15.3662,52.9476],[15.362,52.9481],[15.363,52.9441],[15.3517,52.9416],[15.3333,52.9482],[15.2878,52.958],[15.2838,52.954],[15.283,52.9462],[15.292,52.9328],[15.3051,52.9239],[15.3196,52.9094],[15.3222,52.903],[15.3317,52.9044],[15.3327,52.8993],[15.3268,52.8948],[15.3219,52.8945],[15.3219,52.8958],[15.2856,52.886],[15.2878,52.8798],[15.2839,52.8815],[15.2809,52.887],[15.2804,52.8847],[15.2749,52.8823],[15.1669,52.8544],[15.1594,52.8569],[15.1576,52.8528],[15.0718,52.8306],[15.0652,52.839],[15.0546,52.8432],[15.0491,52.8435],[15.0388,52.8612],[15.0336,52.8607],[15.0281,52.8569],[15.0211,52.8577],[15.0087,52.8545],[15.0096,52.8477],[15.0021,52.8472],[14.9908,52.8425],[14.9881,52.8509],[14.9816,52.8489],[14.9791,52.8537],[14.98,52.8599],[14.9831,52.8615],[14.9783,52.8661],[14.9689,52.8697],[14.9633,52.8677],[14.9564,52.8709],[14.9489,52.8715],[14.9543,52.8746],[14.9489,52.8785],[14.9445,52.8764],[14.9317,52.8818],[14.9339,52.8851],[14.9233,52.8829],[14.9254,52.8897],[14.9123,52.8882],[14.9042,52.8839],[14.9018,52.8759],[14.8969,52.8726],[14.8938,52.8631],[14.8904,52.8607],[14.8953,52.8553],[14.9029,52.8559],[14.9047,52.854],[14.9103,52.8552],[14.9137,52.8505],[14.918,52.8493],[14.9192,52.8439],[14.9139,52.8397],[14.9021,52.8373],[14.8956,52.8331],[14.8946,52.8406],[14.8875,52.8467],[14.8651,52.8466],[14.8634,52.8434],[14.8733,52.8338],[14.8594,52.8279],[14.8558,52.8307],[14.851,52.8281],[14.8539,52.8221],[14.8574,52.8206],[14.8544,52.8195],[14.8586,52.8176],[14.8546,52.8162],[14.8554,52.8124],[14.8679,52.8122],[14.864,52.8062],[14.8655,52.8037],[14.8617,52.8023],[14.8653,52.792],[14.8446,52.7903],[14.8505,52.7852],[14.8489,52.7775],[14.8363,52.7774],[14.8395,52.7759],[14.8289,52.7733],[14.8155,52.7744],[14.8091,52.765],[14.801,52.7585],[14.7912,52.7569],[14.7894,52.752],[14.7997,52.7375],[14.7952,52.7359],[14.798,52.7271],[14.7916,52.6971],[14.7784,52.6823],[14.7651,52.6737],[14.7636,52.6704],[14.7554,52.6712],[14.7524,52.6689],[14.7491,52.6621],[14.7492,52.6444],[14.7422,52.6433],[14.7433,52.6413],[14.7301,52.642],[14.7326,52.6405],[14.7249,52.6361],[14.7268,52.6339],[14.7214,52.631],[14.7125,52.6328],[14.6917,52.6331],[14.6899,52.6358],[14.6697,52.6378],[14.6583,52.6423],[14.6636,52.6463],[14.6625,52.648],[14.6475,52.6512],[14.6504,52.6533],[14.644,52.6571],[14.6296,52.6602],[14.6285,52.6548],[14.5829,52.6326],[14.5772,52.6335],[14.5767,52.6364],[14.5745,52.6356],[14.5716,52.629],[14.569,52.6297],[14.564,52.6247],[14.555,52.6262],[14.5275,52.6372],[14.5097,52.6416],[14.487,52.6525],[14.4711,52.6578],[14.4616,52.6641],[14.4553,52.6758],[14.4501,52.6784],[14.4356,52.68],[14.4327,52.6817],[14.424,52.6962],[14.4135,52.7008],[14.4049,52.7114],[14.3837,52.7256],[14.3735,52.7367],[14.3609,52.7406],[14.3525,52.7507],[14.3217,52.7626],[14.305,52.7655],[14.2804,52.7737],[14.2537,52.7891],[14.2409,52.8001],[14.2301,52.805],[14.2175,52.8169],[14.2064,52.8193],[14.1393,52.8247],[14.1301,52.8283],[14.1229,52.8377],[14.123,52.844],[14.1298,52.8527],[14.1587,52.8761],[14.1616,52.8881],[14.1523,52.9006],[14.1502,52.9163],[14.1426,52.9332],[14.1441,52.9449],[14.1388,52.9518],[14.1437,52.9614],[14.1622,52.9653],[14.1728,52.9756],[14.1895,52.9797],[14.2069,52.9875],[14.2356,52.9932],[14.259,53.003],[14.2686,53.01],[14.2944,53.0217],[14.3123,53.0355],[14.338,53.0466],[14.3486,53.0547],[14.3674,53.0821],[14.371,53.0931],[14.3702,53.1046],[14.379,53.1129],[14.3818,53.1318],[14.3873,53.1424],[14.3711,53.1573],[14.3663,53.172],[14.3746,53.1878],[14.3773,53.2018],[14.3858,53.205],[14.3993,53.2068],[14.4059,53.2107],[14.4085,53.2232],[14.4212,53.2343],[14.4308,53.2391],[14.4352,53.2487],[14.4496,53.2595],[14.4506,53.2623],[14.4452,53.2744],[14.4212,53.2761],[14.4149,53.3019],[14.4068,53.3087],[14.4154,53.3244],[14.4084,53.3355],[14.4055,53.3471],[14.3903,53.3537],[14.3954,53.3692],[14.3948,53.3757],[14.3893,53.3878],[14.3733,53.4089],[14.3687,53.4326],[14.3713,53.4564],[14.3581,53.4573],[14.3542,53.4886],[14.3507,53.496],[14.3269,53.5038],[14.3158,53.5251],[14.3194,53.5298],[14.3159,53.5369],[14.3058,53.5439],[14.3072,53.5514],[14.3026,53.5534],[14.3139,53.5651],[14.3119,53.5797],[14.3169,53.6181],[14.3111,53.6185],[14.2839,53.6344],[14.2848,53.6587],[14.2791,53.6631],[14.2722,53.6634],[14.2708,53.6668],[14.2823,53.6743],[14.2837,53.6826],[14.272,53.6896],[14.272,53.6936],[14.2668,53.6987],[14.2677,53.7046],[14.2719,53.7058],[14.2684,53.7084],[14.2735,53.7444],[14.267,53.7535],[14.2836,53.7723],[14.2126,53.8672],[14.2154,53.8808],[14.2121,53.9006],[14.204,53.9066],[14.2058,53.9106],[14.1853,53.912],[14.1853,53.9141],[14.1911,53.9158],[14.2076,53.9159],[14.2261,53.9277],[14.2268,53.9304],[14.2497,53.924],[14.2726,53.9242],[14.2712,53.9348],[14.2804,53.9376],[14.3015,53.9304],[14.3029,53.9196],[14.3163,53.9157],[14.3445,53.9119],[14.3662,53.9127],[14.391,53.9173],[14.3934,53.9162],[14.4285,53.9255],[14.4513,53.9347],[14.4992,53.9634],[14.5347,53.9703],[14.5911,53.9869],[14.6683,54.003],[14.7206,54.0195],[14.7267,54.0222],[14.7261,54.0244],[14.7277,54.0229],[14.7446,54.0257],[14.806,54.0386],[14.9049,54.0562],[15.0538,54.0936],[15.0923,54.0996],[15.2472,54.135],[15.2784,54.1442],[15.2839,54.1475],[15.3833,54.1582],[15.4294,54.1654],[15.4909,54.1671],[15.5335,54.1779],[15.5501,54.1851],[15.5517,54.1892],[15.5532,54.1876],[15.5637,54.1868],[15.5884,54.1876],[15.6428,54.1971],[15.6745,54.2008],[15.7583,54.2179],[15.8099,54.2327],[15.8483,54.2411],[16.0044,54.255],[16.0477,54.2619],[16.0998,54.2737],[16.1546,54.2922],[16.1846,54.3052],[16.2091,54.3177],[16.269,54.3535],[16.3138,54.3834],[16.3387,54.4033],[16.3743,54.4378],[16.372,54.442],[16.3782,54.4405],[16.3852,54.4421],[16.3946,54.4477],[16.4315,54.487],[16.4797,54.5164],[16.5001,54.5246],[16.5299,54.5407],[16.5567,54.546],[16.5733,54.5513],[16.6145,54.5598],[16.6887,54.5696],[16.6991,54.5692]]]},"properties":{"id":4,"nazwa":"zachodniopomorskie"},"id":3},{"type":"Feature","geometry":{"type":"Polygon","coordinates":[[[19.7471,50.866],[19.7753,50.8784],[19.7765,50.8851],[19.782,50.8847],[19.7866,50.8871],[19.7849,50.8919],[19.7888,50.8916],[19.7871,50.8937],[19.7897,50.8953],[19.7895,50.8999],[19.7932,50.9006],[19.7893,50.9005],[19.7948,50.9046],[19.7931,50.9063],[19.7968,50.9084],[19.808,50.9067],[19.8237,50.9141],[19.8234,50.9155],[19.8361,50.9168],[19.8375,50.9213],[19.8481,50.9323],[19.8484,50.9373],[19.8444,50.9436],[19.8462,50.9452],[19.8411,50.9485],[19.8331,50.9499],[19.8345,50.9571],[19.8304,50.9586],[19.8277,50.9626],[19.8305,50.965],[19.8279,50.9668],[19.8475,50.9947],[19.8578,50.9994],[19.8605,51.0048],[19.8635,51.0047],[19.8612,51.0182],[19.8663,51.0197],[19.8675,51.0221],[19.865,51.0236],[19.8678,51.0248],[19.864,51.0302],[19.8666,51.0365],[19.8736,51.0389],[19.8752,51.0469],[19.8777,51.0481],[19.8862,51.0476],[19.8972,51.0286],[19.9213,51.0255],[19.92,51.0244],[19.9369,51.0246],[19.9357,51.0111],[19.9403,51.0092],[19.9484,51.0131],[19.9588,51.0022],[19.9559,50.9921],[19.958,50.9903],[20.0175,50.9624],[20.0271,50.9726],[20.0363,50.9732],[20.0395,50.9902],[20.0339,50.9909],[20.0326,50.9953],[20.0432,51.0027],[20.049,51.0115],[20.0509,51.0264],[20.048,51.0534],[20.0562,51.0577],[20.0516,51.0628],[20.0446,51.06],[20.0454,51.0686],[19.9818,51.0731],[19.9864,51.0782],[19.9888,51.093],[19.9929,51.1004],[19.9859,51.1346],[20.0017,51.1331],[19.9883,51.1395],[20.0127,51.1552],[20.0174,51.1524],[20.022,51.1554],[20.0258,51.1647],[19.9941,51.184],[19.9967,51.1865],[20.0101,51.1909],[20.011,51.1954],[20.0251,51.1985],[20.0258,51.2004],[20.0325,51.1999],[20.0325,51.2012],[20.0452,51.2023],[20.0535,51.2027],[20.0597,51.1996],[20.0604,51.196],[20.0558,51.1948],[20.0551,51.1909],[20.0625,51.1937],[20.0642,51.1968],[20.0706,51.1945],[20.0994,51.1912],[20.1129,51.1931],[20.1195,51.1893],[20.1404,51.1927],[20.1454,51.1915],[20.149,51.1943],[20.1511,51.1926],[20.1587,51.1938],[20.1581,51.1979],[20.1795,51.1955],[20.1788,51.2071],[20.1924,51.2044],[20.1957,51.2064],[20.2012,51.2041],[20.2013,51.1992],[20.1944,51.198],[20.1958,51.1968],[20.2078,51.1998],[20.206,51.2],[20.2115,51.2063],[20.2099,51.2072],[20.2146,51.2096],[20.2172,51.1991],[20.2324,51.2013],[20.2352,51.2036],[20.2353,51.2089],[20.2516,51.2068],[20.2553,51.2119],[20.2637,51.2159],[20.2644,51.2191],[20.2641,51.2204],[20.2513,51.2216],[20.256,51.2367],[20.2525,51.2409],[20.2419,51.2436],[20.246,51.2533],[20.241,51.2555],[20.2426,51.2573],[20.253,51.2562],[20.2605,51.2588],[20.2635,51.2543],[20.2616,51.2546],[20.2601,51.2509],[20.2649,51.2509],[20.278,51.2443],[20.3101,51.2431],[20.3275,51.2519],[20.3308,51.2577],[20.3344,51.2547],[20.354,51.2504],[20.3605,51.2408],[20.3711,51.2366],[20.3797,51.246],[20.3753,51.2618],[20.3857,51.2633],[20.3846,51.2693],[20.3904,51.2722],[20.3642,51.3114],[20.3683,51.3106],[20.3785,51.3138],[20.3849,51.3188],[20.4104,51.3186],[20.4144,51.3207],[20.4106,51.326],[20.42,51.3257],[20.4242,51.3283],[20.4239,51.3334],[20.4327,51.3343],[20.4328,51.3394],[20.4329,51.3424],[20.4542,51.3372],[20.4562,51.3381],[20.4557,51.3362],[20.4635,51.3364],[20.4639,51.3317],[20.5072,51.3314],[20.5086,51.3301],[20.5174,51.3166],[20.5131,51.316],[20.5112,51.3129],[20.5133,51.3081],[20.498,51.3107],[20.4926,51.3073],[20.4945,51.2988],[20.4979,51.293],[20.5092,51.2957],[20.5108,51.2942],[20.5016,51.2869],[20.5213,51.2773],[20.5255,51.2804],[20.5333,51.2765],[20.5293,51.2734],[20.537,51.2697],[20.5248,51.2604],[20.5391,51.2546],[20.535,51.2523],[20.5365,51.2482],[20.5332,51.2477],[20.5375,51.2456],[20.5436,51.2313],[20.566,51.2315],[20.5683,51.2377],[20.579,51.2447],[20.6004,51.2446],[20.6006,51.2463],[20.6072,51.2468],[20.6178,51.2332],[20.6313,51.2268],[20.633,51.2234],[20.642,51.2211],[20.6469,51.2176],[20.6558,51.2168],[20.6774,51.2096],[20.6778,51.2071],[20.6834,51.204],[20.6908,51.2055],[20.6881,51.2038],[20.6899,51.2025],[20.6868,51.2027],[20.6913,51.199],[20.6893,51.198],[20.7003,51.196],[20.7027,51.1849],[20.6995,51.1799],[20.6853,51.1736],[20.6842,51.1666],[20.6887,51.1588],[20.6849,51.1544],[20.6855,51.1512],[20.6952,51.1517],[20.6932,51.1502],[20.6974,51.149],[20.7184,51.1727],[20.7712,51.157],[20.7662,51.1499],[20.7708,51.1485],[20.7822,51.1453],[20.7877,51.1528],[20.813,51.1458],[20.8217,51.1578],[20.8091,51.1612],[20.8216,51.1785],[20.85,51.1706],[20.8537,51.1729],[20.8593,51.1693],[20.8592,51.1664],[20.8798,51.1544],[20.9049,51.1795],[20.9082,51.1783],[20.9111,51.1892],[20.9136,51.1883],[20.9207,51.1953],[20.968,51.1766],[20.9659,51.1736],[21.0008,51.1596],[20.9932,51.152],[20.9983,51.1499],[20.9944,51.1461],[20.9985,51.1445],[21.0243,51.1504],[21.0262,51.1524],[21.0203,51.1524],[21.0223,51.1545],[21.019,51.1547],[21.0229,51.1586],[21.0446,51.1563],[21.0566,51.1571],[21.0696,51.174],[21.0734,51.1858],[21.0751,51.1976],[21.0684,51.2069],[21.07,51.2114],[21.1106,51.2008],[21.1079,51.1932],[21.1183,51.1917],[21.1199,51.1887],[21.1161,51.1789],[21.0967,51.1647],[21.0912,51.1551],[21.1282,51.1409],[21.1283,51.1348],[21.1342,51.1348],[21.1342,51.1285],[21.1424,51.1285],[21.1395,51.1256],[21.1453,51.1256],[21.1482,51.1285],[21.1641,51.1285],[21.161,51.1254],[21.154,51.1255],[21.1602,51.1022],[21.153,51.1037],[21.1509,51.0995],[21.1519,51.087],[21.1558,51.0862],[21.1528,51.0803],[21.3555,51.0853],[21.3531,51.0819],[21.3559,51.0815],[21.3564,51.0774],[21.3536,51.0671],[21.3704,51.0655],[21.3719,51.0588],[21.3831,51.0583],[21.3818,51.0406],[21.4048,51.0354],[21.4025,51.0327],[21.4108,51.0308],[21.411,51.0321],[21.4313,51.0295],[21.4285,51.0257],[21.4432,51.0228],[21.4636,51.0131],[21.4956,51.0218],[21.4859,51.0238],[21.5046,51.0317],[21.4861,51.0357],[21.4899,51.0397],[21.5169,51.0365],[21.4996,51.0451],[21.5066,51.0503],[21.5047,51.0518],[21.51,51.0523],[21.5102,51.0542],[21.5128,51.0534],[21.5091,51.0579],[21.5124,51.0593],[21.513,51.0561],[21.5291,51.059],[21.5328,51.0623],[21.5347,51.0564],[21.5421,51.057],[21.5451,51.0474],[21.5605,51.0555],[21.5782,51.0601],[21.5818,51.0607],[21.5832,51.058],[21.5901,51.0578],[21.6141,51.0653],[21.6191,51.0597],[21.6302,51.0634],[21.6237,51.071],[21.615,51.0726],[21.6121,51.076],[21.6273,51.0734],[21.6403,51.0763],[21.6496,51.0695],[21.6763,51.078],[21.6827,51.0705],[21.6916,51.0658],[21.6973,51.0518],[21.7052,51.0427],[21.7188,51.0411],[21.7224,51.0424],[21.7214,51.0435],[21.7277,51.0442],[21.7299,51.0473],[21.741,51.041],[21.757,51.0373],[21.7606,51.0428],[21.779,51.042],[21.7806,51.0455],[21.7724,51.0488],[21.7781,51.0536],[21.7844,51.0536],[21.7858,51.0576],[21.7895,51.0595],[21.7818,51.0608],[21.7851,51.0689],[21.7923,51.068],[21.7972,51.0715],[21.803,51.0721],[21.8216,51.0587],[21.8264,51.047],[21.821,51.0392],[21.8056,51.0326],[21.8027,51.0253],[21.8033,51.0219],[21.8195,51.0092],[21.8207,51.0046],[21.8216,50.9866],[21.8172,50.978],[21.82,50.9675],[21.8129,50.9551],[21.8129,50.9345],[21.8307,50.905],[21.829,50.896],[21.8319,50.883],[21.8474,50.8617],[21.8423,50.8402],[21.8679,50.8195],[21.869,50.8136],[21.8643,50.8027],[21.8585,50.7809],[21.8406,50.7601],[21.8432,50.7372],[21.8278,50.7165],[21.825,50.6972],[21.8209,50.6916],[21.8133,50.6873],[21.7863,50.68],[21.7938,50.6757],[21.7787,50.6585],[21.7801,50.6451],[21.7612,50.648],[21.7598,50.6549],[21.7512,50.6552],[21.7472,50.6546],[21.7434,50.6492],[21.7387,50.6477],[21.739,50.6438],[21.7334,50.6416],[21.7226,50.6454],[21.7105,50.6298],[21.6694,50.605],[21.6575,50.573],[21.6498,50.5646],[21.6241,50.5454],[21.604,50.5212],[21.5901,50.517],[21.5538,50.5205],[21.4862,50.4975],[21.4498,50.4928],[21.4427,50.4847],[21.4515,50.464],[21.4437,50.4565],[21.4013,50.4392],[21.3671,50.441],[21.3112,50.4217],[21.2995,50.4136],[21.281,50.4084],[21.2787,50.4044],[21.2812,50.3958],[21.2797,50.3917],[21.2567,50.3909],[21.2534,50.3883],[21.2498,50.3776],[21.2315,50.3743],[21.2265,50.37],[21.2223,50.3596],[21.2175,50.3564],[21.2088,50.3549],[21.1901,50.3521],[21.1873,50.3491],[21.1853,50.3347],[21.1766,50.3298],[21.1667,50.3331],[21.1657,50.3423],[21.154,50.3514],[21.1447,50.3543],[21.132,50.3543],[21.121,50.3503],[21.113,50.3384],[21.0919,50.3387],[21.0831,50.3364],[21.0721,50.3227],[21.0555,50.3155],[21.0484,50.3151],[21.033,50.3193],[21.0114,50.3129],[20.9912,50.3153],[20.974,50.3139],[20.9552,50.316],[20.9451,50.3125],[20.9388,50.3005],[20.9319,50.2981],[20.8953,50.3066],[20.8795,50.2956],[20.8685,50.2946],[20.8574,50.2965],[20.853,50.2952],[20.8499,50.2918],[20.8482,50.2788],[20.8358,50.2733],[20.8276,50.2751],[20.8162,50.2851],[20.8058,50.2895],[20.7899,50.2896],[20.7783,50.2832],[20.768,50.2683],[20.7525,50.2647],[20.729,50.2515],[20.7272,50.2464],[20.7313,50.2333],[20.7295,50.2309],[20.7097,50.2277],[20.7017,50.217],[20.6829,50.217],[20.6794,50.2124],[20.6815,50.2059],[20.6744,50.2019],[20.6684,50.2064],[20.6603,50.2036],[20.6544,50.2037],[20.6402,50.2116],[20.6433,50.2073],[20.6391,50.2053],[20.6363,50.2071],[20.6386,50.2105],[20.634,50.2117],[20.6289,50.2055],[20.6257,50.2055],[20.6245,50.202],[20.6306,50.202],[20.624,50.2007],[20.6086,50.2047],[20.6065,50.2045],[20.6059,50.2002],[20.5935,50.2016],[20.5916,50.1985],[20.5849,50.1975],[20.5816,50.1943],[20.5829,50.1893],[20.5724,50.1866],[20.5651,50.192],[20.5632,50.1997],[20.5576,50.2015],[20.5392,50.1974],[20.5401,50.1912],[20.535,50.191],[20.5348,50.1884],[20.5323,50.1883],[20.532,50.1914],[20.5291,50.1911],[20.5129,50.186],[20.5117,50.1893],[20.4932,50.192],[20.4772,50.1994],[20.4697,50.2008],[20.4735,50.1908],[20.4663,50.1921],[20.4687,50.1966],[20.4574,50.197],[20.455,50.1992],[20.4515,50.1927],[20.4429,50.1953],[20.4423,50.1925],[20.4372,50.1929],[20.4365,50.197],[20.4308,50.1973],[20.4313,50.1944],[20.4249,50.1948],[20.4267,50.1927],[20.4155,50.1912],[20.4154,50.1937],[20.4122,50.1935],[20.4119,50.1975],[20.4086,50.1985],[20.409,50.2],[20.4151,50.2002],[20.4102,50.2118],[20.3847,50.2076],[20.3746,50.216],[20.3775,50.2197],[20.3743,50.2226],[20.3743,50.2272],[20.3871,50.2323],[20.3923,50.2378],[20.3994,50.2385],[20.3975,50.2415],[20.3933,50.2409],[20.3931,50.2425],[20.3839,50.2446],[20.3762,50.2432],[20.3748,50.248],[20.3721,50.2471],[20.3676,50.2487],[20.3627,50.2544],[20.3578,50.2558],[20.353,50.2636],[20.3433,50.2628],[20.3309,50.2675],[20.3326,50.2723],[20.3441,50.2716],[20.3436,50.277],[20.3617,50.2811],[20.3621,50.2846],[20.3565,50.2889],[20.3488,50.2905],[20.341,50.2871],[20.3383,50.2919],[20.3403,50.2987],[20.3491,50.2989],[20.344,50.3054],[20.3361,50.3033],[20.3327,50.3045],[20.3279,50.3186],[20.3022,50.3229],[20.2974,50.3195],[20.2926,50.3222],[20.2938,50.3295],[20.2976,50.3297],[20.2992,50.3337],[20.3053,50.3359],[20.2994,50.3433],[20.2924,50.3458],[20.2936,50.3491],[20.2975,50.3521],[20.3072,50.3487],[20.3131,50.3486],[20.3143,50.3514],[20.3269,50.3515],[20.3329,50.3542],[20.3283,50.3578],[20.3392,50.3573],[20.3391,50.3596],[20.3372,50.3623],[20.3318,50.3628],[20.3318,50.3653],[20.3252,50.3669],[20.3259,50.3693],[20.3175,50.3707],[20.3185,50.3721],[20.3222,50.3712],[20.3209,50.3845],[20.3058,50.389],[20.3039,50.3982],[20.293,50.4049],[20.289,50.414],[20.2899,50.4191],[20.2755,50.4215],[20.2637,50.4303],[20.2606,50.4415],[20.2714,50.4594],[20.2729,50.4699],[20.2625,50.4673],[20.2489,50.4742],[20.2497,50.4791],[20.2444,50.4801],[20.2258,50.4781],[20.2201,50.4901],[20.2176,50.4885],[20.2108,50.4902],[20.2054,50.4957],[20.1937,50.4956],[20.1716,50.491],[20.1666,50.4844],[20.1466,50.4861],[20.1306,50.4899],[20.1194,50.4852],[20.1056,50.486],[20.096,50.4903],[20.0871,50.4896],[20.097,50.4961],[20.0837,50.4994],[20.0847,50.5046],[20.0782,50.5059],[20.0763,50.5096],[20.0542,50.5116],[20.0502,50.5052],[20.0426,50.5062],[20.0389,50.5002],[20.0283,50.5009],[20.0309,50.505],[20.0271,50.5086],[20.0076,50.5155],[19.9872,50.5198],[19.9709,50.5205],[19.9723,50.5163],[19.95,50.5048],[19.9345,50.5024],[19.9117,50.5118],[19.9011,50.5398],[19.8778,50.543],[19.8676,50.5422],[19.8551,50.5438],[19.8541,50.5464],[19.8481,50.549],[19.8443,50.5559],[19.8405,50.5546],[19.7887,50.5545],[19.7897,50.5685],[19.804,50.5656],[19.817,50.5729],[19.8249,50.5829],[19.8409,50.5907],[19.841,50.5966],[19.8583,50.6195],[19.8619,50.6217],[19.8664,50.6195],[19.8666,50.6213],[19.883,50.6172],[19.8984,50.616],[19.8996,50.6209],[19.9035,50.6196],[19.909,50.6299],[19.9115,50.6294],[19.9151,50.6357],[19.9202,50.6345],[19.9222,50.6394],[19.9098,50.642],[19.8888,50.6366],[19.8848,50.6402],[19.8858,50.6433],[19.8788,50.6464],[19.8571,50.6459],[19.8327,50.6515],[19.8311,50.6544],[19.8355,50.6547],[19.8417,50.6583],[19.8387,50.6586],[19.8411,50.6629],[19.8329,50.6672],[19.837,50.6704],[19.8533,50.6646],[19.854,50.6658],[19.8657,50.6649],[19.8587,50.671],[19.8586,50.674],[19.8616,50.6795],[19.873,50.683],[19.8717,50.693],[19.8575,50.6901],[19.8504,50.6906],[19.8488,50.7003],[19.8433,50.7057],[19.8333,50.7043],[19.8169,50.7073],[19.8159,50.704],[19.8083,50.7059],[19.8099,50.7114],[19.8061,50.712],[19.8108,50.7254],[19.8044,50.725],[19.8017,50.7171],[19.7929,50.7182],[19.7937,50.7206],[19.7788,50.7217],[19.759,50.7157],[19.7129,50.7292],[19.7132,50.7323],[19.7195,50.733],[19.7127,50.7427],[19.7083,50.7438],[19.7044,50.7523],[19.7112,50.7543],[19.7058,50.7618],[19.715,50.762],[19.7225,50.7595],[19.7222,50.7666],[19.7266,50.771],[19.7343,50.7697],[19.7375,50.765],[19.734,50.7624],[19.743,50.757],[19.7401,50.7556],[19.7417,50.7547],[19.7658,50.7717],[19.7702,50.7709],[19.7696,50.7742],[19.7655,50.7727],[19.7629,50.7748],[19.7647,50.7777],[19.7701,50.7791],[19.7705,50.7773],[19.7811,50.7805],[19.7805,50.7818],[19.7826,50.7803],[19.7954,50.7837],[19.7872,50.7924],[19.7754,50.7983],[19.7856,50.8071],[19.7907,50.8055],[19.7899,50.8104],[19.7898,50.8061],[19.7843,50.8098],[19.784,50.8065],[19.7826,50.8096],[19.7788,50.8094],[19.7842,50.8178],[19.7884,50.8195],[19.7934,50.8186],[19.7969,50.8166],[19.7976,50.8123],[19.7943,50.8113],[19.7978,50.8116],[19.8046,50.8079],[19.807,50.8022],[19.8095,50.8036],[19.8138,50.8024],[19.8234,50.8056],[19.8234,50.8076],[19.8205,50.8076],[19.8186,50.8207],[19.8322,50.8197],[19.8297,50.8237],[19.8257,50.825],[19.8254,50.832],[19.8194,50.8385],[19.8031,50.845],[19.8054,50.8468],[19.8004,50.8461],[19.7923,50.8508],[19.7774,50.8548],[19.7713,50.8585],[19.7617,50.8597],[19.7471,50.866]],[[19.7772,50.7757],[19.7818,50.7793],[19.7765,50.7764],[19.7772,50.7757]],[[19.7924,50.8103],[19.7941,50.8112],[19.792,50.8111],[19.7924,50.8103]],[[19.7951,50.8153],[19.795,50.8163],[19.794,50.8158],[19.7951,50.8153]]]},"properties":{"id":5,"nazwa":"świętokrzyskie"},"id":4},{"type":"Feature","geometry":{"type":"Polygon","coordinates":[[[19.1293,53.5883],[19.1577,53.5815],[19.1613,53.5841],[19.1694,53.5823],[19.1821,53.579],[19.1798,53.5779],[19.1851,53.5751],[19.1997,53.5701],[19.1963,53.5585],[19.1893,53.5478],[19.1952,53.544],[19.2079,53.5481],[19.2107,53.5429],[19.2088,53.5414],[19.2136,53.5408],[19.2115,53.538],[19.2138,53.5318],[19.2199,53.5283],[19.219,53.5247],[19.2043,53.5231],[19.2017,53.5191],[19.1895,53.5153],[19.1917,53.5141],[19.1892,53.5116],[19.2,53.5044],[19.2058,53.4967],[19.2256,53.4888],[19.2232,53.4804],[19.2313,53.4762],[19.2366,53.4675],[19.2259,53.4612],[19.2258,53.4531],[19.2325,53.4526],[19.2417,53.4575],[19.2447,53.4577],[19.2465,53.4553],[19.2417,53.453],[19.2457,53.444],[19.2411,53.4409],[19.2432,53.4409],[19.2466,53.4345],[19.2546,53.4315],[19.2497,53.4226],[19.2395,53.4172],[19.2325,53.4212],[19.2327,53.4177],[19.2364,53.416],[19.2317,53.4146],[19.2457,53.4105],[19.2556,53.4028],[19.2592,53.3965],[19.2715,53.3953],[19.2875,53.3906],[19.2917,53.3851],[19.2912,53.3892],[19.296,53.395],[19.3003,53.3949],[19.2997,53.397],[19.3051,53.4001],[19.2987,53.4028],[19.2922,53.3988],[19.2967,53.4033],[19.3077,53.4068],[19.3074,53.4115],[19.32,53.4104],[19.3258,53.4053],[19.3295,53.405],[19.3435,53.4083],[19.3587,53.4089],[19.3689,53.4129],[19.3829,53.4092],[19.3822,53.4058],[19.388,53.4035],[19.3908,53.3976],[19.3896,53.3952],[19.3924,53.3925],[19.3895,53.3908],[19.3938,53.3881],[19.3973,53.3893],[19.3947,53.3903],[19.3948,53.3946],[19.3987,53.391],[19.408,53.3925],[19.4107,53.3917],[19.4079,53.3895],[19.4126,53.3874],[19.4178,53.3789],[19.4474,53.3756],[19.4396,53.3718],[19.4324,53.3629],[19.4279,53.3609],[19.4287,53.3592],[19.434,53.3579],[19.4469,53.3608],[19.458,53.3598],[19.4656,53.3654],[19.4657,53.3693],[19.4732,53.3716],[19.476,53.3701],[19.4781,53.3716],[19.4819,53.3709],[19.4786,53.3622],[19.4833,53.36],[19.4976,53.3634],[19.5077,53.3685],[19.5085,53.3709],[19.5199,53.3703],[19.5183,53.3585],[19.524,53.3595],[19.5215,53.3568],[19.526,53.3521],[19.5275,53.3539],[19.5287,53.3527],[19.5222,53.3441],[19.5256,53.345],[19.5218,53.3398],[19.519,53.3393],[19.5209,53.3363],[19.5226,53.3368],[19.5201,53.3304],[19.587,53.3317],[19.5967,53.334],[19.5958,53.3378],[19.6073,53.3416],[19.6104,53.3423],[19.6124,53.3383],[19.6416,53.3446],[19.6724,53.3373],[19.6901,53.3363],[19.6871,53.3125],[19.6891,53.3129],[19.6893,53.3082],[19.685,53.3073],[19.6851,53.3041],[19.6898,53.3068],[19.7181,53.3021],[19.7122,53.2886],[19.7258,53.2838],[19.7183,53.2833],[19.717,53.2809],[19.7249,53.2765],[19.7262,53.2735],[19.7286,53.2744],[19.7306,53.2709],[19.7254,53.2705],[19.7132,53.2745],[19.7034,53.2669],[19.6935,53.2638],[19.6909,53.2597],[19.6833,53.2584],[19.6821,53.2568],[19.6854,53.2561],[19.6832,53.2542],[19.6916,53.253],[19.6895,53.2339],[19.6951,53.2328],[19.7001,53.2365],[19.7039,53.2342],[19.7153,53.2335],[19.7168,53.2311],[19.7244,53.2321],[19.7284,53.2299],[19.7436,53.2282],[19.7426,53.2218],[19.7527,53.2126],[19.7459,53.211],[19.7422,53.2036],[19.7365,53.2032],[19.7469,53.1933],[19.742,53.1879],[19.7511,53.1843],[19.7466,53.1797],[19.7508,53.1784],[19.7616,53.1518],[19.7326,53.1445],[19.712,53.1347],[19.7105,53.1215],[19.6929,53.1195],[19.6912,53.1226],[19.6847,53.1231],[19.6827,53.1129],[19.6727,53.1127],[19.6723,53.1107],[19.6689,53.1109],[19.6671,53.1061],[19.6523,53.1069],[19.6506,53.1124],[19.6342,53.1117],[19.6385,53.1066],[19.6387,53.0949],[19.6368,53.0947],[19.647,53.0873],[19.6461,53.0775],[19.6489,53.0771],[19.6479,53.0756],[19.6596,53.0745],[19.6581,53.0716],[19.6616,53.0694],[19.6468,53.0662],[19.6458,53.0621],[19.6485,53.0617],[19.6458,53.0543],[19.6545,53.0526],[19.6536,53.0502],[19.6516,53.0505],[19.654,53.0397],[19.6522,53.0378],[19.6658,53.0401],[19.666,53.0382],[19.6723,53.0367],[19.6781,53.032],[19.6756,53.0291],[19.6812,53.0266],[19.6783,53.0242],[19.6832,53.0217],[19.6903,53.0215],[19.6787,53.0148],[19.6804,53.0097],[19.6776,53.0007],[19.6702,52.9935],[19.6719,52.991],[19.6649,52.9868],[19.6687,52.9853],[19.6686,52.9832],[19.6756,52.9824],[19.6799,52.9784],[19.6782,52.976],[19.6816,52.9651],[19.6847,52.963],[19.6811,52.9565],[19.6716,52.9556],[19.6653,52.959],[19.659,52.9595],[19.6546,52.9613],[19.6487,52.9697],[19.6457,52.9709],[19.6361,52.9698],[19.624,52.9772],[19.6121,52.9769],[19.5884,52.9832],[19.5683,52.9857],[19.5601,52.9903],[19.5547,52.9901],[19.5593,52.9791],[19.5759,52.9699],[19.5827,52.9683],[19.5861,52.963],[19.5825,52.9569],[19.5408,52.9484],[19.5319,52.9418],[19.5289,52.9364],[19.487,52.9403],[19.4847,52.944],[19.4577,52.9418],[19.4449,52.9475],[19.4447,52.939],[19.4508,52.9254],[19.4719,52.9172],[19.4645,52.9158],[19.4586,52.9067],[19.4857,52.886],[19.4922,52.878],[19.5087,52.8679],[19.5158,52.8602],[19.489,52.8668],[19.475,52.8654],[19.4645,52.8596],[19.4634,52.8559],[19.4735,52.8503],[19.4558,52.8449],[19.444,52.8374],[19.4257,52.8408],[19.4273,52.8375],[19.4238,52.8345],[19.4234,52.83],[19.4245,52.8278],[19.4302,52.8268],[19.4312,52.8235],[19.4238,52.8156],[19.4377,52.8147],[19.453,52.8046],[19.4657,52.8045],[19.463,52.7948],[19.4674,52.7865],[19.4813,52.784],[19.4901,52.779],[19.4928,52.7797],[19.4946,52.7784],[19.4909,52.7743],[19.5042,52.7677],[19.5003,52.7636],[19.505,52.7629],[19.5063,52.7609],[19.5035,52.7595],[19.4977,52.7606],[19.5034,52.7556],[19.4987,52.754],[19.4975,52.7495],[19.4996,52.749],[19.5009,52.7509],[19.5038,52.7488],[19.5088,52.75],[19.5102,52.7481],[19.5231,52.7486],[19.5228,52.7465],[19.5189,52.7457],[19.5191,52.7419],[19.514,52.7424],[19.51,52.7372],[19.5011,52.737],[19.4984,52.7325],[19.5047,52.7294],[19.5025,52.7267],[19.5069,52.7238],[19.5025,52.7227],[19.5033,52.7135],[19.5102,52.7107],[19.5168,52.71],[19.5195,52.7115],[19.5207,52.7083],[19.5253,52.7079],[19.5271,52.7049],[19.5258,52.7037],[19.4919,52.7076],[19.4943,52.7099],[19.4931,52.7146],[19.4838,52.7181],[19.4775,52.7175],[19.4648,52.7207],[19.4597,52.725],[19.455,52.7257],[19.4474,52.723],[19.4419,52.7234],[19.4401,52.7119],[19.4467,52.7056],[19.4366,52.6931],[19.4364,52.6826],[19.4369,52.6812],[19.4438,52.6829],[19.4509,52.6722],[19.4458,52.6706],[19.4432,52.6758],[19.4346,52.6767],[19.4322,52.6766],[19.4303,52.6716],[19.4162,52.6717],[19.4136,52.6606],[19.4109,52.6602],[19.4101,52.6542],[19.4049,52.6506],[19.403,52.6445],[19.3837,52.6443],[19.3814,52.6396],[19.3727,52.6373],[19.3733,52.6342],[19.3679,52.6283],[19.4015,52.6199],[19.4261,52.6114],[19.4193,52.5994],[19.4145,52.5959],[19.4074,52.5944],[19.4051,52.5919],[19.3983,52.5934],[19.3952,52.5901],[19.3949,52.5773],[19.3906,52.5734],[19.3782,52.5686],[19.3508,52.569],[19.3411,52.5671],[19.3494,52.5451],[19.3466,52.5447],[19.3554,52.5371],[19.3545,52.5345],[19.3515,52.535],[19.3488,52.5281],[19.3436,52.5278],[19.3381,52.534],[19.3323,52.5333],[19.3292,52.5379],[19.3309,52.5329],[19.3196,52.5349],[19.3217,52.5292],[19.3331,52.5249],[19.3848,52.5195],[19.3957,52.5129],[19.3887,52.5095],[19.3721,52.5072],[19.3636,52.5038],[19.3638,52.5001],[19.354,52.4885],[19.3581,52.4813],[19.3508,52.4795],[19.3389,52.4798],[19.3313,52.4711],[19.3332,52.4668],[19.3303,52.4622],[19.3208,52.4547],[19.3191,52.4487],[19.3071,52.4489],[19.2991,52.4453],[19.284,52.45],[19.2681,52.4488],[19.2592,52.4426],[19.2618,52.4357],[19.2867,52.433],[19.2961,52.4246],[19.298,52.418],[19.2934,52.4183],[19.293,52.4112],[19.2862,52.4055],[19.2804,52.4055],[19.2905,52.3978],[19.2881,52.3977],[19.2892,52.3927],[19.2772,52.3941],[19.2706,52.393],[19.2681,52.3893],[19.2614,52.3876],[19.2639,52.3842],[19.2364,52.3693],[19.2367,52.3622],[19.2253,52.3614],[19.2194,52.3648],[19.21,52.3656],[19.2071,52.3584],[19.2123,52.3565],[19.2092,52.3534],[19.2249,52.3442],[19.2183,52.3412],[19.2007,52.3513],[19.206,52.356],[19.1996,52.36],[19.1874,52.3485],[19.1829,52.347],[19.1805,52.349],[19.1596,52.3408],[19.1504,52.3467],[19.124,52.3428],[19.0992,52.3479],[19.0834,52.3436],[19.0765,52.3395],[19.0552,52.3376],[19.064,52.3306],[19.06,52.3324],[19.0471,52.3328],[19.029,52.3321],[19.02,52.3379],[19.0053,52.3398],[19.0081,52.3493],[18.9993,52.353],[18.9822,52.3565],[18.9694,52.3555],[18.9669,52.3612],[18.98,52.3646],[18.9735,52.3699],[18.9769,52.3707],[18.9754,52.375],[18.9695,52.3778],[18.953,52.379],[18.9447,52.3845],[18.9408,52.3915],[18.9316,52.3938],[18.9244,52.3999],[18.9208,52.3989],[18.9289,52.3781],[18.9205,52.3758],[18.9102,52.3783],[18.9125,52.3662],[18.9067,52.3653],[18.9048,52.3632],[18.8927,52.3631],[18.8897,52.3595],[18.88,52.3638],[18.8771,52.3631],[18.8741,52.3603],[18.8699,52.3601],[18.8555,52.3484],[18.8514,52.3487],[18.8434,52.3452],[18.8401,52.3459],[18.8356,52.3431],[18.8319,52.3452],[18.8275,52.344],[18.8245,52.3482],[18.8191,52.3474],[18.8142,52.3524],[18.7872,52.3421],[18.7804,52.342],[18.7786,52.3344],[18.7722,52.3329],[18.766,52.3361],[18.7601,52.3364],[18.7613,52.3335],[18.7558,52.3318],[18.7521,52.3382],[18.7534,52.345],[18.7511,52.3463],[18.7532,52.3634],[18.7476,52.3627],[18.7424,52.3647],[18.7435,52.3663],[18.7392,52.3692],[18.7399,52.3736],[18.7325,52.3736],[18.7322,52.38],[18.7246,52.3885],[18.7183,52.39],[18.7152,52.3986],[18.712,52.4007],[18.6794,52.4008],[18.6832,52.4096],[18.6771,52.4176],[18.6847,52.4279],[18.6768,52.4232],[18.6699,52.4216],[18.6697,52.4242],[18.658,52.4219],[18.6542,52.4333],[18.6488,52.4395],[18.6501,52.4503],[18.642,52.4534],[18.6261,52.4557],[18.6087,52.4555],[18.6025,52.4639],[18.593,52.4694],[18.5901,52.4681],[18.589,52.4616],[18.5738,52.464],[18.5741,52.4652],[18.5601,52.4633],[18.5627,52.473],[18.5597,52.4841],[18.5478,52.484],[18.5427,52.4857],[18.5383,52.4812],[18.5389,52.4827],[18.5357,52.4833],[18.5397,52.4909],[18.5334,52.4914],[18.5304,52.494],[18.5323,52.497],[18.5267,52.4988],[18.5266,52.4988],[18.5267,52.4988],[18.5266,52.4988],[18.5267,52.4988],[18.5266,52.4988],[18.5267,52.4988],[18.5266,52.4988],[18.4977,52.5023],[18.4905,52.5048],[18.4855,52.5028],[18.4863,52.4981],[18.4736,52.4921],[18.4725,52.4895],[18.4622,52.4904],[18.4669,52.4819],[18.4635,52.4766],[18.449,52.4775],[18.441,52.4807],[18.4372,52.4792],[18.4271,52.4799],[18.4228,52.4795],[18.4197,52.4732],[18.409,52.473],[18.4079,52.4716],[18.405,52.4728],[18.4035,52.4703],[18.4,52.4741],[18.3917,52.4702],[18.385,52.4746],[18.3844,52.4826],[18.387,52.4849],[18.3759,52.5039],[18.3833,52.5224],[18.3868,52.5236],[18.388,52.5269],[18.385,52.5291],[18.3859,52.532],[18.3766,52.5363],[18.3772,52.5375],[18.3525,52.5434],[18.3399,52.5375],[18.34,52.5303],[18.3462,52.5238],[18.3452,52.5217],[18.3061,52.5029],[18.3013,52.5023],[18.2989,52.4992],[18.2943,52.4997],[18.2942,52.4997],[18.2943,52.4997],[18.2942,52.4997],[18.2943,52.4997],[18.2942,52.4997],[18.2943,52.4997],[18.2942,52.4997],[18.2755,52.4914],[18.2719,52.4868],[18.2663,52.4863],[18.2602,52.4812],[18.2413,52.488],[18.2354,52.4853],[18.2211,52.484],[18.2203,52.4827],[18.2046,52.4832],[18.2002,52.4863],[18.2026,52.5006],[18.1987,52.5048],[18.1824,52.5037],[18.1546,52.5095],[18.1361,52.505],[18.1306,52.5072],[18.125,52.5071],[18.1242,52.5164],[18.1063,52.5138],[18.0902,52.5205],[18.0926,52.5241],[18.0918,52.5317],[18.1001,52.5331],[18.1012,52.537],[18.1068,52.5385],[18.1055,52.5444],[18.0954,52.5531],[18.0644,52.5517],[18.0627,52.5476],[18.0589,52.5477],[18.0595,52.5428],[18.051,52.5448],[18.0514,52.5472],[18.0343,52.5495],[18.0227,52.555],[18.0026,52.555],[17.9982,52.5504],[17.9977,52.5414],[17.9874,52.5431],[17.9901,52.5498],[17.9855,52.5556],[17.9916,52.5638],[17.9869,52.5774],[17.9847,52.5771],[17.9859,52.5682],[17.9836,52.5643],[17.9811,52.5645],[17.9825,52.5671],[17.9763,52.5677],[17.9742,52.5631],[17.9647,52.5653],[17.965,52.5666],[17.9721,52.5673],[17.9702,52.5755],[17.9597,52.5753],[17.9613,52.5705],[17.9553,52.5702],[17.9534,52.5682],[17.9463,52.5687],[17.9463,52.5783],[17.9327,52.5825],[17.9367,52.587],[17.9336,52.5877],[17.9287,52.584],[17.9327,52.5712],[17.9246,52.572],[17.9251,52.5739],[17.9164,52.5756],[17.9181,52.5804],[17.9044,52.5833],[17.9051,52.5855],[17.9006,52.5863],[17.9076,52.5932],[17.9163,52.5949],[17.921,52.5983],[17.9124,52.595],[17.9077,52.5955],[17.9101,52.6005],[17.909,52.608],[17.9153,52.6127],[17.9059,52.6108],[17.9014,52.6118],[17.8765,52.6286],[17.8768,52.6339],[17.8608,52.6297],[17.8446,52.6282],[17.8255,52.6345],[17.825,52.6359],[17.8289,52.6364],[17.827,52.6426],[17.8182,52.6409],[17.8136,52.6446],[17.7941,52.6499],[17.79,52.6491],[17.7867,52.6515],[17.7803,52.6486],[17.7781,52.6369],[17.7606,52.6343],[17.76,52.6394],[17.7665,52.6385],[17.7605,52.6495],[17.7653,52.6556],[17.7609,52.6569],[17.7585,52.654],[17.7506,52.6515],[17.7364,52.6505],[17.7324,52.6469],[17.7162,52.6397],[17.7213,52.6331],[17.7241,52.6333],[17.7264,52.6361],[17.7333,52.6357],[17.7445,52.6425],[17.7491,52.6325],[17.7407,52.6298],[17.7136,52.615],[17.7039,52.6045],[17.6994,52.6098],[17.7047,52.6128],[17.7033,52.6163],[17.6901,52.6023],[17.6781,52.6024],[17.6751,52.6168],[17.6824,52.6251],[17.6754,52.6402],[17.6767,52.6441],[17.6817,52.6471],[17.6816,52.6507],[17.6776,52.6486],[17.6465,52.6448],[17.6381,52.6485],[17.6345,52.6471],[17.6352,52.6506],[17.6303,52.6549],[17.6388,52.6638],[17.636,52.6713],[17.6304,52.6732],[17.631,52.6782],[17.6395,52.6824],[17.6477,52.6903],[17.6404,52.6924],[17.6276,52.7082],[17.6191,52.7063],[17.6146,52.703],[17.6004,52.7051],[17.5791,52.705],[17.5781,52.6952],[17.5744,52.6917],[17.5669,52.6929],[17.5573,52.6882],[17.5461,52.6909],[17.5273,52.6815],[17.5234,52.6775],[17.5245,52.6725],[17.5168,52.6742],[17.5061,52.6731],[17.5008,52.6846],[17.4897,52.6844],[17.4852,52.6888],[17.4822,52.6877],[17.4847,52.682],[17.4672,52.6804],[17.4718,52.6857],[17.4712,52.6918],[17.4746,52.6958],[17.4729,52.7023],[17.4755,52.705],[17.4787,52.7066],[17.4953,52.704],[17.5004,52.7086],[17.5003,52.7111],[17.4801,52.7114],[17.4806,52.7168],[17.4875,52.7213],[17.487,52.7257],[17.4897,52.7273],[17.4792,52.7324],[17.4693,52.7336],[17.4706,52.7372],[17.4585,52.7389],[17.4393,52.7504],[17.43,52.7522],[17.4187,52.7513],[17.4162,52.7556],[17.4044,52.7567],[17.4052,52.7583],[17.4097,52.757],[17.4078,52.7618],[17.4143,52.7624],[17.4139,52.7667],[17.4213,52.7647],[17.4225,52.7666],[17.4117,52.7685],[17.4081,52.7715],[17.413,52.7775],[17.4107,52.7853],[17.4159,52.7838],[17.4273,52.7863],[17.4324,52.7839],[17.4431,52.7879],[17.4528,52.7972],[17.4604,52.7906],[17.4604,52.7868],[17.4741,52.7876],[17.4982,52.7849],[17.5033,52.7867],[17.5098,52.7958],[17.5054,52.7986],[17.5071,52.8011],[17.5045,52.8041],[17.5132,52.8096],[17.514,52.8181],[17.521,52.8215],[17.5196,52.8271],[17.5123,52.8318],[17.5158,52.8385],[17.5133,52.8549],[17.5233,52.8555],[17.5271,52.8582],[17.5233,52.8742],[17.5284,52.8848],[17.5183,52.8857],[17.519,52.8968],[17.5148,52.9018],[17.5096,52.9178],[17.5186,52.928],[17.4983,52.9325],[17.4913,52.9458],[17.4854,52.95],[17.4699,52.9483],[17.4573,52.9509],[17.4484,52.957],[17.4339,52.9618],[17.4236,52.9684],[17.411,52.971],[17.3946,52.9824],[17.3686,52.9733],[17.3605,52.9752],[17.3495,52.9723],[17.3169,52.974],[17.3188,52.9871],[17.317,52.99],[17.3016,52.9948],[17.3059,53.0039],[17.3132,53.0117],[17.3154,53.0191],[17.3188,53.0205],[17.3223,53.0183],[17.3334,53.0191],[17.3367,53.0427],[17.3306,53.0512],[17.3239,53.0783],[17.3345,53.0774],[17.3572,53.0872],[17.3609,53.1174],[17.3596,53.1241],[17.357,53.1239],[17.3526,53.1311],[17.3871,53.1337],[17.3871,53.1376],[17.3904,53.1377],[17.3899,53.1416],[17.3928,53.142],[17.374,53.1486],[17.3513,53.151],[17.3531,53.1548],[17.3354,53.1556],[17.3422,53.1587],[17.3469,53.1638],[17.3369,53.1715],[17.3352,53.1795],[17.3471,53.1963],[17.3443,53.1978],[17.3458,53.2011],[17.3343,53.2085],[17.3211,53.2115],[17.3216,53.2163],[17.329,53.214],[17.3337,53.2154],[17.3319,53.2178],[17.3631,53.2232],[17.3689,53.2268],[17.3901,53.2283],[17.4051,53.2268],[17.4173,53.231],[17.4127,53.2414],[17.4279,53.2464],[17.4185,53.2534],[17.4237,53.2553],[17.4383,53.2675],[17.4201,53.2833],[17.4105,53.2871],[17.4073,53.2825],[17.3944,53.2892],[17.3925,53.2909],[17.4013,53.2936],[17.3876,53.2987],[17.3847,53.307],[17.3806,53.306],[17.3788,53.3118],[17.3692,53.3138],[17.3656,53.3181],[17.3596,53.3181],[17.355,53.321],[17.3534,53.3239],[17.3578,53.3273],[17.3539,53.3344],[17.3421,53.3372],[17.3385,53.3419],[17.3407,53.345],[17.3382,53.3477],[17.3325,53.3487],[17.3252,53.3472],[17.3086,53.3521],[17.2939,53.3533],[17.2641,53.3634],[17.2566,53.3636],[17.257,53.367],[17.2533,53.3681],[17.2473,53.375],[17.2493,53.3804],[17.2585,53.3808],[17.2664,53.3878],[17.2852,53.3943],[17.2915,53.3991],[17.2961,53.4059],[17.2901,53.415],[17.295,53.4193],[17.2947,53.4218],[17.3099,53.4266],[17.3158,53.4317],[17.3241,53.4327],[17.3288,53.4351],[17.3397,53.4501],[17.3444,53.4498],[17.3457,53.4532],[17.3519,53.4535],[17.3629,53.4585],[17.3733,53.467],[17.3825,53.4686],[17.3941,53.4903],[17.3907,53.491],[17.3955,53.4971],[17.3938,53.5078],[17.402,53.5121],[17.4048,53.5256],[17.4108,53.5333],[17.4171,53.5329],[17.4228,53.5375],[17.4203,53.5456],[17.4226,53.55],[17.4182,53.553],[17.4209,53.5547],[17.4177,53.5554],[17.4189,53.5581],[17.4151,53.5582],[17.4132,53.5608],[17.4178,53.5632],[17.4196,53.5743],[17.4249,53.5788],[17.422,53.5841],[17.4276,53.5866],[17.4313,53.5925],[17.4391,53.5947],[17.4413,53.5987],[17.4466,53.6014],[17.4514,53.6021],[17.456,53.5998],[17.4745,53.6031],[17.481,53.602],[17.4997,53.6077],[17.5089,53.6173],[17.5146,53.6178],[17.5102,53.6132],[17.5249,53.6045],[17.5293,53.5929],[17.545,53.58],[17.5648,53.578],[17.5793,53.5785],[17.6044,53.5969],[17.6267,53.5878],[17.6508,53.5816],[17.6567,53.5712],[17.672,53.5702],[17.6749,53.572],[17.6742,53.5836],[17.6583,53.5858],[17.655,53.5887],[17.657,53.594],[17.6688,53.6018],[17.6872,53.5927],[17.6928,53.5949],[17.7007,53.5917],[17.7046,53.5952],[17.7304,53.5929],[17.7318,53.6004],[17.7338,53.5997],[17.7357,53.6013],[17.7351,53.6137],[17.7288,53.6136],[17.7261,53.6097],[17.711,53.609],[17.718,53.6133],[17.7197,53.617],[17.7152,53.6196],[17.7147,53.6213],[17.7193,53.6237],[17.7117,53.6295],[17.7119,53.6362],[17.7236,53.6404],[17.7238,53.643],[17.7329,53.6479],[17.7333,53.6551],[17.7383,53.656],[17.7342,53.6633],[17.7442,53.67],[17.7402,53.674],[17.7407,53.678],[17.7467,53.6811],[17.7539,53.6793],[17.7587,53.6867],[17.7599,53.6839],[17.7638,53.6836],[17.7669,53.689],[17.7628,53.6895],[17.7631,53.6948],[17.7722,53.6999],[17.7981,53.6788],[17.8072,53.6793],[17.8202,53.6862],[17.8242,53.6917],[17.8469,53.6909],[17.8522,53.6879],[17.8708,53.6981],[17.8784,53.7074],[17.8814,53.7063],[17.8916,53.7076],[17.8985,53.7106],[17.8925,53.7174],[17.9041,53.7218],[17.8951,53.7268],[17.8894,53.7277],[17.8761,53.746],[17.8669,53.7455],[17.8601,53.755],[17.8636,53.7582],[17.8686,53.7596],[17.8756,53.7578],[17.9009,53.7479],[17.9281,53.7501],[17.9318,53.7493],[17.9352,53.7435],[17.942,53.7474],[17.9486,53.7473],[17.9536,53.7381],[17.9644,53.7392],[17.9756,53.7361],[17.9864,53.7315],[17.9856,53.7295],[17.9912,53.7245],[17.9994,53.7257],[18.0044,53.7241],[18.0148,53.7242],[18.0277,53.729],[18.0318,53.7251],[18.0468,53.7362],[18.0457,53.7376],[18.0429,53.7369],[18.0416,53.7398],[18.0499,53.7412],[18.0577,53.7605],[18.0706,53.7735],[18.072,53.7811],[18.0942,53.7749],[18.0994,53.7674],[18.109,53.7691],[18.1104,53.7643],[18.1074,53.7614],[18.1108,53.7582],[18.1168,53.7594],[18.1177,53.7628],[18.1256,53.7643],[18.1305,53.7694],[18.138,53.7675],[18.1518,53.7682],[18.1549,53.7532],[18.1694,53.7456],[18.172,53.7468],[18.1778,53.746],[18.1789,53.7435],[18.1814,53.7533],[18.1884,53.7558],[18.2015,53.7562],[18.2004,53.744],[18.1979,53.7415],[18.1952,53.7427],[18.196,53.7389],[18.2047,53.7401],[18.2082,53.7451],[18.2116,53.745],[18.2155,53.7477],[18.2141,53.7509],[18.2169,53.7518],[18.2213,53.7517],[18.219,53.7398],[18.2442,53.7439],[18.2508,53.7432],[18.2561,53.7462],[18.2596,53.7425],[18.2676,53.7423],[18.2649,53.741],[18.2739,53.7317],[18.2671,53.7251],[18.2756,53.7231],[18.2767,53.7207],[18.2734,53.7187],[18.2741,53.7168],[18.2542,53.7113],[18.2638,53.701],[18.2919,53.6994],[18.3412,53.6933],[18.3521,53.6911],[18.349,53.6898],[18.3542,53.6874],[18.3571,53.6892],[18.361,53.6876],[18.3643,53.6896],[18.38,53.6885],[18.42,53.6919],[18.4185,53.6872],[18.4557,53.6937],[18.4551,53.6865],[18.4602,53.6864],[18.4684,53.6897],[18.4681,53.6959],[18.4717,53.7011],[18.4682,53.7018],[18.4705,53.7037],[18.4924,53.7017],[18.4942,53.6992],[18.5059,53.701],[18.5081,53.6999],[18.5158,53.704],[18.5232,53.6915],[18.519,53.6893],[18.5125,53.689],[18.5145,53.681],[18.5298,53.6792],[18.533,53.6754],[18.5286,53.6744],[18.5289,53.673],[18.5323,53.6694],[18.5281,53.6687],[18.5333,53.6666],[18.5362,53.6692],[18.5401,53.6663],[18.5434,53.6664],[18.5441,53.6618],[18.5534,53.6551],[18.5626,53.6581],[18.5802,53.6579],[18.5834,53.6594],[18.5824,53.6662],[18.5671,53.6733],[18.5709,53.6754],[18.5787,53.6774],[18.5869,53.6733],[18.6095,53.6706],[18.6306,53.6746],[18.6373,53.6774],[18.6389,53.6809],[18.6552,53.6936],[18.6536,53.6948],[18.6634,53.6966],[18.6785,53.6908],[18.6879,53.6991],[18.6965,53.6999],[18.6959,53.6923],[18.7084,53.6865],[18.719,53.6885],[18.7255,53.6838],[18.7341,53.686],[18.7413,53.6928],[18.7443,53.6917],[18.7436,53.6886],[18.7471,53.686],[18.7532,53.6906],[18.7507,53.6926],[18.7649,53.6981],[18.7628,53.6989],[18.7787,53.7008],[18.7824,53.704],[18.789,53.7021],[18.7812,53.6935],[18.7734,53.6792],[18.7466,53.6575],[18.7393,53.6446],[18.7405,53.6323],[18.7533,53.6175],[18.7607,53.6047],[18.7649,53.6054],[18.7636,53.6109],[18.7679,53.6058],[18.7735,53.607],[18.8299,53.6048],[18.8432,53.602],[18.89,53.5995],[18.8953,53.5957],[18.9063,53.5942],[18.9086,53.5915],[18.9031,53.5779],[18.9052,53.5776],[18.9151,53.5795],[18.9268,53.5917],[18.9406,53.5883],[18.974,53.589],[18.9768,53.5874],[18.9873,53.5899],[18.9888,53.5951],[18.9946,53.5955],[19.009,53.592],[19.0249,53.5906],[19.0246,53.5931],[19.0498,53.5967],[19.0859,53.5982],[19.1293,53.5883]]]},"properties":{"id":6,"nazwa":"kujawsko-pomorskie"},"id":5},{"type":"Feature","geometry":{"type":"Polygon","coordinates":[[[21.613,53.4808],[21.6479,53.4812],[21.6796,53.4913],[21.6867,53.4928],[21.6947,53.4921],[21.7142,53.489],[21.7308,53.4888],[21.7521,53.4832],[21.7906,53.4793],[21.8287,53.464],[21.8583,53.4589],[21.8726,53.4618],[21.8811,53.4613],[21.891,53.4665],[21.9024,53.4826],[21.902,53.4932],[21.9202,53.503],[21.922,53.5078],[21.9337,53.5111],[21.9526,53.5094],[21.966,53.5146],[21.9758,53.5154],[21.9778,53.518],[21.9899,53.5221],[22.0097,53.5136],[22.0158,53.5012],[22.02,53.4973],[22.0265,53.496],[22.0307,53.4971],[22.0417,53.5082],[22.0424,53.5119],[22.0484,53.5157],[22.0505,53.5249],[22.054,53.5275],[22.0663,53.5308],[22.0754,53.5358],[22.0855,53.5354],[22.0947,53.5324],[22.101,53.5333],[22.1279,53.5415],[22.1617,53.5554],[22.1747,53.5578],[22.1943,53.5662],[22.2095,53.5777],[22.2279,53.5858],[22.2344,53.5917],[22.2327,53.5924],[22.2391,53.5961],[22.272,53.6106],[22.2808,53.6217],[22.2984,53.6243],[22.3248,53.6341],[22.3266,53.6318],[22.3529,53.6472],[22.3499,53.6484],[22.3599,53.6558],[22.3624,53.655],[22.3963,53.6681],[22.4007,53.6671],[22.4148,53.6778],[22.423,53.6815],[22.433,53.6764],[22.436,53.6778],[22.4369,53.6748],[22.4448,53.6723],[22.4423,53.6679],[22.4376,53.6674],[22.4406,53.6648],[22.4509,53.6629],[22.4593,53.6651],[22.473,53.6631],[22.4752,53.6639],[22.4685,53.6675],[22.4698,53.6701],[22.467,53.6724],[22.4716,53.6783],[22.4654,53.6901],[22.4694,53.6929],[22.4746,53.6931],[22.4748,53.6957],[22.4676,53.699],[22.4916,53.7002],[22.5044,53.6963],[22.5141,53.6977],[22.5142,53.6992],[22.5664,53.7214],[22.5647,53.7221],[22.5847,53.7343],[22.5848,53.7269],[22.597,53.7183],[22.6068,53.717],[22.6108,53.7192],[22.6165,53.7325],[22.6264,53.7416],[22.6224,53.7452],[22.6263,53.747],[22.6238,53.7513],[22.629,53.7574],[22.6407,53.7548],[22.6386,53.7494],[22.6408,53.7476],[22.6674,53.7565],[22.6804,53.7565],[22.6968,53.7616],[22.7035,53.7673],[22.7095,53.7804],[22.7165,53.7869],[22.7268,53.8039],[22.7244,53.8227],[22.7274,53.8274],[22.7267,53.8332],[22.755,53.8473],[22.7594,53.8541],[22.779,53.8656],[22.7854,53.8834],[22.781,53.8863],[22.7815,53.8902],[22.7774,53.892],[22.775,53.8963],[22.7796,53.8989],[22.7803,53.9016],[22.7754,53.9054],[22.7828,53.9155],[22.7816,53.9197],[22.7458,53.9463],[22.7369,53.9496],[22.7309,53.9499],[22.7287,53.9529],[22.7237,53.9526],[22.7146,53.9569],[22.7092,53.9625],[22.708,53.968],[22.6965,53.9735],[22.6936,53.9786],[22.6959,53.9844],[22.691,54.0004],[22.6799,54.0054],[22.671,54.0207],[22.6699,54.0296],[22.6286,54.0475],[22.5999,54.0528],[22.5969,54.0665],[22.6016,54.0682],[22.6047,54.0738],[22.6038,54.0819],[22.611,54.0856],[22.6234,54.0869],[22.625,54.0919],[22.6355,54.093],[22.6368,54.1066],[22.6205,54.1129],[22.6129,54.1201],[22.6019,54.1365],[22.5937,54.1412],[22.5914,54.1507],[22.5782,54.1465],[22.5808,54.142],[22.5471,54.1377],[22.5454,54.1485],[22.5389,54.1478],[22.5354,54.1529],[22.5374,54.155],[22.5338,54.1552],[22.538,54.159],[22.5369,54.1604],[22.5191,54.1613],[22.5191,54.1677],[22.516,54.1719],[22.5078,54.1756],[22.5038,54.1805],[22.5006,54.1864],[22.5099,54.1872],[22.5103,54.1908],[22.5048,54.1897],[22.5034,54.1933],[22.4879,54.1938],[22.4857,54.1985],[22.4784,54.1994],[22.4766,54.2013],[22.4839,54.2028],[22.4839,54.2081],[22.4882,54.2065],[22.4974,54.2105],[22.4923,54.2144],[22.5101,54.2202],[22.5143,54.2169],[22.5188,54.2178],[22.5151,54.2246],[22.524,54.2298],[22.5278,54.2294],[22.5319,54.2489],[22.5527,54.2514],[22.5523,54.2493],[22.5571,54.2498],[22.559,54.2474],[22.566,54.2498],[22.5627,54.252],[22.5688,54.2584],[22.5794,54.2583],[22.576,54.2672],[22.5827,54.2645],[22.6107,54.2599],[22.6244,54.2687],[22.6447,54.2878],[22.6687,54.2805],[22.6945,54.2754],[22.7036,54.2793],[22.7278,54.2844],[22.7457,54.2912],[22.7513,54.2982],[22.7561,54.2974],[22.768,54.2894],[22.7772,54.2948],[22.7791,54.2936],[22.79,54.2999],[22.784,54.3058],[22.7851,54.3109],[22.7888,54.3111],[22.7923,54.3234],[22.7953,54.3249],[22.7915,54.3265],[22.7873,54.3259],[22.786,54.3282],[22.7765,54.328],[22.7818,54.3334],[22.803,54.341],[22.8061,54.3495],[22.8013,54.3519],[22.792,54.3633],[22.8114,54.371],[22.8363,54.4065],[22.8492,54.4072],[22.8547,54.4104],[22.8676,54.4085],[22.888,54.4091],[22.8875,54.3999],[22.8981,54.4004],[22.9347,54.3962],[22.9602,54.3912],[22.9838,54.3896],[22.9848,54.3845],[23.0102,54.3828],[22.9939,54.3619],[23.0094,54.3557],[23.0477,54.3492],[23.0581,54.3453],[23.0632,54.341],[23.0509,54.3335],[23.0421,54.316],[23.0922,54.2985],[23.0997,54.2991],[23.107,54.3041],[23.1404,54.3159],[23.1488,54.3144],[23.1598,54.3096],[23.1542,54.297],[23.1696,54.295],[23.1764,54.2909],[23.2024,54.2886],[23.2055,54.2833],[23.2238,54.2719],[23.2339,54.2609],[23.2489,54.2568],[23.2593,54.2594],[23.2818,54.2607],[23.2966,54.2555],[23.3375,54.2517],[23.3484,54.2457],[23.3617,54.231],[23.3813,54.2289],[23.3868,54.2248],[23.3856,54.2196],[23.3942,54.2169],[23.398,54.2072],[23.4064,54.1963],[23.4192,54.1911],[23.4245,54.1775],[23.459,54.1755],[23.4612,54.1678],[23.4755,54.1634],[23.4733,54.1581],[23.4858,54.1532],[23.4912,54.1356],[23.4953,54.1326],[23.4926,54.117],[23.4965,54.113],[23.502,54.1129],[23.507,54.0995],[23.5183,54.0898],[23.5184,54.0787],[23.5286,54.0658],[23.5259,54.0569],[23.5273,54.0473],[23.5233,54.0377],[23.5249,54.0311],[23.5162,54.0286],[23.509,54.0118],[23.5009,54.0077],[23.5037,54.0066],[23.4975,54.0085],[23.498,54.0063],[23.4935,54.0072],[23.4906,54.0053],[23.4913,54.003],[23.4866,54.0002],[23.482,53.9999],[23.4848,53.9921],[23.4823,53.9895],[23.485,53.9896],[23.4904,53.9739],[23.4983,53.9718],[23.4968,53.9683],[23.5045,53.9668],[23.506,53.9645],[23.5128,53.9622],[23.5112,53.9613],[23.5155,53.9601],[23.5165,53.9575],[23.5116,53.9159],[23.5264,53.8689],[23.5272,53.8648],[23.5241,53.8626],[23.5282,53.8623],[23.5351,53.8573],[23.5404,53.8584],[23.5423,53.8567],[23.5468,53.8568],[23.552,53.8507],[23.5457,53.8478],[23.5451,53.845],[23.5524,53.8408],[23.5478,53.8355],[23.554,53.831],[23.5497,53.8305],[23.5463,53.8258],[23.5447,53.7963],[23.5491,53.7678],[23.5821,53.7438],[23.5856,53.7283],[23.5861,53.7031],[23.6269,53.5958],[23.651,53.5456],[23.6597,53.5214],[23.6672,53.5126],[23.7074,53.4365],[23.7371,53.3916],[23.799,53.2742],[23.8188,53.244],[23.8553,53.2318],[23.8612,53.2211],[23.8595,53.2163],[23.862,53.2137],[23.8572,53.2104],[23.864,53.2035],[23.8619,53.2025],[23.8639,53.1955],[23.8714,53.1941],[23.8823,53.1849],[23.8884,53.1835],[23.8948,53.1767],[23.9044,53.1749],[23.9098,53.1669],[23.9137,53.1669],[23.9103,53.1639],[23.9152,53.1623],[23.9139,53.1573],[23.9183,53.1576],[23.9145,53.1552],[23.916,53.153],[23.9097,53.1499],[23.9158,53.143],[23.9119,53.1402],[23.9122,53.1378],[23.9059,53.1382],[23.9052,53.1352],[23.8968,53.1307],[23.897,53.1269],[23.894,53.1261],[23.8975,53.1247],[23.8941,53.125],[23.8897,53.1169],[23.8855,53.1141],[23.8886,53.1113],[23.8866,53.1075],[23.8888,53.105],[23.8822,53.1012],[23.8814,53.0924],[23.8775,53.0918],[23.8748,53.0852],[23.8719,53.0841],[23.8745,53.0789],[23.8785,53.0794],[23.8794,53.0762],[23.8772,53.0754],[23.8808,53.0744],[23.8788,53.0735],[23.8859,53.0625],[23.8957,53.062],[23.9026,53.0582],[23.8987,53.0504],[23.9001,53.0478],[23.9044,53.0473],[23.9049,53.0448],[23.9113,53.0443],[23.9104,53.0425],[23.9157,53.0409],[23.9161,53.0375],[23.9114,53.0357],[23.91,53.0328],[23.9118,53.0299],[23.9254,53.0246],[23.9333,52.9884],[23.9294,52.9826],[23.9311,52.9762],[23.9463,52.9587],[23.9165,52.9388],[23.9162,52.9048],[23.9198,52.9044],[23.9258,52.8988],[23.9246,52.8307],[23.9396,52.8132],[23.9386,52.7129],[23.9001,52.6912],[23.8925,52.6797],[23.8794,52.6797],[23.7808,52.6271],[23.7757,52.6225],[23.7715,52.6222],[23.7609,52.616],[23.7392,52.612],[23.7346,52.607],[23.7186,52.6147],[23.6414,52.6075],[23.5402,52.5802],[23.4666,52.5494],[23.4579,52.5404],[23.4358,52.53],[23.4081,52.5115],[23.3567,52.4689],[23.3122,52.425],[23.3103,52.414],[23.2999,52.4038],[23.278,52.3928],[23.2384,52.3544],[23.1783,52.2831],[23.1552,52.2799],[23.1461,52.2816],[23.1392,52.2867],[23.1323,52.2852],[23.1284,52.2878],[23.12,52.2963],[23.1123,52.3001],[23.1003,52.2966],[23.0755,52.2821],[23.0632,52.2821],[23.0514,52.2854],[23.0483,52.2915],[23.0578,52.2996],[23.0589,52.3041],[23.0452,52.3249],[23.0381,52.3292],[23.0137,52.3328],[23.0062,52.3364],[23.0003,52.3354],[22.997,52.3316],[22.9948,52.3323],[22.9861,52.3393],[22.9894,52.3454],[22.9773,52.3462],[22.9708,52.3582],[22.9643,52.3648],[22.9572,52.3682],[22.9197,52.3745],[22.8917,52.3647],[22.8706,52.3622],[22.8616,52.3645],[22.8513,52.3588],[22.8479,52.3587],[22.8256,52.3663],[22.8111,52.3683],[22.7932,52.3741],[22.776,52.3705],[22.7705,52.3714],[22.7649,52.3754],[22.7612,52.3824],[22.7526,52.384],[22.7395,52.3815],[22.7332,52.3748],[22.7337,52.369],[22.7279,52.3663],[22.7242,52.368],[22.7233,52.3718],[22.7204,52.3723],[22.724,52.3772],[22.7228,52.3833],[22.7138,52.3849],[22.7067,52.3922],[22.6869,52.393],[22.6647,52.3857],[22.6598,52.3886],[22.6584,52.3933],[22.6433,52.3883],[22.6276,52.393],[22.6223,52.3921],[22.6188,52.3878],[22.6147,52.3877],[22.612,52.3894],[22.6117,52.3949],[22.6058,52.399],[22.5919,52.3986],[22.5839,52.3933],[22.5804,52.3932],[22.5783,52.4027],[22.5663,52.4034],[22.5578,52.4164],[22.5421,52.423],[22.544,52.4351],[22.5414,52.4393],[22.5459,52.4526],[22.5542,52.4632],[22.5502,52.4674],[22.5462,52.4677],[22.5297,52.4616],[22.525,52.4721],[22.512,52.4813],[22.5108,52.4922],[22.52,52.5062],[22.5202,52.5152],[22.5274,52.519],[22.5267,52.5212],[22.5036,52.5374],[22.5003,52.5434],[22.4902,52.5471],[22.4885,52.5557],[22.4837,52.5607],[22.4669,52.5673],[22.4579,52.5814],[22.4575,52.5866],[22.4479,52.5868],[22.4375,52.5929],[22.4174,52.5994],[22.4086,52.6097],[22.4191,52.6094],[22.4212,52.6118],[22.4196,52.6148],[22.4321,52.6174],[22.4329,52.621],[22.4383,52.6206],[22.4421,52.6238],[22.4461,52.6223],[22.4509,52.6243],[22.4495,52.64],[22.4614,52.6389],[22.4652,52.6409],[22.4619,52.6428],[22.4623,52.6454],[22.4662,52.6461],[22.47,52.6436],[22.4736,52.6462],[22.4715,52.6499],[22.4678,52.649],[22.4557,52.6528],[22.4545,52.6514],[22.4503,52.6527],[22.4425,52.6649],[22.4459,52.6751],[22.4447,52.6821],[22.4353,52.6954],[22.4391,52.713],[22.4469,52.7267],[22.4477,52.7368],[22.4442,52.7418],[22.4506,52.7509],[22.4532,52.7653],[22.4607,52.7707],[22.4532,52.7826],[22.4538,52.7882],[22.4335,52.7922],[22.4078,52.7936],[22.408,52.7948],[22.4025,52.7932],[22.3897,52.7955],[22.3788,52.7944],[22.3881,52.7843],[22.3856,52.7844],[22.3826,52.7776],[22.3748,52.7783],[22.3542,52.7753],[22.3446,52.7778],[22.341,52.7649],[22.3469,52.7574],[22.3426,52.7545],[22.3373,52.7542],[22.3385,52.751],[22.3344,52.7405],[22.3242,52.7421],[22.3238,52.7483],[22.3147,52.7463],[22.3037,52.748],[22.311,52.7552],[22.2999,52.7542],[22.302,52.7651],[22.2964,52.7648],[22.2966,52.7664],[22.3038,52.7668],[22.3037,52.7695],[22.2996,52.7695],[22.3,52.7721],[22.3075,52.7718],[22.308,52.7742],[22.3012,52.7747],[22.3014,52.7833],[22.2842,52.778],[22.2808,52.7836],[22.2766,52.7836],[22.2799,52.7852],[22.2784,52.7893],[22.2624,52.8154],[22.2512,52.8256],[22.2517,52.8314],[22.2425,52.8328],[22.2437,52.8345],[22.2523,52.8338],[22.2543,52.8356],[22.2626,52.8365],[22.2612,52.8442],[22.2757,52.8417],[22.2754,52.8399],[22.2715,52.8393],[22.2747,52.832],[22.2995,52.8371],[22.3008,52.8399],[22.3051,52.8393],[22.3091,52.8488],[22.3074,52.8577],[22.3031,52.856],[22.3013,52.8581],[22.2986,52.8577],[22.2928,52.8544],[22.2873,52.8539],[22.2822,52.8461],[22.2828,52.8508],[22.2783,52.8481],[22.2791,52.8554],[22.2814,52.8554],[22.2846,52.8643],[22.292,52.8709],[22.2794,52.8861],[22.2693,52.885],[22.2644,52.8819],[22.2572,52.8807],[22.2559,52.8772],[22.2527,52.8764],[22.2433,52.8794],[22.2416,52.8775],[22.2283,52.8804],[22.2193,52.8845],[22.2179,52.8829],[22.2072,52.883],[22.2097,52.8545],[22.1741,52.8581],[22.1498,52.8466],[22.1424,52.8513],[22.1242,52.8427],[22.1131,52.849],[22.1014,52.862],[22.084,52.8457],[22.084,52.8418],[22.0594,52.8501],[22.0379,52.8511],[22.0394,52.8603],[22.0266,52.8648],[22.0341,52.8723],[22.0339,52.8772],[22.0386,52.8822],[22.035,52.8851],[22.0274,52.8843],[22.0252,52.8859],[22.0077,52.8763],[22.0039,52.8779],[22.0048,52.8926],[22.0104,52.8996],[22.0091,52.9052],[22.001,52.9084],[21.9992,52.9112],[21.9944,52.9111],[21.9917,52.9196],[22.0125,52.9239],[22.0112,52.9276],[22.0236,52.9314],[22.0279,52.9343],[22.0288,52.9385],[22.0113,52.9418],[22.0157,52.9447],[22.016,52.9499],[22.0046,52.9571],[21.9884,52.9574],[21.9895,52.9628],[21.9992,52.9621],[22.0018,52.9723],[21.9896,52.9735],[21.9858,52.9776],[21.9795,52.979],[21.9615,52.9791],[21.9599,52.985],[21.9576,52.9843],[21.9535,52.9867],[21.9291,52.9856],[21.9187,52.9889],[21.9158,52.9928],[21.9067,52.9952],[21.9099,52.9985],[21.8932,53.0004],[21.8757,53.0163],[21.8769,53.0217],[21.8907,53.0254],[21.8933,53.0276],[21.8977,53.0458],[21.9037,53.0447],[21.9113,53.0388],[21.9225,53.0377],[21.9273,53.0396],[21.9407,53.038],[21.9397,53.0459],[21.9285,53.044],[21.9226,53.0462],[21.9223,53.0504],[21.925,53.0596],[21.9379,53.0682],[21.9411,53.0716],[21.9397,53.0736],[21.923,53.0792],[21.9188,53.079],[21.9126,53.0759],[21.9152,53.0724],[21.912,53.0677],[21.9031,53.0651],[21.8982,53.0607],[21.8892,53.0586],[21.8817,53.0604],[21.8726,53.0588],[21.8588,53.0641],[21.8604,53.0717],[21.8421,53.0768],[21.8428,53.079],[21.8386,53.0799],[21.8391,53.0865],[21.8346,53.0873],[21.8271,53.0961],[21.8179,53.1019],[21.8185,53.1047],[21.8082,53.1147],[21.8042,53.1128],[21.7916,53.1144],[21.7844,53.112],[21.7796,53.1125],[21.7749,53.1092],[21.7723,53.1128],[21.753,53.114],[21.7533,53.1122],[21.7362,53.1092],[21.6946,53.138],[21.699,53.1384],[21.7003,53.1409],[21.6931,53.149],[21.6996,53.1523],[21.7076,53.1641],[21.6969,53.1701],[21.6953,53.1739],[21.6871,53.1772],[21.6852,53.1811],[21.6873,53.1822],[21.6796,53.189],[21.6786,53.1936],[21.6811,53.195],[21.6753,53.2001],[21.675,53.2052],[21.67,53.2063],[21.6696,53.2083],[21.6782,53.2115],[21.681,53.209],[21.6891,53.215],[21.6846,53.2164],[21.6784,53.2157],[21.6633,53.2289],[21.6629,53.2369],[21.6585,53.2431],[21.6501,53.2487],[21.6448,53.2463],[21.6402,53.2464],[21.6395,53.2501],[21.6428,53.2502],[21.6422,53.2526],[21.6227,53.2664],[21.6583,53.2618],[21.6598,53.2778],[21.6451,53.2835],[21.649,53.2922],[21.6611,53.295],[21.657,53.2994],[21.6644,53.304],[21.6578,53.3081],[21.6581,53.3161],[21.6688,53.316],[21.6662,53.3111],[21.6775,53.3125],[21.6813,53.3095],[21.6808,53.3058],[21.6833,53.3052],[21.691,53.308],[21.6882,53.3118],[21.6926,53.3137],[21.7005,53.3132],[21.7012,53.3076],[21.7128,53.3046],[21.7247,53.3092],[21.7338,53.3082],[21.7354,53.3127],[21.7202,53.3194],[21.7093,53.3197],[21.7019,53.3269],[21.6889,53.3272],[21.6858,53.3296],[21.6918,53.3313],[21.6928,53.3358],[21.6845,53.3373],[21.6697,53.3299],[21.6523,53.3313],[21.6537,53.3362],[21.6694,53.3361],[21.6685,53.3401],[21.6618,53.3419],[21.6542,53.3495],[21.656,53.3528],[21.6813,53.3626],[21.684,53.3681],[21.6544,53.3722],[21.6555,53.3754],[21.6584,53.375],[21.6617,53.378],[21.6565,53.3842],[21.6601,53.3841],[21.6614,53.3864],[21.653,53.3914],[21.6503,53.3904],[21.6524,53.3972],[21.6399,53.4007],[21.636,53.4034],[21.6346,53.4084],[21.6325,53.4064],[21.6297,53.4069],[21.6311,53.4091],[21.6287,53.4071],[21.6241,53.407],[21.6276,53.409],[21.6243,53.4098],[21.6225,53.414],[21.6292,53.4138],[21.6265,53.4148],[21.629,53.416],[21.6253,53.4175],[21.625,53.4208],[21.6211,53.4222],[21.625,53.4285],[21.6073,53.4357],[21.6089,53.4499],[21.6036,53.4534],[21.6024,53.4573],[21.6047,53.4582],[21.593,53.4614],[21.6004,53.4602],[21.603,53.4631],[21.6076,53.4612],[21.6074,53.4627],[21.614,53.4623],[21.6149,53.4646],[21.6049,53.4658],[21.603,53.4642],[21.6038,53.4676],[21.5983,53.469],[21.6006,53.4705],[21.604,53.4698],[21.6058,53.4763],[21.5984,53.4766],[21.5976,53.4784],[21.5982,53.4802],[21.6026,53.4809],[21.6054,53.4795],[21.613,53.4808]]]},"properties":{"id":7,"nazwa":"podlaskie"},"id":6},{"type":"Feature","geometry":{"type":"Polygon","coordinates":[[[16.4162,51.7849],[16.4303,51.7847],[16.4492,51.788],[16.4639,51.7841],[16.4687,51.786],[16.4763,51.7859],[16.4845,51.7823],[16.4924,51.7814],[16.5405,51.7815],[16.5452,51.7801],[16.5419,51.7761],[16.5441,51.774],[16.5411,51.7707],[16.5413,51.766],[16.5767,51.7686],[16.5798,51.7659],[16.5806,51.7521],[16.583,51.7508],[16.5947,51.7505],[16.6036,51.7451],[16.619,51.7447],[16.6351,51.749],[16.6432,51.7463],[16.6475,51.7427],[16.6394,51.733],[16.6457,51.7287],[16.6449,51.722],[16.6647,51.7115],[16.6823,51.7079],[16.6825,51.705],[16.6803,51.6987],[16.6769,51.6993],[16.6756,51.6977],[16.6763,51.6922],[16.6638,51.6988],[16.6595,51.6968],[16.6617,51.6943],[16.6576,51.6892],[16.6637,51.6886],[16.6422,51.6835],[16.6388,51.6779],[16.6388,51.6677],[16.6432,51.6607],[16.6499,51.6578],[16.6637,51.6563],[16.6824,51.6569],[16.685,51.6559],[16.6802,51.6506],[16.6814,51.6469],[16.7154,51.6486],[16.7276,51.6475],[16.7283,51.6431],[16.7317,51.6426],[16.7425,51.6449],[16.7691,51.6447],[16.7833,51.641],[16.7764,51.6313],[16.7661,51.6277],[16.772,51.6136],[16.7848,51.6105],[16.8026,51.6008],[16.7954,51.5996],[16.7928,51.5905],[16.8037,51.5864],[16.8111,51.5869],[16.8156,51.5847],[16.8193,51.5777],[16.8284,51.5722],[16.8317,51.5756],[16.8536,51.5803],[16.8684,51.5789],[16.8902,51.5803],[16.9018,51.574],[16.9162,51.5582],[16.9279,51.5524],[16.9588,51.5524],[16.9646,51.5492],[16.9624,51.5447],[16.9719,51.5436],[16.9751,51.5478],[16.9788,51.545],[16.9817,51.5509],[17.0071,51.5493],[17.0106,51.5504],[17.0116,51.5545],[17.0199,51.5553],[17.0204,51.5535],[17.0461,51.556],[17.0538,51.5452],[17.0598,51.5457],[17.0593,51.5517],[17.0692,51.5525],[17.0702,51.5551],[17.0647,51.5664],[17.0808,51.5706],[17.0837,51.5691],[17.1085,51.576],[17.1255,51.5653],[17.1708,51.5698],[17.188,51.5765],[17.1992,51.5745],[17.2029,51.5678],[17.2067,51.5671],[17.2147,51.5738],[17.2145,51.5856],[17.2107,51.5897],[17.2155,51.594],[17.2155,51.5993],[17.2098,51.6027],[17.2083,51.6112],[17.2123,51.6153],[17.2115,51.6198],[17.2156,51.6296],[17.2185,51.631],[17.2211,51.6293],[17.2292,51.6299],[17.2267,51.6333],[17.2341,51.6341],[17.2412,51.6336],[17.2391,51.6303],[17.2421,51.6298],[17.2417,51.6371],[17.2493,51.6405],[17.2604,51.6404],[17.2577,51.6429],[17.2911,51.6439],[17.3301,51.6479],[17.3383,51.6451],[17.3586,51.643],[17.3804,51.636],[17.3892,51.6363],[17.4117,51.6312],[17.4414,51.6323],[17.4597,51.6282],[17.4596,51.6264],[17.4713,51.6261],[17.4866,51.6167],[17.499,51.6157],[17.5036,51.6093],[17.5122,51.609],[17.5212,51.6057],[17.5185,51.6021],[17.5219,51.59],[17.5365,51.5891],[17.5558,51.5846],[17.5546,51.5785],[17.5602,51.5749],[17.5601,51.5704],[17.5724,51.5668],[17.5719,51.5552],[17.5763,51.5396],[17.5732,51.5365],[17.5727,51.5299],[17.5543,51.5175],[17.5459,51.5171],[17.5446,51.5156],[17.5356,51.5162],[17.533,51.5133],[17.5216,51.5146],[17.52,51.5111],[17.5146,51.511],[17.5122,51.5055],[17.514,51.5015],[17.5264,51.4999],[17.5242,51.4944],[17.5195,51.4933],[17.5161,51.4881],[17.518,51.4856],[17.5231,51.4849],[17.52,51.476],[17.5216,51.4726],[17.529,51.4698],[17.5207,51.4624],[17.532,51.4522],[17.5476,51.4436],[17.5519,51.4352],[17.5484,51.4278],[17.5453,51.4284],[17.5406,51.4213],[17.5483,51.4191],[17.5543,51.4105],[17.5631,51.4063],[17.5706,51.4051],[17.5849,51.4096],[17.6039,51.4094],[17.6129,51.423],[17.6251,51.4191],[17.6314,51.4216],[17.6309,51.4235],[17.6391,51.4238],[17.6401,51.4213],[17.6486,51.4182],[17.6526,51.4128],[17.6568,51.4112],[17.6611,51.41],[17.6686,51.416],[17.6743,51.4149],[17.683,51.4109],[17.6823,51.4091],[17.6881,51.4078],[17.6869,51.4054],[17.7031,51.3995],[17.7156,51.4015],[17.7196,51.405],[17.7141,51.4185],[17.7186,51.4226],[17.7191,51.4213],[17.7295,51.4217],[17.738,51.4191],[17.7342,51.4168],[17.7485,51.4146],[17.7456,51.4127],[17.7548,51.4073],[17.7555,51.4033],[17.7522,51.3985],[17.7369,51.4],[17.7375,51.395],[17.7291,51.3957],[17.7329,51.3873],[17.72,51.3861],[17.7155,51.3714],[17.7061,51.3717],[17.7043,51.3667],[17.7061,51.3639],[17.71,51.3635],[17.7076,51.3604],[17.7098,51.3589],[17.723,51.3594],[17.7329,51.3494],[17.7436,51.3465],[17.7396,51.3429],[17.7443,51.3364],[17.7438,51.3287],[17.7627,51.32],[17.7649,51.3164],[17.756,51.3113],[17.7644,51.3059],[17.7606,51.3021],[17.7662,51.3006],[17.7503,51.2907],[17.7473,51.286],[17.7522,51.2836],[17.7516,51.2812],[17.7382,51.2757],[17.7494,51.2696],[17.7429,51.2573],[17.7459,51.2498],[17.744,51.243],[17.7555,51.2332],[17.7578,51.2267],[17.7548,51.2209],[17.7565,51.2166],[17.7674,51.2039],[17.7776,51.1978],[17.7953,51.1941],[17.7941,51.1893],[17.783,51.1883],[17.7798,51.1832],[17.7538,51.1868],[17.7495,51.1791],[17.739,51.1743],[17.7044,51.1739],[17.6984,51.1722],[17.7002,51.1634],[17.6822,51.1671],[17.6828,51.1657],[17.6742,51.1641],[17.6693,51.1608],[17.6591,51.1634],[17.6559,51.1666],[17.6394,51.1681],[17.6404,51.1731],[17.6206,51.1754],[17.6195,51.1844],[17.6131,51.1873],[17.6115,51.1905],[17.6066,51.1896],[17.5966,51.1785],[17.6027,51.1759],[17.5971,51.1711],[17.5989,51.1679],[17.5893,51.1713],[17.5782,51.1622],[17.5679,51.1659],[17.5664,51.1614],[17.5586,51.1568],[17.5447,51.1545],[17.5455,51.1436],[17.5677,51.1378],[17.5656,51.1335],[17.5764,51.1294],[17.5715,51.1176],[17.5782,51.1108],[17.5719,51.1062],[17.5624,51.0926],[17.5821,51.0818],[17.5644,51.0731],[17.5582,51.0678],[17.5331,51.0689],[17.5243,51.0652],[17.5187,51.0588],[17.5245,51.0585],[17.5239,51.0534],[17.5213,51.0536],[17.5191,51.0503],[17.5212,51.0484],[17.5255,51.0491],[17.5349,51.0432],[17.5272,51.0316],[17.5189,51.0254],[17.5185,51.0174],[17.5143,51.0116],[17.522,51.0091],[17.5213,51.0057],[17.5283,51.0025],[17.542,51.0025],[17.5424,50.9912],[17.5384,50.9892],[17.5349,50.9901],[17.5181,50.9872],[17.5043,50.9886],[17.4992,50.9927],[17.4907,50.9882],[17.4954,50.985],[17.5047,50.985],[17.5149,50.9797],[17.5131,50.9724],[17.5094,50.9694],[17.5049,50.9697],[17.5016,50.9756],[17.4691,50.9719],[17.464,50.9783],[17.45,50.9717],[17.4314,50.9671],[17.4338,50.9543],[17.4309,50.9459],[17.4395,50.9368],[17.4297,50.9238],[17.4315,50.9184],[17.4364,50.917],[17.429,50.9146],[17.4272,50.9106],[17.4208,50.9126],[17.4075,50.9107],[17.4002,50.9201],[17.3816,50.9247],[17.3694,50.9257],[17.3704,50.9182],[17.3525,50.9007],[17.3979,50.8893],[17.3939,50.8878],[17.3951,50.8755],[17.3851,50.8756],[17.3842,50.862],[17.3649,50.8595],[17.3467,50.8519],[17.3346,50.8522],[17.3282,50.8506],[17.3304,50.8446],[17.3406,50.8351],[17.3434,50.8294],[17.3371,50.8256],[17.3183,50.8211],[17.3275,50.8186],[17.3395,50.8083],[17.3502,50.8076],[17.3492,50.8026],[17.3547,50.7948],[17.352,50.7904],[17.3462,50.7879],[17.3451,50.7843],[17.3331,50.787],[17.3085,50.7878],[17.2859,50.7949],[17.2849,50.7923],[17.2734,50.7879],[17.2712,50.7805],[17.2562,50.7746],[17.2542,50.7721],[17.2695,50.7705],[17.2684,50.7679],[17.2795,50.7609],[17.2976,50.7533],[17.2914,50.7465],[17.3011,50.743],[17.2943,50.7376],[17.2858,50.743],[17.2756,50.7446],[17.2698,50.7403],[17.2625,50.7391],[17.2632,50.7299],[17.252,50.7177],[17.2478,50.7194],[17.2406,50.7184],[17.2389,50.7154],[17.2288,50.7173],[17.2291,50.7147],[17.2257,50.7156],[17.2208,50.7137],[17.2202,50.7014],[17.2591,50.6905],[17.2472,50.6821],[17.2347,50.6811],[17.2395,50.6713],[17.2389,50.6612],[17.238,50.6577],[17.2325,50.6551],[17.2389,50.6508],[17.2354,50.6496],[17.235,50.6455],[17.2302,50.6407],[17.2343,50.6319],[17.2427,50.628],[17.2442,50.6188],[17.236,50.6132],[17.2195,50.6158],[17.1864,50.6163],[17.1219,50.6075],[17.1149,50.5874],[17.1113,50.5868],[17.0992,50.5759],[17.0941,50.5644],[17.0757,50.556],[17.0687,50.5445],[17.0637,50.5423],[17.0613,50.5369],[17.0629,50.5302],[17.0696,50.524],[17.0743,50.5226],[17.0748,50.5171],[17.0738,50.5145],[17.0661,50.5124],[17.0567,50.5049],[17.0575,50.5003],[17.0626,50.497],[17.0588,50.4917],[17.0643,50.4889],[17.0587,50.485],[17.0621,50.4839],[17.0624,50.4811],[17.0602,50.4808],[17.0626,50.4766],[17.0605,50.4751],[17.0546,50.4757],[17.0509,50.4716],[17.055,50.4692],[17.0516,50.4654],[17.0409,50.4632],[17.027,50.4662],[17.0192,50.4651],[17.0166,50.4685],[17.0251,50.4708],[17.0173,50.4736],[17.0201,50.4803],[17.0073,50.4794],[17.006,50.4744],[16.9964,50.4777],[16.9928,50.4749],[16.9859,50.4765],[16.9823,50.4738],[16.976,50.4756],[16.9805,50.4824],[16.9763,50.4821],[16.9739,50.4891],[16.9701,50.4882],[16.9709,50.4849],[16.9683,50.4844],[16.9652,50.4881],[16.959,50.4878],[16.9474,50.4802],[16.9418,50.4681],[16.945,50.468],[16.9403,50.4611],[16.9144,50.4498],[16.9079,50.4494],[16.8985,50.4477],[16.8932,50.4434],[16.8866,50.4442],[16.881,50.4423],[16.8807,50.4362],[16.8757,50.4328],[16.8756,50.4279],[16.8692,50.4225],[16.8696,50.4171],[16.8605,50.4112],[16.8603,50.4077],[16.8638,50.4089],[16.8718,50.4031],[16.8898,50.3969],[16.899,50.3896],[16.9071,50.3913],[16.911,50.389],[16.9105,50.3849],[16.9151,50.3825],[16.9193,50.37],[16.9156,50.3628],[16.9298,50.3458],[16.9375,50.3422],[16.9385,50.3331],[16.9344,50.3299],[16.9402,50.3203],[16.9463,50.3177],[16.9461,50.3154],[16.9559,50.3122],[16.9683,50.3159],[16.9746,50.3078],[16.9934,50.3024],[17.0026,50.3021],[17.0037,50.2963],[17.009,50.2953],[17.02,50.2783],[17.0166,50.2673],[17.0101,50.2604],[17.0016,50.2564],[17.0033,50.253],[17.0108,50.2492],[17.0115,50.2414],[17.0283,50.23],[17.0213,50.2265],[17.0148,50.2194],[16.9985,50.2159],[16.9927,50.2263],[16.9821,50.2338],[16.9804,50.2416],[16.9763,50.2449],[16.9632,50.2391],[16.9611,50.2353],[16.9659,50.2304],[16.956,50.2225],[16.9498,50.2213],[16.9448,50.223],[16.927,50.223],[16.9235,50.2255],[16.9174,50.2262],[16.8986,50.2227],[16.8981,50.2186],[16.8888,50.2163],[16.885,50.2131],[16.8827,50.1998],[16.8754,50.1976],[16.8628,50.1982],[16.8621,50.201],[16.8486,50.2076],[16.8365,50.2031],[16.8359,50.1979],[16.8259,50.1946],[16.8229,50.1887],[16.8168,50.1921],[16.813,50.1914],[16.8007,50.1801],[16.7974,50.1657],[16.7904,50.1569],[16.7816,50.1513],[16.782,50.1445],[16.7678,50.1402],[16.7554,50.1339],[16.7453,50.1349],[16.7294,50.1172],[16.7239,50.1052],[16.706,50.0966],[16.6893,50.0985],[16.6781,50.1038],[16.6535,50.1098],[16.6409,50.1122],[16.6336,50.1113],[16.6252,50.121],[16.6138,50.1253],[16.6115,50.1327],[16.6043,50.1337],[16.5953,50.1405],[16.5801,50.1425],[16.5847,50.1456],[16.5803,50.1488],[16.5855,50.152],[16.5781,50.1551],[16.5784,50.1577],[16.5608,50.1643],[16.5582,50.174],[16.5638,50.18],[16.5571,50.1848],[16.5589,50.189],[16.5544,50.1965],[16.557,50.1995],[16.556,50.2031],[16.5617,50.2076],[16.5583,50.2133],[16.5534,50.215],[16.5573,50.2204],[16.5514,50.2228],[16.5483,50.2297],[16.5406,50.2338],[16.5376,50.239],[16.5269,50.2381],[16.517,50.2433],[16.5128,50.2474],[16.5141,50.2518],[16.5085,50.2527],[16.5066,50.2556],[16.5063,50.2603],[16.4975,50.2598],[16.4941,50.2633],[16.4897,50.2642],[16.487,50.2708],[16.4818,50.2715],[16.48,50.2772],[16.4671,50.2864],[16.4646,50.2957],[16.4482,50.305],[16.4462,50.3104],[16.4311,50.3248],[16.4097,50.3243],[16.4053,50.3201],[16.3993,50.3192],[16.3832,50.3288],[16.3752,50.3423],[16.3622,50.3497],[16.3612,50.3536],[16.3659,50.3573],[16.368,50.367],[16.3636,50.3707],[16.3649,50.3739],[16.3608,50.3795],[16.3534,50.3786],[16.3485,50.3806],[16.3411,50.3779],[16.3263,50.3821],[16.3185,50.3802],[16.3087,50.3831],[16.3023,50.3822],[16.2916,50.3701],[16.2865,50.3677],[16.2792,50.3675],[16.2769,50.3762],[16.2659,50.3816],[16.2674,50.3867],[16.2631,50.3936],[16.2507,50.3935],[16.2475,50.396],[16.2474,50.3982],[16.2519,50.3997],[16.2533,50.4051],[16.2416,50.4097],[16.2381,50.4141],[16.2302,50.4122],[16.2218,50.4069],[16.2147,50.409],[16.2105,50.4112],[16.2141,50.4147],[16.2096,50.427],[16.204,50.4296],[16.1983,50.4288],[16.1957,50.4321],[16.1987,50.4347],[16.1988,50.4418],[16.2052,50.4487],[16.2133,50.4518],[16.2214,50.4509],[16.2208,50.4463],[16.224,50.4421],[16.2319,50.4435],[16.2341,50.4487],[16.2305,50.4507],[16.2302,50.4538],[16.2204,50.4579],[16.2239,50.4606],[16.2353,50.4599],[16.2318,50.4662],[16.2335,50.4668],[16.2434,50.4631],[16.2557,50.4676],[16.2492,50.474],[16.2587,50.4802],[16.2648,50.48],[16.2686,50.4759],[16.2739,50.4767],[16.2685,50.4829],[16.2715,50.4847],[16.2735,50.4825],[16.2837,50.4798],[16.2878,50.4809],[16.2941,50.4792],[16.2997,50.4852],[16.3006,50.4908],[16.3124,50.4941],[16.3094,50.4994],[16.3117,50.5062],[16.3211,50.5075],[16.3325,50.5035],[16.3343,50.4998],[16.3438,50.4958],[16.3478,50.4965],[16.3484,50.4993],[16.3516,50.498],[16.3604,50.5012],[16.3739,50.5164],[16.3862,50.5201],[16.4018,50.5299],[16.3874,50.5418],[16.4109,50.5479],[16.4107,50.5564],[16.404,50.5647],[16.4046,50.5693],[16.4218,50.5694],[16.4449,50.5796],[16.4435,50.5863],[16.423,50.6063],[16.4128,50.6101],[16.4056,50.617],[16.3944,50.6187],[16.3805,50.6302],[16.3795,50.6365],[16.3738,50.6365],[16.365,50.6469],[16.3613,50.6484],[16.3559,50.6467],[16.3512,50.6478],[16.3431,50.6615],[16.3339,50.6625],[16.3221,50.6666],[16.3138,50.6645],[16.3128,50.6623],[16.305,50.6591],[16.3003,50.6608],[16.2841,50.6604],[16.28,50.6681],[16.2584,50.6671],[16.2357,50.6717],[16.2306,50.6682],[16.2215,50.6515],[16.2205,50.6365],[16.2174,50.6333],[16.2008,50.6317],[16.1842,50.6272],[16.1794,50.6287],[16.1802,50.6336],[16.1704,50.6453],[16.1484,50.6533],[16.1395,50.6508],[16.1345,50.6561],[16.1278,50.6576],[16.1258,50.6606],[16.1162,50.6604],[16.113,50.6586],[16.1037,50.6634],[16.1009,50.6626],[16.0951,50.653],[16.0892,50.6527],[16.0838,50.6465],[16.0676,50.6398],[16.0624,50.6317],[16.0561,50.6097],[16.0426,50.6142],[16.0248,50.5986],[16.0198,50.6001],[16.0159,50.6059],[16.0112,50.6069],[16.0085,50.6047],[15.9905,50.6105],[15.9864,50.6135],[15.9984,50.6229],[16.0218,50.6302],[16.016,50.6334],[16.0086,50.6345],[16.0055,50.6424],[16.0011,50.6445],[16.0049,50.6484],[16.0046,50.6571],[15.9979,50.6685],[15.9988,50.6725],[15.9936,50.6734],[15.9897,50.6783],[15.9912,50.6831],[15.9772,50.6887],[15.9619,50.6919],[15.9425,50.687],[15.9322,50.6865],[15.927,50.6809],[15.9195,50.6846],[15.9067,50.6798],[15.8851,50.6753],[15.8845,50.6713],[15.861,50.6744],[15.8632,50.6817],[15.8511,50.7082],[15.8461,50.7099],[15.8304,50.724],[15.8318,50.7428],[15.8199,50.7496],[15.8162,50.7553],[15.7915,50.7527],[15.7888,50.7467],[15.7792,50.7423],[15.7598,50.7436],[15.7398,50.7359],[15.7234,50.7398],[15.7147,50.7374],[15.7057,50.7373],[15.6886,50.7428],[15.6839,50.7526],[15.6803,50.7547],[15.6593,50.7599],[15.6486,50.7595],[15.6221,50.7652],[15.6164,50.7723],[15.6049,50.776],[15.5788,50.779],[15.564,50.7761],[15.5457,50.7805],[15.5243,50.777],[15.511,50.7908],[15.4937,50.7882],[15.4805,50.7908],[15.4735,50.7968],[15.4509,50.8041],[15.4502,50.8071],[15.4388,50.8091],[15.4254,50.8063],[15.4208,50.8032],[15.4091,50.7868],[15.3933,50.7762],[15.3852,50.7755],[15.3792,50.7782],[15.3748,50.7776],[15.3701,50.7812],[15.3735,50.7848],[15.3725,50.7958],[15.3662,50.8018],[15.3741,50.8077],[15.372,50.8083],[15.3735,50.8128],[15.37,50.8144],[15.3718,50.819],[15.3761,50.821],[15.3723,50.8234],[15.3672,50.8381],[15.3603,50.8423],[15.3537,50.8514],[15.3501,50.8508],[15.3392,50.8568],[15.3291,50.8565],[15.3288,50.8586],[15.3098,50.8614],[15.2924,50.8763],[15.2899,50.8817],[15.2771,50.891],[15.2769,50.8993],[15.2669,50.9208],[15.2697,50.9259],[15.2678,50.9325],[15.2807,50.9431],[15.29,50.9474],[15.292,50.9535],[15.285,50.9597],[15.2739,50.9629],[15.2772,50.9716],[15.2741,50.9795],[15.2512,50.981],[15.2485,50.9797],[15.2393,50.986],[15.2433,50.9883],[15.2391,50.9903],[15.2372,50.9945],[15.2423,50.997],[15.2366,50.9987],[15.2185,50.9955],[15.2127,50.9921],[15.2043,50.9925],[15.1966,50.9883],[15.2,50.984],[15.1915,50.9805],[15.1799,50.983],[15.1715,50.9866],[15.1755,50.9887],[15.1768,50.9928],[15.1718,51.02],[15.1444,51.0134],[15.1331,50.9939],[15.14,50.9938],[15.1421,50.9913],[15.1279,50.9902],[15.1214,50.9932],[15.1054,50.9914],[15.1008,50.9948],[15.1007,50.9948],[15.1008,50.9948],[15.1007,50.9948],[15.1008,50.9948],[15.1007,50.9948],[15.1008,50.9948],[15.1007,50.9948],[15.0989,50.9977],[15.0989,50.9978],[15.0989,50.9977],[15.0989,50.9978],[15.0989,50.9977],[15.0989,50.9978],[15.0989,50.9977],[15.0989,50.9978],[15.0972,51.0029],[15.1059,51.0072],[15.106,51.0072],[15.1059,51.0072],[15.106,51.0072],[15.1059,51.0072],[15.106,51.0072],[15.1059,51.0072],[15.106,51.0072],[15.1071,51.0098],[15.1026,51.0121],[15.1025,51.0122],[15.1026,51.0121],[15.1025,51.0122],[15.0856,51.0146],[15.0768,51.0135],[15.0758,51.0173],[15.0696,51.0178],[15.0678,51.0212],[15.061,51.0229],[15.0577,51.0225],[15.0579,51.0137],[15.0557,51.012],[15.0357,51.0128],[15.0321,51.0216],[15.0244,51.0232],[15.0171,51.0221],[15.0161,51.0195],[15.0161,51.0194],[15.0161,51.0195],[15.0161,51.0194],[15.0161,51.0195],[15.0161,51.0194],[15.0161,51.0195],[15.0161,51.0194],[15.0129,51.0158],[15.0128,51.0157],[15.0129,51.0158],[15.0128,51.0157],[15.0129,51.0158],[15.0128,51.0157],[15.0129,51.0158],[15.0128,51.0157],[15.009,51.0155],[14.9972,51.0092],[14.9854,51.0108],[14.9682,50.99],[14.9889,50.978],[14.992,50.9814],[15.0061,50.9865],[15.0161,50.971],[15.0217,50.9671],[15.0173,50.9668],[15.0108,50.963],[15.0154,50.9496],[15.0143,50.9398],[15.0017,50.9287],[14.9954,50.9271],[14.9894,50.9216],[14.9989,50.9129],[14.9999,50.9062],[15.0068,50.9072],[14.9962,50.9006],[14.9948,50.8928],[14.999,50.8862],[15.0021,50.869],[14.9859,50.8691],[14.9593,50.8619],[14.948,50.8642],[14.9374,50.8694],[14.9002,50.876],[14.8973,50.8674],[14.8738,50.8772],[14.8672,50.8773],[14.8639,50.8706],[14.8553,50.8688],[14.847,50.8702],[14.8405,50.869],[14.8319,50.8728],[14.8227,50.8709],[14.8174,50.8796],[14.8204,50.8863],[14.8434,50.9007],[14.8516,50.9106],[14.8672,50.9172],[14.8769,50.9324],[14.8908,50.9352],[14.8966,50.9406],[14.8931,50.9501],[14.8976,50.9594],[14.9036,50.9608],[14.8996,50.9633],[14.904,50.9675],[14.9035,50.9719],[14.9194,50.9753],[14.9203,50.9879],[14.9172,50.9906],[14.9176,50.9957],[14.9204,50.9979],[14.9284,50.9975],[14.9345,51.0056],[14.9393,51.017],[14.9358,51.0181],[14.9354,51.0206],[14.938,51.0222],[14.94,51.0207],[14.9392,51.0236],[14.9424,51.0237],[14.9405,51.0264],[14.9454,51.0264],[14.9477,51.0283],[14.9492,51.031],[14.9467,51.0319],[14.9517,51.0375],[14.9481,51.0393],[14.949,51.043],[14.9519,51.0424],[14.9537,51.0467],[14.9647,51.0501],[14.963,51.058],[14.9713,51.0664],[14.9714,51.0694],[14.9676,51.0711],[14.9793,51.077],[14.9763,51.0869],[14.9794,51.087],[14.9797,51.0898],[14.984,51.0915],[14.9803,51.0962],[14.9838,51.0973],[14.984,51.1021],[14.9781,51.1081],[14.9811,51.1088],[14.9808,51.1158],[14.9835,51.1179],[14.9876,51.1161],[14.9901,51.1171],[14.9978,51.1228],[14.9947,51.1239],[14.9954,51.1369],[14.9905,51.1428],[14.9964,51.144],[15.001,51.1499],[14.9943,51.1574],[14.9931,51.1624],[15.005,51.1677],[15.0014,51.1719],[15.0088,51.1826],[15.0047,51.1909],[15.0142,51.1957],[15.0141,51.1983],[15.008,51.1992],[15.0076,51.2045],[15.0129,51.2082],[15.0098,51.2136],[15.0166,51.2145],[15.0164,51.2277],[15.0256,51.2317],[15.0269,51.2337],[15.0235,51.2351],[15.0285,51.2368],[15.0286,51.2418],[15.0318,51.2406],[15.0379,51.244],[15.03,51.2511],[15.0267,51.2491],[15.0233,51.2501],[15.0249,51.2539],[15.0382,51.2585],[15.0361,51.2617],[15.0371,51.2707],[15.0418,51.2726],[15.0343,51.2777],[15.0354,51.2829],[15.032,51.2877],[15.0336,51.2935],[15.0229,51.3002],[15.012,51.3013],[15.0126,51.3086],[15.0067,51.3112],[15.0086,51.3166],[14.9932,51.323],[14.9927,51.3287],[14.9861,51.3293],[14.9778,51.3417],[14.9764,51.3564],[14.9741,51.3592],[14.9674,51.3593],[14.965,51.3618],[14.9742,51.364],[15.0124,51.3634],[15.0126,51.3687],[15.009,51.3742],[15.0134,51.3843],[15.0182,51.3866],[15.0179,51.3935],[15.0712,51.397],[15.0825,51.4072],[15.0828,51.4187],[15.0851,51.4252],[15.089,51.4277],[15.0933,51.4295],[15.0954,51.4254],[15.1118,51.4284],[15.1109,51.4298],[15.1183,51.4316],[15.1297,51.4379],[15.1506,51.4424],[15.1531,51.446],[15.187,51.464],[15.2025,51.4626],[15.2009,51.446],[15.2182,51.4444],[15.2435,51.4463],[15.252,51.449],[15.2549,51.4454],[15.2627,51.4437],[15.2718,51.4385],[15.2755,51.4298],[15.2897,51.4314],[15.2928,51.4231],[15.2983,51.4201],[15.3152,51.4177],[15.3215,51.4084],[15.3274,51.4077],[15.3337,51.4099],[15.3249,51.4185],[15.3287,51.4229],[15.3281,51.4291],[15.3433,51.4469],[15.3337,51.4516],[15.3394,51.4741],[15.3467,51.4716],[15.3725,51.4697],[15.3793,51.4702],[15.3821,51.4723],[15.3803,51.481],[15.3728,51.4789],[15.3704,51.4805],[15.3693,51.4858],[15.3715,51.4884],[15.367,51.494],[15.3712,51.5079],[15.3745,51.5097],[15.3773,51.5088],[15.3824,51.5124],[15.3799,51.5141],[15.3847,51.5184],[15.3856,51.5283],[15.3943,51.5291],[15.3965,51.531],[15.4058,51.5196],[15.4347,51.525],[15.437,51.5273],[15.4501,51.526],[15.4576,51.5211],[15.4625,51.5223],[15.4706,51.5182],[15.4692,51.5146],[15.4823,51.513],[15.4858,51.5136],[15.4845,51.5211],[15.4883,51.5224],[15.4877,51.5276],[15.5959,51.4696],[15.5903,51.4645],[15.5928,51.4624],[15.5873,51.4602],[15.5867,51.4555],[15.583,51.4558],[15.5809,51.4531],[15.5909,51.4489],[15.5928,51.4521],[15.5971,51.4515],[15.5998,51.4457],[15.6234,51.4635],[15.6241,51.472],[15.6289,51.4706],[15.629,51.4722],[15.6345,51.4721],[15.6347,51.4789],[15.6459,51.4791],[15.647,51.476],[15.6487,51.4767],[15.6525,51.4729],[15.656,51.4724],[15.6642,51.4827],[15.6593,51.488],[15.6673,51.4889],[15.6676,51.499],[15.6731,51.4989],[15.6733,51.5057],[15.6788,51.5056],[15.6789,51.5124],[15.701,51.5125],[15.7006,51.5174],[15.714,51.5174],[15.7141,51.5216],[15.7107,51.5235],[15.7123,51.5465],[15.7032,51.5464],[15.7028,51.5519],[15.7064,51.5545],[15.7038,51.5569],[15.7236,51.5521],[15.7425,51.5557],[15.7695,51.5696],[15.8077,51.5734],[15.8236,51.5727],[15.8158,51.6029],[15.8182,51.6029],[15.8216,51.6072],[15.8228,51.6131],[15.834,51.6222],[15.8304,51.6368],[15.8376,51.645],[15.8572,51.6504],[15.8545,51.6589],[15.8428,51.6613],[15.8451,51.6642],[15.8497,51.6652],[15.8413,51.6675],[15.8343,51.6722],[15.8448,51.6754],[15.8425,51.6816],[15.8522,51.684],[15.855,51.6889],[15.8642,51.6902],[15.8684,51.6887],[15.8687,51.6911],[15.8623,51.6925],[15.8656,51.6926],[15.8627,51.7018],[15.8659,51.7022],[15.8652,51.707],[15.8679,51.7063],[15.8695,51.7197],[15.8824,51.7199],[15.8947,51.7303],[15.9042,51.7296],[15.9124,51.7255],[15.9219,51.7297],[15.9264,51.7296],[15.9298,51.7376],[15.9437,51.7355],[15.9465,51.7365],[15.9521,51.7339],[15.9546,51.7361],[15.9632,51.7337],[15.964,51.7373],[15.9593,51.7394],[15.9608,51.743],[15.9676,51.7452],[15.973,51.7439],[15.9801,51.7453],[15.9737,51.7463],[15.9766,51.7481],[15.9688,51.7683],[15.9771,51.7681],[15.98,51.7736],[15.989,51.7692],[16.0063,51.7732],[16.0086,51.7757],[16.0043,51.7798],[15.9984,51.7772],[15.9941,51.779],[15.9823,51.7785],[15.9719,51.7825],[15.966,51.7915],[15.9685,51.7949],[15.9773,51.7959],[15.9822,51.7994],[15.9792,51.8023],[15.9948,51.8048],[15.9962,51.8012],[16.0012,51.8036],[16.0039,51.8005],[16.0092,51.8021],[16.0287,51.8025],[16.035,51.7953],[16.0352,51.7817],[16.0399,51.7807],[16.0435,51.7838],[16.0538,51.7817],[16.07,51.7826],[16.0727,51.7777],[16.0778,51.777],[16.079,51.7732],[16.0921,51.7702],[16.0913,51.7684],[16.0982,51.7665],[16.1007,51.7674],[16.1164,51.7636],[16.1183,51.7657],[16.134,51.7652],[16.1335,51.7583],[16.1517,51.7601],[16.1605,51.7589],[16.1728,51.7638],[16.1779,51.7638],[16.1616,51.7182],[16.1586,51.718],[16.1584,51.7161],[16.1612,51.7155],[16.16,51.7117],[16.1723,51.7092],[16.1735,51.7122],[16.1831,51.7115],[16.1819,51.7129],[16.1858,51.7161],[16.1944,51.7157],[16.1994,51.718],[16.2023,51.7145],[16.2176,51.7146],[16.2278,51.6987],[16.2233,51.6954],[16.2374,51.6885],[16.2515,51.6863],[16.2557,51.679],[16.265,51.673],[16.2701,51.6635],[16.2713,51.6684],[16.276,51.6724],[16.2678,51.6779],[16.2694,51.6847],[16.2764,51.6883],[16.2999,51.6902],[16.2973,51.6947],[16.3025,51.6955],[16.3027,51.6985],[16.3173,51.7026],[16.3265,51.7021],[16.3384,51.706],[16.34,51.7088],[16.3476,51.7091],[16.3501,51.7108],[16.3479,51.7125],[16.3504,51.7157],[16.3559,51.716],[16.3693,51.7288],[16.367,51.7334],[16.3616,51.7359],[16.3617,51.7415],[16.3656,51.7415],[16.3707,51.745],[16.3738,51.7509],[16.3754,51.7502],[16.378,51.753],[16.3759,51.7598],[16.3795,51.7658],[16.3771,51.7672],[16.3833,51.7704],[16.3952,51.7672],[16.3983,51.7706],[16.4069,51.7724],[16.411,51.7788],[16.4086,51.78],[16.4168,51.7828],[16.4162,51.7849]]]},"properties":{"id":8,"nazwa":"dolnośląskie"},"id":7},{"type":"Feature","geometry":{"type":"Polygon","coordinates":[[[22.6421,50.358],[22.6422,50.358],[22.6421,50.358],[22.6422,50.358],[22.6421,50.358],[22.6422,50.358],[22.6421,50.358],[22.6422,50.358],[22.6474,50.3585],[22.6676,50.3539],[22.6871,50.357],[22.6869,50.3451],[22.675,50.3444],[22.6699,50.34],[22.6606,50.3378],[22.6227,50.3336],[22.6103,50.3299],[22.6066,50.3255],[22.6078,50.3109],[22.6392,50.3033],[22.6442,50.3059],[22.6568,50.3009],[22.6614,50.3026],[22.6703,50.3017],[22.6732,50.2981],[22.6862,50.2992],[22.7076,50.2914],[22.7375,50.3021],[22.7506,50.303],[22.7761,50.3013],[22.8214,50.302],[22.8552,50.2945],[22.8759,50.2999],[22.8905,50.3015],[22.937,50.2924],[22.9781,50.2948],[23.0083,50.2901],[23.0081,50.2877],[23.019,50.2871],[23.0195,50.2886],[23.0281,50.2889],[23.0302,50.293],[23.0518,50.3042],[23.0675,50.3236],[23.0748,50.3251],[23.0762,50.3274],[23.0891,50.3298],[23.1798,50.3951],[23.1922,50.3953],[23.1939,50.3909],[23.2036,50.3901],[23.2047,50.3875],[23.2064,50.3888],[23.2187,50.3883],[23.2181,50.3839],[23.223,50.3805],[23.2278,50.3799],[23.2275,50.3773],[23.2521,50.3653],[23.2507,50.3593],[23.2791,50.3762],[23.2942,50.377],[23.3053,50.38],[23.3176,50.3927],[23.3535,50.4019],[23.3581,50.4105],[23.3876,50.4054],[23.3841,50.3988],[23.3773,50.4018],[23.3742,50.4013],[23.3702,50.3995],[23.3667,50.3938],[23.3662,50.3888],[23.375,50.3875],[23.3828,50.3833],[23.3739,50.377],[23.3789,50.3683],[23.3915,50.3671],[23.3929,50.365],[23.3983,50.366],[23.4006,50.3629],[23.4053,50.3648],[23.4057,50.3573],[23.4096,50.3571],[23.4125,50.3515],[23.4358,50.347],[23.4357,50.3438],[23.4034,50.3014],[23.4128,50.3076],[23.4285,50.3023],[23.457,50.3032],[23.47,50.2936],[23.4951,50.2997],[23.5057,50.2975],[23.5082,50.2945],[23.5129,50.2974],[23.5199,50.2955],[23.5183,50.2899],[23.5011,50.2852],[23.5037,50.2804],[23.5139,50.2788],[23.5146,50.2708],[23.5089,50.2613],[23.5314,50.262],[23.5321,50.2594],[23.5425,50.2586],[23.5439,50.253],[23.5479,50.2518],[23.5063,50.2303],[23.4701,50.2179],[23.4294,50.1842],[23.3803,50.1594],[23.314,50.112],[23.2986,50.1071],[23.2969,50.1029],[23.2839,50.099],[23.2792,50.0998],[23.2793,50.0863],[23.2646,50.0789],[23.2393,50.0545],[23.216,50.0475],[23.213,50.0311],[23.1426,49.9712],[23.1149,49.9565],[23.1075,49.942],[23.0333,49.8813],[22.9955,49.8422],[22.9707,49.8386],[22.9567,49.8111],[22.9619,49.8047],[22.9544,49.8033],[22.9328,49.7933],[22.9016,49.7683],[22.8979,49.7645],[22.8968,49.7518],[22.8851,49.7446],[22.8734,49.7406],[22.8521,49.7204],[22.8478,49.7101],[22.8219,49.6945],[22.8056,49.6934],[22.803,49.6911],[22.7872,49.6765],[22.7833,49.6572],[22.7494,49.6313],[22.6974,49.5845],[22.6847,49.5717],[22.6747,49.5492],[22.6632,49.5388],[22.6408,49.53],[22.6512,49.5084],[22.6704,49.4975],[22.6967,49.4951],[22.7004,49.4884],[22.7126,49.4382],[22.7325,49.3986],[22.7468,49.3599],[22.7432,49.3358],[22.751,49.3166],[22.7441,49.2988],[22.7396,49.2473],[22.7213,49.2413],[22.7167,49.2358],[22.7149,49.2265],[22.72,49.2213],[22.7284,49.2213],[22.7359,49.2182],[22.7421,49.2187],[22.7477,49.2159],[22.7406,49.2116],[22.7334,49.2108],[22.7344,49.207],[22.7293,49.2035],[22.7308,49.1985],[22.7226,49.1959],[22.7162,49.1836],[22.7081,49.1806],[22.7075,49.1748],[22.7187,49.165],[22.7248,49.1685],[22.7241,49.1744],[22.7303,49.1756],[22.7328,49.1822],[22.7475,49.1845],[22.752,49.1814],[22.7563,49.1825],[22.7563,49.1806],[22.7505,49.1777],[22.7494,49.1732],[22.7423,49.1686],[22.7389,49.1581],[22.7488,49.1564],[22.7506,49.1532],[22.7603,49.1525],[22.7744,49.1558],[22.7736,49.1525],[22.7848,49.1575],[22.7893,49.1575],[22.7925,49.1542],[22.789,49.1497],[22.7926,49.1466],[22.7934,49.138],[22.8083,49.1323],[22.8074,49.1287],[22.8164,49.1298],[22.8123,49.1249],[22.815,49.1233],[22.8186,49.1263],[22.8203,49.1226],[22.8302,49.1185],[22.829,49.1146],[22.8315,49.111],[22.8369,49.1124],[22.8382,49.1101],[22.8421,49.11],[22.8512,49.1147],[22.8542,49.111],[22.8601,49.1116],[22.8557,49.1036],[22.876,49.0967],[22.8857,49.0988],[22.885,49.0965],[22.8886,49.0975],[22.8928,49.0946],[22.8857,49.0858],[22.8807,49.084],[22.8814,49.0828],[22.8833,49.0843],[22.8837,49.0812],[22.8682,49.0773],[22.8666,49.0748],[22.8716,49.0716],[22.8647,49.0667],[22.8685,49.0624],[22.8678,49.0573],[22.8705,49.0587],[22.8719,49.0548],[22.8747,49.0555],[22.8758,49.0511],[22.8664,49.0402],[22.8726,49.0389],[22.8738,49.0366],[22.8781,49.0399],[22.8806,49.0383],[22.8741,49.0305],[22.8829,49.0216],[22.8941,49.0176],[22.8895,49.0137],[22.8916,49.0077],[22.8678,49.0029],[22.8474,49.0025],[22.844,49.0049],[22.8445,49.0114],[22.8337,49.0261],[22.8243,49.0228],[22.8132,49.0251],[22.8095,49.0346],[22.8001,49.0366],[22.7862,49.0465],[22.7655,49.0535],[22.7618,49.0521],[22.755,49.0429],[22.7354,49.049],[22.7275,49.0483],[22.7179,49.0528],[22.6991,49.0497],[22.6865,49.0397],[22.6802,49.0394],[22.6713,49.0428],[22.6692,49.0476],[22.6599,49.0471],[22.6516,49.0508],[22.646,49.0578],[22.6397,49.0597],[22.6312,49.0758],[22.6257,49.0803],[22.6183,49.0812],[22.6132,49.0841],[22.605,49.0845],[22.5998,49.0935],[22.5861,49.097],[22.5794,49.0961],[22.5641,49.0877],[22.556,49.0876],[22.5394,49.0947],[22.5113,49.0922],[22.497,49.0859],[22.4871,49.0884],[22.4678,49.1003],[22.457,49.1036],[22.4343,49.1019],[22.4284,49.0985],[22.4227,49.0995],[22.4125,49.1029],[22.3968,49.117],[22.3918,49.1181],[22.3902,49.1274],[22.3785,49.1319],[22.3779,49.1361],[22.3673,49.1466],[22.3622,49.1445],[22.3346,49.1465],[22.3205,49.1356],[22.3177,49.1356],[22.306,49.137],[22.2972,49.1415],[22.2818,49.1421],[22.247,49.1533],[22.2397,49.1519],[22.2361,49.1544],[22.2257,49.1525],[22.2259,49.1611],[22.2359,49.1685],[22.2306,49.1807],[22.2225,49.1845],[22.2172,49.1838],[22.211,49.1856],[22.205,49.1798],[22.1899,49.174],[22.1759,49.1831],[22.1665,49.1845],[22.16,49.1882],[22.1431,49.1927],[22.1438,49.2005],[22.131,49.2001],[22.1245,49.2022],[22.1176,49.201],[22.0981,49.2065],[22.078,49.2088],[22.0676,49.2122],[22.062,49.2116],[22.06,49.2145],[22.0506,49.2163],[22.0304,49.2252],[22.0351,49.2338],[22.0334,49.2417],[22.039,49.245],[22.0381,49.2502],[22.0419,49.2572],[22.0303,49.2627],[22.0334,49.2657],[22.0343,49.278],[22.0239,49.2858],[22.0107,49.2895],[21.9889,49.3085],[21.9832,49.3104],[21.9785,49.3169],[21.9774,49.3264],[21.9628,49.3479],[21.9525,49.3501],[21.9499,49.3479],[21.9441,49.3486],[21.934,49.3461],[21.918,49.3542],[21.9096,49.3538],[21.9038,49.35],[21.8918,49.3586],[21.8873,49.369],[21.8755,49.3736],[21.862,49.369],[21.857,49.3699],[21.8476,49.3786],[21.8493,49.3841],[21.8473,49.3867],[21.8402,49.3915],[21.8258,49.3908],[21.8174,49.3843],[21.8085,49.3815],[21.803,49.3822],[21.7878,49.3677],[21.7905,49.3608],[21.7892,49.3555],[21.778,49.356],[21.7662,49.3672],[21.763,49.375],[21.7652,49.3781],[21.7634,49.3835],[21.7394,49.3931],[21.7347,49.399],[21.7269,49.3981],[21.7218,49.4123],[21.7101,49.4134],[21.6994,49.4185],[21.6812,49.4108],[21.6748,49.414],[21.6589,49.4168],[21.6566,49.4244],[21.6494,49.4302],[21.6443,49.4307],[21.6309,49.4473],[21.6148,49.4448],[21.6016,49.4353],[21.5964,49.437],[21.5906,49.4338],[21.5756,49.4354],[21.565,49.4412],[21.5566,49.4381],[21.5521,49.4331],[21.5303,49.4351],[21.5187,49.4254],[21.5235,49.4199],[21.517,49.4178],[21.4957,49.4296],[21.4889,49.4291],[21.479,49.4158],[21.467,49.4132],[21.4562,49.4163],[21.4448,49.4122],[21.433,49.4126],[21.4066,49.4266],[21.4048,49.4318],[21.3987,49.4338],[21.3926,49.4469],[21.3922,49.4558],[21.4,49.4584],[21.4114,49.4678],[21.4079,49.4695],[21.4092,49.474],[21.3927,49.4815],[21.3889,49.4854],[21.3907,49.489],[21.4015,49.492],[21.4209,49.492],[21.4186,49.4976],[21.4109,49.5002],[21.4076,49.5096],[21.3988,49.5083],[21.3986,49.5105],[21.3929,49.5115],[21.3876,49.5193],[21.3893,49.5209],[21.3826,49.5253],[21.3917,49.5275],[21.3848,49.5307],[21.3805,49.5391],[21.3769,49.5378],[21.3696,49.5419],[21.3623,49.5418],[21.3586,49.5447],[21.3614,49.5486],[21.3678,49.5491],[21.3645,49.5539],[21.3806,49.5694],[21.3721,49.5712],[21.3638,49.577],[21.3608,49.5759],[21.3475,49.5793],[21.3298,49.5883],[21.3268,49.5922],[21.3313,49.6006],[21.3451,49.6082],[21.344,49.6117],[21.3627,49.6336],[21.3555,49.646],[21.3577,49.6497],[21.3417,49.6593],[21.3487,49.6927],[21.3437,49.6924],[21.3391,49.6979],[21.335,49.698],[21.3317,49.6946],[21.3204,49.6984],[21.3314,49.7188],[21.3258,49.7225],[21.3223,49.7224],[21.3222,49.7271],[21.3158,49.7282],[21.3187,49.7392],[21.3125,49.7478],[21.3014,49.7503],[21.2967,49.7481],[21.2905,49.7488],[21.2813,49.7552],[21.2731,49.7526],[21.2578,49.7521],[21.2541,49.7564],[21.2535,49.763],[21.2418,49.7761],[21.2515,49.7922],[21.2706,49.7941],[21.2698,49.7983],[21.2791,49.8053],[21.2835,49.8019],[21.2948,49.8006],[21.2998,49.7969],[21.3084,49.7961],[21.3195,49.8002],[21.3211,49.8031],[21.3303,49.8039],[21.3357,49.8078],[21.3322,49.8108],[21.3489,49.8147],[21.3397,49.82],[21.3374,49.8267],[21.322,49.8298],[21.3168,49.8353],[21.2975,49.8428],[21.2829,49.8457],[21.2698,49.843],[21.2688,49.8452],[21.2644,49.8429],[21.2648,49.8401],[21.2608,49.8418],[21.252,49.8409],[21.2359,49.8498],[21.2254,49.8523],[21.2284,49.862],[21.2261,49.8855],[21.2273,49.8867],[21.2339,49.8836],[21.2602,49.8848],[21.2796,49.892],[21.2882,49.9094],[21.2847,49.9241],[21.2781,49.9281],[21.2601,49.927],[21.2491,49.9308],[21.2206,49.9288],[21.1925,49.9316],[21.1852,49.9272],[21.1791,49.9287],[21.1717,49.937],[21.1708,49.9442],[21.1655,49.9454],[21.1652,49.9493],[21.161,49.9509],[21.1607,49.9665],[21.1507,49.9761],[21.1491,49.9931],[21.1498,49.9958],[21.153,49.9962],[21.1544,50.0034],[21.1788,50.0118],[21.1929,50.0293],[21.1737,50.0352],[21.1723,50.0394],[21.1515,50.0453],[21.1487,50.0494],[21.1446,50.0493],[21.145,50.0531],[21.1664,50.0598],[21.1694,50.0654],[21.1658,50.0669],[21.171,50.0674],[21.1715,50.0697],[21.1771,50.0714],[21.1761,50.0741],[21.1797,50.0761],[21.179,50.0807],[21.1692,50.0791],[21.1601,50.0895],[21.199,50.095],[21.1846,50.1003],[21.1869,50.1062],[21.1769,50.112],[21.1811,50.1179],[21.1915,50.118],[21.195,50.1198],[21.1485,50.1264],[21.1508,50.1301],[21.1462,50.13],[21.146,50.1345],[21.1559,50.1372],[21.1643,50.136],[21.175,50.1405],[21.1758,50.1426],[21.1524,50.1476],[21.1708,50.1769],[21.165,50.1806],[21.1678,50.1887],[21.1666,50.2017],[21.1709,50.2086],[21.1631,50.2167],[21.163,50.2227],[21.1549,50.2255],[21.1422,50.2377],[21.1785,50.2382],[21.1827,50.24],[21.1631,50.2466],[21.1461,50.2569],[21.151,50.2582],[21.1511,50.2608],[21.1557,50.2628],[21.1594,50.268],[21.1786,50.281],[21.1832,50.2865],[21.1838,50.298],[21.1885,50.2986],[21.194,50.3042],[21.2024,50.3048],[21.2225,50.3109],[21.2185,50.3175],[21.2174,50.3219],[21.2195,50.3228],[21.2132,50.3311],[21.2194,50.3356],[21.2189,50.3414],[21.2152,50.3435],[21.2088,50.3549],[21.2175,50.3564],[21.2223,50.3596],[21.2265,50.37],[21.2315,50.3743],[21.2498,50.3776],[21.2534,50.3883],[21.2567,50.3909],[21.2797,50.3917],[21.2812,50.3958],[21.2787,50.4044],[21.281,50.4084],[21.2995,50.4136],[21.3112,50.4217],[21.3671,50.441],[21.4013,50.4392],[21.4437,50.4565],[21.4515,50.464],[21.4427,50.4847],[21.4498,50.4928],[21.4862,50.4975],[21.5538,50.5205],[21.5901,50.517],[21.604,50.5212],[21.6241,50.5454],[21.6498,50.5646],[21.6575,50.573],[21.6694,50.605],[21.7105,50.6298],[21.7226,50.6454],[21.7334,50.6416],[21.739,50.6438],[21.7387,50.6477],[21.7434,50.6492],[21.7472,50.6546],[21.7512,50.6552],[21.7598,50.6549],[21.7612,50.648],[21.7801,50.6451],[21.7787,50.6585],[21.7938,50.6757],[21.7863,50.68],[21.8133,50.6873],[21.8209,50.6916],[21.825,50.6972],[21.8278,50.7165],[21.8432,50.7372],[21.8406,50.7601],[21.8585,50.7809],[21.8643,50.8027],[21.8747,50.7982],[21.8785,50.7916],[21.8797,50.7889],[21.8755,50.7841],[21.8754,50.7796],[21.8825,50.7783],[21.8984,50.7797],[21.9206,50.7746],[21.9495,50.7714],[21.9563,50.7781],[21.9724,50.7878],[21.9818,50.7846],[21.9822,50.7874],[21.9944,50.7832],[22.0121,50.7926],[22.0133,50.7959],[22.0389,50.8082],[22.0461,50.8172],[22.0521,50.8205],[22.0713,50.8163],[22.0943,50.8141],[22.1308,50.8024],[22.163,50.7973],[22.1594,50.7826],[22.1523,50.7718],[22.1769,50.7659],[22.1796,50.7674],[22.1861,50.7663],[22.1858,50.7642],[22.1975,50.7609],[22.1976,50.7588],[22.2056,50.754],[22.2036,50.7507],[22.2007,50.7523],[22.1988,50.7493],[22.2011,50.7488],[22.1979,50.748],[22.1704,50.7062],[22.1763,50.7007],[22.1706,50.6968],[22.1691,50.6889],[22.1595,50.6847],[22.1552,50.6794],[22.1461,50.678],[22.1469,50.673],[22.1418,50.6697],[22.1852,50.6663],[22.1894,50.6644],[22.198,50.6667],[22.2063,50.6662],[22.2116,50.6627],[22.2232,50.6598],[22.2325,50.6527],[22.2336,50.6468],[22.2463,50.6351],[22.2482,50.6211],[22.2576,50.6203],[22.2641,50.6221],[22.2719,50.6206],[22.2741,50.6226],[22.2864,50.6213],[22.2898,50.623],[22.2908,50.6186],[22.2944,50.618],[22.2974,50.6199],[22.3004,50.6169],[22.3034,50.6186],[22.3084,50.6165],[22.3155,50.6195],[22.3288,50.6156],[22.3321,50.6166],[22.3358,50.6144],[22.3399,50.6147],[22.3435,50.6121],[22.3478,50.6145],[22.3517,50.611],[22.357,50.6112],[22.3568,50.609],[22.3674,50.6072],[22.3742,50.6039],[22.3789,50.6041],[22.3827,50.5979],[22.3996,50.5938],[22.4073,50.5855],[22.4201,50.5806],[22.4266,50.5843],[22.4653,50.5919],[22.4684,50.586],[22.4653,50.5844],[22.4708,50.5852],[22.4888,50.5801],[22.4836,50.5757],[22.4908,50.5765],[22.4917,50.5828],[22.5065,50.5842],[22.5058,50.5756],[22.515,50.5755],[22.5155,50.5778],[22.5115,50.5775],[22.5096,50.5801],[22.5198,50.5832],[22.5277,50.576],[22.5362,50.5721],[22.5355,50.5532],[22.5385,50.5498],[22.5201,50.5488],[22.5199,50.5432],[22.5236,50.5423],[22.518,50.5423],[22.5121,50.5389],[22.5202,50.5342],[22.5343,50.5375],[22.5322,50.5314],[22.5344,50.5325],[22.5354,50.5241],[22.5277,50.522],[22.5367,50.5167],[22.5288,50.5128],[22.5412,50.5057],[22.5484,50.5079],[22.5552,50.5055],[22.571,50.5099],[22.577,50.5043],[22.5671,50.4984],[22.5711,50.4953],[22.546,50.4857],[22.533,50.4832],[22.5122,50.4867],[22.5111,50.4834],[22.5065,50.4841],[22.5161,50.4773],[22.5195,50.4784],[22.5236,50.4772],[22.5274,50.4799],[22.526,50.4753],[22.5672,50.4832],[22.5672,50.4805],[22.5864,50.483],[22.5862,50.4773],[22.5601,50.4692],[22.5538,50.4655],[22.5573,50.461],[22.5618,50.4638],[22.5663,50.4634],[22.5665,50.4598],[22.5604,50.4595],[22.5511,50.4621],[22.5454,50.452],[22.5344,50.4483],[22.5303,50.4471],[22.5253,50.4543],[22.5217,50.4546],[22.5242,50.4576],[22.5205,50.4642],[22.5073,50.4675],[22.51,50.4567],[22.5043,50.4552],[22.4663,50.46],[22.4622,50.4624],[22.4633,50.4657],[22.4445,50.4621],[22.4472,50.4563],[22.4563,50.4522],[22.4567,50.4493],[22.4469,50.4467],[22.4474,50.4449],[22.4564,50.4458],[22.4592,50.434],[22.4501,50.433],[22.4462,50.419],[22.4119,50.4234],[22.403,50.3952],[22.4054,50.3944],[22.4078,50.3976],[22.4194,50.3969],[22.4205,50.4002],[22.4372,50.3997],[22.4352,50.3925],[22.4529,50.3886],[22.4514,50.3708],[22.4552,50.3668],[22.4573,50.3679],[22.4823,50.3551],[22.4804,50.3531],[22.5037,50.3529],[22.5011,50.3462],[22.5064,50.3455],[22.507,50.3436],[22.5149,50.3458],[22.5231,50.3516],[22.5297,50.352],[22.5309,50.3547],[22.5339,50.3552],[22.5345,50.3538],[22.5459,50.3572],[22.5543,50.3565],[22.5656,50.3591],[22.5714,50.3567],[22.583,50.3556],[22.5955,50.3487],[22.6188,50.3539],[22.6239,50.3573],[22.6421,50.358]]]},"properties":{"id":9,"nazwa":"podkarpackie"},"id":8},{"type":"Feature","geometry":{"type":"Polygon","coordinates":[[[21.2088,50.3549],[21.2152,50.3435],[21.2189,50.3414],[21.2194,50.3356],[21.2132,50.3311],[21.2195,50.3228],[21.2174,50.3219],[21.2185,50.3175],[21.2225,50.3109],[21.2024,50.3048],[21.194,50.3042],[21.1885,50.2986],[21.1838,50.298],[21.1832,50.2865],[21.1786,50.281],[21.1594,50.268],[21.1557,50.2628],[21.1511,50.2608],[21.151,50.2582],[21.1461,50.2569],[21.1631,50.2466],[21.1827,50.24],[21.1785,50.2382],[21.1422,50.2377],[21.1549,50.2255],[21.163,50.2227],[21.1631,50.2167],[21.1709,50.2086],[21.1666,50.2017],[21.1678,50.1887],[21.165,50.1806],[21.1708,50.1769],[21.1524,50.1476],[21.1758,50.1426],[21.175,50.1405],[21.1643,50.136],[21.1559,50.1372],[21.146,50.1345],[21.1462,50.13],[21.1508,50.1301],[21.1485,50.1264],[21.195,50.1198],[21.1915,50.118],[21.1811,50.1179],[21.1769,50.112],[21.1869,50.1062],[21.1846,50.1003],[21.199,50.095],[21.1601,50.0895],[21.1692,50.0791],[21.179,50.0807],[21.1797,50.0761],[21.1761,50.0741],[21.1771,50.0714],[21.1715,50.0697],[21.171,50.0674],[21.1658,50.0669],[21.1694,50.0654],[21.1664,50.0598],[21.145,50.0531],[21.1446,50.0493],[21.1487,50.0494],[21.1515,50.0453],[21.1723,50.0394],[21.1737,50.0352],[21.1929,50.0293],[21.1788,50.0118],[21.1544,50.0034],[21.153,49.9962],[21.1498,49.9958],[21.1491,49.9931],[21.1507,49.9761],[21.1607,49.9665],[21.161,49.9509],[21.1652,49.9493],[21.1655,49.9454],[21.1708,49.9442],[21.1717,49.937],[21.1791,49.9287],[21.1852,49.9272],[21.1925,49.9316],[21.2206,49.9288],[21.2491,49.9308],[21.2601,49.927],[21.2781,49.9281],[21.2847,49.9241],[21.2882,49.9094],[21.2796,49.892],[21.2602,49.8848],[21.2339,49.8836],[21.2273,49.8867],[21.2261,49.8855],[21.2284,49.862],[21.2254,49.8523],[21.2359,49.8498],[21.252,49.8409],[21.2608,49.8418],[21.2648,49.8401],[21.2644,49.8429],[21.2688,49.8452],[21.2698,49.843],[21.2829,49.8457],[21.2975,49.8428],[21.3168,49.8353],[21.322,49.8298],[21.3374,49.8267],[21.3397,49.82],[21.3489,49.8147],[21.3322,49.8108],[21.3357,49.8078],[21.3303,49.8039],[21.3211,49.8031],[21.3195,49.8002],[21.3084,49.7961],[21.2998,49.7969],[21.2948,49.8006],[21.2835,49.8019],[21.2791,49.8053],[21.2698,49.7983],[21.2706,49.7941],[21.2515,49.7922],[21.2418,49.7761],[21.2535,49.763],[21.2541,49.7564],[21.2578,49.7521],[21.2731,49.7526],[21.2813,49.7552],[21.2905,49.7488],[21.2967,49.7481],[21.3014,49.7503],[21.3125,49.7478],[21.3187,49.7392],[21.3158,49.7282],[21.3222,49.7271],[21.3223,49.7224],[21.3258,49.7225],[21.3314,49.7188],[21.3204,49.6984],[21.3317,49.6946],[21.335,49.698],[21.3391,49.6979],[21.3437,49.6924],[21.3487,49.6927],[21.3417,49.6593],[21.3577,49.6497],[21.3555,49.646],[21.3627,49.6336],[21.344,49.6117],[21.3451,49.6082],[21.3313,49.6006],[21.3268,49.5922],[21.3298,49.5883],[21.3475,49.5793],[21.3608,49.5759],[21.3638,49.577],[21.3721,49.5712],[21.3806,49.5694],[21.3645,49.5539],[21.3678,49.5491],[21.3614,49.5486],[21.3586,49.5447],[21.3623,49.5418],[21.3696,49.5419],[21.3769,49.5378],[21.3805,49.5391],[21.3848,49.5307],[21.3917,49.5275],[21.3826,49.5253],[21.3893,49.5209],[21.3876,49.5193],[21.3929,49.5115],[21.3986,49.5105],[21.3988,49.5083],[21.4076,49.5096],[21.4109,49.5002],[21.4186,49.4976],[21.4209,49.492],[21.4015,49.492],[21.3907,49.489],[21.3889,49.4854],[21.3927,49.4815],[21.4092,49.474],[21.4079,49.4695],[21.4114,49.4678],[21.4,49.4584],[21.3922,49.4558],[21.3926,49.4469],[21.3987,49.4338],[21.3932,49.4344],[21.3915,49.4327],[21.3817,49.4346],[21.3727,49.4326],[21.3687,49.439],[21.352,49.4449],[21.3447,49.4504],[21.3371,49.4514],[21.3072,49.448],[21.2775,49.4609],[21.2673,49.4572],[21.2655,49.4474],[21.2593,49.4467],[21.2407,49.4342],[21.2329,49.4367],[21.2321,49.433],[21.2235,49.4255],[21.2273,49.417],[21.2123,49.408],[21.208,49.4025],[21.2015,49.4046],[21.1921,49.401],[21.1802,49.4023],[21.1794,49.409],[21.1699,49.4133],[21.1647,49.4183],[21.1552,49.421],[21.1554,49.4244],[21.1522,49.427],[21.124,49.4366],[21.1189,49.4333],[21.1137,49.4239],[21.0964,49.4295],[21.0818,49.425],[21.0726,49.425],[21.0637,49.4205],[21.0565,49.4217],[21.0487,49.4194],[21.0472,49.4169],[21.0543,49.4042],[21.0672,49.4021],[21.068,49.3955],[21.0751,49.3933],[21.1041,49.3764],[21.0941,49.3651],[21.0789,49.3639],[21.0753,49.3593],[21.066,49.3653],[21.0544,49.3618],[21.0489,49.3656],[21.0423,49.3648],[21.0329,49.3581],[21.0273,49.3569],[21.0162,49.3469],[21.0113,49.3476],[21.0069,49.3402],[21.0081,49.3349],[20.9967,49.3329],[20.9891,49.3284],[20.9882,49.3232],[20.9941,49.3127],[20.9866,49.3066],[20.9757,49.3095],[20.9635,49.3088],[20.9619,49.3062],[20.9529,49.303],[20.9256,49.2961],[20.9212,49.3017],[20.9113,49.3063],[20.9103,49.3114],[20.9031,49.3161],[20.9076,49.3198],[20.9037,49.3235],[20.8972,49.3253],[20.8896,49.3237],[20.8842,49.3191],[20.8732,49.3197],[20.8794,49.3224],[20.8824,49.3332],[20.8653,49.3476],[20.8542,49.3472],[20.8494,49.3414],[20.8433,49.3398],[20.8366,49.334],[20.8259,49.3344],[20.8114,49.3478],[20.8003,49.343],[20.7965,49.3438],[20.8022,49.3555],[20.7983,49.3591],[20.8044,49.3597],[20.8073,49.3532],[20.8106,49.3551],[20.8093,49.3594],[20.7981,49.3633],[20.7835,49.3605],[20.7817,49.3663],[20.7882,49.3713],[20.7855,49.3744],[20.7792,49.3751],[20.7642,49.3709],[20.7592,49.3732],[20.7578,49.3762],[20.7614,49.3842],[20.7475,49.391],[20.7486,49.3941],[20.7561,49.3972],[20.7582,49.4002],[20.755,49.4022],[20.7423,49.4038],[20.7461,49.4121],[20.7438,49.4148],[20.7363,49.4167],[20.7281,49.4148],[20.7229,49.4197],[20.7179,49.4184],[20.6927,49.42],[20.6658,49.4063],[20.6657,49.4035],[20.6461,49.4007],[20.6426,49.401],[20.6391,49.4071],[20.6247,49.4105],[20.622,49.4168],[20.6149,49.4178],[20.6113,49.4125],[20.6136,49.4018],[20.6058,49.4013],[20.6002,49.3883],[20.5921,49.383],[20.5869,49.3855],[20.5817,49.3839],[20.5762,49.3762],[20.5632,49.3795],[20.5577,49.3781],[20.5467,49.3855],[20.5343,49.387],[20.52,49.3925],[20.5099,49.3934],[20.5062,49.3969],[20.5049,49.4033],[20.4901,49.4064],[20.4716,49.4155],[20.4499,49.415],[20.446,49.4163],[20.4509,49.4131],[20.4464,49.4119],[20.4382,49.4148],[20.4364,49.4177],[20.4326,49.4177],[20.4296,49.4157],[20.4291,49.4079],[20.4337,49.4082],[20.437,49.4063],[20.4333,49.3966],[20.4311,49.3959],[20.4267,49.4028],[20.4169,49.4058],[20.4123,49.3952],[20.393,49.3906],[20.3824,49.391],[20.3809,49.4033],[20.3757,49.4079],[20.3711,49.4074],[20.368,49.4002],[20.3617,49.3982],[20.3515,49.4014],[20.3443,49.4006],[20.325,49.403],[20.3206,49.3995],[20.3175,49.3887],[20.3307,49.3903],[20.3211,49.3774],[20.3262,49.3659],[20.3237,49.3518],[20.3169,49.3447],[20.3084,49.3439],[20.293,49.3515],[20.2731,49.3514],[20.2687,49.3457],[20.254,49.3489],[20.2532,49.3518],[20.2478,49.3497],[20.243,49.351],[20.2407,49.3483],[20.2318,49.3463],[20.2208,49.3518],[20.214,49.3484],[20.2128,49.3448],[20.1932,49.341],[20.1842,49.3278],[20.1706,49.3277],[20.1736,49.325],[20.1678,49.3236],[20.1686,49.321],[20.1758,49.3141],[20.1578,49.3029],[20.159,49.3065],[20.1515,49.3188],[20.146,49.318],[20.1451,49.3126],[20.1419,49.3124],[20.1373,49.306],[20.1346,49.3064],[20.1359,49.3041],[20.1307,49.2974],[20.1321,49.2934],[20.1279,49.2866],[20.1287,49.2771],[20.1249,49.2707],[20.1139,49.2633],[20.1111,49.2583],[20.1008,49.2501],[20.101,49.2415],[20.0978,49.2345],[20.1016,49.2227],[20.0963,49.2201],[20.0872,49.2075],[20.0872,49.1993],[20.0843,49.1949],[20.0886,49.1877],[20.0882,49.1797],[20.079,49.1785],[20.0693,49.1807],[20.0602,49.187],[20.0486,49.1896],[20.0388,49.1977],[20.0205,49.2015],[20.0065,49.2132],[20.0086,49.2201],[19.9925,49.2251],[19.9816,49.2318],[19.9712,49.23],[19.9403,49.2337],[19.9322,49.2365],[19.9193,49.2358],[19.9114,49.232],[19.9034,49.231],[19.9052,49.2195],[19.9019,49.2166],[19.9024,49.2134],[19.8884,49.2092],[19.8837,49.2041],[19.8703,49.1985],[19.8694,49.1958],[19.8511,49.1963],[19.8414,49.1932],[19.8295,49.2017],[19.8198,49.1995],[19.8075,49.2057],[19.795,49.1984],[19.7843,49.1993],[19.7786,49.205],[19.7631,49.2076],[19.7584,49.216],[19.7674,49.2237],[19.7692,49.2307],[19.7668,49.2366],[19.7733,49.239],[19.7784,49.2454],[19.785,49.2467],[19.7905,49.2553],[19.7888,49.2618],[19.7922,49.2634],[19.7925,49.268],[19.8022,49.2706],[19.8063,49.2745],[19.8228,49.2768],[19.8098,49.2954],[19.7945,49.296],[19.7927,49.2989],[19.7933,49.3044],[19.805,49.3227],[19.7947,49.3446],[19.7968,49.3498],[19.8025,49.3531],[19.8038,49.3645],[19.8021,49.3703],[19.7925,49.3787],[19.7911,49.3835],[19.7889,49.4011],[19.7906,49.4107],[19.7676,49.413],[19.7463,49.4079],[19.7296,49.3917],[19.7176,49.3864],[19.7156,49.3912],[19.7092,49.391],[19.71,49.3931],[19.7065,49.396],[19.7034,49.3952],[19.7045,49.3966],[19.7018,49.3964],[19.6996,49.3997],[19.6954,49.3989],[19.6821,49.4039],[19.6808,49.4021],[19.679,49.4041],[19.676,49.4033],[19.6628,49.4077],[19.6614,49.4064],[19.6603,49.4085],[19.654,49.4078],[19.6509,49.4099],[19.6443,49.4082],[19.6443,49.4106],[19.641,49.4098],[19.6391,49.4113],[19.6386,49.4086],[19.6361,49.4104],[19.6317,49.4088],[19.6407,49.4261],[19.6474,49.4332],[19.6475,49.4332],[19.6474,49.4332],[19.6475,49.4332],[19.6474,49.4332],[19.6475,49.4332],[19.6474,49.4332],[19.6475,49.4332],[19.6464,49.437],[19.6378,49.4405],[19.6378,49.4481],[19.6416,49.4495],[19.6429,49.4546],[19.6411,49.4576],[19.6254,49.4496],[19.6114,49.4469],[19.5974,49.4586],[19.5815,49.4554],[19.5804,49.4613],[19.5671,49.4709],[19.5691,49.4745],[19.5654,49.4807],[19.5541,49.4897],[19.554,49.4897],[19.5541,49.4897],[19.554,49.4897],[19.5541,49.4897],[19.554,49.4897],[19.5541,49.4897],[19.554,49.4897],[19.5517,49.5074],[19.5415,49.5233],[19.5351,49.5263],[19.5358,49.5299],[19.5292,49.5387],[19.5274,49.5612],[19.5293,49.573],[19.522,49.5722],[19.5172,49.574],[19.5102,49.5814],[19.4972,49.5816],[19.4784,49.588],[19.4684,49.5965],[19.4747,49.6034],[19.4674,49.6138],[19.4808,49.6244],[19.4754,49.6388],[19.4685,49.6439],[19.4689,49.648],[19.4773,49.6563],[19.4778,49.6608],[19.465,49.6679],[19.461,49.6754],[19.4411,49.6805],[19.4231,49.6739],[19.418,49.6746],[19.4117,49.6728],[19.4071,49.6786],[19.3973,49.6784],[19.396,49.6764],[19.3918,49.6773],[19.3895,49.6843],[19.3827,49.6862],[19.37,49.6949],[19.3911,49.6972],[19.3955,49.7036],[19.3944,49.7065],[19.3998,49.7096],[19.3982,49.7114],[19.4105,49.7101],[19.4285,49.7181],[19.428,49.7269],[19.4379,49.7293],[19.4389,49.7323],[19.445,49.734],[19.446,49.7426],[19.4401,49.7521],[19.4202,49.7722],[19.4154,49.7749],[19.411,49.774],[19.4091,49.7644],[19.3995,49.7617],[19.3895,49.769],[19.379,49.7688],[19.373,49.7707],[19.366,49.7778],[19.3499,49.7714],[19.3168,49.7779],[19.3158,49.7845],[19.2974,49.8019],[19.2944,49.8073],[19.2962,49.8105],[19.2918,49.815],[19.2866,49.8164],[19.2889,49.8386],[19.2946,49.85],[19.2892,49.8505],[19.2709,49.8607],[19.2371,49.8648],[19.2376,49.862],[19.2208,49.8632],[19.2212,49.8687],[19.2122,49.8686],[19.2026,49.8716],[19.1931,49.8682],[19.1969,49.8604],[19.193,49.8584],[19.1709,49.853],[19.1664,49.8562],[19.1623,49.863],[19.1571,49.8651],[19.1581,49.8671],[19.1663,49.8712],[19.1658,49.8748],[19.1729,49.8799],[19.1962,49.8874],[19.1939,49.8919],[19.1968,49.901],[19.1931,49.9092],[19.1945,49.9133],[19.1916,49.9199],[19.1857,49.9184],[19.1841,49.9216],[19.1862,49.9228],[19.1863,49.9319],[19.1827,49.9336],[19.1874,49.9391],[19.1837,49.9442],[19.1861,49.9452],[19.1849,49.9501],[19.1663,49.9468],[19.1603,49.9423],[19.1617,49.9395],[19.1409,49.938],[19.141,49.9396],[19.1335,49.9399],[19.1217,49.9383],[19.114,49.9413],[19.1134,49.9433],[19.1046,49.9427],[19.106,49.9457],[19.0996,49.9471],[19.0981,49.9522],[19.0871,49.9492],[19.0833,49.9508],[19.0911,49.9566],[19.1003,49.9583],[19.1032,49.9552],[19.103,49.958],[19.1082,49.9611],[19.1151,49.9581],[19.1241,49.9633],[19.1237,49.9673],[19.1215,49.966],[19.1176,49.9681],[19.1241,49.9706],[19.123,49.972],[19.1102,49.9726],[19.114,49.9752],[19.1099,49.9779],[19.1123,49.9792],[19.1152,49.9775],[19.1181,49.9822],[19.1148,49.9849],[19.1182,49.9861],[19.1219,49.9839],[19.1194,49.9867],[19.1232,49.9885],[19.1113,49.9959],[19.1179,50.0014],[19.1134,50.0031],[19.122,50.0024],[19.119,50.0092],[19.128,50.0141],[19.1287,50.0175],[19.1363,50.0191],[19.1358,50.0208],[19.1396,50.0214],[19.1406,50.0248],[19.142,50.024],[19.1429,50.0284],[19.139,50.0283],[19.1361,50.0347],[19.1382,50.0364],[19.1416,50.0315],[19.1461,50.0317],[19.1437,50.0333],[19.1445,50.0394],[19.149,50.0397],[19.1482,50.0439],[19.1532,50.0421],[19.1505,50.0454],[19.1547,50.047],[19.153,50.0481],[19.1479,50.0447],[19.1457,50.0455],[19.1498,50.0519],[19.1529,50.0498],[19.1548,50.0533],[19.1564,50.0512],[19.1606,50.051],[19.1605,50.0549],[19.1659,50.0551],[19.1632,50.0572],[19.168,50.0604],[19.1779,50.0572],[19.1959,50.0652],[19.2074,50.0614],[19.2135,50.0653],[19.2167,50.0616],[19.2154,50.0593],[19.2189,50.059],[19.2234,50.0676],[19.2336,50.0657],[19.2296,50.0712],[19.2133,50.0741],[19.2121,50.0768],[19.2241,50.0893],[19.2232,50.0955],[19.2302,50.1012],[19.2325,50.1076],[19.2408,50.1127],[19.2408,50.1177],[19.2504,50.1317],[19.2542,50.1342],[19.2612,50.1323],[19.2544,50.1306],[19.2592,50.117],[19.2778,50.1197],[19.2733,50.1324],[19.2746,50.1366],[19.2706,50.1437],[19.2853,50.1423],[19.2883,50.1404],[19.2962,50.1421],[19.315,50.1422],[19.3316,50.1442],[19.3449,50.1501],[19.3448,50.1544],[19.3499,50.1505],[19.3538,50.1539],[19.3508,50.1617],[19.3489,50.1611],[19.3499,50.165],[19.3451,50.1647],[19.3472,50.1709],[19.3487,50.1733],[19.3617,50.1715],[19.3666,50.1732],[19.3676,50.1792],[19.3481,50.1779],[19.3392,50.1816],[19.3346,50.188],[19.3486,50.1911],[19.3637,50.1905],[19.3732,50.1924],[19.3752,50.196],[19.3833,50.1976],[19.3832,50.1997],[19.3933,50.2016],[19.4018,50.201],[19.3997,50.2033],[19.4018,50.205],[19.4042,50.2037],[19.4058,50.2069],[19.4136,50.2056],[19.4154,50.2009],[19.4165,50.2106],[19.442,50.2266],[19.4305,50.2251],[19.4111,50.2333],[19.397,50.2316],[19.3401,50.2496],[19.3237,50.2595],[19.3306,50.2625],[19.3365,50.261],[19.3355,50.2626],[19.3427,50.2637],[19.3439,50.2657],[19.3519,50.2646],[19.353,50.2666],[19.3591,50.2592],[19.3632,50.2606],[19.3608,50.2635],[19.3715,50.2683],[19.368,50.27],[19.3625,50.2692],[19.3619,50.2707],[19.3736,50.2715],[19.3759,50.27],[19.3768,50.2728],[19.3826,50.2735],[19.3869,50.2785],[19.384,50.2822],[19.3881,50.2892],[19.3964,50.2905],[19.4008,50.2974],[19.4043,50.2981],[19.4003,50.299],[19.4143,50.298],[19.4094,50.2993],[19.4122,50.3029],[19.4014,50.3048],[19.4027,50.3076],[19.3984,50.3084],[19.4004,50.3139],[19.4053,50.3142],[19.4147,50.3228],[19.4153,50.3317],[19.4321,50.3277],[19.4344,50.3247],[19.451,50.3189],[19.4637,50.3234],[19.4673,50.3226],[19.4744,50.3248],[19.4839,50.3236],[19.4806,50.3336],[19.4876,50.3473],[19.4831,50.3556],[19.4594,50.3634],[19.4628,50.365],[19.4565,50.3663],[19.4603,50.3729],[19.4917,50.366],[19.4876,50.397],[19.5045,50.4011],[19.5195,50.415],[19.5185,50.4167],[19.5379,50.4202],[19.5453,50.4189],[19.5462,50.4135],[19.5572,50.4144],[19.5544,50.412],[19.5572,50.4108],[19.5734,50.4117],[19.566,50.4073],[19.5706,50.4086],[19.5785,50.4072],[19.5806,50.4092],[19.5862,50.4084],[19.5866,50.4103],[19.5912,50.4101],[19.6024,50.4044],[19.6131,50.4045],[19.6271,50.4146],[19.6366,50.4094],[19.644,50.4113],[19.6453,50.4092],[19.6512,50.4127],[19.6582,50.4082],[19.6545,50.4141],[19.6717,50.4158],[19.665,50.4266],[19.6796,50.4347],[19.6943,50.4351],[19.7008,50.4497],[19.7019,50.4482],[19.7082,50.4483],[19.7074,50.4429],[19.7098,50.4414],[19.7122,50.4443],[19.7248,50.4409],[19.7318,50.4443],[19.7487,50.4421],[19.7673,50.4448],[19.7712,50.4422],[19.782,50.4401],[19.7915,50.4407],[19.7937,50.4433],[19.8009,50.4439],[19.8048,50.4414],[19.8054,50.437],[19.8107,50.4353],[19.8201,50.4345],[19.8254,50.438],[19.832,50.4361],[19.8336,50.4391],[19.8412,50.4385],[19.8424,50.4342],[19.8535,50.4351],[19.8503,50.4437],[19.853,50.4474],[19.8998,50.4534],[19.903,50.4568],[19.8981,50.4608],[19.8945,50.4611],[19.8921,50.4662],[19.8964,50.4673],[19.8957,50.4702],[19.9005,50.4735],[19.9091,50.4727],[19.9097,50.4751],[19.9271,50.475],[19.9369,50.4789],[19.9612,50.4768],[19.9705,50.474],[19.973,50.4755],[19.974,50.4769],[19.9677,50.4799],[19.964,50.4887],[19.9523,50.4942],[19.95,50.5048],[19.9723,50.5163],[19.9709,50.5205],[19.9872,50.5198],[20.0076,50.5155],[20.0271,50.5086],[20.0309,50.505],[20.0283,50.5009],[20.0389,50.5002],[20.0426,50.5062],[20.0502,50.5052],[20.0542,50.5116],[20.0763,50.5096],[20.0782,50.5059],[20.0847,50.5046],[20.0837,50.4994],[20.097,50.4961],[20.0871,50.4896],[20.096,50.4903],[20.1056,50.486],[20.1194,50.4852],[20.1306,50.4899],[20.1466,50.4861],[20.1666,50.4844],[20.1716,50.491],[20.1937,50.4956],[20.2054,50.4957],[20.2108,50.4902],[20.2176,50.4885],[20.2201,50.4901],[20.2258,50.4781],[20.2444,50.4801],[20.2497,50.4791],[20.2489,50.4742],[20.2625,50.4673],[20.2729,50.4699],[20.2714,50.4594],[20.2606,50.4415],[20.2637,50.4303],[20.2755,50.4215],[20.2899,50.4191],[20.289,50.414],[20.293,50.4049],[20.3039,50.3982],[20.3058,50.389],[20.3209,50.3845],[20.3222,50.3712],[20.3185,50.3721],[20.3175,50.3707],[20.3259,50.3693],[20.3252,50.3669],[20.3318,50.3653],[20.3318,50.3628],[20.3372,50.3623],[20.3391,50.3596],[20.3392,50.3573],[20.3283,50.3578],[20.3329,50.3542],[20.3269,50.3515],[20.3143,50.3514],[20.3131,50.3486],[20.3072,50.3487],[20.2975,50.3521],[20.2936,50.3491],[20.2924,50.3458],[20.2994,50.3433],[20.3053,50.3359],[20.2992,50.3337],[20.2976,50.3297],[20.2938,50.3295],[20.2926,50.3222],[20.2974,50.3195],[20.3022,50.3229],[20.3279,50.3186],[20.3327,50.3045],[20.3361,50.3033],[20.344,50.3054],[20.3491,50.2989],[20.3403,50.2987],[20.3383,50.2919],[20.341,50.2871],[20.3488,50.2905],[20.3565,50.2889],[20.3621,50.2846],[20.3617,50.2811],[20.3436,50.277],[20.3441,50.2716],[20.3326,50.2723],[20.3309,50.2675],[20.3433,50.2628],[20.353,50.2636],[20.3578,50.2558],[20.3627,50.2544],[20.3676,50.2487],[20.3721,50.2471],[20.3748,50.248],[20.3762,50.2432],[20.3839,50.2446],[20.3931,50.2425],[20.3933,50.2409],[20.3975,50.2415],[20.3994,50.2385],[20.3923,50.2378],[20.3871,50.2323],[20.3743,50.2272],[20.3743,50.2226],[20.3775,50.2197],[20.3746,50.216],[20.3847,50.2076],[20.4102,50.2118],[20.4151,50.2002],[20.409,50.2],[20.4086,50.1985],[20.4119,50.1975],[20.4122,50.1935],[20.4154,50.1937],[20.4155,50.1912],[20.4267,50.1927],[20.4249,50.1948],[20.4313,50.1944],[20.4308,50.1973],[20.4365,50.197],[20.4372,50.1929],[20.4423,50.1925],[20.4429,50.1953],[20.4515,50.1927],[20.455,50.1992],[20.4574,50.197],[20.4687,50.1966],[20.4663,50.1921],[20.4735,50.1908],[20.4697,50.2008],[20.4772,50.1994],[20.4932,50.192],[20.5117,50.1893],[20.5129,50.186],[20.5291,50.1911],[20.532,50.1914],[20.5323,50.1883],[20.5348,50.1884],[20.535,50.191],[20.5401,50.1912],[20.5392,50.1974],[20.5576,50.2015],[20.5632,50.1997],[20.5651,50.192],[20.5724,50.1866],[20.5829,50.1893],[20.5816,50.1943],[20.5849,50.1975],[20.5916,50.1985],[20.5935,50.2016],[20.6059,50.2002],[20.6065,50.2045],[20.6086,50.2047],[20.624,50.2007],[20.6306,50.202],[20.6245,50.202],[20.6257,50.2055],[20.6289,50.2055],[20.634,50.2117],[20.6386,50.2105],[20.6363,50.2071],[20.6391,50.2053],[20.6433,50.2073],[20.6402,50.2116],[20.6544,50.2037],[20.6603,50.2036],[20.6684,50.2064],[20.6744,50.2019],[20.6815,50.2059],[20.6794,50.2124],[20.6829,50.217],[20.7017,50.217],[20.7097,50.2277],[20.7295,50.2309],[20.7313,50.2333],[20.7272,50.2464],[20.729,50.2515],[20.7525,50.2647],[20.768,50.2683],[20.7783,50.2832],[20.7899,50.2896],[20.8058,50.2895],[20.8162,50.2851],[20.8276,50.2751],[20.8358,50.2733],[20.8482,50.2788],[20.8499,50.2918],[20.853,50.2952],[20.8574,50.2965],[20.8685,50.2946],[20.8795,50.2956],[20.8953,50.3066],[20.9319,50.2981],[20.9388,50.3005],[20.9451,50.3125],[20.9552,50.316],[20.974,50.3139],[20.9912,50.3153],[21.0114,50.3129],[21.033,50.3193],[21.0484,50.3151],[21.0555,50.3155],[21.0721,50.3227],[21.0831,50.3364],[21.0919,50.3387],[21.113,50.3384],[21.121,50.3503],[21.132,50.3543],[21.1447,50.3543],[21.154,50.3514],[21.1657,50.3423],[21.1667,50.3331],[21.1766,50.3298],[21.1853,50.3347],[21.1873,50.3491],[21.1901,50.3521],[21.2088,50.3549]]]},"properties":{"id":10,"nazwa":"małopolskie"},"id":9},{"type":"Feature","geometry":{"type":"Polygon","coordinates":[[[19.6487,54.4533],[19.6357,54.3922],[19.415,54.3201],[19.2908,54.2992],[19.2583,54.2817],[19.2534,54.2703],[19.2723,54.2624],[19.2764,54.2584],[19.2891,54.2546],[19.2927,54.2499],[19.2998,54.2464],[19.3047,54.2348],[19.3175,54.2257],[19.3141,54.219],[19.3247,54.2101],[19.3259,54.2],[19.322,54.1928],[19.3166,54.1898],[19.2853,54.1865],[19.274,54.1799],[19.2587,54.1754],[19.2542,54.1701],[19.247,54.1672],[19.2468,54.1614],[19.2547,54.1591],[19.2581,54.1552],[19.2576,54.1508],[19.2471,54.1407],[19.238,54.1269],[19.2173,54.1156],[19.2266,54.1148],[19.2316,54.1121],[19.2555,54.0857],[19.2535,54.0837],[19.2254,54.0771],[19.2207,54.0695],[19.2329,54.0641],[19.2377,54.0648],[19.2663,54.051],[19.2747,54.053],[19.2822,54.0418],[19.2722,54.0421],[19.2663,54.0371],[19.258,54.0352],[19.2685,54.0241],[19.2715,54.0238],[19.2711,54.0175],[19.279,54.0129],[19.2886,54.0161],[19.293,54.0248],[19.3201,54.0271],[19.3247,54.0203],[19.3602,54.0045],[19.3667,54.006],[19.372,54.0019],[19.3892,54.0008],[19.3901,54.0019],[19.3932,54.0008],[19.3957,54.0029],[19.4022,54.0008],[19.4046,54.0025],[19.4107,53.9994],[19.3849,53.9908],[19.3777,53.985],[19.3658,53.9608],[19.3716,53.9521],[19.3724,53.9461],[19.369,53.938],[19.3727,53.9358],[19.4017,53.9342],[19.4005,53.9302],[19.4168,53.9263],[19.4414,53.9333],[19.4444,53.9369],[19.4587,53.9421],[19.4758,53.9442],[19.4842,53.9427],[19.4892,53.9466],[19.5037,53.9448],[19.5127,53.9474],[19.5362,53.9445],[19.5567,53.948],[19.5591,53.9473],[19.5577,53.9443],[19.5667,53.9434],[19.576,53.9483],[19.5778,53.9477],[19.575,53.9437],[19.5821,53.9395],[19.5813,53.9271],[19.5677,53.928],[19.5656,53.9256],[19.5559,53.9257],[19.5607,53.9194],[19.5549,53.8983],[19.5572,53.8978],[19.5442,53.8886],[19.5421,53.8839],[19.5398,53.8849],[19.5343,53.8813],[19.5335,53.8801],[19.5397,53.8789],[19.5371,53.8783],[19.538,53.8752],[19.5304,53.8743],[19.5306,53.8716],[19.5266,53.8698],[19.5297,53.8692],[19.5244,53.8601],[19.5203,53.8608],[19.5176,53.8563],[19.5142,53.8567],[19.5123,53.8472],[19.5186,53.8466],[19.4796,53.8168],[19.5004,53.8066],[19.4719,53.7849],[19.4825,53.7802],[19.4806,53.7752],[19.4757,53.7771],[19.4746,53.7797],[19.4708,53.7785],[19.4605,53.7832],[19.4612,53.7857],[19.4569,53.7865],[19.4551,53.7892],[19.4568,53.791],[19.4542,53.7976],[19.3707,53.8142],[19.3572,53.8131],[19.3515,53.8154],[19.3466,53.8138],[19.3351,53.8147],[19.3218,53.8131],[19.3097,53.8014],[19.3123,53.8008],[19.3089,53.7945],[19.3141,53.794],[19.3155,53.791],[19.3099,53.7915],[19.3089,53.7881],[19.3049,53.7885],[19.3041,53.7836],[19.2997,53.782],[19.2989,53.7787],[19.3029,53.7782],[19.2986,53.7709],[19.3041,53.7673],[19.2995,53.7623],[19.3003,53.7558],[19.3042,53.754],[19.2968,53.7492],[19.2893,53.7395],[19.2865,53.7402],[19.2811,53.737],[19.2778,53.7323],[19.2644,53.7302],[19.2379,53.7114],[19.2373,53.7077],[19.2249,53.7043],[19.224,53.7004],[19.2129,53.6914],[19.2237,53.6687],[19.2137,53.6697],[19.213,53.6534],[19.2151,53.6492],[19.2107,53.6495],[19.2123,53.6434],[19.2026,53.6352],[19.2002,53.636],[19.2011,53.6381],[19.1935,53.6411],[19.1845,53.6371],[19.1791,53.6404],[19.1629,53.6243],[19.1544,53.6195],[19.1523,53.6202],[19.1386,53.61],[19.1304,53.6083],[19.1276,53.6022],[19.1304,53.5997],[19.1293,53.5883],[19.0859,53.5982],[19.0498,53.5967],[19.0246,53.5931],[19.0249,53.5906],[19.009,53.592],[18.9946,53.5955],[18.9888,53.5951],[18.9873,53.5899],[18.9768,53.5874],[18.974,53.589],[18.9406,53.5883],[18.9268,53.5917],[18.9151,53.5795],[18.9052,53.5776],[18.9031,53.5779],[18.9086,53.5915],[18.9063,53.5942],[18.8953,53.5957],[18.89,53.5995],[18.8432,53.602],[18.8299,53.6048],[18.7735,53.607],[18.7679,53.6058],[18.7636,53.6109],[18.7649,53.6054],[18.7607,53.6047],[18.7533,53.6175],[18.7405,53.6323],[18.7393,53.6446],[18.7466,53.6575],[18.7734,53.6792],[18.7812,53.6935],[18.789,53.7021],[18.7824,53.704],[18.7787,53.7008],[18.7628,53.6989],[18.7649,53.6981],[18.7507,53.6926],[18.7532,53.6906],[18.7471,53.686],[18.7436,53.6886],[18.7443,53.6917],[18.7413,53.6928],[18.7341,53.686],[18.7255,53.6838],[18.719,53.6885],[18.7084,53.6865],[18.6959,53.6923],[18.6965,53.6999],[18.6879,53.6991],[18.6785,53.6908],[18.6634,53.6966],[18.6536,53.6948],[18.6552,53.6936],[18.6389,53.6809],[18.6373,53.6774],[18.6306,53.6746],[18.6095,53.6706],[18.5869,53.6733],[18.5787,53.6774],[18.5709,53.6754],[18.5671,53.6733],[18.5824,53.6662],[18.5834,53.6594],[18.5802,53.6579],[18.5626,53.6581],[18.5534,53.6551],[18.5441,53.6618],[18.5434,53.6664],[18.5401,53.6663],[18.5362,53.6692],[18.5333,53.6666],[18.5281,53.6687],[18.5323,53.6694],[18.5289,53.673],[18.5286,53.6744],[18.533,53.6754],[18.5298,53.6792],[18.5145,53.681],[18.5125,53.689],[18.519,53.6893],[18.5232,53.6915],[18.5158,53.704],[18.5081,53.6999],[18.5059,53.701],[18.4942,53.6992],[18.4924,53.7017],[18.4705,53.7037],[18.4682,53.7018],[18.4717,53.7011],[18.4681,53.6959],[18.4684,53.6897],[18.4602,53.6864],[18.4551,53.6865],[18.4557,53.6937],[18.4185,53.6872],[18.42,53.6919],[18.38,53.6885],[18.3643,53.6896],[18.361,53.6876],[18.3571,53.6892],[18.3542,53.6874],[18.349,53.6898],[18.3521,53.6911],[18.3412,53.6933],[18.2919,53.6994],[18.2638,53.701],[18.2542,53.7113],[18.2741,53.7168],[18.2734,53.7187],[18.2767,53.7207],[18.2756,53.7231],[18.2671,53.7251],[18.2739,53.7317],[18.2649,53.741],[18.2676,53.7423],[18.2596,53.7425],[18.2561,53.7462],[18.2508,53.7432],[18.2442,53.7439],[18.219,53.7398],[18.2213,53.7517],[18.2169,53.7518],[18.2141,53.7509],[18.2155,53.7477],[18.2116,53.745],[18.2082,53.7451],[18.2047,53.7401],[18.196,53.7389],[18.1952,53.7427],[18.1979,53.7415],[18.2004,53.744],[18.2015,53.7562],[18.1884,53.7558],[18.1814,53.7533],[18.1789,53.7435],[18.1778,53.746],[18.172,53.7468],[18.1694,53.7456],[18.1549,53.7532],[18.1518,53.7682],[18.138,53.7675],[18.1305,53.7694],[18.1256,53.7643],[18.1177,53.7628],[18.1168,53.7594],[18.1108,53.7582],[18.1074,53.7614],[18.1104,53.7643],[18.109,53.7691],[18.0994,53.7674],[18.0942,53.7749],[18.072,53.7811],[18.0706,53.7735],[18.0577,53.7605],[18.0499,53.7412],[18.0416,53.7398],[18.0429,53.7369],[18.0457,53.7376],[18.0468,53.7362],[18.0318,53.7251],[18.0277,53.729],[18.0148,53.7242],[18.0044,53.7241],[17.9994,53.7257],[17.9912,53.7245],[17.9856,53.7295],[17.9864,53.7315],[17.9756,53.7361],[17.9644,53.7392],[17.9536,53.7381],[17.9486,53.7473],[17.942,53.7474],[17.9352,53.7435],[17.9318,53.7493],[17.9281,53.7501],[17.9009,53.7479],[17.8756,53.7578],[17.8686,53.7596],[17.8636,53.7582],[17.8601,53.755],[17.8669,53.7455],[17.8761,53.746],[17.8894,53.7277],[17.8951,53.7268],[17.9041,53.7218],[17.8925,53.7174],[17.8985,53.7106],[17.8916,53.7076],[17.8814,53.7063],[17.8784,53.7074],[17.8708,53.6981],[17.8522,53.6879],[17.8469,53.6909],[17.8242,53.6917],[17.8202,53.6862],[17.8072,53.6793],[17.7981,53.6788],[17.7722,53.6999],[17.7631,53.6948],[17.7628,53.6895],[17.7669,53.689],[17.7638,53.6836],[17.7599,53.6839],[17.7587,53.6867],[17.7539,53.6793],[17.7467,53.6811],[17.7407,53.678],[17.7402,53.674],[17.7442,53.67],[17.7342,53.6633],[17.7383,53.656],[17.7333,53.6551],[17.7329,53.6479],[17.7238,53.643],[17.7236,53.6404],[17.7119,53.6362],[17.7117,53.6295],[17.7193,53.6237],[17.7147,53.6213],[17.7152,53.6196],[17.7197,53.617],[17.718,53.6133],[17.711,53.609],[17.7261,53.6097],[17.7288,53.6136],[17.7351,53.6137],[17.7357,53.6013],[17.7338,53.5997],[17.7318,53.6004],[17.7304,53.5929],[17.7046,53.5952],[17.7007,53.5917],[17.6928,53.5949],[17.6872,53.5927],[17.6688,53.6018],[17.657,53.594],[17.655,53.5887],[17.6583,53.5858],[17.6742,53.5836],[17.6749,53.572],[17.672,53.5702],[17.6567,53.5712],[17.6508,53.5816],[17.6267,53.5878],[17.6044,53.5969],[17.5793,53.5785],[17.5648,53.578],[17.545,53.58],[17.5293,53.5929],[17.5249,53.6045],[17.5102,53.6132],[17.5146,53.6178],[17.5089,53.6173],[17.4997,53.6077],[17.481,53.602],[17.4745,53.6031],[17.456,53.5998],[17.4514,53.6021],[17.4466,53.6014],[17.4413,53.5987],[17.4391,53.5947],[17.4313,53.5925],[17.4276,53.5866],[17.422,53.5841],[17.4249,53.5788],[17.4196,53.5743],[17.4178,53.5632],[17.4132,53.5608],[17.4151,53.5582],[17.4189,53.5581],[17.4177,53.5554],[17.4209,53.5547],[17.4182,53.553],[17.4226,53.55],[17.4203,53.5456],[17.4228,53.5375],[17.4171,53.5329],[17.4108,53.5333],[17.4048,53.5256],[17.402,53.5121],[17.3938,53.5078],[17.3955,53.4971],[17.3907,53.491],[17.387,53.4911],[17.3867,53.4967],[17.3773,53.4964],[17.3733,53.4947],[17.3633,53.4972],[17.3507,53.4935],[17.3495,53.4955],[17.3412,53.4953],[17.3365,53.4977],[17.3404,53.5016],[17.3388,53.5025],[17.3267,53.5028],[17.3245,53.513],[17.3055,53.5127],[17.31,53.5242],[17.3049,53.5285],[17.3026,53.5291],[17.2961,53.5246],[17.2822,53.5337],[17.2722,53.5346],[17.2707,53.5372],[17.2445,53.5312],[17.2312,53.5343],[17.2166,53.5337],[17.2104,53.5361],[17.1973,53.5323],[17.1835,53.5345],[17.1645,53.5307],[17.1614,53.5278],[17.1426,53.5313],[17.1337,53.5359],[17.1175,53.5365],[17.1013,53.5425],[17.0898,53.5427],[17.0841,53.5367],[17.0738,53.5328],[17.0652,53.5265],[17.0646,53.5232],[17.0585,53.5204],[17.0487,53.5201],[17.0325,53.5155],[17.012,53.5202],[16.9998,53.518],[17.0008,53.5251],[16.9923,53.5256],[16.9914,53.529],[16.9931,53.5316],[17.0065,53.5346],[17.0005,53.5519],[16.9957,53.5515],[16.9918,53.5554],[16.9887,53.5539],[16.9811,53.5568],[16.9679,53.5479],[16.9581,53.5479],[16.9532,53.5419],[16.9515,53.5432],[16.9488,53.5484],[16.9491,53.5588],[16.9438,53.5633],[16.9436,53.5698],[16.9383,53.5727],[16.9399,53.576],[16.9373,53.5791],[16.941,53.5817],[16.9405,53.5841],[16.934,53.5847],[16.9296,53.5918],[16.9239,53.5929],[16.9254,53.5973],[16.9223,53.6001],[16.9143,53.6016],[16.9191,53.6048],[16.9122,53.6069],[16.91,53.6129],[16.906,53.6132],[16.9023,53.6182],[16.8962,53.6211],[16.902,53.6268],[16.8934,53.6285],[16.8994,53.6338],[16.8957,53.6362],[16.9,53.6396],[16.8922,53.6559],[16.8803,53.6884],[16.8757,53.7151],[16.8773,53.7191],[16.8577,53.7471],[16.9007,53.761],[16.9081,53.7679],[16.9206,53.7746],[16.9307,53.7772],[16.9482,53.8052],[16.9403,53.8067],[16.9376,53.8019],[16.9181,53.7981],[16.9095,53.8018],[16.9104,53.8084],[16.9069,53.8131],[16.9075,53.8155],[16.9109,53.8162],[16.9104,53.8199],[16.9003,53.8235],[16.8945,53.8233],[16.8855,53.8291],[16.8762,53.8318],[16.8728,53.8296],[16.8685,53.8341],[16.8732,53.8345],[16.8741,53.8362],[16.8716,53.8382],[16.87,53.8505],[16.8608,53.8523],[16.8683,53.8544],[16.8706,53.8574],[16.8724,53.8687],[16.8958,53.8728],[16.8925,53.8788],[16.9017,53.8743],[16.9017,53.8771],[16.9063,53.8758],[16.9118,53.8772],[16.9247,53.8747],[16.9547,53.8747],[16.9505,53.8792],[16.9707,53.878],[16.9706,53.8806],[16.9765,53.8796],[16.9821,53.9049],[16.9647,53.9046],[16.962,53.9076],[16.9552,53.9068],[16.9506,53.9095],[16.9506,53.9123],[16.9414,53.9121],[16.9349,53.9142],[16.9233,53.921],[16.922,53.9254],[16.9087,53.9253],[16.8806,53.9414],[16.8765,53.9402],[16.8761,53.944],[16.8725,53.9461],[16.8676,53.9478],[16.862,53.9459],[16.8587,53.9469],[16.8618,53.9478],[16.8623,53.9509],[16.876,53.9521],[16.88,53.9637],[16.8746,53.9692],[16.8768,53.9715],[16.8746,53.977],[16.8612,53.9801],[16.8546,53.9836],[16.847,53.9839],[16.8423,53.9979],[16.8286,53.9952],[16.8251,54.0042],[16.8151,54.0048],[16.818,54.0037],[16.818,54.0009],[16.8137,54.0018],[16.815,53.9982],[16.8126,53.9954],[16.8064,53.9934],[16.8034,53.9943],[16.8072,53.9875],[16.8036,53.9885],[16.8025,53.9872],[16.8048,53.9854],[16.8102,53.9859],[16.8142,53.9799],[16.8072,53.9796],[16.8057,53.9775],[16.8061,53.981],[16.7878,53.9802],[16.7906,53.9851],[16.798,53.987],[16.7957,53.9954],[16.8011,53.9997],[16.8014,54.004],[16.7995,54.0065],[16.7949,54.0065],[16.7949,54.0082],[16.791,54.0089],[16.7895,54.0108],[16.7998,54.011],[16.7926,54.0119],[16.7899,54.0159],[16.7901,54.013],[16.7883,54.0133],[16.7831,54.0241],[16.7859,54.0285],[16.7976,54.0353],[16.7943,54.0453],[16.797,54.0547],[16.8066,54.0565],[16.8119,54.0617],[16.8084,54.0662],[16.809,54.0706],[16.8126,54.0731],[16.8053,54.0756],[16.8035,54.0789],[16.7945,54.0752],[16.7962,54.0785],[16.7923,54.0792],[16.7949,54.0901],[16.7935,54.1009],[16.7993,54.1014],[16.8046,54.1161],[16.793,54.1212],[16.779,54.1192],[16.7773,54.1273],[16.7814,54.1278],[16.7841,54.1312],[16.7747,54.1336],[16.7775,54.1364],[16.7743,54.1551],[16.7682,54.1565],[16.764,54.1554],[16.7568,54.1578],[16.7573,54.161],[16.7489,54.1727],[16.731,54.1784],[16.7287,54.1841],[16.7351,54.1846],[16.7357,54.1886],[16.7327,54.2037],[16.7197,54.2024],[16.7196,54.2093],[16.716,54.2098],[16.7171,54.2122],[16.7114,54.2139],[16.7167,54.2163],[16.7169,54.2196],[16.7292,54.2256],[16.7301,54.2317],[16.7337,54.2328],[16.7405,54.2303],[16.7471,54.2312],[16.7541,54.2357],[16.7603,54.2339],[16.7723,54.2404],[16.7816,54.2393],[16.7965,54.2436],[16.8095,54.243],[16.8215,54.247],[16.8313,54.2458],[16.8651,54.261],[16.862,54.266],[16.8654,54.2759],[16.8642,54.2856],[16.8545,54.2997],[16.8543,54.3076],[16.838,54.3139],[16.8378,54.3164],[16.8271,54.3162],[16.8237,54.3184],[16.8205,54.3169],[16.8139,54.3186],[16.8241,54.3316],[16.8231,54.3379],[16.8229,54.3379],[16.8231,54.3379],[16.8281,54.3458],[16.8161,54.3603],[16.8097,54.3595],[16.8078,54.3705],[16.8215,54.3683],[16.8375,54.3705],[16.8382,54.3758],[16.8444,54.3754],[16.8437,54.3723],[16.8507,54.3741],[16.8572,54.3781],[16.8586,54.3826],[16.8522,54.3861],[16.8532,54.389],[16.8404,54.3987],[16.8401,54.4053],[16.8339,54.4111],[16.8244,54.4157],[16.8396,54.432],[16.8411,54.4384],[16.8221,54.4537],[16.8238,54.4544],[16.8211,54.4563],[16.8282,54.4588],[16.8238,54.464],[16.8275,54.4648],[16.8197,54.473],[16.8172,54.4687],[16.8129,54.4729],[16.8107,54.4819],[16.8007,54.4807],[16.7995,54.4843],[16.7932,54.4844],[16.7933,54.4874],[16.7789,54.4846],[16.7676,54.4875],[16.7612,54.4858],[16.7627,54.4877],[16.7527,54.4968],[16.7392,54.5177],[16.741,54.5249],[16.7481,54.5276],[16.7475,54.5304],[16.7392,54.5384],[16.7126,54.5542],[16.6991,54.5692],[16.748,54.5683],[16.7651,54.5698],[16.7907,54.5769],[16.8472,54.5878],[16.851,54.5893],[16.8509,54.592],[16.8536,54.5889],[16.8683,54.5891],[16.8951,54.5931],[16.96,54.6163],[17.0003,54.6375],[17.0508,54.6697],[17.1518,54.6985],[17.2419,54.7296],[17.2632,54.7341],[17.3299,54.7436],[17.3435,54.7482],[17.3865,54.7526],[17.4697,54.757],[17.5508,54.7701],[17.6268,54.7773],[17.6489,54.7817],[17.6681,54.7835],[17.7561,54.8016],[17.8159,54.8087],[17.9002,54.8242],[17.9147,54.8239],[17.915,54.8274],[17.9678,54.8323],[18.0803,54.8352],[18.1289,54.8336],[18.1732,54.8349],[18.2338,54.8338],[18.3005,54.8364],[18.3294,54.8353],[18.3489,54.8273],[18.351,54.8235],[18.3697,54.8139],[18.4236,54.7972],[18.4342,54.7891],[18.5444,54.7501],[18.6616,54.7111],[18.7332,54.6819],[18.7944,54.6481],[18.8244,54.6256],[18.8285,54.6062],[18.8236,54.5998],[18.8114,54.5928],[18.8081,54.5937],[18.8034,54.6],[18.7996,54.5997],[18.8013,54.6049],[18.7988,54.6072],[18.7953,54.6087],[18.7932,54.607],[18.7875,54.6108],[18.7791,54.6131],[18.7778,54.621],[18.7642,54.6376],[18.7039,54.6866],[18.6871,54.6946],[18.6771,54.6924],[18.6732,54.6931],[18.6684,54.6987],[18.654,54.6998],[18.6352,54.7136],[18.6183,54.722],[18.5807,54.7327],[18.5772,54.7356],[18.5431,54.7471],[18.5284,54.7489],[18.5227,54.755],[18.4828,54.7664],[18.474,54.7718],[18.4648,54.7729],[18.4496,54.7805],[18.439,54.7822],[18.427,54.7879],[18.4233,54.7887],[18.4208,54.787],[18.4209,54.7813],[18.4167,54.7769],[18.419,54.7734],[18.4173,54.7694],[18.4068,54.7616],[18.3964,54.7464],[18.3938,54.7296],[18.4079,54.723],[18.4177,54.7227],[18.4215,54.7211],[18.4467,54.7042],[18.473,54.6946],[18.466,54.6862],[18.4666,54.6653],[18.4638,54.6602],[18.4644,54.6572],[18.474,54.6499],[18.4706,54.643],[18.4753,54.6401],[18.4679,54.6394],[18.4689,54.6337],[18.4746,54.6311],[18.4871,54.6305],[18.5085,54.6332],[18.5155,54.6362],[18.5109,54.6245],[18.5119,54.6139],[18.5298,54.592],[18.5357,54.5871],[18.5417,54.5851],[18.5494,54.5725],[18.5516,54.5613],[18.5597,54.5506],[18.563,54.5365],[18.5616,54.5174],[18.5558,54.5182],[18.5511,54.5134],[18.5691,54.4853],[18.5641,54.4799],[18.5618,54.4707],[18.5625,54.4594],[18.5674,54.4512],[18.58,54.4383],[18.5927,54.4291],[18.6133,54.4183],[18.6364,54.4099],[18.6546,54.4084],[18.6617,54.4112],[18.6593,54.4166],[18.6624,54.4131],[18.6788,54.4075],[18.6857,54.4032],[18.6987,54.4014],[18.7117,54.4046],[18.7136,54.4073],[18.7183,54.4086],[18.7265,54.4057],[18.7313,54.4033],[18.7243,54.398],[18.7315,54.3939],[18.7166,54.3933],[18.7079,54.3903],[18.7148,54.3845],[18.7215,54.3887],[18.725,54.387],[18.7178,54.3802],[18.7272,54.3763],[18.7762,54.3705],[18.7811,54.371],[18.7794,54.3745],[18.7865,54.3678],[18.8284,54.3571],[18.856,54.3513],[18.8978,54.3468],[18.9244,54.3471],[18.9364,54.3517],[18.9406,54.3583],[18.9368,54.3575],[18.9494,54.3634],[18.9461,54.3577],[18.9541,54.3591],[18.9548,54.3608],[18.9655,54.3545],[18.9652,54.3521],[18.9688,54.3499],[18.9895,54.3451],[19.088,54.346],[19.2246,54.3543],[19.3314,54.3667],[19.4072,54.3809],[19.4781,54.3978],[19.5461,54.4185],[19.5971,54.4385],[19.6377,54.4592],[19.6487,54.4533]]]},"properties":{"id":11,"nazwa":"pomorskie"},"id":10},{"type":"Feature","geometry":{"type":"Polygon","coordinates":[[[22.792,54.3633],[22.8013,54.3519],[22.8061,54.3495],[22.803,54.341],[22.7818,54.3334],[22.7765,54.328],[22.786,54.3282],[22.7873,54.3259],[22.7915,54.3265],[22.7953,54.3249],[22.7923,54.3234],[22.7888,54.3111],[22.7851,54.3109],[22.784,54.3058],[22.79,54.2999],[22.7791,54.2936],[22.7772,54.2948],[22.768,54.2894],[22.7561,54.2974],[22.7513,54.2982],[22.7457,54.2912],[22.7278,54.2844],[22.7036,54.2793],[22.6945,54.2754],[22.6687,54.2805],[22.6447,54.2878],[22.6244,54.2687],[22.6107,54.2599],[22.5827,54.2645],[22.576,54.2672],[22.5794,54.2583],[22.5688,54.2584],[22.5627,54.252],[22.566,54.2498],[22.559,54.2474],[22.5571,54.2498],[22.5523,54.2493],[22.5527,54.2514],[22.5319,54.2489],[22.5278,54.2294],[22.524,54.2298],[22.5151,54.2246],[22.5188,54.2178],[22.5143,54.2169],[22.5101,54.2202],[22.4923,54.2144],[22.4974,54.2105],[22.4882,54.2065],[22.4839,54.2081],[22.4839,54.2028],[22.4766,54.2013],[22.4784,54.1994],[22.4857,54.1985],[22.4879,54.1938],[22.5034,54.1933],[22.5048,54.1897],[22.5103,54.1908],[22.5099,54.1872],[22.5006,54.1864],[22.5038,54.1805],[22.5078,54.1756],[22.516,54.1719],[22.5191,54.1677],[22.5191,54.1613],[22.5369,54.1604],[22.538,54.159],[22.5338,54.1552],[22.5374,54.155],[22.5354,54.1529],[22.5389,54.1478],[22.5454,54.1485],[22.5471,54.1377],[22.5808,54.142],[22.5782,54.1465],[22.5914,54.1507],[22.5937,54.1412],[22.6019,54.1365],[22.6129,54.1201],[22.6205,54.1129],[22.6368,54.1066],[22.6355,54.093],[22.625,54.0919],[22.6234,54.0869],[22.611,54.0856],[22.6038,54.0819],[22.6047,54.0738],[22.6016,54.0682],[22.5969,54.0665],[22.5999,54.0528],[22.6286,54.0475],[22.6699,54.0296],[22.671,54.0207],[22.6799,54.0054],[22.691,54.0004],[22.6959,53.9844],[22.6936,53.9786],[22.6965,53.9735],[22.708,53.968],[22.7092,53.9625],[22.7146,53.9569],[22.7237,53.9526],[22.7287,53.9529],[22.7309,53.9499],[22.7369,53.9496],[22.7458,53.9463],[22.7816,53.9197],[22.7828,53.9155],[22.7754,53.9054],[22.7803,53.9016],[22.7796,53.8989],[22.775,53.8963],[22.7774,53.892],[22.7815,53.8902],[22.781,53.8863],[22.7854,53.8834],[22.779,53.8656],[22.7594,53.8541],[22.755,53.8473],[22.7267,53.8332],[22.7274,53.8274],[22.7244,53.8227],[22.7268,53.8039],[22.7165,53.7869],[22.7095,53.7804],[22.7035,53.7673],[22.6968,53.7616],[22.6804,53.7565],[22.6674,53.7565],[22.6408,53.7476],[22.6386,53.7494],[22.6407,53.7548],[22.629,53.7574],[22.6238,53.7513],[22.6263,53.747],[22.6224,53.7452],[22.6264,53.7416],[22.6165,53.7325],[22.6108,53.7192],[22.6068,53.717],[22.597,53.7183],[22.5848,53.7269],[22.5847,53.7343],[22.5647,53.7221],[22.5664,53.7214],[22.5142,53.6992],[22.5141,53.6977],[22.5044,53.6963],[22.4916,53.7002],[22.4676,53.699],[22.4748,53.6957],[22.4746,53.6931],[22.4694,53.6929],[22.4654,53.6901],[22.4716,53.6783],[22.467,53.6724],[22.4698,53.6701],[22.4685,53.6675],[22.4752,53.6639],[22.473,53.6631],[22.4593,53.6651],[22.4509,53.6629],[22.4406,53.6648],[22.4376,53.6674],[22.4423,53.6679],[22.4448,53.6723],[22.4369,53.6748],[22.436,53.6778],[22.433,53.6764],[22.423,53.6815],[22.4148,53.6778],[22.4007,53.6671],[22.3963,53.6681],[22.3624,53.655],[22.3599,53.6558],[22.3499,53.6484],[22.3529,53.6472],[22.3266,53.6318],[22.3248,53.6341],[22.2984,53.6243],[22.2808,53.6217],[22.272,53.6106],[22.2391,53.5961],[22.2327,53.5924],[22.2344,53.5917],[22.2279,53.5858],[22.2095,53.5777],[22.1943,53.5662],[22.1747,53.5578],[22.1617,53.5554],[22.1279,53.5415],[22.101,53.5333],[22.0947,53.5324],[22.0855,53.5354],[22.0754,53.5358],[22.0663,53.5308],[22.054,53.5275],[22.0505,53.5249],[22.0484,53.5157],[22.0424,53.5119],[22.0417,53.5082],[22.0307,53.4971],[22.0265,53.496],[22.02,53.4973],[22.0158,53.5012],[22.0097,53.5136],[21.9899,53.5221],[21.9778,53.518],[21.9758,53.5154],[21.966,53.5146],[21.9526,53.5094],[21.9337,53.5111],[21.922,53.5078],[21.9202,53.503],[21.902,53.4932],[21.9024,53.4826],[21.891,53.4665],[21.8811,53.4613],[21.8726,53.4618],[21.8583,53.4589],[21.8287,53.464],[21.7906,53.4793],[21.7521,53.4832],[21.7308,53.4888],[21.7142,53.489],[21.6947,53.4921],[21.6867,53.4928],[21.6796,53.4913],[21.6479,53.4812],[21.613,53.4808],[21.6041,53.4818],[21.5806,53.4801],[21.5659,53.4809],[21.5502,53.4778],[21.5179,53.477],[21.4314,53.4625],[21.4359,53.46],[21.4459,53.4459],[21.4264,53.4503],[21.4248,53.4493],[21.4291,53.445],[21.431,53.4461],[21.4348,53.4449],[21.4334,53.4424],[21.4454,53.4396],[21.445,53.4373],[21.435,53.4391],[21.4365,53.4331],[21.4336,53.4359],[21.4317,53.4338],[21.4261,53.4337],[21.4228,53.4315],[21.4236,53.4297],[21.41,53.4267],[21.4022,53.4276],[21.3982,53.4262],[21.3948,53.4274],[21.3994,53.429],[21.3877,53.4308],[21.3733,53.4212],[21.363,53.4219],[21.355,53.4202],[21.3516,53.4143],[21.3393,53.4195],[21.3374,53.4174],[21.3026,53.4239],[21.2939,53.415],[21.2947,53.4086],[21.2907,53.4089],[21.2841,53.4153],[21.2912,53.4227],[21.2815,53.4268],[21.2535,53.4206],[21.2137,53.4067],[21.1967,53.3979],[21.1754,53.3934],[21.1413,53.3773],[21.1408,53.3709],[21.1361,53.3656],[21.1277,53.3627],[21.1144,53.3544],[21.0917,53.3497],[21.0817,53.3462],[21.0818,53.3438],[21.0558,53.3346],[21.0506,53.335],[21.0384,53.3428],[21.0312,53.3513],[21.0123,53.3561],[21.0068,53.3553],[21.001,53.3567],[20.9976,53.3618],[20.9902,53.3623],[20.9917,53.3614],[20.9739,53.3518],[20.9744,53.3543],[20.9688,53.3517],[20.9666,53.3542],[20.9633,53.35],[20.9594,53.3515],[20.9606,53.3544],[20.9473,53.3551],[20.9498,53.358],[20.9363,53.3598],[20.933,53.3583],[20.9317,53.3525],[20.9185,53.3522],[20.9226,53.35],[20.9144,53.3482],[20.9148,53.3455],[20.9095,53.3427],[20.9123,53.3375],[20.9207,53.3353],[20.916,53.3254],[20.9298,53.3242],[20.9269,53.3202],[20.921,53.3209],[20.9194,53.3157],[20.9157,53.3171],[20.9171,53.3219],[20.9065,53.3207],[20.9082,53.3178],[20.9043,53.3094],[20.8863,53.3187],[20.8856,53.3176],[20.8722,53.3211],[20.8732,53.3125],[20.8652,53.3038],[20.8603,53.3027],[20.858,53.3039],[20.8568,53.3013],[20.8527,53.3029],[20.8539,53.2982],[20.8512,53.2981],[20.8513,53.2927],[20.8474,53.2924],[20.8352,53.3005],[20.8252,53.3042],[20.8154,53.3061],[20.809,53.3053],[20.7992,53.3081],[20.7962,53.3071],[20.7884,53.3107],[20.7852,53.3089],[20.7791,53.3122],[20.7701,53.3116],[20.7646,53.3156],[20.7517,53.313],[20.7425,53.318],[20.7395,53.3149],[20.747,53.3078],[20.7387,53.3046],[20.7214,53.3076],[20.7194,53.3115],[20.7166,53.3121],[20.7138,53.3093],[20.7139,53.2999],[20.6924,53.3026],[20.6921,53.2885],[20.6868,53.2878],[20.676,53.2695],[20.6662,53.2654],[20.6572,53.2515],[20.6119,53.2523],[20.6112,53.2441],[20.6134,53.243],[20.6091,53.239],[20.6024,53.2384],[20.5958,53.2344],[20.5869,53.2327],[20.5823,53.2332],[20.5795,53.2399],[20.5749,53.2404],[20.5619,53.2265],[20.5547,53.2245],[20.5438,53.2274],[20.5464,53.2292],[20.5315,53.2324],[20.5298,53.2278],[20.5353,53.227],[20.5256,53.2228],[20.5071,53.2288],[20.5074,53.2346],[20.4737,53.2342],[20.4606,53.2416],[20.4642,53.2434],[20.4584,53.2468],[20.4236,53.2219],[20.4194,53.222],[20.4108,53.2139],[20.4143,53.2117],[20.3969,53.1947],[20.3826,53.1889],[20.3763,53.1774],[20.3701,53.1773],[20.3245,53.16],[20.361,53.1554],[20.3532,53.1527],[20.3538,53.1471],[20.2902,53.1391],[20.2754,53.1427],[20.2679,53.1403],[20.2577,53.1412],[20.237,53.1478],[20.2151,53.1514],[20.1984,53.1514],[20.1653,53.1558],[20.1643,53.1498],[20.1588,53.1455],[20.1509,53.142],[20.1405,53.1413],[20.1271,53.1467],[20.119,53.1622],[20.1103,53.1631],[20.1042,53.1681],[20.0774,53.1654],[20.0762,53.1573],[20.0562,53.1572],[20.0523,53.1552],[20.0387,53.1592],[20.0344,53.1477],[20.0314,53.146],[20.0256,53.1451],[20.0197,53.1531],[19.9782,53.1439],[19.9738,53.148],[19.9697,53.1473],[19.9638,53.15],[19.9548,53.1602],[19.9422,53.1656],[19.9266,53.1675],[19.9281,53.1715],[19.9074,53.177],[19.9114,53.1889],[19.9144,53.1886],[19.9186,53.1913],[19.9158,53.1919],[19.9179,53.2065],[19.9138,53.2063],[19.9134,53.2115],[19.8962,53.2097],[19.8931,53.2132],[19.8834,53.2085],[19.882,53.2025],[19.871,53.2016],[19.8723,53.1982],[19.8673,53.1987],[19.8471,53.1923],[19.8254,53.1733],[19.8389,53.1632],[19.8411,53.1411],[19.7776,53.155],[19.7616,53.1518],[19.7508,53.1784],[19.7466,53.1797],[19.7511,53.1843],[19.742,53.1879],[19.7469,53.1933],[19.7365,53.2032],[19.7422,53.2036],[19.7459,53.211],[19.7527,53.2126],[19.7426,53.2218],[19.7436,53.2282],[19.7284,53.2299],[19.7244,53.2321],[19.7168,53.2311],[19.7153,53.2335],[19.7039,53.2342],[19.7001,53.2365],[19.6951,53.2328],[19.6895,53.2339],[19.6916,53.253],[19.6832,53.2542],[19.6854,53.2561],[19.6821,53.2568],[19.6833,53.2584],[19.6909,53.2597],[19.6935,53.2638],[19.7034,53.2669],[19.7132,53.2745],[19.7254,53.2705],[19.7306,53.2709],[19.7286,53.2744],[19.7262,53.2735],[19.7249,53.2765],[19.717,53.2809],[19.7183,53.2833],[19.7258,53.2838],[19.7122,53.2886],[19.7181,53.3021],[19.6898,53.3068],[19.6851,53.3041],[19.685,53.3073],[19.6893,53.3082],[19.6891,53.3129],[19.6871,53.3125],[19.6901,53.3363],[19.6724,53.3373],[19.6416,53.3446],[19.6124,53.3383],[19.6104,53.3423],[19.6073,53.3416],[19.5958,53.3378],[19.5967,53.334],[19.587,53.3317],[19.5201,53.3304],[19.5226,53.3368],[19.5209,53.3363],[19.519,53.3393],[19.5218,53.3398],[19.5256,53.345],[19.5222,53.3441],[19.5287,53.3527],[19.5275,53.3539],[19.526,53.3521],[19.5215,53.3568],[19.524,53.3595],[19.5183,53.3585],[19.5199,53.3703],[19.5085,53.3709],[19.5077,53.3685],[19.4976,53.3634],[19.4833,53.36],[19.4786,53.3622],[19.4819,53.3709],[19.4781,53.3716],[19.476,53.3701],[19.4732,53.3716],[19.4657,53.3693],[19.4656,53.3654],[19.458,53.3598],[19.4469,53.3608],[19.434,53.3579],[19.4287,53.3592],[19.4279,53.3609],[19.4324,53.3629],[19.4396,53.3718],[19.4474,53.3756],[19.4178,53.3789],[19.4126,53.3874],[19.4079,53.3895],[19.4107,53.3917],[19.408,53.3925],[19.3987,53.391],[19.3948,53.3946],[19.3947,53.3903],[19.3973,53.3893],[19.3938,53.3881],[19.3895,53.3908],[19.3924,53.3925],[19.3896,53.3952],[19.3908,53.3976],[19.388,53.4035],[19.3822,53.4058],[19.3829,53.4092],[19.3689,53.4129],[19.3587,53.4089],[19.3435,53.4083],[19.3295,53.405],[19.3258,53.4053],[19.32,53.4104],[19.3074,53.4115],[19.3077,53.4068],[19.2967,53.4033],[19.2922,53.3988],[19.2987,53.4028],[19.3051,53.4001],[19.2997,53.397],[19.3003,53.3949],[19.296,53.395],[19.2912,53.3892],[19.2917,53.3851],[19.2875,53.3906],[19.2715,53.3953],[19.2592,53.3965],[19.2556,53.4028],[19.2457,53.4105],[19.2317,53.4146],[19.2364,53.416],[19.2327,53.4177],[19.2325,53.4212],[19.2395,53.4172],[19.2497,53.4226],[19.2546,53.4315],[19.2466,53.4345],[19.2432,53.4409],[19.2411,53.4409],[19.2457,53.444],[19.2417,53.453],[19.2465,53.4553],[19.2447,53.4577],[19.2417,53.4575],[19.2325,53.4526],[19.2258,53.4531],[19.2259,53.4612],[19.2366,53.4675],[19.2313,53.4762],[19.2232,53.4804],[19.2256,53.4888],[19.2058,53.4967],[19.2,53.5044],[19.1892,53.5116],[19.1917,53.5141],[19.1895,53.5153],[19.2017,53.5191],[19.2043,53.5231],[19.219,53.5247],[19.2199,53.5283],[19.2138,53.5318],[19.2115,53.538],[19.2136,53.5408],[19.2088,53.5414],[19.2107,53.5429],[19.2079,53.5481],[19.1952,53.544],[19.1893,53.5478],[19.1963,53.5585],[19.1997,53.5701],[19.1851,53.5751],[19.1798,53.5779],[19.1821,53.579],[19.1694,53.5823],[19.1613,53.5841],[19.1577,53.5815],[19.1293,53.5883],[19.1304,53.5997],[19.1276,53.6022],[19.1304,53.6083],[19.1386,53.61],[19.1523,53.6202],[19.1544,53.6195],[19.1629,53.6243],[19.1791,53.6404],[19.1845,53.6371],[19.1935,53.6411],[19.2011,53.6381],[19.2002,53.636],[19.2026,53.6352],[19.2123,53.6434],[19.2107,53.6495],[19.2151,53.6492],[19.213,53.6534],[19.2137,53.6697],[19.2237,53.6687],[19.2129,53.6914],[19.224,53.7004],[19.2249,53.7043],[19.2373,53.7077],[19.2379,53.7114],[19.2644,53.7302],[19.2778,53.7323],[19.2811,53.737],[19.2865,53.7402],[19.2893,53.7395],[19.2968,53.7492],[19.3042,53.754],[19.3003,53.7558],[19.2995,53.7623],[19.3041,53.7673],[19.2986,53.7709],[19.3029,53.7782],[19.2989,53.7787],[19.2997,53.782],[19.3041,53.7836],[19.3049,53.7885],[19.3089,53.7881],[19.3099,53.7915],[19.3155,53.791],[19.3141,53.794],[19.3089,53.7945],[19.3123,53.8008],[19.3097,53.8014],[19.3218,53.8131],[19.3351,53.8147],[19.3466,53.8138],[19.3515,53.8154],[19.3572,53.8131],[19.3707,53.8142],[19.4542,53.7976],[19.4568,53.791],[19.4551,53.7892],[19.4569,53.7865],[19.4612,53.7857],[19.4605,53.7832],[19.4708,53.7785],[19.4746,53.7797],[19.4757,53.7771],[19.4806,53.7752],[19.4825,53.7802],[19.4719,53.7849],[19.5004,53.8066],[19.4796,53.8168],[19.5186,53.8466],[19.5123,53.8472],[19.5142,53.8567],[19.5176,53.8563],[19.5203,53.8608],[19.5244,53.8601],[19.5297,53.8692],[19.5266,53.8698],[19.5306,53.8716],[19.5304,53.8743],[19.538,53.8752],[19.5371,53.8783],[19.5397,53.8789],[19.5335,53.8801],[19.5343,53.8813],[19.5398,53.8849],[19.5421,53.8839],[19.5442,53.8886],[19.5572,53.8978],[19.5549,53.8983],[19.5607,53.9194],[19.5559,53.9257],[19.5656,53.9256],[19.5677,53.928],[19.5813,53.9271],[19.5821,53.9395],[19.575,53.9437],[19.5778,53.9477],[19.576,53.9483],[19.5667,53.9434],[19.5577,53.9443],[19.5591,53.9473],[19.5567,53.948],[19.5362,53.9445],[19.5127,53.9474],[19.5037,53.9448],[19.4892,53.9466],[19.4842,53.9427],[19.4758,53.9442],[19.4587,53.9421],[19.4444,53.9369],[19.4414,53.9333],[19.4168,53.9263],[19.4005,53.9302],[19.4017,53.9342],[19.3727,53.9358],[19.369,53.938],[19.3724,53.9461],[19.3716,53.9521],[19.3658,53.9608],[19.3777,53.985],[19.3849,53.9908],[19.4107,53.9994],[19.4046,54.0025],[19.4022,54.0008],[19.3957,54.0029],[19.3932,54.0008],[19.3901,54.0019],[19.3892,54.0008],[19.372,54.0019],[19.3667,54.006],[19.3602,54.0045],[19.3247,54.0203],[19.3201,54.0271],[19.293,54.0248],[19.2886,54.0161],[19.279,54.0129],[19.2711,54.0175],[19.2715,54.0238],[19.2685,54.0241],[19.258,54.0352],[19.2663,54.0371],[19.2722,54.0421],[19.2822,54.0418],[19.2747,54.053],[19.2663,54.051],[19.2377,54.0648],[19.2329,54.0641],[19.2207,54.0695],[19.2254,54.0771],[19.2535,54.0837],[19.2555,54.0857],[19.2316,54.1121],[19.2266,54.1148],[19.2173,54.1156],[19.238,54.1269],[19.2471,54.1407],[19.2576,54.1508],[19.2581,54.1552],[19.2547,54.1591],[19.2468,54.1614],[19.247,54.1672],[19.2542,54.1701],[19.2587,54.1754],[19.274,54.1799],[19.2853,54.1865],[19.3166,54.1898],[19.322,54.1928],[19.3259,54.2],[19.3247,54.2101],[19.3141,54.219],[19.3175,54.2257],[19.3047,54.2348],[19.2998,54.2464],[19.2927,54.2499],[19.2891,54.2546],[19.2764,54.2584],[19.2723,54.2624],[19.2534,54.2703],[19.2583,54.2817],[19.2908,54.2992],[19.415,54.3201],[19.6357,54.3922],[19.6487,54.4533],[19.8115,54.4423],[20.0074,54.4247],[20.0756,54.4216],[20.2212,54.4087],[20.332,54.4011],[20.3607,54.3959],[20.4034,54.3929],[20.4385,54.3879],[20.5055,54.3827],[20.5151,54.3806],[20.5359,54.3809],[20.584,54.378],[20.6169,54.3726],[20.6311,54.3663],[20.6481,54.3712],[20.6894,54.3723],[20.7175,54.3692],[20.7408,54.3693],[20.8184,54.36],[20.8485,54.3607],[20.926,54.3564],[20.9513,54.3571],[20.9582,54.3546],[21.0067,54.3536],[21.0381,54.3486],[21.0988,54.3467],[21.1432,54.3426],[21.1641,54.3373],[21.1967,54.3378],[21.2613,54.3292],[21.2744,54.3284],[21.3029,54.3335],[21.3239,54.3294],[21.3795,54.3311],[21.3935,54.3279],[21.4143,54.3262],[21.4337,54.3269],[21.4461,54.3182],[21.4958,54.324],[21.5288,54.3254],[21.5528,54.3252],[21.5532,54.3229],[21.5702,54.322],[21.5736,54.3254],[21.6349,54.3274],[21.6767,54.3268],[21.7962,54.3318],[21.8506,54.3313],[21.9135,54.3337],[21.9697,54.3327],[22.0102,54.3362],[22.1795,54.3372],[22.2257,54.3438],[22.232,54.3403],[22.2363,54.3417],[22.3188,54.3405],[22.3198,54.3429],[22.3293,54.3445],[22.3308,54.3433],[22.3825,54.3447],[22.4218,54.3485],[22.4345,54.3463],[22.4468,54.3487],[22.5281,54.3492],[22.5713,54.3539],[22.5964,54.3535],[22.6165,54.3557],[22.643,54.3538],[22.6604,54.3556],[22.6806,54.3602],[22.792,54.3633]]]},"properties":{"id":12,"nazwa":"warmińsko-mazurskie"},"id":11},{"type":"Feature","geometry":{"type":"Polygon","coordinates":[[[19.7471,50.866],[19.7435,50.8596],[19.7472,50.8573],[19.7423,50.8515],[19.735,50.8509],[19.7344,50.8493],[19.7294,50.85],[19.7279,50.8433],[19.6991,50.8443],[19.6957,50.8462],[19.695,50.8436],[19.6829,50.8452],[19.6785,50.8502],[19.6749,50.8476],[19.6701,50.8487],[19.6675,50.8541],[19.6614,50.8545],[19.6578,50.8633],[19.6615,50.8734],[19.6599,50.8754],[19.6387,50.8799],[19.6307,50.8787],[19.618,50.8805],[19.6139,50.8773],[19.5936,50.8999],[19.5878,50.9023],[19.5883,50.9042],[19.5774,50.9048],[19.5775,50.9072],[19.5744,50.908],[19.5644,50.9076],[19.5556,50.9012],[19.5258,50.8944],[19.5092,50.8811],[19.5023,50.8846],[19.5032,50.8864],[19.4976,50.8797],[19.4912,50.8802],[19.4898,50.8789],[19.4863,50.8797],[19.4838,50.8846],[19.4711,50.8859],[19.4672,50.8886],[19.4736,50.8918],[19.4731,50.8941],[19.4636,50.8958],[19.4628,50.91],[19.4682,50.9105],[19.4697,50.9175],[19.4633,50.9259],[19.4648,50.9273],[19.4465,50.9355],[19.4444,50.9398],[19.438,50.9439],[19.4322,50.9649],[19.4236,50.9713],[19.4148,50.9746],[19.4098,50.974],[19.4101,50.9712],[19.4034,50.9749],[19.4069,50.9784],[19.41,50.978],[19.4107,50.9807],[19.4018,50.9885],[19.4038,50.9899],[19.4007,50.9916],[19.4021,50.994],[19.3977,50.9962],[19.3961,50.9943],[19.3921,51.0009],[19.3893,51.0012],[19.3895,50.9988],[19.3867,51.0001],[19.3787,50.9952],[19.3676,50.9951],[19.3631,50.9924],[19.3562,50.9926],[19.3516,50.9959],[19.3622,51.0039],[19.3474,51.0109],[19.3266,51.0123],[19.3259,51.0189],[19.3186,51.0201],[19.3185,51.0282],[19.3314,51.0388],[19.326,51.0438],[19.3222,51.0441],[19.3227,51.0462],[19.3106,51.0477],[19.3012,51.0433],[19.2918,51.0455],[19.282,51.0398],[19.2735,51.0384],[19.2664,51.0321],[19.2614,51.0311],[19.257,51.0331],[19.2605,51.0349],[19.2499,51.0381],[19.2511,51.0398],[19.249,51.04],[19.243,51.0367],[19.2474,51.0302],[19.2437,51.0225],[19.2516,51.0159],[19.257,51.003],[19.2532,51.0025],[19.2533,51.0055],[19.2506,51.0054],[19.2461,50.9948],[19.2407,50.9904],[19.2348,50.9909],[19.2273,50.9867],[19.2144,50.9864],[19.2043,50.9824],[19.2065,50.9855],[19.1795,50.9914],[19.1788,50.9894],[19.1754,50.9902],[19.1762,50.9921],[19.165,50.9946],[19.1638,51.0033],[19.1611,51.0032],[19.1617,51.0006],[19.1449,51.0018],[19.1497,51.0096],[19.1327,51.0108],[19.1273,51.0059],[19.1285,51.0031],[19.1326,51.0027],[19.1328,50.9996],[19.1236,50.9996],[19.1091,51.0142],[19.1044,51.0263],[19.089,51.0335],[19.0727,51.0355],[19.0561,51.0242],[19.0497,51.0264],[19.0477,51.0295],[19.0539,51.0314],[19.053,51.0333],[19.0566,51.0321],[19.0537,51.0366],[19.0563,51.0399],[19.0453,51.0452],[19.0167,51.0519],[19.0091,51.0603],[19.0116,51.0664],[19.0002,51.0709],[18.9931,51.0762],[18.9849,51.0774],[18.9784,51.0806],[18.9699,51.0806],[18.9614,51.0849],[18.9587,51.089],[18.946,51.0923],[18.9397,51.0912],[18.9324,51.0931],[18.923,51.0994],[18.9189,51.098],[18.9009,51.08],[18.8955,51.0666],[18.9003,51.0624],[18.8933,51.0602],[18.8835,51.059],[18.8747,51.0674],[18.8565,51.0764],[18.8574,51.0726],[18.8179,51.0682],[18.8166,51.0729],[18.8007,51.0712],[18.8029,51.0634],[18.7775,51.0658],[18.7494,51.0623],[18.7394,51.0635],[18.7331,51.0664],[18.7204,51.0646],[18.7092,51.0656],[18.6971,51.0614],[18.673,51.0569],[18.6607,51.0546],[18.6484,51.0611],[18.6375,51.0634],[18.6268,51.0706],[18.6236,51.0772],[18.6083,51.0817],[18.5776,51.082],[18.5808,51.0903],[18.5623,51.1065],[18.5614,51.1112],[18.5676,51.119],[18.5537,51.1388],[18.5481,51.1411],[18.537,51.1379],[18.5208,51.1403],[18.5155,51.1336],[18.5164,51.1212],[18.5201,51.1162],[18.5166,51.1111],[18.5197,51.108],[18.5156,51.1043],[18.4987,51.0996],[18.4895,51.0907],[18.4783,51.0923],[18.4814,51.0997],[18.4697,51.1044],[18.4645,51.12],[18.453,51.1148],[18.4359,51.1143],[18.4298,51.1158],[18.4291,51.1176],[18.4219,51.1171],[18.4189,51.1259],[18.4023,51.1244],[18.393,51.1264],[18.3878,51.1299],[18.3817,51.1288],[18.3761,51.1309],[18.3672,51.1388],[18.3574,51.136],[18.3326,51.1392],[18.3233,51.1383],[18.315,51.134],[18.3052,51.1353],[18.3029,51.1403],[18.2997,51.1397],[18.289,51.1465],[18.2779,51.1477],[18.2703,51.1506],[18.265,51.156],[18.2596,51.1576],[18.2526,51.1558],[18.2483,51.1573],[18.2435,51.1561],[18.2377,51.1588],[18.2309,51.1558],[18.2236,51.157],[18.2214,51.1545],[18.195,51.1581],[18.1869,51.1571],[18.1833,51.1606],[18.1681,51.1636],[18.1662,51.1673],[18.1635,51.1677],[18.1637,51.1725],[18.1684,51.1779],[18.1669,51.1824],[18.1711,51.1882],[18.1764,51.1908],[18.1622,51.1923],[18.1621,51.2055],[18.1652,51.2123],[18.1699,51.2122],[18.1802,51.2234],[18.1743,51.2309],[18.1749,51.2382],[18.172,51.2414],[18.169,51.2407],[18.1672,51.2438],[18.1675,51.2557],[18.172,51.2634],[18.1692,51.2681],[18.1726,51.2683],[18.1688,51.2719],[18.1507,51.2732],[18.1533,51.264],[18.138,51.2641],[18.1366,51.2697],[18.1264,51.2689],[18.1227,51.2643],[18.1199,51.2661],[18.1177,51.2651],[18.1185,51.2615],[18.11,51.2602],[18.1068,51.2628],[18.1034,51.2683],[18.1078,51.2693],[18.1169,51.2775],[18.1031,51.2804],[18.1062,51.2819],[18.105,51.2855],[18.1137,51.2849],[18.12,51.2866],[18.1119,51.29],[18.1138,51.292],[18.1098,51.2932],[18.1136,51.2971],[18.1088,51.3069],[18.1121,51.3074],[18.1128,51.3108],[18.0925,51.3257],[18.0934,51.3411],[18.0745,51.3499],[18.0988,51.362],[18.1095,51.3586],[18.1265,51.3575],[18.1297,51.3621],[18.1351,51.3608],[18.138,51.3781],[18.1493,51.3914],[18.1897,51.3865],[18.193,51.3876],[18.1921,51.3901],[18.1954,51.3901],[18.1963,51.3955],[18.1995,51.395],[18.207,51.4019],[18.2082,51.4082],[18.2042,51.4138],[18.2113,51.423],[18.2058,51.433],[18.2025,51.4346],[18.1992,51.4339],[18.1986,51.4362],[18.1899,51.4386],[18.1882,51.4412],[18.2149,51.4474],[18.2114,51.4519],[18.2127,51.4543],[18.2279,51.4519],[18.2553,51.4388],[18.296,51.4295],[18.3263,51.4198],[18.3405,51.4301],[18.3407,51.441],[18.3562,51.4567],[18.358,51.4665],[18.3518,51.4698],[18.3533,51.4707],[18.3616,51.468],[18.3767,51.4728],[18.3828,51.4773],[18.3801,51.5182],[18.3606,51.5314],[18.3585,51.5362],[18.3598,51.5405],[18.3694,51.5437],[18.3739,51.5479],[18.3683,51.5497],[18.3696,51.5562],[18.3648,51.5645],[18.3727,51.5768],[18.3706,51.591],[18.3786,51.5923],[18.3768,51.6001],[18.3487,51.6014],[18.3527,51.6072],[18.3685,51.6169],[18.3647,51.624],[18.35,51.6269],[18.3533,51.6298],[18.3528,51.6333],[18.37,51.6343],[18.3743,51.6374],[18.3813,51.6508],[18.3683,51.6575],[18.3553,51.6605],[18.362,51.6797],[18.3661,51.6825],[18.3799,51.6844],[18.3791,51.6895],[18.3854,51.6946],[18.3969,51.6958],[18.3931,51.7014],[18.4122,51.7006],[18.4137,51.7046],[18.4096,51.706],[18.411,51.7144],[18.4005,51.7223],[18.4011,51.7238],[18.4067,51.7237],[18.4082,51.7266],[18.4208,51.7268],[18.4235,51.7359],[18.4172,51.7439],[18.405,51.7467],[18.4028,51.7504],[18.4172,51.7485],[18.42,51.7568],[18.4299,51.7572],[18.4322,51.7648],[18.4293,51.7732],[18.4263,51.7736],[18.4254,51.7775],[18.42,51.7795],[18.4093,51.7917],[18.4243,51.7928],[18.4244,51.8006],[18.4291,51.8016],[18.426,51.7924],[18.4369,51.7936],[18.4374,51.7977],[18.4443,51.7985],[18.4393,51.8255],[18.447,51.8272],[18.4719,51.8199],[18.467,51.8296],[18.4627,51.8298],[18.4629,51.8314],[18.4671,51.8317],[18.4638,51.8345],[18.4646,51.838],[18.4713,51.8411],[18.4686,51.8444],[18.4721,51.851],[18.4869,51.8494],[18.4942,51.8527],[18.5073,51.8544],[18.5105,51.8507],[18.5099,51.8423],[18.5155,51.8342],[18.5346,51.8361],[18.535,51.8417],[18.5465,51.8429],[18.55,51.8454],[18.5671,51.8442],[18.5949,51.8481],[18.6103,51.8395],[18.6132,51.8344],[18.6303,51.8308],[18.6425,51.8339],[18.6486,51.8268],[18.6654,51.8264],[18.6691,51.8238],[18.6723,51.8247],[18.6845,51.8208],[18.6886,51.8225],[18.6905,51.8285],[18.6866,51.8329],[18.6885,51.8337],[18.6911,51.8318],[18.6928,51.8451],[18.6995,51.8486],[18.6954,51.8484],[18.6947,51.8499],[18.6999,51.8502],[18.701,51.8529],[18.6982,51.8546],[18.6968,51.8657],[18.7087,51.8711],[18.7128,51.8693],[18.7233,51.8721],[18.721,51.8735],[18.7233,51.8796],[18.7212,51.8807],[18.7249,51.8807],[18.7286,51.8863],[18.7404,51.893],[18.7354,51.8955],[18.7393,51.899],[18.7368,51.901],[18.7484,51.9071],[18.7679,51.9278],[18.7425,51.9371],[18.7435,51.9435],[18.7416,51.9451],[18.7361,51.9446],[18.7412,51.9507],[18.7417,51.9571],[18.7382,51.9627],[18.7298,51.9547],[18.7284,51.9579],[18.724,51.9572],[18.715,51.9682],[18.7155,51.9701],[18.7332,51.9682],[18.7339,51.9726],[18.7306,51.9853],[18.7263,51.9854],[18.7171,51.9929],[18.7176,51.995],[18.7346,52.0027],[18.7269,52.0106],[18.726,52.0131],[18.7303,52.0143],[18.727,52.0236],[18.7165,52.0323],[18.7191,52.0401],[18.7166,52.0436],[18.7225,52.0547],[18.7183,52.0657],[18.7232,52.0662],[18.7238,52.0649],[18.7528,52.0765],[18.7638,52.0675],[18.7865,52.061],[18.7951,52.0614],[18.8027,52.0658],[18.8147,52.0682],[18.8162,52.0706],[18.8195,52.0695],[18.8194,52.0651],[18.8278,52.0642],[18.8399,52.0717],[18.8421,52.0802],[18.8534,52.0814],[18.8518,52.085],[18.8623,52.0869],[18.8656,52.0857],[18.8667,52.0875],[18.8709,52.0844],[18.8767,52.0851],[18.8855,52.08],[18.8947,52.0809],[18.9001,52.0838],[18.9043,52.0824],[18.9051,52.0796],[18.9112,52.0803],[18.9183,52.0781],[18.9182,52.0793],[18.9251,52.0793],[18.9308,52.1043],[18.94,52.1011],[18.944,52.1033],[18.9498,52.1193],[18.9425,52.1279],[18.9316,52.1232],[18.9133,52.13],[18.9111,52.1327],[18.9087,52.1526],[18.9156,52.1608],[18.9182,52.186],[18.9241,52.1962],[18.9278,52.1956],[18.9306,52.1992],[18.9401,52.1975],[18.9433,52.1994],[18.951,52.1954],[18.9636,52.2064],[18.9641,52.2024],[18.9657,52.2058],[18.9661,52.2025],[18.9703,52.2026],[18.972,52.2072],[18.9804,52.2075],[18.9922,52.2145],[18.9995,52.2111],[19.0202,52.2154],[19.0524,52.2126],[19.0776,52.2001],[19.0898,52.2067],[19.0821,52.2228],[19.0733,52.2228],[19.0709,52.2284],[19.0799,52.2307],[19.0805,52.2385],[19.1025,52.2425],[19.105,52.2415],[19.1014,52.2493],[19.1003,52.2659],[19.0948,52.2706],[19.0868,52.2694],[19.078,52.2706],[19.0743,52.2734],[19.0604,52.2719],[19.05,52.2734],[19.0315,52.2698],[19.0302,52.2711],[19.038,52.2799],[19.0457,52.2957],[19.0385,52.2993],[19.0363,52.3154],[19.0307,52.3159],[19.0312,52.318],[19.045,52.3185],[19.0471,52.3328],[19.06,52.3324],[19.064,52.3306],[19.0552,52.3376],[19.0765,52.3395],[19.0834,52.3436],[19.0992,52.3479],[19.124,52.3428],[19.1504,52.3467],[19.1596,52.3408],[19.1805,52.349],[19.1829,52.347],[19.1874,52.3485],[19.1996,52.36],[19.206,52.356],[19.2007,52.3513],[19.2183,52.3412],[19.2249,52.3442],[19.2092,52.3534],[19.2123,52.3565],[19.2071,52.3584],[19.21,52.3656],[19.2194,52.3648],[19.2253,52.3614],[19.2367,52.3622],[19.2364,52.3693],[19.2639,52.3842],[19.2614,52.3876],[19.2681,52.3893],[19.2706,52.393],[19.2772,52.3941],[19.2892,52.3927],[19.3021,52.3915],[19.3009,52.3875],[19.308,52.3874],[19.3089,52.3816],[19.2922,52.3773],[19.2906,52.3726],[19.295,52.3691],[19.303,52.3685],[19.3154,52.3716],[19.3234,52.369],[19.3287,52.3607],[19.3222,52.3484],[19.3317,52.3495],[19.3343,52.3469],[19.347,52.3475],[19.3585,52.3415],[19.3768,52.3406],[19.3806,52.3436],[19.4059,52.3451],[19.4072,52.3389],[19.4261,52.3373],[19.4396,52.3398],[19.4388,52.3415],[19.444,52.3446],[19.4476,52.3516],[19.4549,52.3501],[19.4632,52.3427],[19.5021,52.3333],[19.4915,52.3203],[19.5127,52.3109],[19.5169,52.3051],[19.538,52.3049],[19.5361,52.3021],[19.5486,52.2941],[19.5771,52.2918],[19.5792,52.2897],[19.6085,52.2897],[19.616,52.2882],[19.6137,52.2764],[19.6311,52.2778],[19.6344,52.2744],[19.6238,52.264],[19.6322,52.262],[19.6345,52.2562],[19.6483,52.2537],[19.6607,52.2543],[19.6895,52.2595],[19.684,52.2628],[19.6944,52.2709],[19.6994,52.2786],[19.7291,52.2682],[19.7371,52.2584],[19.7424,52.2609],[19.7657,52.2623],[19.773,52.2646],[19.7929,52.2737],[19.7897,52.2758],[19.7898,52.2798],[19.8051,52.2791],[19.816,52.2839],[19.822,52.2819],[19.8293,52.2746],[19.8401,52.2718],[19.8475,52.2721],[19.8777,52.2877],[19.8729,52.2907],[19.867,52.2896],[19.8617,52.2909],[19.8688,52.2987],[19.8856,52.3098],[19.89,52.3095],[19.8911,52.3113],[19.8952,52.3106],[19.8942,52.3092],[19.9026,52.3086],[19.9018,52.3039],[19.9112,52.2997],[19.9192,52.2982],[19.9361,52.2997],[19.9392,52.2893],[19.9538,52.2834],[19.9593,52.2855],[19.9581,52.2783],[19.9651,52.2683],[19.9859,52.2624],[20.018,52.262],[20.0421,52.2577],[20.0376,52.2467],[20.0652,52.2403],[20.0805,52.233],[20.0631,52.1989],[20.0621,52.1881],[20.0672,52.1876],[20.0731,52.1792],[20.0812,52.1748],[20.0874,52.1682],[20.0866,52.1585],[20.091,52.1526],[20.117,52.1464],[20.1164,52.1438],[20.1348,52.1453],[20.1486,52.1497],[20.1606,52.1513],[20.1642,52.1473],[20.1615,52.1426],[20.1651,52.1386],[20.1783,52.1323],[20.1846,52.1248],[20.1966,52.1172],[20.2023,52.1147],[20.213,52.1186],[20.2519,52.1173],[20.2574,52.1063],[20.2689,52.1007],[20.2699,52.0771],[20.249,52.0759],[20.2433,52.0731],[20.2493,52.0674],[20.2478,52.0614],[20.2531,52.0553],[20.2059,52.028],[20.2032,52.0304],[20.2006,52.0301],[20.1987,52.0256],[20.202,52.0251],[20.2019,52.023],[20.2111,52.0177],[20.2139,52.0125],[20.2332,52.0019],[20.2432,51.9989],[20.2501,52.0062],[20.2624,52.0004],[20.2551,51.9956],[20.2622,51.9935],[20.2602,51.9914],[20.2722,51.9823],[20.2715,51.9713],[20.2933,51.9685],[20.294,51.9671],[20.2407,51.951],[20.2435,51.9334],[20.2658,51.9309],[20.2687,51.9352],[20.2854,51.9386],[20.2905,51.9374],[20.2916,51.9397],[20.2968,51.9358],[20.31,51.935],[20.3116,51.9252],[20.3144,51.9241],[20.3116,51.9185],[20.3084,51.9157],[20.2954,51.9123],[20.3101,51.9138],[20.3182,51.9123],[20.3239,51.922],[20.3538,51.9197],[20.3598,51.9283],[20.3726,51.9236],[20.3837,51.937],[20.3779,51.9387],[20.3715,51.9338],[20.3707,51.9383],[20.3815,51.9425],[20.3891,51.942],[20.3971,51.9305],[20.4136,51.9304],[20.4197,51.9346],[20.4235,51.941],[20.4201,51.9479],[20.4302,51.9381],[20.4326,51.9374],[20.4394,51.9435],[20.4457,51.941],[20.4438,51.9389],[20.4571,51.9332],[20.4755,51.9311],[20.4783,51.9272],[20.478,51.9202],[20.4858,51.9205],[20.4909,51.9104],[20.4794,51.9],[20.4983,51.8895],[20.5101,51.8944],[20.5634,51.8876],[20.5708,51.888],[20.5664,51.8763],[20.5762,51.8715],[20.5857,51.8696],[20.5843,51.8676],[20.591,51.8606],[20.5906,51.8494],[20.6054,51.8496],[20.5963,51.8398],[20.5997,51.8274],[20.619,51.8277],[20.6198,51.8214],[20.6083,51.8195],[20.6077,51.8161],[20.5761,51.821],[20.5629,51.8212],[20.5575,51.8188],[20.5602,51.8122],[20.582,51.8109],[20.5789,51.7936],[20.5866,51.7842],[20.5842,51.7824],[20.586,51.7781],[20.5924,51.7768],[20.595,51.7693],[20.5877,51.7703],[20.5873,51.769],[20.594,51.768],[20.5841,51.7618],[20.5826,51.748],[20.6022,51.7465],[20.6388,51.7375],[20.6384,51.7329],[20.6489,51.7302],[20.6584,51.7242],[20.6545,51.7149],[20.6593,51.6986],[20.6532,51.6772],[20.6365,51.6762],[20.6339,51.6699],[20.624,51.669],[20.6202,51.6642],[20.6231,51.6604],[20.6203,51.6576],[20.5972,51.6595],[20.5966,51.6572],[20.5843,51.6629],[20.5736,51.663],[20.5354,51.6687],[20.5227,51.6657],[20.5225,51.677],[20.5199,51.6764],[20.5182,51.6709],[20.5187,51.6739],[20.515,51.6745],[20.5145,51.6855],[20.4965,51.6856],[20.4877,51.6836],[20.4672,51.6928],[20.467,51.6972],[20.4579,51.6924],[20.4537,51.6934],[20.4506,51.6861],[20.4417,51.6913],[20.4368,51.6882],[20.4423,51.6847],[20.438,51.6829],[20.4382,51.6809],[20.4238,51.6762],[20.4003,51.6728],[20.3954,51.6626],[20.391,51.6613],[20.3953,51.647],[20.385,51.6417],[20.3914,51.636],[20.4148,51.634],[20.4134,51.6306],[20.4187,51.6303],[20.4188,51.6205],[20.4249,51.6116],[20.4228,51.6065],[20.4174,51.6068],[20.4151,51.6044],[20.4203,51.6002],[20.4225,51.6012],[20.4296,51.5994],[20.4322,51.5953],[20.4378,51.5823],[20.4333,51.5753],[20.4414,51.5715],[20.4607,51.5744],[20.462,51.5656],[20.4677,51.5609],[20.4675,51.5558],[20.4599,51.5495],[20.4556,51.5422],[20.4576,51.5412],[20.4499,51.5166],[20.452,51.5044],[20.4685,51.4996],[20.4734,51.5014],[20.4945,51.5003],[20.4945,51.5025],[20.5009,51.5032],[20.5003,51.5062],[20.5199,51.5098],[20.5227,51.4819],[20.5263,51.4825],[20.5273,51.4786],[20.5264,51.4684],[20.5282,51.4651],[20.534,51.4627],[20.5258,51.462],[20.5273,51.4599],[20.5246,51.456],[20.5124,51.4509],[20.4967,51.4484],[20.4977,51.4418],[20.4877,51.441],[20.4842,51.4366],[20.4877,51.4328],[20.4853,51.432],[20.4926,51.4248],[20.4846,51.4162],[20.4865,51.4125],[20.472,51.4085],[20.4586,51.4089],[20.4545,51.4095],[20.452,51.4117],[20.4535,51.4134],[20.4503,51.4144],[20.4423,51.3984],[20.4443,51.3943],[20.4365,51.3904],[20.4283,51.3775],[20.4291,51.3712],[20.427,51.3711],[20.4297,51.3694],[20.4219,51.363],[20.4168,51.3621],[20.422,51.3615],[20.4229,51.3536],[20.4259,51.354],[20.4282,51.3515],[20.4328,51.3394],[20.4327,51.3343],[20.4239,51.3334],[20.4242,51.3283],[20.42,51.3257],[20.4106,51.326],[20.4144,51.3207],[20.4104,51.3186],[20.3849,51.3188],[20.3785,51.3138],[20.3683,51.3106],[20.3642,51.3114],[20.3904,51.2722],[20.3846,51.2693],[20.3857,51.2633],[20.3753,51.2618],[20.3797,51.246],[20.3711,51.2366],[20.3605,51.2408],[20.354,51.2504],[20.3344,51.2547],[20.3308,51.2577],[20.3275,51.2519],[20.3101,51.2431],[20.278,51.2443],[20.2649,51.2509],[20.2601,51.2509],[20.2616,51.2546],[20.2635,51.2543],[20.2605,51.2588],[20.253,51.2562],[20.2426,51.2573],[20.241,51.2555],[20.246,51.2533],[20.2419,51.2436],[20.2525,51.2409],[20.256,51.2367],[20.2513,51.2216],[20.2641,51.2204],[20.2644,51.2191],[20.2637,51.2159],[20.2553,51.2119],[20.2516,51.2068],[20.2353,51.2089],[20.2352,51.2036],[20.2324,51.2013],[20.2172,51.1991],[20.2146,51.2096],[20.2099,51.2072],[20.2115,51.2063],[20.206,51.2],[20.2078,51.1998],[20.1958,51.1968],[20.1944,51.198],[20.2013,51.1992],[20.2012,51.2041],[20.1957,51.2064],[20.1924,51.2044],[20.1788,51.2071],[20.1795,51.1955],[20.1581,51.1979],[20.1587,51.1938],[20.1511,51.1926],[20.149,51.1943],[20.1454,51.1915],[20.1404,51.1927],[20.1195,51.1893],[20.1129,51.1931],[20.0994,51.1912],[20.0706,51.1945],[20.0642,51.1968],[20.0625,51.1937],[20.0551,51.1909],[20.0558,51.1948],[20.0604,51.196],[20.0597,51.1996],[20.0535,51.2027],[20.0452,51.2023],[20.0325,51.2012],[20.0325,51.1999],[20.0258,51.2004],[20.0251,51.1985],[20.011,51.1954],[20.0101,51.1909],[19.9967,51.1865],[19.9941,51.184],[20.0258,51.1647],[20.022,51.1554],[20.0174,51.1524],[20.0127,51.1552],[19.9883,51.1395],[20.0017,51.1331],[19.9859,51.1346],[19.9929,51.1004],[19.9888,51.093],[19.9864,51.0782],[19.9818,51.0731],[20.0454,51.0686],[20.0446,51.06],[20.0516,51.0628],[20.0562,51.0577],[20.048,51.0534],[20.0509,51.0264],[20.049,51.0115],[20.0432,51.0027],[20.0326,50.9953],[20.0339,50.9909],[20.0395,50.9902],[20.0363,50.9732],[20.0271,50.9726],[20.0175,50.9624],[19.958,50.9903],[19.9559,50.9921],[19.9588,51.0022],[19.9484,51.0131],[19.9403,51.0092],[19.9357,51.0111],[19.9369,51.0246],[19.92,51.0244],[19.9213,51.0255],[19.8972,51.0286],[19.8862,51.0476],[19.8777,51.0481],[19.8752,51.0469],[19.8736,51.0389],[19.8666,51.0365],[19.864,51.0302],[19.8678,51.0248],[19.865,51.0236],[19.8675,51.0221],[19.8663,51.0197],[19.8612,51.0182],[19.8635,51.0047],[19.8605,51.0048],[19.8578,50.9994],[19.8475,50.9947],[19.8279,50.9668],[19.8305,50.965],[19.8277,50.9626],[19.8304,50.9586],[19.8345,50.9571],[19.8331,50.9499],[19.8411,50.9485],[19.8462,50.9452],[19.8444,50.9436],[19.8484,50.9373],[19.8481,50.9323],[19.8375,50.9213],[19.8361,50.9168],[19.8234,50.9155],[19.8237,50.9141],[19.808,50.9067],[19.7968,50.9084],[19.7931,50.9063],[19.7948,50.9046],[19.7893,50.9005],[19.7932,50.9006],[19.7895,50.8999],[19.7897,50.8953],[19.7871,50.8937],[19.7888,50.8916],[19.7849,50.8919],[19.7866,50.8871],[19.782,50.8847],[19.7765,50.8851],[19.7753,50.8784],[19.7471,50.866]]]},"properties":{"id":13,"nazwa":"łódzkie"},"id":12},{"type":"Feature","geometry":{"type":"Polygon","coordinates":[[[23.1284,52.2878],[23.1042,52.2654],[23.11,52.2613],[23.1024,52.2536],[23.0948,52.2565],[23.0781,52.2349],[23.0666,52.2368],[23.0437,52.2238],[23.0416,52.2243],[23.0313,52.2165],[23.0319,52.1984],[23.0397,52.1839],[23.0526,52.1786],[23.0694,52.1748],[23.0715,52.1704],[23.0348,52.1784],[23.0294,52.1782],[23.0292,52.174],[22.9952,52.1749],[22.977,52.1722],[22.9818,52.1615],[22.9859,52.1589],[22.9437,52.1452],[22.9457,52.1404],[22.939,52.1426],[22.9331,52.1365],[22.9463,52.1256],[22.9562,52.1202],[22.9678,52.1173],[22.9682,52.1154],[22.9501,52.1022],[22.928,52.1116],[22.9225,52.1068],[22.9026,52.1103],[22.893,52.102],[22.8979,52.1014],[22.8875,52.092],[22.8942,52.0913],[22.8954,52.082],[22.8983,52.0794],[22.9074,52.077],[22.9021,52.0635],[22.8682,52.066],[22.866,52.064],[22.8688,52.0695],[22.8657,52.0724],[22.8499,52.0656],[22.8375,52.0799],[22.8307,52.0814],[22.8063,52.0792],[22.7887,52.0684],[22.7835,52.0686],[22.7818,52.0732],[22.765,52.0814],[22.7609,52.0912],[22.7539,52.095],[22.7266,52.097],[22.7158,52.1037],[22.701,52.107],[22.6983,52.1085],[22.6987,52.1175],[22.6687,52.1052],[22.6481,52.0906],[22.6574,52.0872],[22.6667,52.0795],[22.6638,52.0705],[22.6691,52.063],[22.6628,52.0508],[22.6645,52.0468],[22.6599,52.0396],[22.6613,52.0366],[22.6496,52.0325],[22.6338,52.0311],[22.6229,52.0187],[22.6171,52.019],[22.6087,52.0273],[22.6083,52.037],[22.5856,52.0374],[22.5864,52.0421],[22.5762,52.0379],[22.5725,52.0381],[22.5475,52.0445],[22.5483,52.0506],[22.5281,52.0511],[22.5204,52.0573],[22.5216,52.0636],[22.5169,52.0644],[22.5159,52.0684],[22.5054,52.0699],[22.4833,52.0672],[22.4811,52.0602],[22.4782,52.0611],[22.4699,52.0541],[22.4696,52.0489],[22.4635,52.045],[22.4626,52.0383],[22.4582,52.0373],[22.456,52.0296],[22.4443,52.0299],[22.4413,52.0223],[22.4335,52.0175],[22.425,52.015],[22.4093,52.0142],[22.3804,52.0166],[22.3719,52.007],[22.3598,52.0016],[22.35,52.0002],[22.3444,51.996],[22.3348,51.9984],[22.3275,52.0028],[22.316,52.014],[22.3245,52.0229],[22.3227,52.0369],[22.2975,52.0374],[22.2948,52.0276],[22.2872,52.0279],[22.2895,52.0248],[22.286,52.0195],[22.2537,52.0045],[22.242,52.0097],[22.2127,52.0137],[22.1519,52.0284],[22.1479,52.0254],[22.1462,52.0147],[22.1386,52.0068],[22.1145,52.0015],[22.0766,52.0059],[22.0642,52.0101],[22.0508,52.0206],[22.0298,52.0215],[22.0265,52.0157],[22.0136,52.0106],[22.0064,52.0089],[21.9977,52.0121],[21.9891,52.0026],[21.9713,51.9925],[21.9689,51.9892],[21.9541,51.9932],[21.9402,51.9919],[21.934,51.9932],[21.9317,51.9882],[21.9206,51.982],[21.9216,51.9809],[21.9101,51.9777],[21.9028,51.9805],[21.893,51.974],[21.8803,51.971],[21.8768,51.9543],[21.8695,51.9536],[21.8664,51.9434],[21.8754,51.94],[21.8805,51.931],[21.89,51.9284],[21.8856,51.9119],[21.908,51.903],[21.9027,51.8968],[21.9128,51.8865],[21.8972,51.8832],[21.9001,51.8757],[21.8925,51.8701],[21.8859,51.8604],[21.8904,51.8571],[21.8672,51.8543],[21.8521,51.8497],[21.8483,51.8508],[21.8448,51.8495],[21.8453,51.8412],[21.8571,51.8396],[21.8586,51.8371],[21.856,51.8338],[21.8606,51.8285],[21.8604,51.8309],[21.871,51.8297],[21.8711,51.8355],[21.8946,51.8328],[21.897,51.8366],[21.9098,51.835],[21.9174,51.8396],[21.9274,51.8379],[21.9263,51.834],[21.9337,51.8322],[21.9346,51.8294],[21.9422,51.826],[21.9458,51.8088],[21.9507,51.8094],[21.9529,51.7956],[21.9565,51.7959],[21.9564,51.7938],[21.9515,51.795],[21.9462,51.7876],[21.9352,51.7854],[21.9269,51.7787],[21.9222,51.7778],[21.9155,51.7806],[21.9003,51.7776],[21.8973,51.7688],[21.8802,51.7708],[21.8666,51.7687],[21.8652,51.7638],[21.8632,51.7643],[21.8577,51.7595],[21.8444,51.7584],[21.8452,51.7529],[21.8406,51.7494],[21.8359,51.7494],[21.8353,51.7444],[21.8481,51.7426],[21.8478,51.7369],[21.8708,51.7328],[21.8733,51.7241],[21.8699,51.7208],[21.8742,51.718],[21.8768,51.7117],[21.8843,51.711],[21.885,51.7082],[21.901,51.7071],[21.9033,51.7042],[21.8955,51.6973],[21.88,51.6936],[21.8778,51.6766],[21.86,51.6775],[21.8557,51.6802],[21.8581,51.6722],[21.8562,51.6687],[21.8518,51.669],[21.8477,51.6734],[21.845,51.6732],[21.8459,51.6677],[21.8406,51.6673],[21.8417,51.6595],[21.8401,51.6603],[21.8387,51.6522],[21.8307,51.6523],[21.8308,51.6483],[21.8027,51.6469],[21.8021,51.6492],[21.7916,51.6507],[21.7846,51.6441],[21.778,51.6442],[21.7769,51.6427],[21.7748,51.6487],[21.7719,51.6477],[21.7758,51.6424],[21.76,51.6404],[21.7581,51.6376],[21.7624,51.6303],[21.7573,51.6281],[21.7553,51.6291],[21.7492,51.612],[21.7268,51.6181],[21.7221,51.6374],[21.7131,51.634],[21.7063,51.6393],[21.6755,51.6487],[21.6718,51.6501],[21.6707,51.6531],[21.6672,51.6519],[21.6511,51.6598],[21.6392,51.657],[21.6362,51.6543],[21.6394,51.6477],[21.6362,51.6462],[21.6403,51.6445],[21.6401,51.6259],[21.6263,51.6242],[21.6155,51.6176],[21.6288,51.6085],[21.6494,51.6023],[21.6565,51.5817],[21.6638,51.579],[21.678,51.5774],[21.6961,51.5701],[21.7558,51.5604],[21.7655,51.5618],[21.7852,51.5688],[21.8238,51.5622],[21.8324,51.553],[21.8327,51.5362],[21.8553,51.5104],[21.8554,51.5034],[21.8473,51.4921],[21.8488,51.4836],[21.8585,51.4767],[21.8732,51.4749],[21.874,51.4716],[21.8688,51.4638],[21.8605,51.457],[21.8545,51.4475],[21.8561,51.4444],[21.8505,51.4358],[21.851,51.4306],[21.841,51.4214],[21.8405,51.4182],[21.8333,51.4172],[21.8352,51.4202],[21.8273,51.4244],[21.8283,51.4258],[21.8133,51.4276],[21.8126,51.4291],[21.8014,51.4276],[21.7977,51.4221],[21.7877,51.4202],[21.7856,51.4149],[21.7816,51.4155],[21.7801,51.4116],[21.7677,51.4135],[21.7613,51.4058],[21.764,51.4022],[21.761,51.4013],[21.7685,51.3911],[21.7799,51.3943],[21.7845,51.3975],[21.7917,51.3954],[21.7898,51.3949],[21.7917,51.3888],[21.797,51.3825],[21.8067,51.3753],[21.8117,51.3778],[21.816,51.3716],[21.8322,51.3805],[21.8345,51.3775],[21.8378,51.3785],[21.848,51.365],[21.8537,51.3518],[21.8454,51.3541],[21.8295,51.3412],[21.8283,51.3393],[21.8351,51.3378],[21.8328,51.3339],[21.8366,51.3329],[21.829,51.3263],[21.8312,51.326],[21.8245,51.3148],[21.8274,51.3134],[21.8247,51.3139],[21.8234,51.3033],[21.8193,51.3027],[21.8195,51.2999],[21.8145,51.3],[21.8143,51.3021],[21.8104,51.3016],[21.8088,51.2991],[21.7938,51.2931],[21.7926,51.2943],[21.7831,51.2937],[21.7868,51.285],[21.795,51.2863],[21.7941,51.2879],[21.8005,51.2886],[21.8027,51.2909],[21.8118,51.2915],[21.8171,51.2892],[21.8124,51.2853],[21.823,51.2807],[21.83,51.2846],[21.8313,51.2891],[21.8349,51.2889],[21.8382,51.2876],[21.8364,51.2836],[21.8601,51.2747],[21.8491,51.2705],[21.8302,51.2667],[21.8082,51.2543],[21.8082,51.2453],[21.8133,51.2399],[21.8166,51.2306],[21.8085,51.2269],[21.8035,51.2201],[21.8012,51.2207],[21.7874,51.1991],[21.7833,51.179],[21.7925,51.1801],[21.7849,51.1504],[21.7871,51.1451],[21.7994,51.1348],[21.7995,51.1271],[21.7928,51.1271],[21.7905,51.1161],[21.7931,51.0996],[21.7977,51.0953],[21.7998,51.087],[21.7996,51.0762],[21.803,51.0721],[21.7972,51.0715],[21.7923,51.068],[21.7851,51.0689],[21.7818,51.0608],[21.7895,51.0595],[21.7858,51.0576],[21.7844,51.0536],[21.7781,51.0536],[21.7724,51.0488],[21.7806,51.0455],[21.779,51.042],[21.7606,51.0428],[21.757,51.0373],[21.741,51.041],[21.7299,51.0473],[21.7277,51.0442],[21.7214,51.0435],[21.7224,51.0424],[21.7188,51.0411],[21.7052,51.0427],[21.6973,51.0518],[21.6916,51.0658],[21.6827,51.0705],[21.6763,51.078],[21.6496,51.0695],[21.6403,51.0763],[21.6273,51.0734],[21.6121,51.076],[21.615,51.0726],[21.6237,51.071],[21.6302,51.0634],[21.6191,51.0597],[21.6141,51.0653],[21.5901,51.0578],[21.5832,51.058],[21.5818,51.0607],[21.5782,51.0601],[21.5605,51.0555],[21.5451,51.0474],[21.5421,51.057],[21.5347,51.0564],[21.5328,51.0623],[21.5291,51.059],[21.513,51.0561],[21.5124,51.0593],[21.5091,51.0579],[21.5128,51.0534],[21.5102,51.0542],[21.51,51.0523],[21.5047,51.0518],[21.5066,51.0503],[21.4996,51.0451],[21.5169,51.0365],[21.4899,51.0397],[21.4861,51.0357],[21.5046,51.0317],[21.4859,51.0238],[21.4956,51.0218],[21.4636,51.0131],[21.4432,51.0228],[21.4285,51.0257],[21.4313,51.0295],[21.411,51.0321],[21.4108,51.0308],[21.4025,51.0327],[21.4048,51.0354],[21.3818,51.0406],[21.3831,51.0583],[21.3719,51.0588],[21.3704,51.0655],[21.3536,51.0671],[21.3564,51.0774],[21.3559,51.0815],[21.3531,51.0819],[21.3555,51.0853],[21.1528,51.0803],[21.1558,51.0862],[21.1519,51.087],[21.1509,51.0995],[21.153,51.1037],[21.1602,51.1022],[21.154,51.1255],[21.161,51.1254],[21.1641,51.1285],[21.1482,51.1285],[21.1453,51.1256],[21.1395,51.1256],[21.1424,51.1285],[21.1342,51.1285],[21.1342,51.1348],[21.1283,51.1348],[21.1282,51.1409],[21.0912,51.1551],[21.0967,51.1647],[21.1161,51.1789],[21.1199,51.1887],[21.1183,51.1917],[21.1079,51.1932],[21.1106,51.2008],[21.07,51.2114],[21.0684,51.2069],[21.0751,51.1976],[21.0734,51.1858],[21.0696,51.174],[21.0566,51.1571],[21.0446,51.1563],[21.0229,51.1586],[21.019,51.1547],[21.0223,51.1545],[21.0203,51.1524],[21.0262,51.1524],[21.0243,51.1504],[20.9985,51.1445],[20.9944,51.1461],[20.9983,51.1499],[20.9932,51.152],[21.0008,51.1596],[20.9659,51.1736],[20.968,51.1766],[20.9207,51.1953],[20.9136,51.1883],[20.9111,51.1892],[20.9082,51.1783],[20.9049,51.1795],[20.8798,51.1544],[20.8592,51.1664],[20.8593,51.1693],[20.8537,51.1729],[20.85,51.1706],[20.8216,51.1785],[20.8091,51.1612],[20.8217,51.1578],[20.813,51.1458],[20.7877,51.1528],[20.7822,51.1453],[20.7708,51.1485],[20.7662,51.1499],[20.7712,51.157],[20.7184,51.1727],[20.6974,51.149],[20.6932,51.1502],[20.6952,51.1517],[20.6855,51.1512],[20.6849,51.1544],[20.6887,51.1588],[20.6842,51.1666],[20.6853,51.1736],[20.6995,51.1799],[20.7027,51.1849],[20.7003,51.196],[20.6893,51.198],[20.6913,51.199],[20.6868,51.2027],[20.6899,51.2025],[20.6881,51.2038],[20.6908,51.2055],[20.6834,51.204],[20.6778,51.2071],[20.6774,51.2096],[20.6558,51.2168],[20.6469,51.2176],[20.642,51.2211],[20.633,51.2234],[20.6313,51.2268],[20.6178,51.2332],[20.6072,51.2468],[20.6006,51.2463],[20.6004,51.2446],[20.579,51.2447],[20.5683,51.2377],[20.566,51.2315],[20.5436,51.2313],[20.5375,51.2456],[20.5332,51.2477],[20.5365,51.2482],[20.535,51.2523],[20.5391,51.2546],[20.5248,51.2604],[20.537,51.2697],[20.5293,51.2734],[20.5333,51.2765],[20.5255,51.2804],[20.5213,51.2773],[20.5016,51.2869],[20.5108,51.2942],[20.5092,51.2957],[20.4979,51.293],[20.4945,51.2988],[20.4926,51.3073],[20.498,51.3107],[20.5133,51.3081],[20.5112,51.3129],[20.5131,51.316],[20.5174,51.3166],[20.5086,51.3301],[20.5072,51.3314],[20.4639,51.3317],[20.4635,51.3364],[20.4557,51.3362],[20.4562,51.3381],[20.4542,51.3372],[20.4329,51.3424],[20.4328,51.3394],[20.4282,51.3515],[20.4259,51.354],[20.4229,51.3536],[20.422,51.3615],[20.4168,51.3621],[20.4219,51.363],[20.4297,51.3694],[20.427,51.3711],[20.4291,51.3712],[20.4283,51.3775],[20.4365,51.3904],[20.4443,51.3943],[20.4423,51.3984],[20.4503,51.4144],[20.4535,51.4134],[20.452,51.4117],[20.4545,51.4095],[20.4586,51.4089],[20.472,51.4085],[20.4865,51.4125],[20.4846,51.4162],[20.4926,51.4248],[20.4853,51.432],[20.4877,51.4328],[20.4842,51.4366],[20.4877,51.441],[20.4977,51.4418],[20.4967,51.4484],[20.5124,51.4509],[20.5246,51.456],[20.5273,51.4599],[20.5258,51.462],[20.534,51.4627],[20.5282,51.4651],[20.5264,51.4684],[20.5273,51.4786],[20.5263,51.4825],[20.5227,51.4819],[20.5199,51.5098],[20.5003,51.5062],[20.5009,51.5032],[20.4945,51.5025],[20.4945,51.5003],[20.4734,51.5014],[20.4685,51.4996],[20.452,51.5044],[20.4499,51.5166],[20.4576,51.5412],[20.4556,51.5422],[20.4599,51.5495],[20.4675,51.5558],[20.4677,51.5609],[20.462,51.5656],[20.4607,51.5744],[20.4414,51.5715],[20.4333,51.5753],[20.4378,51.5823],[20.4322,51.5953],[20.4296,51.5994],[20.4225,51.6012],[20.4203,51.6002],[20.4151,51.6044],[20.4174,51.6068],[20.4228,51.6065],[20.4249,51.6116],[20.4188,51.6205],[20.4187,51.6303],[20.4134,51.6306],[20.4148,51.634],[20.3914,51.636],[20.385,51.6417],[20.3953,51.647],[20.391,51.6613],[20.3954,51.6626],[20.4003,51.6728],[20.4238,51.6762],[20.4382,51.6809],[20.438,51.6829],[20.4423,51.6847],[20.4368,51.6882],[20.4417,51.6913],[20.4506,51.6861],[20.4537,51.6934],[20.4579,51.6924],[20.467,51.6972],[20.4672,51.6928],[20.4877,51.6836],[20.4965,51.6856],[20.5145,51.6855],[20.515,51.6745],[20.5187,51.6739],[20.5182,51.6709],[20.5199,51.6764],[20.5225,51.677],[20.5227,51.6657],[20.5354,51.6687],[20.5736,51.663],[20.5843,51.6629],[20.5966,51.6572],[20.5972,51.6595],[20.6203,51.6576],[20.6231,51.6604],[20.6202,51.6642],[20.624,51.669],[20.6339,51.6699],[20.6365,51.6762],[20.6532,51.6772],[20.6593,51.6986],[20.6545,51.7149],[20.6584,51.7242],[20.6489,51.7302],[20.6384,51.7329],[20.6388,51.7375],[20.6022,51.7465],[20.5826,51.748],[20.5841,51.7618],[20.594,51.768],[20.5873,51.769],[20.5877,51.7703],[20.595,51.7693],[20.5924,51.7768],[20.586,51.7781],[20.5842,51.7824],[20.5866,51.7842],[20.5789,51.7936],[20.582,51.8109],[20.5602,51.8122],[20.5575,51.8188],[20.5629,51.8212],[20.5761,51.821],[20.6077,51.8161],[20.6083,51.8195],[20.6198,51.8214],[20.619,51.8277],[20.5997,51.8274],[20.5963,51.8398],[20.6054,51.8496],[20.5906,51.8494],[20.591,51.8606],[20.5843,51.8676],[20.5857,51.8696],[20.5762,51.8715],[20.5664,51.8763],[20.5708,51.888],[20.5634,51.8876],[20.5101,51.8944],[20.4983,51.8895],[20.4794,51.9],[20.4909,51.9104],[20.4858,51.9205],[20.478,51.9202],[20.4783,51.9272],[20.4755,51.9311],[20.4571,51.9332],[20.4438,51.9389],[20.4457,51.941],[20.4394,51.9435],[20.4326,51.9374],[20.4302,51.9381],[20.4201,51.9479],[20.4235,51.941],[20.4197,51.9346],[20.4136,51.9304],[20.3971,51.9305],[20.3891,51.942],[20.3815,51.9425],[20.3707,51.9383],[20.3715,51.9338],[20.3779,51.9387],[20.3837,51.937],[20.3726,51.9236],[20.3598,51.9283],[20.3538,51.9197],[20.3239,51.922],[20.3182,51.9123],[20.3101,51.9138],[20.2954,51.9123],[20.3084,51.9157],[20.3116,51.9185],[20.3144,51.9241],[20.3116,51.9252],[20.31,51.935],[20.2968,51.9358],[20.2916,51.9397],[20.2905,51.9374],[20.2854,51.9386],[20.2687,51.9352],[20.2658,51.9309],[20.2435,51.9334],[20.2407,51.951],[20.294,51.9671],[20.2933,51.9685],[20.2715,51.9713],[20.2722,51.9823],[20.2602,51.9914],[20.2622,51.9935],[20.2551,51.9956],[20.2624,52.0004],[20.2501,52.0062],[20.2432,51.9989],[20.2332,52.0019],[20.2139,52.0125],[20.2111,52.0177],[20.2019,52.023],[20.202,52.0251],[20.1987,52.0256],[20.2006,52.0301],[20.2032,52.0304],[20.2059,52.028],[20.2531,52.0553],[20.2478,52.0614],[20.2493,52.0674],[20.2433,52.0731],[20.249,52.0759],[20.2699,52.0771],[20.2689,52.1007],[20.2574,52.1063],[20.2519,52.1173],[20.213,52.1186],[20.2023,52.1147],[20.1966,52.1172],[20.1846,52.1248],[20.1783,52.1323],[20.1651,52.1386],[20.1615,52.1426],[20.1642,52.1473],[20.1606,52.1513],[20.1486,52.1497],[20.1348,52.1453],[20.1164,52.1438],[20.117,52.1464],[20.091,52.1526],[20.0866,52.1585],[20.0874,52.1682],[20.0812,52.1748],[20.0731,52.1792],[20.0672,52.1876],[20.0621,52.1881],[20.0631,52.1989],[20.0805,52.233],[20.0652,52.2403],[20.0376,52.2467],[20.0421,52.2577],[20.018,52.262],[19.9859,52.2624],[19.9651,52.2683],[19.9581,52.2783],[19.9593,52.2855],[19.9538,52.2834],[19.9392,52.2893],[19.9361,52.2997],[19.9192,52.2982],[19.9112,52.2997],[19.9018,52.3039],[19.9026,52.3086],[19.8942,52.3092],[19.8952,52.3106],[19.8911,52.3113],[19.89,52.3095],[19.8856,52.3098],[19.8688,52.2987],[19.8617,52.2909],[19.867,52.2896],[19.8729,52.2907],[19.8777,52.2877],[19.8475,52.2721],[19.8401,52.2718],[19.8293,52.2746],[19.822,52.2819],[19.816,52.2839],[19.8051,52.2791],[19.7898,52.2798],[19.7897,52.2758],[19.7929,52.2737],[19.773,52.2646],[19.7657,52.2623],[19.7424,52.2609],[19.7371,52.2584],[19.7291,52.2682],[19.6994,52.2786],[19.6944,52.2709],[19.684,52.2628],[19.6895,52.2595],[19.6607,52.2543],[19.6483,52.2537],[19.6345,52.2562],[19.6322,52.262],[19.6238,52.264],[19.6344,52.2744],[19.6311,52.2778],[19.6137,52.2764],[19.616,52.2882],[19.6085,52.2897],[19.5792,52.2897],[19.5771,52.2918],[19.5486,52.2941],[19.5361,52.3021],[19.538,52.3049],[19.5169,52.3051],[19.5127,52.3109],[19.4915,52.3203],[19.5021,52.3333],[19.4632,52.3427],[19.4549,52.3501],[19.4476,52.3516],[19.444,52.3446],[19.4388,52.3415],[19.4396,52.3398],[19.4261,52.3373],[19.4072,52.3389],[19.4059,52.3451],[19.3806,52.3436],[19.3768,52.3406],[19.3585,52.3415],[19.347,52.3475],[19.3343,52.3469],[19.3317,52.3495],[19.3222,52.3484],[19.3287,52.3607],[19.3234,52.369],[19.3154,52.3716],[19.303,52.3685],[19.295,52.3691],[19.2906,52.3726],[19.2922,52.3773],[19.3089,52.3816],[19.308,52.3874],[19.3009,52.3875],[19.3021,52.3915],[19.2892,52.3927],[19.2881,52.3977],[19.2905,52.3978],[19.2804,52.4055],[19.2862,52.4055],[19.293,52.4112],[19.2934,52.4183],[19.298,52.418],[19.2961,52.4246],[19.2867,52.433],[19.2618,52.4357],[19.2592,52.4426],[19.2681,52.4488],[19.284,52.45],[19.2991,52.4453],[19.3071,52.4489],[19.3191,52.4487],[19.3208,52.4547],[19.3303,52.4622],[19.3332,52.4668],[19.3313,52.4711],[19.3389,52.4798],[19.3508,52.4795],[19.3581,52.4813],[19.354,52.4885],[19.3638,52.5001],[19.3636,52.5038],[19.3721,52.5072],[19.3887,52.5095],[19.3957,52.5129],[19.3848,52.5195],[19.3331,52.5249],[19.3217,52.5292],[19.3196,52.5349],[19.3309,52.5329],[19.3292,52.5379],[19.3323,52.5333],[19.3381,52.534],[19.3436,52.5278],[19.3488,52.5281],[19.3515,52.535],[19.3545,52.5345],[19.3554,52.5371],[19.3466,52.5447],[19.3494,52.5451],[19.3411,52.5671],[19.3508,52.569],[19.3782,52.5686],[19.3906,52.5734],[19.3949,52.5773],[19.3952,52.5901],[19.3983,52.5934],[19.4051,52.5919],[19.4074,52.5944],[19.4145,52.5959],[19.4193,52.5994],[19.4261,52.6114],[19.4015,52.6199],[19.3679,52.6283],[19.3733,52.6342],[19.3727,52.6373],[19.3814,52.6396],[19.3837,52.6443],[19.403,52.6445],[19.4049,52.6506],[19.4101,52.6542],[19.4109,52.6602],[19.4136,52.6606],[19.4162,52.6717],[19.4303,52.6716],[19.4322,52.6766],[19.4346,52.6767],[19.4432,52.6758],[19.4458,52.6706],[19.4509,52.6722],[19.4438,52.6829],[19.4369,52.6812],[19.4364,52.6826],[19.4366,52.6931],[19.4467,52.7056],[19.4401,52.7119],[19.4419,52.7234],[19.4474,52.723],[19.455,52.7257],[19.4597,52.725],[19.4648,52.7207],[19.4775,52.7175],[19.4838,52.7181],[19.4931,52.7146],[19.4943,52.7099],[19.4919,52.7076],[19.5258,52.7037],[19.5271,52.7049],[19.5253,52.7079],[19.5207,52.7083],[19.5195,52.7115],[19.5168,52.71],[19.5102,52.7107],[19.5033,52.7135],[19.5025,52.7227],[19.5069,52.7238],[19.5025,52.7267],[19.5047,52.7294],[19.4984,52.7325],[19.5011,52.737],[19.51,52.7372],[19.514,52.7424],[19.5191,52.7419],[19.5189,52.7457],[19.5228,52.7465],[19.5231,52.7486],[19.5102,52.7481],[19.5088,52.75],[19.5038,52.7488],[19.5009,52.7509],[19.4996,52.749],[19.4975,52.7495],[19.4987,52.754],[19.5034,52.7556],[19.4977,52.7606],[19.5035,52.7595],[19.5063,52.7609],[19.505,52.7629],[19.5003,52.7636],[19.5042,52.7677],[19.4909,52.7743],[19.4946,52.7784],[19.4928,52.7797],[19.4901,52.779],[19.4813,52.784],[19.4674,52.7865],[19.463,52.7948],[19.4657,52.8045],[19.453,52.8046],[19.4377,52.8147],[19.4238,52.8156],[19.4312,52.8235],[19.4302,52.8268],[19.4245,52.8278],[19.4234,52.83],[19.4238,52.8345],[19.4273,52.8375],[19.4257,52.8408],[19.444,52.8374],[19.4558,52.8449],[19.4735,52.8503],[19.4634,52.8559],[19.4645,52.8596],[19.475,52.8654],[19.489,52.8668],[19.5158,52.8602],[19.5087,52.8679],[19.4922,52.878],[19.4857,52.886],[19.4586,52.9067],[19.4645,52.9158],[19.4719,52.9172],[19.4508,52.9254],[19.4447,52.939],[19.4449,52.9475],[19.4577,52.9418],[19.4847,52.944],[19.487,52.9403],[19.5289,52.9364],[19.5319,52.9418],[19.5408,52.9484],[19.5825,52.9569],[19.5861,52.963],[19.5827,52.9683],[19.5759,52.9699],[19.5593,52.9791],[19.5547,52.9901],[19.5601,52.9903],[19.5683,52.9857],[19.5884,52.9832],[19.6121,52.9769],[19.624,52.9772],[19.6361,52.9698],[19.6457,52.9709],[19.6487,52.9697],[19.6546,52.9613],[19.659,52.9595],[19.6653,52.959],[19.6716,52.9556],[19.6811,52.9565],[19.6847,52.963],[19.6816,52.9651],[19.6782,52.976],[19.6799,52.9784],[19.6756,52.9824],[19.6686,52.9832],[19.6687,52.9853],[19.6649,52.9868],[19.6719,52.991],[19.6702,52.9935],[19.6776,53.0007],[19.6804,53.0097],[19.6787,53.0148],[19.6903,53.0215],[19.6832,53.0217],[19.6783,53.0242],[19.6812,53.0266],[19.6756,53.0291],[19.6781,53.032],[19.6723,53.0367],[19.666,53.0382],[19.6658,53.0401],[19.6522,53.0378],[19.654,53.0397],[19.6516,53.0505],[19.6536,53.0502],[19.6545,53.0526],[19.6458,53.0543],[19.6485,53.0617],[19.6458,53.0621],[19.6468,53.0662],[19.6616,53.0694],[19.6581,53.0716],[19.6596,53.0745],[19.6479,53.0756],[19.6489,53.0771],[19.6461,53.0775],[19.647,53.0873],[19.6368,53.0947],[19.6387,53.0949],[19.6385,53.1066],[19.6342,53.1117],[19.6506,53.1124],[19.6523,53.1069],[19.6671,53.1061],[19.6689,53.1109],[19.6723,53.1107],[19.6727,53.1127],[19.6827,53.1129],[19.6847,53.1231],[19.6912,53.1226],[19.6929,53.1195],[19.7105,53.1215],[19.712,53.1347],[19.7326,53.1445],[19.7616,53.1518],[19.7776,53.155],[19.8411,53.1411],[19.8389,53.1632],[19.8254,53.1733],[19.8471,53.1923],[19.8673,53.1987],[19.8723,53.1982],[19.871,53.2016],[19.882,53.2025],[19.8834,53.2085],[19.8931,53.2132],[19.8962,53.2097],[19.9134,53.2115],[19.9138,53.2063],[19.9179,53.2065],[19.9158,53.1919],[19.9186,53.1913],[19.9144,53.1886],[19.9114,53.1889],[19.9074,53.177],[19.9281,53.1715],[19.9266,53.1675],[19.9422,53.1656],[19.9548,53.1602],[19.9638,53.15],[19.9697,53.1473],[19.9738,53.148],[19.9782,53.1439],[20.0197,53.1531],[20.0256,53.1451],[20.0314,53.146],[20.0344,53.1477],[20.0387,53.1592],[20.0523,53.1552],[20.0562,53.1572],[20.0762,53.1573],[20.0774,53.1654],[20.1042,53.1681],[20.1103,53.1631],[20.119,53.1622],[20.1271,53.1467],[20.1405,53.1413],[20.1509,53.142],[20.1588,53.1455],[20.1643,53.1498],[20.1653,53.1558],[20.1984,53.1514],[20.2151,53.1514],[20.237,53.1478],[20.2577,53.1412],[20.2679,53.1403],[20.2754,53.1427],[20.2902,53.1391],[20.3538,53.1471],[20.3532,53.1527],[20.361,53.1554],[20.3245,53.16],[20.3701,53.1773],[20.3763,53.1774],[20.3826,53.1889],[20.3969,53.1947],[20.4143,53.2117],[20.4108,53.2139],[20.4194,53.222],[20.4236,53.2219],[20.4584,53.2468],[20.4642,53.2434],[20.4606,53.2416],[20.4737,53.2342],[20.5074,53.2346],[20.5071,53.2288],[20.5256,53.2228],[20.5353,53.227],[20.5298,53.2278],[20.5315,53.2324],[20.5464,53.2292],[20.5438,53.2274],[20.5547,53.2245],[20.5619,53.2265],[20.5749,53.2404],[20.5795,53.2399],[20.5823,53.2332],[20.5869,53.2327],[20.5958,53.2344],[20.6024,53.2384],[20.6091,53.239],[20.6134,53.243],[20.6112,53.2441],[20.6119,53.2523],[20.6572,53.2515],[20.6662,53.2654],[20.676,53.2695],[20.6868,53.2878],[20.6921,53.2885],[20.6924,53.3026],[20.7139,53.2999],[20.7138,53.3093],[20.7166,53.3121],[20.7194,53.3115],[20.7214,53.3076],[20.7387,53.3046],[20.747,53.3078],[20.7395,53.3149],[20.7425,53.318],[20.7517,53.313],[20.7646,53.3156],[20.7701,53.3116],[20.7791,53.3122],[20.7852,53.3089],[20.7884,53.3107],[20.7962,53.3071],[20.7992,53.3081],[20.809,53.3053],[20.8154,53.3061],[20.8252,53.3042],[20.8352,53.3005],[20.8474,53.2924],[20.8513,53.2927],[20.8512,53.2981],[20.8539,53.2982],[20.8527,53.3029],[20.8568,53.3013],[20.858,53.3039],[20.8603,53.3027],[20.8652,53.3038],[20.8732,53.3125],[20.8722,53.3211],[20.8856,53.3176],[20.8863,53.3187],[20.9043,53.3094],[20.9082,53.3178],[20.9065,53.3207],[20.9171,53.3219],[20.9157,53.3171],[20.9194,53.3157],[20.921,53.3209],[20.9269,53.3202],[20.9298,53.3242],[20.916,53.3254],[20.9207,53.3353],[20.9123,53.3375],[20.9095,53.3427],[20.9148,53.3455],[20.9144,53.3482],[20.9226,53.35],[20.9185,53.3522],[20.9317,53.3525],[20.933,53.3583],[20.9363,53.3598],[20.9498,53.358],[20.9473,53.3551],[20.9606,53.3544],[20.9594,53.3515],[20.9633,53.35],[20.9666,53.3542],[20.9688,53.3517],[20.9744,53.3543],[20.9739,53.3518],[20.9917,53.3614],[20.9902,53.3623],[20.9976,53.3618],[21.001,53.3567],[21.0068,53.3553],[21.0123,53.3561],[21.0312,53.3513],[21.0384,53.3428],[21.0506,53.335],[21.0558,53.3346],[21.0818,53.3438],[21.0817,53.3462],[21.0917,53.3497],[21.1144,53.3544],[21.1277,53.3627],[21.1361,53.3656],[21.1408,53.3709],[21.1413,53.3773],[21.1754,53.3934],[21.1967,53.3979],[21.2137,53.4067],[21.2535,53.4206],[21.2815,53.4268],[21.2912,53.4227],[21.2841,53.4153],[21.2907,53.4089],[21.2947,53.4086],[21.2939,53.415],[21.3026,53.4239],[21.3374,53.4174],[21.3393,53.4195],[21.3516,53.4143],[21.355,53.4202],[21.363,53.4219],[21.3733,53.4212],[21.3877,53.4308],[21.3994,53.429],[21.3948,53.4274],[21.3982,53.4262],[21.4022,53.4276],[21.41,53.4267],[21.4236,53.4297],[21.4228,53.4315],[21.4261,53.4337],[21.4317,53.4338],[21.4336,53.4359],[21.4365,53.4331],[21.435,53.4391],[21.445,53.4373],[21.4454,53.4396],[21.4334,53.4424],[21.4348,53.4449],[21.431,53.4461],[21.4291,53.445],[21.4248,53.4493],[21.4264,53.4503],[21.4459,53.4459],[21.4359,53.46],[21.4314,53.4625],[21.5179,53.477],[21.5502,53.4778],[21.5659,53.4809],[21.5806,53.4801],[21.6041,53.4818],[21.613,53.4808],[21.6054,53.4795],[21.6026,53.4809],[21.5982,53.4802],[21.5976,53.4784],[21.5984,53.4766],[21.6058,53.4763],[21.604,53.4698],[21.6006,53.4705],[21.5983,53.469],[21.6038,53.4676],[21.603,53.4642],[21.6049,53.4658],[21.6149,53.4646],[21.614,53.4623],[21.6074,53.4627],[21.6076,53.4612],[21.603,53.4631],[21.6004,53.4602],[21.593,53.4614],[21.6047,53.4582],[21.6024,53.4573],[21.6036,53.4534],[21.6089,53.4499],[21.6073,53.4357],[21.625,53.4285],[21.6211,53.4222],[21.625,53.4208],[21.6253,53.4175],[21.629,53.416],[21.6265,53.4148],[21.6292,53.4138],[21.6225,53.414],[21.6243,53.4098],[21.6276,53.409],[21.6241,53.407],[21.6287,53.4071],[21.6311,53.4091],[21.6297,53.4069],[21.6325,53.4064],[21.6346,53.4084],[21.636,53.4034],[21.6399,53.4007],[21.6524,53.3972],[21.6503,53.3904],[21.653,53.3914],[21.6614,53.3864],[21.6601,53.3841],[21.6565,53.3842],[21.6617,53.378],[21.6584,53.375],[21.6555,53.3754],[21.6544,53.3722],[21.684,53.3681],[21.6813,53.3626],[21.656,53.3528],[21.6542,53.3495],[21.6618,53.3419],[21.6685,53.3401],[21.6694,53.3361],[21.6537,53.3362],[21.6523,53.3313],[21.6697,53.3299],[21.6845,53.3373],[21.6928,53.3358],[21.6918,53.3313],[21.6858,53.3296],[21.6889,53.3272],[21.7019,53.3269],[21.7093,53.3197],[21.7202,53.3194],[21.7354,53.3127],[21.7338,53.3082],[21.7247,53.3092],[21.7128,53.3046],[21.7012,53.3076],[21.7005,53.3132],[21.6926,53.3137],[21.6882,53.3118],[21.691,53.308],[21.6833,53.3052],[21.6808,53.3058],[21.6813,53.3095],[21.6775,53.3125],[21.6662,53.3111],[21.6688,53.316],[21.6581,53.3161],[21.6578,53.3081],[21.6644,53.304],[21.657,53.2994],[21.6611,53.295],[21.649,53.2922],[21.6451,53.2835],[21.6598,53.2778],[21.6583,53.2618],[21.6227,53.2664],[21.6422,53.2526],[21.6428,53.2502],[21.6395,53.2501],[21.6402,53.2464],[21.6448,53.2463],[21.6501,53.2487],[21.6585,53.2431],[21.6629,53.2369],[21.6633,53.2289],[21.6784,53.2157],[21.6846,53.2164],[21.6891,53.215],[21.681,53.209],[21.6782,53.2115],[21.6696,53.2083],[21.67,53.2063],[21.675,53.2052],[21.6753,53.2001],[21.6811,53.195],[21.6786,53.1936],[21.6796,53.189],[21.6873,53.1822],[21.6852,53.1811],[21.6871,53.1772],[21.6953,53.1739],[21.6969,53.1701],[21.7076,53.1641],[21.6996,53.1523],[21.6931,53.149],[21.7003,53.1409],[21.699,53.1384],[21.6946,53.138],[21.7362,53.1092],[21.7533,53.1122],[21.753,53.114],[21.7723,53.1128],[21.7749,53.1092],[21.7796,53.1125],[21.7844,53.112],[21.7916,53.1144],[21.8042,53.1128],[21.8082,53.1147],[21.8185,53.1047],[21.8179,53.1019],[21.8271,53.0961],[21.8346,53.0873],[21.8391,53.0865],[21.8386,53.0799],[21.8428,53.079],[21.8421,53.0768],[21.8604,53.0717],[21.8588,53.0641],[21.8726,53.0588],[21.8817,53.0604],[21.8892,53.0586],[21.8982,53.0607],[21.9031,53.0651],[21.912,53.0677],[21.9152,53.0724],[21.9126,53.0759],[21.9188,53.079],[21.923,53.0792],[21.9397,53.0736],[21.9411,53.0716],[21.9379,53.0682],[21.925,53.0596],[21.9223,53.0504],[21.9226,53.0462],[21.9285,53.044],[21.9397,53.0459],[21.9407,53.038],[21.9273,53.0396],[21.9225,53.0377],[21.9113,53.0388],[21.9037,53.0447],[21.8977,53.0458],[21.8933,53.0276],[21.8907,53.0254],[21.8769,53.0217],[21.8757,53.0163],[21.8932,53.0004],[21.9099,52.9985],[21.9067,52.9952],[21.9158,52.9928],[21.9187,52.9889],[21.9291,52.9856],[21.9535,52.9867],[21.9576,52.9843],[21.9599,52.985],[21.9615,52.9791],[21.9795,52.979],[21.9858,52.9776],[21.9896,52.9735],[22.0018,52.9723],[21.9992,52.9621],[21.9895,52.9628],[21.9884,52.9574],[22.0046,52.9571],[22.016,52.9499],[22.0157,52.9447],[22.0113,52.9418],[22.0288,52.9385],[22.0279,52.9343],[22.0236,52.9314],[22.0112,52.9276],[22.0125,52.9239],[21.9917,52.9196],[21.9944,52.9111],[21.9992,52.9112],[22.001,52.9084],[22.0091,52.9052],[22.0104,52.8996],[22.0048,52.8926],[22.0039,52.8779],[22.0077,52.8763],[22.0252,52.8859],[22.0274,52.8843],[22.035,52.8851],[22.0386,52.8822],[22.0339,52.8772],[22.0341,52.8723],[22.0266,52.8648],[22.0394,52.8603],[22.0379,52.8511],[22.0594,52.8501],[22.084,52.8418],[22.084,52.8457],[22.1014,52.862],[22.1131,52.849],[22.1242,52.8427],[22.1424,52.8513],[22.1498,52.8466],[22.1741,52.8581],[22.2097,52.8545],[22.2072,52.883],[22.2179,52.8829],[22.2193,52.8845],[22.2283,52.8804],[22.2416,52.8775],[22.2433,52.8794],[22.2527,52.8764],[22.2559,52.8772],[22.2572,52.8807],[22.2644,52.8819],[22.2693,52.885],[22.2794,52.8861],[22.292,52.8709],[22.2846,52.8643],[22.2814,52.8554],[22.2791,52.8554],[22.2783,52.8481],[22.2828,52.8508],[22.2822,52.8461],[22.2873,52.8539],[22.2928,52.8544],[22.2986,52.8577],[22.3013,52.8581],[22.3031,52.856],[22.3074,52.8577],[22.3091,52.8488],[22.3051,52.8393],[22.3008,52.8399],[22.2995,52.8371],[22.2747,52.832],[22.2715,52.8393],[22.2754,52.8399],[22.2757,52.8417],[22.2612,52.8442],[22.2626,52.8365],[22.2543,52.8356],[22.2523,52.8338],[22.2437,52.8345],[22.2425,52.8328],[22.2517,52.8314],[22.2512,52.8256],[22.2624,52.8154],[22.2784,52.7893],[22.2799,52.7852],[22.2766,52.7836],[22.2808,52.7836],[22.2842,52.778],[22.3014,52.7833],[22.3012,52.7747],[22.308,52.7742],[22.3075,52.7718],[22.3,52.7721],[22.2996,52.7695],[22.3037,52.7695],[22.3038,52.7668],[22.2966,52.7664],[22.2964,52.7648],[22.302,52.7651],[22.2999,52.7542],[22.311,52.7552],[22.3037,52.748],[22.3147,52.7463],[22.3238,52.7483],[22.3242,52.7421],[22.3344,52.7405],[22.3385,52.751],[22.3373,52.7542],[22.3426,52.7545],[22.3469,52.7574],[22.341,52.7649],[22.3446,52.7778],[22.3542,52.7753],[22.3748,52.7783],[22.3826,52.7776],[22.3856,52.7844],[22.3881,52.7843],[22.3788,52.7944],[22.3897,52.7955],[22.4025,52.7932],[22.408,52.7948],[22.4078,52.7936],[22.4335,52.7922],[22.4538,52.7882],[22.4532,52.7826],[22.4607,52.7707],[22.4532,52.7653],[22.4506,52.7509],[22.4442,52.7418],[22.4477,52.7368],[22.4469,52.7267],[22.4391,52.713],[22.4353,52.6954],[22.4447,52.6821],[22.4459,52.6751],[22.4425,52.6649],[22.4503,52.6527],[22.4545,52.6514],[22.4557,52.6528],[22.4678,52.649],[22.4715,52.6499],[22.4736,52.6462],[22.47,52.6436],[22.4662,52.6461],[22.4623,52.6454],[22.4619,52.6428],[22.4652,52.6409],[22.4614,52.6389],[22.4495,52.64],[22.4509,52.6243],[22.4461,52.6223],[22.4421,52.6238],[22.4383,52.6206],[22.4329,52.621],[22.4321,52.6174],[22.4196,52.6148],[22.4212,52.6118],[22.4191,52.6094],[22.4086,52.6097],[22.4174,52.5994],[22.4375,52.5929],[22.4479,52.5868],[22.4575,52.5866],[22.4579,52.5814],[22.4669,52.5673],[22.4837,52.5607],[22.4885,52.5557],[22.4902,52.5471],[22.5003,52.5434],[22.5036,52.5374],[22.5267,52.5212],[22.5274,52.519],[22.5202,52.5152],[22.52,52.5062],[22.5108,52.4922],[22.512,52.4813],[22.525,52.4721],[22.5297,52.4616],[22.5462,52.4677],[22.5502,52.4674],[22.5542,52.4632],[22.5459,52.4526],[22.5414,52.4393],[22.544,52.4351],[22.5421,52.423],[22.5578,52.4164],[22.5663,52.4034],[22.5783,52.4027],[22.5804,52.3932],[22.5839,52.3933],[22.5919,52.3986],[22.6058,52.399],[22.6117,52.3949],[22.612,52.3894],[22.6147,52.3877],[22.6188,52.3878],[22.6223,52.3921],[22.6276,52.393],[22.6433,52.3883],[22.6584,52.3933],[22.6598,52.3886],[22.6647,52.3857],[22.6869,52.393],[22.7067,52.3922],[22.7138,52.3849],[22.7228,52.3833],[22.724,52.3772],[22.7204,52.3723],[22.7233,52.3718],[22.7242,52.368],[22.7279,52.3663],[22.7337,52.369],[22.7332,52.3748],[22.7395,52.3815],[22.7526,52.384],[22.7612,52.3824],[22.7649,52.3754],[22.7705,52.3714],[22.776,52.3705],[22.7932,52.3741],[22.8111,52.3683],[22.8256,52.3663],[22.8479,52.3587],[22.8513,52.3588],[22.8616,52.3645],[22.8706,52.3622],[22.8917,52.3647],[22.9197,52.3745],[22.9572,52.3682],[22.9643,52.3648],[22.9708,52.3582],[22.9773,52.3462],[22.9894,52.3454],[22.9861,52.3393],[22.9948,52.3323],[22.997,52.3316],[23.0003,52.3354],[23.0062,52.3364],[23.0137,52.3328],[23.0381,52.3292],[23.0452,52.3249],[23.0589,52.3041],[23.0578,52.2996],[23.0483,52.2915],[23.0514,52.2854],[23.0632,52.2821],[23.0755,52.2821],[23.1003,52.2966],[23.1123,52.3001],[23.12,52.2963],[23.1284,52.2878]]]},"properties":{"id":14,"nazwa":"mazowieckie"},"id":13},{"type":"Feature","geometry":{"type":"Polygon","coordinates":[[[23.1284,52.2878],[23.1323,52.2852],[23.1392,52.2867],[23.1461,52.2816],[23.1552,52.2799],[23.1783,52.2831],[23.2041,52.2765],[23.1997,52.2678],[23.2056,52.2572],[23.1941,52.2395],[23.2037,52.2266],[23.219,52.2252],[23.239,52.2196],[23.2489,52.2193],[23.2675,52.2149],[23.2734,52.2149],[23.2948,52.2211],[23.3054,52.2215],[23.3073,52.2174],[23.2985,52.2131],[23.3093,52.2088],[23.3168,52.208],[23.3264,52.2107],[23.3377,52.2062],[23.3447,52.2099],[23.3525,52.2107],[23.3548,52.2091],[23.3517,52.2057],[23.3531,52.2044],[23.366,52.208],[23.3705,52.2048],[23.3702,52.1979],[23.3732,52.1957],[23.3803,52.1949],[23.3876,52.1972],[23.3895,52.2001],[23.3962,52.2006],[23.3933,52.1967],[23.4017,52.193],[23.3971,52.1868],[23.3988,52.1788],[23.403,52.1774],[23.41,52.1816],[23.416,52.1824],[23.4249,52.1725],[23.432,52.1734],[23.4453,52.1831],[23.4491,52.182],[23.4582,52.1846],[23.4621,52.1836],[23.4617,52.1775],[23.4671,52.1742],[23.4712,52.1743],[23.4856,52.1813],[23.5012,52.1789],[23.5074,52.1739],[23.4979,52.1717],[23.4969,52.1745],[23.4931,52.1752],[23.4956,52.1701],[23.4899,52.1682],[23.4859,52.1641],[23.4895,52.1599],[23.4882,52.1516],[23.4987,52.1472],[23.5066,52.1504],[23.5122,52.1487],[23.5153,52.143],[23.5143,52.1372],[23.5187,52.1385],[23.5212,52.1329],[23.5269,52.1314],[23.532,52.1328],[23.5417,52.1285],[23.5491,52.1099],[23.5563,52.1105],[23.5563,52.1183],[23.559,52.1193],[23.5681,52.1156],[23.5802,52.1199],[23.5876,52.1173],[23.5986,52.1174],[23.6093,52.1088],[23.6185,52.1086],[23.6195,52.1051],[23.6108,52.1027],[23.6116,52.0982],[23.6245,52.0893],[23.6402,52.0858],[23.6429,52.0772],[23.6529,52.0738],[23.6536,52.0711],[23.6441,52.0658],[23.6474,52.0628],[23.6537,52.0627],[23.6555,52.0596],[23.6523,52.0586],[23.6445,52.0608],[23.6423,52.0597],[23.6546,52.0539],[23.658,52.0432],[23.6627,52.0399],[23.6607,52.0322],[23.6631,52.0242],[23.6573,52.0187],[23.6672,52.0146],[23.6763,52.0033],[23.6839,52.0007],[23.689,51.9919],[23.6857,51.9862],[23.6654,51.9789],[23.6693,51.9647],[23.6514,51.9636],[23.6415,51.9541],[23.6317,51.9532],[23.6276,51.9511],[23.6289,51.9475],[23.6404,51.9497],[23.6402,51.9429],[23.6445,51.9399],[23.6459,51.9345],[23.6437,51.9318],[23.6322,51.9313],[23.6307,51.9223],[23.6188,51.925],[23.612,51.9174],[23.6204,51.911],[23.6184,51.9035],[23.6318,51.8997],[23.638,51.893],[23.6223,51.8849],[23.6307,51.878],[23.6303,51.8734],[23.617,51.8783],[23.6122,51.8783],[23.6065,51.8755],[23.6103,51.8607],[23.6175,51.8561],[23.612,51.8511],[23.6115,51.8449],[23.6001,51.8405],[23.6093,51.8387],[23.6091,51.8369],[23.6021,51.8342],[23.6029,51.8303],[23.6215,51.8307],[23.6245,51.8261],[23.6215,51.8209],[23.6285,51.819],[23.6414,51.8004],[23.6344,51.7954],[23.6366,51.7918],[23.6297,51.7921],[23.6285,51.7908],[23.6312,51.7861],[23.6298,51.7795],[23.6274,51.7829],[23.6236,51.7783],[23.616,51.7775],[23.615,51.7727],[23.597,51.7722],[23.5878,51.7596],[23.5806,51.7601],[23.5739,51.7569],[23.5651,51.7575],[23.559,51.7616],[23.5565,51.7576],[23.55,51.7546],[23.546,51.7484],[23.5309,51.7436],[23.5323,51.7371],[23.527,51.7298],[23.5346,51.7281],[23.5341,51.7237],[23.5373,51.7225],[23.5435,51.7239],[23.544,51.7275],[23.5474,51.7266],[23.5483,51.7191],[23.553,51.7162],[23.5473,51.7101],[23.5532,51.7099],[23.5555,51.7071],[23.5485,51.7042],[23.5581,51.7016],[23.5604,51.6984],[23.5561,51.6969],[23.5489,51.6847],[23.556,51.6813],[23.5522,51.6756],[23.5584,51.6657],[23.5545,51.6629],[23.5466,51.6631],[23.5393,51.6568],[23.5437,51.6516],[23.5374,51.6446],[23.5422,51.6454],[23.5487,51.641],[23.5476,51.6369],[23.5393,51.6338],[23.5437,51.6308],[23.5429,51.6257],[23.5464,51.6219],[23.5445,51.6158],[23.5403,51.6122],[23.5431,51.6113],[23.544,51.605],[23.5403,51.6019],[23.549,51.5977],[23.5542,51.5884],[23.5532,51.5836],[23.5671,51.5792],[23.5682,51.5765],[23.5642,51.5696],[23.5691,51.5669],[23.569,51.5609],[23.5777,51.5579],[23.5652,51.55],[23.5625,51.5441],[23.5651,51.5344],[23.5854,51.5289],[23.593,51.5354],[23.6025,51.529],[23.6128,51.5288],[23.6144,51.5226],[23.6247,51.5144],[23.6243,51.5126],[23.6173,51.5102],[23.6164,51.5034],[23.6247,51.5006],[23.6201,51.4964],[23.6361,51.4903],[23.6382,51.4856],[23.6509,51.4858],[23.6581,51.4906],[23.6703,51.4825],[23.6714,51.4748],[23.6763,51.471],[23.6668,51.4709],[23.6657,51.4675],[23.6582,51.462],[23.6534,51.4593],[23.6472,51.4595],[23.6463,51.4577],[23.6509,51.4537],[23.6494,51.4463],[23.6608,51.4441],[23.6685,51.4452],[23.6766,51.4412],[23.6831,51.4453],[23.6859,51.4446],[23.6814,51.438],[23.6857,51.4338],[23.6777,51.433],[23.6776,51.429],[23.684,51.427],[23.6887,51.4191],[23.7008,51.4209],[23.7028,51.4192],[23.6928,51.4145],[23.6943,51.4124],[23.7022,51.4116],[23.6963,51.4079],[23.7027,51.4035],[23.6969,51.403],[23.691,51.3987],[23.6876,51.3998],[23.6825,51.3985],[23.6869,51.3957],[23.6859,51.3936],[23.6813,51.3955],[23.6769,51.3941],[23.68,51.3904],[23.6892,51.3882],[23.6851,51.3872],[23.6839,51.3836],[23.6786,51.3838],[23.6812,51.3814],[23.678,51.377],[23.6801,51.376],[23.6838,51.3785],[23.6827,51.3727],[23.6866,51.3686],[23.6779,51.3688],[23.6746,51.3664],[23.6653,51.3668],[23.6688,51.3605],[23.6628,51.3625],[23.6624,51.3578],[23.6572,51.3595],[23.6549,51.3526],[23.6582,51.351],[23.6546,51.3505],[23.6536,51.3468],[23.6559,51.3448],[23.6498,51.344],[23.6578,51.342],[23.6562,51.3391],[23.6475,51.3398],[23.6454,51.3344],[23.6361,51.3291],[23.6368,51.3267],[23.6422,51.3264],[23.6358,51.3199],[23.6439,51.3134],[23.6437,51.3107],[23.64,51.3112],[23.6408,51.3071],[23.6524,51.2993],[23.6468,51.2981],[23.6501,51.2945],[23.646,51.2918],[23.6494,51.2901],[23.649,51.2872],[23.6531,51.2891],[23.6562,51.287],[23.663,51.2924],[23.6684,51.2925],[23.6698,51.29],[23.6774,51.2924],[23.6781,51.2905],[23.6853,51.291],[23.6843,51.2884],[23.6879,51.2864],[23.6931,51.287],[23.6953,51.2914],[23.6973,51.2832],[23.7041,51.2818],[23.7093,51.2771],[23.7052,51.2752],[23.7107,51.2755],[23.7095,51.2734],[23.7134,51.2696],[23.7165,51.2715],[23.7202,51.2696],[23.7173,51.2643],[23.7202,51.2648],[23.7225,51.2614],[23.7266,51.2611],[23.7235,51.26],[23.726,51.2592],[23.7233,51.2575],[23.7257,51.2505],[23.7242,51.2465],[23.7299,51.2445],[23.7297,51.2416],[23.7274,51.2429],[23.726,51.2417],[23.7313,51.2387],[23.7264,51.2384],[23.7265,51.2365],[23.7389,51.2316],[23.7391,51.2277],[23.743,51.2244],[23.7427,51.2208],[23.7361,51.2199],[23.7396,51.2117],[23.7423,51.2122],[23.7417,51.2148],[23.7457,51.2115],[23.7566,51.2123],[23.7609,51.2027],[23.7631,51.2056],[23.7625,51.2028],[23.7692,51.1999],[23.7834,51.1985],[23.7805,51.1968],[23.7836,51.1954],[23.7824,51.192],[23.7851,51.1896],[23.8089,51.1846],[23.8143,51.1785],[23.8121,51.1757],[23.8136,51.1714],[23.8263,51.1673],[23.8215,51.1664],[23.8242,51.1617],[23.8263,51.163],[23.8281,51.16],[23.8292,51.1622],[23.8332,51.1613],[23.836,51.1635],[23.8382,51.1594],[23.8434,51.1641],[23.842,51.1607],[23.8513,51.1596],[23.8499,51.1552],[23.8598,51.158],[23.863,51.1555],[23.8624,51.1516],[23.8689,51.1506],[23.8654,51.1476],[23.8714,51.1451],[23.868,51.1424],[23.8703,51.1399],[23.8694,51.1294],[23.8611,51.1277],[23.8603,51.1312],[23.8548,51.1281],[23.8547,51.1309],[23.8536,51.1264],[23.8496,51.124],[23.853,51.1225],[23.8518,51.1185],[23.857,51.1184],[23.8553,51.1143],[23.8622,51.1125],[23.8569,51.1105],[23.8626,51.108],[23.8577,51.107],[23.862,51.103],[23.8572,51.0995],[23.862,51.0969],[23.8639,51.0992],[23.8671,51.0985],[23.8679,51.0934],[23.8714,51.0949],[23.8707,51.0899],[23.8757,51.0774],[23.8791,51.0773],[23.8793,51.0805],[23.885,51.0822],[23.8927,51.0745],[23.8956,51.0764],[23.8982,51.0741],[23.9028,51.074],[23.9052,51.0784],[23.9114,51.0742],[23.9101,51.0724],[23.9126,51.0704],[23.9088,51.0642],[23.9128,51.0636],[23.9159,51.0484],[23.9138,51.0467],[23.9199,51.047],[23.913,51.0418],[23.9212,51.0391],[23.9214,51.0366],[23.927,51.0385],[23.9315,51.0379],[23.9228,51.0342],[23.9159,51.0284],[23.9208,51.0272],[23.9182,51.0254],[23.9273,51.02],[23.9236,51.0189],[23.9233,51.0164],[23.9301,51.0173],[23.9357,51.0147],[23.9341,51.0129],[23.9329,51.0144],[23.9257,51.0147],[23.9252,51.0124],[23.9225,51.0131],[23.9223,51.0096],[23.9157,51.0124],[23.915,51.0099],[23.9182,51.0098],[23.915,51.0073],[23.9176,51.0059],[23.9293,51.0061],[23.9386,51.003],[23.9479,50.9947],[23.9511,50.995],[23.9568,50.9908],[23.9667,50.9791],[23.9697,50.9509],[23.9744,50.9494],[23.9766,50.9459],[23.9796,50.9486],[23.9907,50.9428],[23.9973,50.9283],[24.0061,50.9254],[24.011,50.9198],[24.025,50.9155],[24.0381,50.9043],[24.0472,50.9008],[24.0523,50.8914],[24.0627,50.8924],[24.0735,50.891],[24.0801,50.8896],[24.0828,50.887],[24.0869,50.8888],[24.0988,50.8772],[24.1129,50.8754],[24.1171,50.8696],[24.1221,50.8717],[24.1266,50.868],[24.135,50.8668],[24.1392,50.8693],[24.1458,50.8686],[24.1433,50.8582],[24.1321,50.849],[24.1241,50.8471],[24.1234,50.8449],[24.1182,50.8448],[24.115,50.8414],[24.1008,50.8382],[24.0996,50.8359],[24.0816,50.8367],[24.0807,50.8344],[24.0721,50.8342],[24.0652,50.8362],[24.0631,50.8342],[24.0609,50.8354],[24.0557,50.8344],[24.053,50.8362],[24.0438,50.8336],[24.0403,50.837],[24.0474,50.8381],[24.0352,50.8396],[24.0321,50.8359],[24.0287,50.8416],[24.0266,50.8383],[24.0208,50.8416],[24.0193,50.8387],[24.009,50.8392],[24.0069,50.8412],[23.9896,50.8375],[23.9809,50.8296],[23.9837,50.8268],[23.9803,50.8275],[23.9793,50.8243],[23.9775,50.8268],[23.9757,50.8262],[23.9725,50.8205],[23.9745,50.8171],[23.9687,50.8193],[23.9707,50.8164],[23.9638,50.8144],[23.9688,50.8114],[23.9635,50.799],[23.9577,50.7951],[23.9684,50.7855],[23.9634,50.7813],[23.9661,50.778],[23.9705,50.7784],[23.9688,50.775],[23.9721,50.777],[23.9719,50.7745],[23.9788,50.773],[23.9769,50.7699],[23.9788,50.7682],[23.982,50.768],[23.9802,50.7711],[23.997,50.7692],[24.0125,50.772],[24.0238,50.7662],[24.0252,50.7591],[24.0212,50.7581],[24.0212,50.761],[24.0156,50.7625],[24.0124,50.7571],[24.0178,50.7567],[24.0111,50.7545],[24.0166,50.7546],[24.0172,50.752],[24.0237,50.7509],[24.0223,50.7496],[24.0176,50.7511],[24.0154,50.7474],[24.0177,50.7464],[24.0202,50.7484],[24.0229,50.7459],[24.0203,50.7456],[24.0163,50.7376],[24.0205,50.7374],[24.0159,50.73],[24.0192,50.7314],[24.017,50.7229],[24.0229,50.7222],[24.0228,50.7254],[24.045,50.7154],[24.0488,50.7188],[24.0535,50.7179],[24.0612,50.7207],[24.0647,50.7186],[24.0655,50.721],[24.072,50.7206],[24.0712,50.7154],[24.0752,50.7134],[24.0717,50.7118],[24.0751,50.7107],[24.0733,50.7079],[24.0673,50.7076],[24.0722,50.6986],[24.0651,50.6868],[24.0692,50.6839],[24.0666,50.6832],[24.0634,50.6851],[24.063,50.6806],[24.0649,50.6804],[24.0622,50.678],[24.0675,50.6775],[24.0701,50.679],[24.0727,50.674],[24.0738,50.6761],[24.0751,50.6737],[24.0771,50.6757],[24.0787,50.6731],[24.0795,50.675],[24.0823,50.6748],[24.0813,50.6727],[24.0867,50.6691],[24.0854,50.6615],[24.0911,50.6635],[24.0859,50.6549],[24.0904,50.6536],[24.0873,50.6529],[24.0892,50.6506],[24.0837,50.6489],[24.0804,50.6445],[24.0878,50.6447],[24.0852,50.6433],[24.0879,50.6358],[24.0892,50.6373],[24.0936,50.6352],[24.0982,50.6374],[24.0912,50.6191],[24.0974,50.6106],[24.0987,50.5995],[24.0903,50.5779],[24.0913,50.562],[24.0701,50.5034],[24.038,50.4551],[24.0345,50.4448],[24.0058,50.4354],[23.9975,50.4121],[23.9405,50.4139],[23.884,50.4083],[23.8034,50.4048],[23.7788,50.4011],[23.727,50.388],[23.7031,50.3753],[23.6912,50.3534],[23.6863,50.3316],[23.6388,50.3205],[23.631,50.3048],[23.6116,50.2992],[23.581,50.266],[23.5479,50.2518],[23.5439,50.253],[23.5425,50.2586],[23.5321,50.2594],[23.5314,50.262],[23.5089,50.2613],[23.5146,50.2708],[23.5139,50.2788],[23.5037,50.2804],[23.5011,50.2852],[23.5183,50.2899],[23.5199,50.2955],[23.5129,50.2974],[23.5082,50.2945],[23.5057,50.2975],[23.4951,50.2997],[23.47,50.2936],[23.457,50.3032],[23.4285,50.3023],[23.4128,50.3076],[23.4034,50.3014],[23.4357,50.3438],[23.4358,50.347],[23.4125,50.3515],[23.4096,50.3571],[23.4057,50.3573],[23.4053,50.3648],[23.4006,50.3629],[23.3983,50.366],[23.3929,50.365],[23.3915,50.3671],[23.3789,50.3683],[23.3739,50.377],[23.3828,50.3833],[23.375,50.3875],[23.3662,50.3888],[23.3667,50.3938],[23.3702,50.3995],[23.3742,50.4013],[23.3773,50.4018],[23.3841,50.3988],[23.3876,50.4054],[23.3581,50.4105],[23.3535,50.4019],[23.3176,50.3927],[23.3053,50.38],[23.2942,50.377],[23.2791,50.3762],[23.2507,50.3593],[23.2521,50.3653],[23.2275,50.3773],[23.2278,50.3799],[23.223,50.3805],[23.2181,50.3839],[23.2187,50.3883],[23.2064,50.3888],[23.2047,50.3875],[23.2036,50.3901],[23.1939,50.3909],[23.1922,50.3953],[23.1798,50.3951],[23.0891,50.3298],[23.0762,50.3274],[23.0748,50.3251],[23.0675,50.3236],[23.0518,50.3042],[23.0302,50.293],[23.0281,50.2889],[23.0195,50.2886],[23.019,50.2871],[23.0081,50.2877],[23.0083,50.2901],[22.9781,50.2948],[22.937,50.2924],[22.8905,50.3015],[22.8759,50.2999],[22.8552,50.2945],[22.8214,50.302],[22.7761,50.3013],[22.7506,50.303],[22.7375,50.3021],[22.7076,50.2914],[22.6862,50.2992],[22.6732,50.2981],[22.6703,50.3017],[22.6614,50.3026],[22.6568,50.3009],[22.6442,50.3059],[22.6392,50.3033],[22.6078,50.3109],[22.6066,50.3255],[22.6103,50.3299],[22.6227,50.3336],[22.6606,50.3378],[22.6699,50.34],[22.675,50.3444],[22.6869,50.3451],[22.6871,50.357],[22.6676,50.3539],[22.6474,50.3585],[22.6422,50.358],[22.6421,50.358],[22.6422,50.358],[22.6421,50.358],[22.6422,50.358],[22.6421,50.358],[22.6422,50.358],[22.6421,50.358],[22.6239,50.3573],[22.6188,50.3539],[22.5955,50.3487],[22.583,50.3556],[22.5714,50.3567],[22.5656,50.3591],[22.5543,50.3565],[22.5459,50.3572],[22.5345,50.3538],[22.5339,50.3552],[22.5309,50.3547],[22.5297,50.352],[22.5231,50.3516],[22.5149,50.3458],[22.507,50.3436],[22.5064,50.3455],[22.5011,50.3462],[22.5037,50.3529],[22.4804,50.3531],[22.4823,50.3551],[22.4573,50.3679],[22.4552,50.3668],[22.4514,50.3708],[22.4529,50.3886],[22.4352,50.3925],[22.4372,50.3997],[22.4205,50.4002],[22.4194,50.3969],[22.4078,50.3976],[22.4054,50.3944],[22.403,50.3952],[22.4119,50.4234],[22.4462,50.419],[22.4501,50.433],[22.4592,50.434],[22.4564,50.4458],[22.4474,50.4449],[22.4469,50.4467],[22.4567,50.4493],[22.4563,50.4522],[22.4472,50.4563],[22.4445,50.4621],[22.4633,50.4657],[22.4622,50.4624],[22.4663,50.46],[22.5043,50.4552],[22.51,50.4567],[22.5073,50.4675],[22.5205,50.4642],[22.5242,50.4576],[22.5217,50.4546],[22.5253,50.4543],[22.5303,50.4471],[22.5344,50.4483],[22.5454,50.452],[22.5511,50.4621],[22.5604,50.4595],[22.5665,50.4598],[22.5663,50.4634],[22.5618,50.4638],[22.5573,50.461],[22.5538,50.4655],[22.5601,50.4692],[22.5862,50.4773],[22.5864,50.483],[22.5672,50.4805],[22.5672,50.4832],[22.526,50.4753],[22.5274,50.4799],[22.5236,50.4772],[22.5195,50.4784],[22.5161,50.4773],[22.5065,50.4841],[22.5111,50.4834],[22.5122,50.4867],[22.533,50.4832],[22.546,50.4857],[22.5711,50.4953],[22.5671,50.4984],[22.577,50.5043],[22.571,50.5099],[22.5552,50.5055],[22.5484,50.5079],[22.5412,50.5057],[22.5288,50.5128],[22.5367,50.5167],[22.5277,50.522],[22.5354,50.5241],[22.5344,50.5325],[22.5322,50.5314],[22.5343,50.5375],[22.5202,50.5342],[22.5121,50.5389],[22.518,50.5423],[22.5236,50.5423],[22.5199,50.5432],[22.5201,50.5488],[22.5385,50.5498],[22.5355,50.5532],[22.5362,50.5721],[22.5277,50.576],[22.5198,50.5832],[22.5096,50.5801],[22.5115,50.5775],[22.5155,50.5778],[22.515,50.5755],[22.5058,50.5756],[22.5065,50.5842],[22.4917,50.5828],[22.4908,50.5765],[22.4836,50.5757],[22.4888,50.5801],[22.4708,50.5852],[22.4653,50.5844],[22.4684,50.586],[22.4653,50.5919],[22.4266,50.5843],[22.4201,50.5806],[22.4073,50.5855],[22.3996,50.5938],[22.3827,50.5979],[22.3789,50.6041],[22.3742,50.6039],[22.3674,50.6072],[22.3568,50.609],[22.357,50.6112],[22.3517,50.611],[22.3478,50.6145],[22.3435,50.6121],[22.3399,50.6147],[22.3358,50.6144],[22.3321,50.6166],[22.3288,50.6156],[22.3155,50.6195],[22.3084,50.6165],[22.3034,50.6186],[22.3004,50.6169],[22.2974,50.6199],[22.2944,50.618],[22.2908,50.6186],[22.2898,50.623],[22.2864,50.6213],[22.2741,50.6226],[22.2719,50.6206],[22.2641,50.6221],[22.2576,50.6203],[22.2482,50.6211],[22.2463,50.6351],[22.2336,50.6468],[22.2325,50.6527],[22.2232,50.6598],[22.2116,50.6627],[22.2063,50.6662],[22.198,50.6667],[22.1894,50.6644],[22.1852,50.6663],[22.1418,50.6697],[22.1469,50.673],[22.1461,50.678],[22.1552,50.6794],[22.1595,50.6847],[22.1691,50.6889],[22.1706,50.6968],[22.1763,50.7007],[22.1704,50.7062],[22.1979,50.748],[22.2011,50.7488],[22.1988,50.7493],[22.2007,50.7523],[22.2036,50.7507],[22.2056,50.754],[22.1976,50.7588],[22.1975,50.7609],[22.1858,50.7642],[22.1861,50.7663],[22.1796,50.7674],[22.1769,50.7659],[22.1523,50.7718],[22.1594,50.7826],[22.163,50.7973],[22.1308,50.8024],[22.0943,50.8141],[22.0713,50.8163],[22.0521,50.8205],[22.0461,50.8172],[22.0389,50.8082],[22.0133,50.7959],[22.0121,50.7926],[21.9944,50.7832],[21.9822,50.7874],[21.9818,50.7846],[21.9724,50.7878],[21.9563,50.7781],[21.9495,50.7714],[21.9206,50.7746],[21.8984,50.7797],[21.8825,50.7783],[21.8754,50.7796],[21.8755,50.7841],[21.8797,50.7889],[21.8785,50.7916],[21.8747,50.7982],[21.8643,50.8027],[21.869,50.8136],[21.8679,50.8195],[21.8423,50.8402],[21.8474,50.8617],[21.8319,50.883],[21.829,50.896],[21.8307,50.905],[21.8129,50.9345],[21.8129,50.9551],[21.82,50.9675],[21.8172,50.978],[21.8216,50.9866],[21.8207,51.0046],[21.8195,51.0092],[21.8033,51.0219],[21.8027,51.0253],[21.8056,51.0326],[21.821,51.0392],[21.8264,51.047],[21.8216,51.0587],[21.803,51.0721],[21.7996,51.0762],[21.7998,51.087],[21.7977,51.0953],[21.7931,51.0996],[21.7905,51.1161],[21.7928,51.1271],[21.7995,51.1271],[21.7994,51.1348],[21.7871,51.1451],[21.7849,51.1504],[21.7925,51.1801],[21.7833,51.179],[21.7874,51.1991],[21.8012,51.2207],[21.8035,51.2201],[21.8085,51.2269],[21.8166,51.2306],[21.8133,51.2399],[21.8082,51.2453],[21.8082,51.2543],[21.8302,51.2667],[21.8491,51.2705],[21.8601,51.2747],[21.8364,51.2836],[21.8382,51.2876],[21.8349,51.2889],[21.8313,51.2891],[21.83,51.2846],[21.823,51.2807],[21.8124,51.2853],[21.8171,51.2892],[21.8118,51.2915],[21.8027,51.2909],[21.8005,51.2886],[21.7941,51.2879],[21.795,51.2863],[21.7868,51.285],[21.7831,51.2937],[21.7926,51.2943],[21.7938,51.2931],[21.8088,51.2991],[21.8104,51.3016],[21.8143,51.3021],[21.8145,51.3],[21.8195,51.2999],[21.8193,51.3027],[21.8234,51.3033],[21.8247,51.3139],[21.8274,51.3134],[21.8245,51.3148],[21.8312,51.326],[21.829,51.3263],[21.8366,51.3329],[21.8328,51.3339],[21.8351,51.3378],[21.8283,51.3393],[21.8295,51.3412],[21.8454,51.3541],[21.8537,51.3518],[21.848,51.365],[21.8378,51.3785],[21.8345,51.3775],[21.8322,51.3805],[21.816,51.3716],[21.8117,51.3778],[21.8067,51.3753],[21.797,51.3825],[21.7917,51.3888],[21.7898,51.3949],[21.7917,51.3954],[21.7845,51.3975],[21.7799,51.3943],[21.7685,51.3911],[21.761,51.4013],[21.764,51.4022],[21.7613,51.4058],[21.7677,51.4135],[21.7801,51.4116],[21.7816,51.4155],[21.7856,51.4149],[21.7877,51.4202],[21.7977,51.4221],[21.8014,51.4276],[21.8126,51.4291],[21.8133,51.4276],[21.8283,51.4258],[21.8273,51.4244],[21.8352,51.4202],[21.8333,51.4172],[21.8405,51.4182],[21.841,51.4214],[21.851,51.4306],[21.8505,51.4358],[21.8561,51.4444],[21.8545,51.4475],[21.8605,51.457],[21.8688,51.4638],[21.874,51.4716],[21.8732,51.4749],[21.8585,51.4767],[21.8488,51.4836],[21.8473,51.4921],[21.8554,51.5034],[21.8553,51.5104],[21.8327,51.5362],[21.8324,51.553],[21.8238,51.5622],[21.7852,51.5688],[21.7655,51.5618],[21.7558,51.5604],[21.6961,51.5701],[21.678,51.5774],[21.6638,51.579],[21.6565,51.5817],[21.6494,51.6023],[21.6288,51.6085],[21.6155,51.6176],[21.6263,51.6242],[21.6401,51.6259],[21.6403,51.6445],[21.6362,51.6462],[21.6394,51.6477],[21.6362,51.6543],[21.6392,51.657],[21.6511,51.6598],[21.6672,51.6519],[21.6707,51.6531],[21.6718,51.6501],[21.6755,51.6487],[21.7063,51.6393],[21.7131,51.634],[21.7221,51.6374],[21.7268,51.6181],[21.7492,51.612],[21.7553,51.6291],[21.7573,51.6281],[21.7624,51.6303],[21.7581,51.6376],[21.76,51.6404],[21.7758,51.6424],[21.7719,51.6477],[21.7748,51.6487],[21.7769,51.6427],[21.778,51.6442],[21.7846,51.6441],[21.7916,51.6507],[21.8021,51.6492],[21.8027,51.6469],[21.8308,51.6483],[21.8307,51.6523],[21.8387,51.6522],[21.8401,51.6603],[21.8417,51.6595],[21.8406,51.6673],[21.8459,51.6677],[21.845,51.6732],[21.8477,51.6734],[21.8518,51.669],[21.8562,51.6687],[21.8581,51.6722],[21.8557,51.6802],[21.86,51.6775],[21.8778,51.6766],[21.88,51.6936],[21.8955,51.6973],[21.9033,51.7042],[21.901,51.7071],[21.885,51.7082],[21.8843,51.711],[21.8768,51.7117],[21.8742,51.718],[21.8699,51.7208],[21.8733,51.7241],[21.8708,51.7328],[21.8478,51.7369],[21.8481,51.7426],[21.8353,51.7444],[21.8359,51.7494],[21.8406,51.7494],[21.8452,51.7529],[21.8444,51.7584],[21.8577,51.7595],[21.8632,51.7643],[21.8652,51.7638],[21.8666,51.7687],[21.8802,51.7708],[21.8973,51.7688],[21.9003,51.7776],[21.9155,51.7806],[21.9222,51.7778],[21.9269,51.7787],[21.9352,51.7854],[21.9462,51.7876],[21.9515,51.795],[21.9564,51.7938],[21.9565,51.7959],[21.9529,51.7956],[21.9507,51.8094],[21.9458,51.8088],[21.9422,51.826],[21.9346,51.8294],[21.9337,51.8322],[21.9263,51.834],[21.9274,51.8379],[21.9174,51.8396],[21.9098,51.835],[21.897,51.8366],[21.8946,51.8328],[21.8711,51.8355],[21.871,51.8297],[21.8604,51.8309],[21.8606,51.8285],[21.856,51.8338],[21.8586,51.8371],[21.8571,51.8396],[21.8453,51.8412],[21.8448,51.8495],[21.8483,51.8508],[21.8521,51.8497],[21.8672,51.8543],[21.8904,51.8571],[21.8859,51.8604],[21.8925,51.8701],[21.9001,51.8757],[21.8972,51.8832],[21.9128,51.8865],[21.9027,51.8968],[21.908,51.903],[21.8856,51.9119],[21.89,51.9284],[21.8805,51.931],[21.8754,51.94],[21.8664,51.9434],[21.8695,51.9536],[21.8768,51.9543],[21.8803,51.971],[21.893,51.974],[21.9028,51.9805],[21.9101,51.9777],[21.9216,51.9809],[21.9206,51.982],[21.9317,51.9882],[21.934,51.9932],[21.9402,51.9919],[21.9541,51.9932],[21.9689,51.9892],[21.9713,51.9925],[21.9891,52.0026],[21.9977,52.0121],[22.0064,52.0089],[22.0136,52.0106],[22.0265,52.0157],[22.0298,52.0215],[22.0508,52.0206],[22.0642,52.0101],[22.0766,52.0059],[22.1145,52.0015],[22.1386,52.0068],[22.1462,52.0147],[22.1479,52.0254],[22.1519,52.0284],[22.2127,52.0137],[22.242,52.0097],[22.2537,52.0045],[22.286,52.0195],[22.2895,52.0248],[22.2872,52.0279],[22.2948,52.0276],[22.2975,52.0374],[22.3227,52.0369],[22.3245,52.0229],[22.316,52.014],[22.3275,52.0028],[22.3348,51.9984],[22.3444,51.996],[22.35,52.0002],[22.3598,52.0016],[22.3719,52.007],[22.3804,52.0166],[22.4093,52.0142],[22.425,52.015],[22.4335,52.0175],[22.4413,52.0223],[22.4443,52.0299],[22.456,52.0296],[22.4582,52.0373],[22.4626,52.0383],[22.4635,52.045],[22.4696,52.0489],[22.4699,52.0541],[22.4782,52.0611],[22.4811,52.0602],[22.4833,52.0672],[22.5054,52.0699],[22.5159,52.0684],[22.5169,52.0644],[22.5216,52.0636],[22.5204,52.0573],[22.5281,52.0511],[22.5483,52.0506],[22.5475,52.0445],[22.5725,52.0381],[22.5762,52.0379],[22.5864,52.0421],[22.5856,52.0374],[22.6083,52.037],[22.6087,52.0273],[22.6171,52.019],[22.6229,52.0187],[22.6338,52.0311],[22.6496,52.0325],[22.6613,52.0366],[22.6599,52.0396],[22.6645,52.0468],[22.6628,52.0508],[22.6691,52.063],[22.6638,52.0705],[22.6667,52.0795],[22.6574,52.0872],[22.6481,52.0906],[22.6687,52.1052],[22.6987,52.1175],[22.6983,52.1085],[22.701,52.107],[22.7158,52.1037],[22.7266,52.097],[22.7539,52.095],[22.7609,52.0912],[22.765,52.0814],[22.7818,52.0732],[22.7835,52.0686],[22.7887,52.0684],[22.8063,52.0792],[22.8307,52.0814],[22.8375,52.0799],[22.8499,52.0656],[22.8657,52.0724],[22.8688,52.0695],[22.866,52.064],[22.8682,52.066],[22.9021,52.0635],[22.9074,52.077],[22.8983,52.0794],[22.8954,52.082],[22.8942,52.0913],[22.8875,52.092],[22.8979,52.1014],[22.893,52.102],[22.9026,52.1103],[22.9225,52.1068],[22.928,52.1116],[22.9501,52.1022],[22.9682,52.1154],[22.9678,52.1173],[22.9562,52.1202],[22.9463,52.1256],[22.9331,52.1365],[22.939,52.1426],[22.9457,52.1404],[22.9437,52.1452],[22.9859,52.1589],[22.9818,52.1615],[22.977,52.1722],[22.9952,52.1749],[23.0292,52.174],[23.0294,52.1782],[23.0348,52.1784],[23.0715,52.1704],[23.0694,52.1748],[23.0526,52.1786],[23.0397,52.1839],[23.0319,52.1984],[23.0313,52.2165],[23.0416,52.2243],[23.0437,52.2238],[23.0666,52.2368],[23.0781,52.2349],[23.0948,52.2565],[23.1024,52.2536],[23.11,52.2613],[23.1042,52.2654],[23.1284,52.2878]]]},"properties":{"id":15,"nazwa":"lubelskie"},"id":14},{"type":"Feature","geometry":{"type":"Polygon","coordinates":[[[14.9742,51.364],[14.9836,51.374],[14.9693,51.3791],[14.9647,51.3868],[14.9659,51.3914],[14.9582,51.3957],[14.9641,51.398],[14.9689,51.3977],[14.9678,51.4027],[14.9587,51.4098],[14.9645,51.4122],[14.9671,51.4173],[14.9645,51.4225],[14.9661,51.4268],[14.9586,51.4312],[14.9641,51.4342],[14.9701,51.4322],[14.9742,51.4419],[14.9668,51.446],[14.9627,51.4532],[14.9559,51.4585],[14.9564,51.4634],[14.9491,51.4713],[14.9267,51.4732],[14.9247,51.4804],[14.9158,51.4838],[14.8978,51.4821],[14.8875,51.4879],[14.8716,51.4847],[14.8655,51.4904],[14.8528,51.4893],[14.8351,51.4994],[14.8324,51.5038],[14.8183,51.5077],[14.8118,51.5061],[14.8054,51.5142],[14.7999,51.515],[14.796,51.5179],[14.7644,51.5192],[14.7611,51.5232],[14.7526,51.5218],[14.7431,51.5253],[14.7367,51.5256],[14.7291,51.5314],[14.7263,51.539],[14.7314,51.545],[14.7289,51.5504],[14.7236,51.5539],[14.7164,51.5552],[14.7112,51.5627],[14.7269,51.575],[14.7325,51.586],[14.7421,51.593],[14.7524,51.596],[14.7538,51.5996],[14.761,51.6025],[14.7651,51.6078],[14.7641,51.6174],[14.7533,51.628],[14.7561,51.6331],[14.7541,51.6408],[14.7559,51.6457],[14.7511,51.653],[14.7576,51.6615],[14.7529,51.6649],[14.7474,51.6757],[14.737,51.6794],[14.7395,51.6834],[14.736,51.6888],[14.7261,51.6897],[14.7014,51.7048],[14.691,51.7082],[14.6802,51.7175],[14.6777,51.7227],[14.6681,51.7258],[14.6562,51.7419],[14.66,51.7488],[14.6576,51.7535],[14.664,51.7573],[14.6508,51.7613],[14.6547,51.7681],[14.6536,51.7843],[14.6491,51.7871],[14.6451,51.7958],[14.6368,51.7974],[14.6331,51.8014],[14.624,51.8004],[14.6143,51.8038],[14.6067,51.804],[14.6008,51.8092],[14.5972,51.8173],[14.5901,51.821],[14.5896,51.8265],[14.593,51.8309],[14.5905,51.8387],[14.5963,51.8422],[14.6013,51.8397],[14.605,51.8402],[14.6041,51.8479],[14.6071,51.8481],[14.6096,51.845],[14.6124,51.8455],[14.6071,51.8522],[14.6104,51.8565],[14.623,51.8578],[14.6346,51.8654],[14.6442,51.8674],[14.6461,51.8717],[14.6526,51.8744],[14.6546,51.8834],[14.6618,51.887],[14.6631,51.8905],[14.675,51.8898],[14.6742,51.8943],[14.6805,51.8951],[14.6944,51.9021],[14.6913,51.9081],[14.6986,51.9131],[14.7051,51.9229],[14.7035,51.9313],[14.7066,51.9354],[14.7136,51.9373],[14.7188,51.9413],[14.7213,51.9512],[14.7073,51.9657],[14.7048,51.9761],[14.707,51.9796],[14.7111,51.9796],[14.7162,51.9824],[14.7214,51.9938],[14.7197,51.9988],[14.714,52.0037],[14.7252,52.0082],[14.7267,52.0139],[14.7408,52.0228],[14.7404,52.0291],[14.7477,52.0313],[14.7499,52.042],[14.746,52.0461],[14.7452,52.0539],[14.7565,52.06],[14.7591,52.0657],[14.7413,52.0852],[14.7243,52.0935],[14.7004,52.0981],[14.6878,52.1073],[14.6816,52.1166],[14.6842,52.1242],[14.6796,52.1449],[14.7031,52.1643],[14.7054,52.1696],[14.7031,52.178],[14.6881,52.1893],[14.6852,52.1941],[14.6885,52.1989],[14.7026,52.2061],[14.7084,52.2117],[14.716,52.2355],[14.7062,52.2419],[14.7009,52.2504],[14.6927,52.2557],[14.6625,52.2618],[14.6465,52.2626],[14.6171,52.2715],[14.5965,52.2729],[14.5926,52.2747],[14.5875,52.2835],[14.5758,52.2886],[14.5748,52.2956],[14.5843,52.3024],[14.5849,52.3065],[14.5782,52.3132],[14.5762,52.3215],[14.5616,52.3279],[14.5625,52.3398],[14.5521,52.3537],[14.5521,52.3741],[14.5344,52.395],[14.5361,52.4014],[14.5466,52.4128],[14.5439,52.424],[14.5495,52.4336],[14.5594,52.439],[14.5793,52.4417],[14.5862,52.4488],[14.6088,52.4639],[14.6134,52.4772],[14.6265,52.4838],[14.6354,52.4944],[14.6317,52.5018],[14.6127,52.5104],[14.6039,52.5313],[14.6144,52.5461],[14.6157,52.5542],[14.6373,52.5663],[14.6391,52.573],[14.6137,52.5866],[14.6084,52.5993],[14.598,52.6096],[14.564,52.6247],[14.569,52.6297],[14.5716,52.629],[14.5745,52.6356],[14.5767,52.6364],[14.5772,52.6335],[14.5829,52.6326],[14.6285,52.6548],[14.6296,52.6602],[14.644,52.6571],[14.6504,52.6533],[14.6475,52.6512],[14.6625,52.648],[14.6636,52.6463],[14.6583,52.6423],[14.6697,52.6378],[14.6899,52.6358],[14.6917,52.6331],[14.7125,52.6328],[14.7214,52.631],[14.7268,52.6339],[14.7249,52.6361],[14.7326,52.6405],[14.7301,52.642],[14.7433,52.6413],[14.7422,52.6433],[14.7492,52.6444],[14.7491,52.6621],[14.7524,52.6689],[14.7554,52.6712],[14.7636,52.6704],[14.7651,52.6737],[14.7784,52.6823],[14.7916,52.6971],[14.798,52.7271],[14.7952,52.7359],[14.7997,52.7375],[14.7894,52.752],[14.7912,52.7569],[14.801,52.7585],[14.8091,52.765],[14.8155,52.7744],[14.8289,52.7733],[14.8395,52.7759],[14.8363,52.7774],[14.8489,52.7775],[14.8505,52.7852],[14.8446,52.7903],[14.8653,52.792],[14.8617,52.8023],[14.8655,52.8037],[14.864,52.8062],[14.8679,52.8122],[14.8554,52.8124],[14.8546,52.8162],[14.8586,52.8176],[14.8544,52.8195],[14.8574,52.8206],[14.8539,52.8221],[14.851,52.8281],[14.8558,52.8307],[14.8594,52.8279],[14.8733,52.8338],[14.8634,52.8434],[14.8651,52.8466],[14.8875,52.8467],[14.8946,52.8406],[14.8956,52.8331],[14.9021,52.8373],[14.9139,52.8397],[14.9192,52.8439],[14.918,52.8493],[14.9137,52.8505],[14.9103,52.8552],[14.9047,52.854],[14.9029,52.8559],[14.8953,52.8553],[14.8904,52.8607],[14.8938,52.8631],[14.8969,52.8726],[14.9018,52.8759],[14.9042,52.8839],[14.9123,52.8882],[14.9254,52.8897],[14.9233,52.8829],[14.9339,52.8851],[14.9317,52.8818],[14.9445,52.8764],[14.9489,52.8785],[14.9543,52.8746],[14.9489,52.8715],[14.9564,52.8709],[14.9633,52.8677],[14.9689,52.8697],[14.9783,52.8661],[14.9831,52.8615],[14.98,52.8599],[14.9791,52.8537],[14.9816,52.8489],[14.9881,52.8509],[14.9908,52.8425],[15.0021,52.8472],[15.0096,52.8477],[15.0087,52.8545],[15.0211,52.8577],[15.0281,52.8569],[15.0336,52.8607],[15.0388,52.8612],[15.0491,52.8435],[15.0546,52.8432],[15.0652,52.839],[15.0718,52.8306],[15.1576,52.8528],[15.1594,52.8569],[15.1669,52.8544],[15.2749,52.8823],[15.2804,52.8847],[15.2809,52.887],[15.2839,52.8815],[15.2878,52.8798],[15.2856,52.886],[15.3219,52.8958],[15.3219,52.8945],[15.3268,52.8948],[15.3327,52.8993],[15.3317,52.9044],[15.3222,52.903],[15.3196,52.9094],[15.3051,52.9239],[15.292,52.9328],[15.283,52.9462],[15.2838,52.954],[15.2878,52.958],[15.3333,52.9482],[15.3517,52.9416],[15.363,52.9441],[15.362,52.9481],[15.3662,52.9476],[15.3659,52.9456],[15.3686,52.9466],[15.381,52.9591],[15.39,52.9621],[15.3864,52.965],[15.3883,52.9716],[15.4052,52.9745],[15.412,52.9803],[15.4438,52.9899],[15.4537,52.9872],[15.4653,52.9887],[15.4858,52.9968],[15.5244,53.0037],[15.5253,53.0062],[15.5328,53.0057],[15.5405,53.0084],[15.5469,53.0145],[15.5552,53.0113],[15.5722,52.9869],[15.5805,52.9889],[15.588,52.9811],[15.6024,52.985],[15.6109,52.9822],[15.6155,52.9843],[15.6334,52.9764],[15.6517,52.9839],[15.6611,52.99],[15.6753,52.9932],[15.6817,52.9973],[15.6888,52.9959],[15.6919,52.9982],[15.695,52.9976],[15.694,52.9958],[15.6987,52.9933],[15.7044,52.9957],[15.7083,52.9905],[15.7191,52.9886],[15.7211,52.9866],[15.7305,52.9898],[15.7434,52.9914],[15.7547,52.9957],[15.7594,52.9967],[15.7605,52.9951],[15.7638,53.0002],[15.7648,52.9989],[15.7691,52.9995],[15.7728,53.0034],[15.7717,53.0067],[15.7757,53.0128],[15.774,53.0144],[15.778,53.0151],[15.7771,53.0173],[15.7675,53.0203],[15.7627,53.0267],[15.7729,53.0267],[15.7735,53.0288],[15.778,53.0298],[15.7851,53.0399],[15.7902,53.041],[15.7879,53.0428],[15.807,53.045],[15.8028,53.0477],[15.8042,53.0505],[15.802,53.0526],[15.7944,53.0534],[15.7898,53.0574],[15.7799,53.0577],[15.7802,53.0605],[15.7917,53.0592],[15.8216,53.0652],[15.8135,53.0805],[15.8093,53.0811],[15.8125,53.0824],[15.8115,53.0844],[15.86,53.0937],[15.8482,53.1152],[15.8753,53.1211],[15.8804,53.1187],[15.9118,53.124],[15.9129,53.12],[15.9162,53.1193],[15.9793,53.1103],[15.981,53.1151],[15.985,53.1142],[15.9793,53.103],[15.9842,53.1015],[15.9809,53.0973],[15.9857,53.0962],[15.9858,53.0921],[15.9926,53.0917],[15.9983,53.087],[15.9967,53.0829],[15.9924,53.0808],[15.9943,53.0731],[15.9873,53.0692],[15.9849,53.0644],[15.9896,53.0557],[15.987,53.0543],[15.9784,53.0568],[15.9742,53.0557],[15.9727,53.0492],[15.9665,53.0463],[15.9655,53.0422],[15.9625,53.0414],[15.9554,53.0403],[15.9552,53.0361],[15.9516,53.0344],[15.9571,53.032],[15.9557,53.0254],[15.9578,53.0227],[15.9546,53.0173],[15.9587,53.0143],[15.954,53.013],[15.9567,53.0116],[15.9558,53.0081],[15.9532,53.0062],[15.9537,53.0016],[15.9494,52.9985],[15.9536,52.9931],[15.9512,52.9908],[15.9554,52.9885],[15.9513,52.9858],[15.9551,52.9821],[15.9515,52.981],[15.9562,52.9765],[15.9542,52.9745],[15.946,52.9733],[15.9486,52.9725],[15.946,52.9713],[15.9522,52.9718],[15.9535,52.9698],[15.954,52.9714],[15.9614,52.9708],[15.9616,52.9672],[15.9591,52.9663],[15.9621,52.9631],[15.9605,52.9561],[15.9692,52.9496],[15.967,52.9472],[15.9785,52.9374],[15.9798,52.9337],[15.9722,52.9288],[15.9778,52.9221],[15.9795,52.909],[15.9766,52.9102],[15.9725,52.9054],[15.9742,52.9017],[15.9673,52.9001],[15.9739,52.8948],[15.9719,52.8929],[15.978,52.8859],[15.976,52.8838],[15.9797,52.8809],[15.9794,52.8779],[15.9756,52.873],[15.9631,52.874],[15.9614,52.8693],[15.9686,52.8683],[15.9697,52.8658],[15.9715,52.8669],[15.9741,52.859],[15.9706,52.8572],[15.9631,52.8571],[15.97,52.8538],[15.9548,52.8561],[15.9463,52.8542],[15.9517,52.8432],[15.9234,52.8311],[15.9187,52.8411],[15.9125,52.8378],[15.907,52.8376],[15.9062,52.8353],[15.9018,52.8353],[15.9005,52.8331],[15.9045,52.8266],[15.8945,52.8258],[15.8972,52.8213],[15.8965,52.8152],[15.8932,52.8128],[15.9032,52.8061],[15.9112,52.8067],[15.9117,52.8037],[15.9277,52.802],[15.934,52.8041],[15.9348,52.793],[15.9383,52.7862],[15.9262,52.784],[15.9257,52.7822],[15.9379,52.769],[15.9364,52.7661],[15.9395,52.7618],[15.9487,52.7561],[15.9459,52.7534],[15.9485,52.7444],[15.9455,52.7302],[15.94,52.727],[15.9356,52.7274],[15.9199,52.7232],[15.9054,52.7142],[15.8849,52.7149],[15.8643,52.7102],[15.8458,52.7092],[15.8373,52.7063],[15.8123,52.7097],[15.7942,52.7081],[15.8003,52.6953],[15.8037,52.6938],[15.8129,52.6792],[15.814,52.6678],[15.7931,52.665],[15.7861,52.6677],[15.7819,52.6617],[15.783,52.6531],[15.7782,52.6496],[15.7799,52.6442],[15.7771,52.6434],[15.7786,52.6413],[15.7763,52.6379],[15.7957,52.6362],[15.7939,52.6279],[15.7969,52.6248],[15.8005,52.6246],[15.7994,52.6226],[15.7961,52.6213],[15.7863,52.6219],[15.7846,52.6185],[15.7958,52.6085],[15.7959,52.6058],[15.8061,52.6046],[15.8072,52.5966],[15.8124,52.5934],[15.8203,52.5919],[15.8205,52.5897],[15.8319,52.5876],[15.8314,52.5862],[15.836,52.5872],[15.8281,52.5825],[15.8303,52.5776],[15.8259,52.5759],[15.8247,52.5671],[15.8324,52.5662],[15.8431,52.5596],[15.8417,52.5557],[15.8562,52.5489],[15.8585,52.5449],[15.8486,52.5366],[15.8348,52.5293],[15.8433,52.5248],[15.8502,52.5168],[15.863,52.5104],[15.8771,52.5108],[15.8755,52.5062],[15.8695,52.5039],[15.8713,52.502],[15.8676,52.5026],[15.8725,52.4964],[15.8782,52.4952],[15.8857,52.4896],[15.8837,52.485],[15.8893,52.4749],[15.8912,52.4753],[15.8929,52.4682],[15.8903,52.4648],[15.8858,52.4648],[15.8788,52.4725],[15.8776,52.4695],[15.8797,52.4654],[15.8838,52.4657],[15.8877,52.4613],[15.8927,52.4605],[15.896,52.449],[15.8987,52.4493],[15.8956,52.4466],[15.8753,52.4427],[15.8779,52.4373],[15.8736,52.4353],[15.8683,52.4351],[15.8617,52.4403],[15.8574,52.4398],[15.8544,52.4372],[15.8564,52.4326],[15.8519,52.4316],[15.846,52.4314],[15.8314,52.4352],[15.8344,52.4381],[15.8317,52.4395],[15.8333,52.4446],[15.8271,52.4546],[15.8251,52.4501],[15.8206,52.451],[15.8219,52.4486],[15.8103,52.4444],[15.8094,52.4428],[15.8125,52.441],[15.8084,52.4418],[15.8069,52.4447],[15.8042,52.4442],[15.8065,52.4351],[15.8094,52.4361],[15.8106,52.4325],[15.8187,52.4291],[15.8158,52.4272],[15.8211,52.4245],[15.8271,52.4263],[15.8247,52.422],[15.8274,52.4216],[15.8311,52.4165],[15.8394,52.4131],[15.8376,52.411],[15.8434,52.403],[15.85,52.4019],[15.8513,52.4035],[15.8544,52.4022],[15.8585,52.4031],[15.8702,52.3965],[15.8839,52.394],[15.8962,52.3942],[15.9003,52.3909],[15.9009,52.3862],[15.9006,52.3827],[15.8881,52.372],[15.8908,52.3712],[15.8904,52.367],[15.8882,52.3666],[15.8906,52.3539],[15.8895,52.3524],[15.8813,52.3522],[15.881,52.3508],[15.8813,52.3425],[15.8882,52.3362],[15.8824,52.3273],[15.8881,52.3221],[15.8919,52.3103],[15.8892,52.3074],[15.8856,52.3071],[15.8839,52.3111],[15.8818,52.3088],[15.8838,52.3043],[15.8782,52.2943],[15.8814,52.2842],[15.8731,52.2824],[15.8661,52.2722],[15.8592,52.2673],[15.857,52.2679],[15.8524,52.2621],[15.8549,52.2611],[15.8513,52.2556],[15.8576,52.2481],[15.8608,52.2276],[15.8495,52.2133],[15.8613,52.1978],[15.8581,52.1877],[15.8621,52.1774],[15.8585,52.1744],[15.8584,52.169],[15.8666,52.168],[15.8687,52.1658],[15.8766,52.1659],[15.8759,52.1644],[15.8831,52.1628],[15.881,52.1562],[15.8836,52.1559],[15.8833,52.1539],[15.875,52.1305],[15.8673,52.1293],[15.862,52.1247],[15.8568,52.124],[15.8543,52.121],[15.8554,52.1169],[15.8495,52.1135],[15.8333,52.1111],[15.8341,52.1085],[15.8366,52.1083],[15.8452,52.0984],[15.848,52.099],[15.8533,52.0947],[15.8603,52.0865],[15.865,52.0855],[15.8778,52.088],[15.8913,52.0835],[15.8978,52.0769],[15.9243,52.0675],[15.9324,52.0876],[15.9461,52.0877],[15.9674,52.082],[15.9721,52.0776],[15.9698,52.0754],[15.986,52.07],[15.9894,52.0639],[15.9877,52.0622],[15.995,52.0587],[15.9998,52.06],[16.0028,52.058],[16.0055,52.0543],[15.9917,52.0504],[15.9893,52.0457],[15.9944,52.0352],[15.9643,52.0339],[15.9667,52.0296],[15.965,52.0178],[15.9719,51.9997],[15.9835,51.9981],[15.9837,51.9952],[15.9898,51.9965],[15.9856,52.0033],[15.988,52.0039],[16.0054,51.9933],[16.01,51.9815],[16.0323,51.9784],[16.0606,51.9772],[16.0786,51.9829],[16.106,51.9968],[16.1229,51.9931],[16.1212,51.9919],[16.1278,51.9774],[16.1303,51.979],[16.1332,51.9724],[16.131,51.9718],[16.1325,51.9666],[16.1346,51.967],[16.1373,51.9544],[16.1239,51.9514],[16.1306,51.9437],[16.1257,51.942],[16.131,51.9404],[16.1262,51.9339],[16.1269,51.9316],[16.1341,51.9319],[16.1382,51.9255],[16.1355,51.9229],[16.1268,51.9217],[16.1253,51.9198],[16.1324,51.92],[16.1331,51.917],[16.1183,51.9134],[16.1087,51.9036],[16.1035,51.9051],[16.0997,51.9031],[16.1017,51.8962],[16.0983,51.896],[16.0989,51.8935],[16.1033,51.8932],[16.1063,51.8959],[16.1231,51.8965],[16.1616,51.8924],[16.1617,51.8901],[16.1723,51.8834],[16.188,51.8813],[16.1862,51.8845],[16.1929,51.8851],[16.1936,51.8798],[16.2002,51.872],[16.2149,51.8698],[16.2231,51.8747],[16.2293,51.876],[16.2396,51.8838],[16.2458,51.8915],[16.2481,51.9007],[16.2537,51.8994],[16.2558,51.9022],[16.2574,51.8975],[16.2592,51.8989],[16.2691,51.898],[16.2727,51.8951],[16.2789,51.8976],[16.2789,51.9],[16.2868,51.9002],[16.2919,51.8952],[16.3026,51.8921],[16.3128,51.8864],[16.3204,51.8869],[16.3515,51.8807],[16.3461,51.875],[16.3379,51.876],[16.3351,51.8711],[16.3417,51.8696],[16.3577,51.8574],[16.3726,51.8539],[16.3871,51.8464],[16.3795,51.8389],[16.4005,51.8378],[16.4006,51.8306],[16.394,51.8197],[16.4008,51.8142],[16.4018,51.8045],[16.3883,51.7933],[16.3886,51.7912],[16.3938,51.7864],[16.4018,51.7899],[16.4098,51.7843],[16.4162,51.7849],[16.4168,51.7828],[16.4086,51.78],[16.411,51.7788],[16.4069,51.7724],[16.3983,51.7706],[16.3952,51.7672],[16.3833,51.7704],[16.3771,51.7672],[16.3795,51.7658],[16.3759,51.7598],[16.378,51.753],[16.3754,51.7502],[16.3738,51.7509],[16.3707,51.745],[16.3656,51.7415],[16.3617,51.7415],[16.3616,51.7359],[16.367,51.7334],[16.3693,51.7288],[16.3559,51.716],[16.3504,51.7157],[16.3479,51.7125],[16.3501,51.7108],[16.3476,51.7091],[16.34,51.7088],[16.3384,51.706],[16.3265,51.7021],[16.3173,51.7026],[16.3027,51.6985],[16.3025,51.6955],[16.2973,51.6947],[16.2999,51.6902],[16.2764,51.6883],[16.2694,51.6847],[16.2678,51.6779],[16.276,51.6724],[16.2713,51.6684],[16.2701,51.6635],[16.265,51.673],[16.2557,51.679],[16.2515,51.6863],[16.2374,51.6885],[16.2233,51.6954],[16.2278,51.6987],[16.2176,51.7146],[16.2023,51.7145],[16.1994,51.718],[16.1944,51.7157],[16.1858,51.7161],[16.1819,51.7129],[16.1831,51.7115],[16.1735,51.7122],[16.1723,51.7092],[16.16,51.7117],[16.1612,51.7155],[16.1584,51.7161],[16.1586,51.718],[16.1616,51.7182],[16.1779,51.7638],[16.1728,51.7638],[16.1605,51.7589],[16.1517,51.7601],[16.1335,51.7583],[16.134,51.7652],[16.1183,51.7657],[16.1164,51.7636],[16.1007,51.7674],[16.0982,51.7665],[16.0913,51.7684],[16.0921,51.7702],[16.079,51.7732],[16.0778,51.777],[16.0727,51.7777],[16.07,51.7826],[16.0538,51.7817],[16.0435,51.7838],[16.0399,51.7807],[16.0352,51.7817],[16.035,51.7953],[16.0287,51.8025],[16.0092,51.8021],[16.0039,51.8005],[16.0012,51.8036],[15.9962,51.8012],[15.9948,51.8048],[15.9792,51.8023],[15.9822,51.7994],[15.9773,51.7959],[15.9685,51.7949],[15.966,51.7915],[15.9719,51.7825],[15.9823,51.7785],[15.9941,51.779],[15.9984,51.7772],[16.0043,51.7798],[16.0086,51.7757],[16.0063,51.7732],[15.989,51.7692],[15.98,51.7736],[15.9771,51.7681],[15.9688,51.7683],[15.9766,51.7481],[15.9737,51.7463],[15.9801,51.7453],[15.973,51.7439],[15.9676,51.7452],[15.9608,51.743],[15.9593,51.7394],[15.964,51.7373],[15.9632,51.7337],[15.9546,51.7361],[15.9521,51.7339],[15.9465,51.7365],[15.9437,51.7355],[15.9298,51.7376],[15.9264,51.7296],[15.9219,51.7297],[15.9124,51.7255],[15.9042,51.7296],[15.8947,51.7303],[15.8824,51.7199],[15.8695,51.7197],[15.8679,51.7063],[15.8652,51.707],[15.8659,51.7022],[15.8627,51.7018],[15.8656,51.6926],[15.8623,51.6925],[15.8687,51.6911],[15.8684,51.6887],[15.8642,51.6902],[15.855,51.6889],[15.8522,51.684],[15.8425,51.6816],[15.8448,51.6754],[15.8343,51.6722],[15.8413,51.6675],[15.8497,51.6652],[15.8451,51.6642],[15.8428,51.6613],[15.8545,51.6589],[15.8572,51.6504],[15.8376,51.645],[15.8304,51.6368],[15.834,51.6222],[15.8228,51.6131],[15.8216,51.6072],[15.8182,51.6029],[15.8158,51.6029],[15.8236,51.5727],[15.8077,51.5734],[15.7695,51.5696],[15.7425,51.5557],[15.7236,51.5521],[15.7038,51.5569],[15.7064,51.5545],[15.7028,51.5519],[15.7032,51.5464],[15.7123,51.5465],[15.7107,51.5235],[15.7141,51.5216],[15.714,51.5174],[15.7006,51.5174],[15.701,51.5125],[15.6789,51.5124],[15.6788,51.5056],[15.6733,51.5057],[15.6731,51.4989],[15.6676,51.499],[15.6673,51.4889],[15.6593,51.488],[15.6642,51.4827],[15.656,51.4724],[15.6525,51.4729],[15.6487,51.4767],[15.647,51.476],[15.6459,51.4791],[15.6347,51.4789],[15.6345,51.4721],[15.629,51.4722],[15.6289,51.4706],[15.6241,51.472],[15.6234,51.4635],[15.5998,51.4457],[15.5971,51.4515],[15.5928,51.4521],[15.5909,51.4489],[15.5809,51.4531],[15.583,51.4558],[15.5867,51.4555],[15.5873,51.4602],[15.5928,51.4624],[15.5903,51.4645],[15.5959,51.4696],[15.4877,51.5276],[15.4883,51.5224],[15.4845,51.5211],[15.4858,51.5136],[15.4823,51.513],[15.4692,51.5146],[15.4706,51.5182],[15.4625,51.5223],[15.4576,51.5211],[15.4501,51.526],[15.437,51.5273],[15.4347,51.525],[15.4058,51.5196],[15.3965,51.531],[15.3943,51.5291],[15.3856,51.5283],[15.3847,51.5184],[15.3799,51.5141],[15.3824,51.5124],[15.3773,51.5088],[15.3745,51.5097],[15.3712,51.5079],[15.367,51.494],[15.3715,51.4884],[15.3693,51.4858],[15.3704,51.4805],[15.3728,51.4789],[15.3803,51.481],[15.3821,51.4723],[15.3793,51.4702],[15.3725,51.4697],[15.3467,51.4716],[15.3394,51.4741],[15.3337,51.4516],[15.3433,51.4469],[15.3281,51.4291],[15.3287,51.4229],[15.3249,51.4185],[15.3337,51.4099],[15.3274,51.4077],[15.3215,51.4084],[15.3152,51.4177],[15.2983,51.4201],[15.2928,51.4231],[15.2897,51.4314],[15.2755,51.4298],[15.2718,51.4385],[15.2627,51.4437],[15.2549,51.4454],[15.252,51.449],[15.2435,51.4463],[15.2182,51.4444],[15.2009,51.446],[15.2025,51.4626],[15.187,51.464],[15.1531,51.446],[15.1506,51.4424],[15.1297,51.4379],[15.1183,51.4316],[15.1109,51.4298],[15.1118,51.4284],[15.0954,51.4254],[15.0933,51.4295],[15.089,51.4277],[15.0851,51.4252],[15.0828,51.4187],[15.0825,51.4072],[15.0712,51.397],[15.0179,51.3935],[15.0182,51.3866],[15.0134,51.3843],[15.009,51.3742],[15.0126,51.3687],[15.0124,51.3634],[14.9742,51.364]]]},"properties":{"id":16,"nazwa":"lubuskie"},"id":15}]}
